bank_ref_id,transaction_id,settled_amount_paise,settlement_date,instrument_type,merchant_id,fee_paise,gst_paise,settlement_id,utr,currency,gross_amount_paise
bnk_7475328,7475328,1423,2010-01-01,CREDIT_CARD,67570,29,5,set_7475328,,,1457
bnk_7475329,7475329,7906,2010-01-01,DEBIT_CARD,27092,80,14,set_7475329,,,8000
bnk_7475331,7475331,19764,2010-01-01,DEBIT_CARD,27092,200,36,set_7475331,,,20000
bnk_7475332,7475332,4588,2010-01-01,DEBIT_CARD,13051,46,8,set_7475332,,,4641
bnk_7475333,7475333,475,2010-01-01,DEBIT_CARD,20519,5,1,set_7475333,,,481
bnk_7475334,7475334,7609,2010-01-01,DEBIT_CARD,59935,77,14,set_7475334,,,7700
bnk_7475335,7475335,2615,2010-01-01,DEBIT_CARD,39021,26,5,set_7475335,,,2646
bnk_7475336,7475336,25849,2010-01-01,DEBIT_CARD,50292,262,47,set_7475336,,,26158
bnk_7475337,7475337,1061,2010-01-01,DEBIT_CARD,3864,11,2,set_7475337,,,1074
bnk_7475338,7475338,346,2010-01-01,DEBIT_CARD,67570,4,1,set_7475338,,,351
bnk_7475339,7475339,316,2010-01-01,DEBIT_CARD,75781,3,1,set_7475339,,,258
bnk_7475340,7475340,3999,2010-01-01,DEBIT_CARD,59935,40,7,set_7475340,,,3963
bnk_7475341,7475341,4282,2010-01-01,DEBIT_CARD,33326,43,8,set_7475341,,,4333
bnk_7475342,7475342,4884,2010-01-01,DEBIT_CARD,61195,49,9,set_7475342,,,4942
bnk_7475343,7475343,108,2010-01-01,DEBIT_CARD,20519,1,0,set_7475343,,,109
bnk_7475344,7475344,7204,2010-01-01,CREDIT_CARD,1636,148,27,set_7475344,,,7379
bnk_7475345,7475345,9953,2010-01-01,DEBIT_CARD,27092,100,18,set_7475345,,,10000
bnk_7475346,7475346,2573,2010-01-01,DEBIT_CARD,39021,26,5,set_7475346,,,2604
bnk_7475348,7475348,5433,2010-01-01,CREDIT_CARD,88945,109,20,set_7475348,,,5427
bnk_7475349,7475349,2026,2010-01-01,CREDIT_CARD,21586,41,7,set_7475349,,,2074
bnk_7475350,7475350,6324,2010-01-01,DEBIT_CARD,61195,64,12,set_7475350,,,6400
bnk_7475351,7475351,5686,2010-01-01,DEBIT_CARD,11901,58,10,set_7475351,,,5754
bnk_7475353,7475353,993,2010-01-01,CREDIT_CARD,39021,20,4,set_7475353,,,1017
bnk_7475354,7475354,1187,2010-01-01,DEBIT_CARD,28666,12,2,set_7475354,,,1201
bnk_7475356,7475356,1646,2010-01-01,CREDIT_CARD,16798,34,6,set_7475356,,,1686
bnk_7475357,7475357,458,2010-01-01,DEBIT_CARD,50783,5,1,set_7475357,,,464
bnk_7475358,7475358,66197,2010-01-01,DEBIT_CARD,68977,670,121,set_7475358,,,66988
bnk_7475359,7475359,2230,2010-01-01,DEBIT_CARD,39021,23,4,set_7475359,,,2257
bnk_7475360,7475360,238,2010-01-01,DEBIT_CARD,74624,2,0,set_7475360,,,240
bnk_7475361,7475361,3988,2010-01-01,DEBIT_CARD,69972,40,7,set_7475361,,,4035
bnk_7475362,7475362,1423,2010-01-01,CREDIT_CARD,78632,29,5,set_7475362,,,1457
bnk_7475363,7475363,771,2010-01-01,DEBIT_CARD,81536,8,1,set_7475363,,,780
bnk_7475364,7475364,291,2010-01-01,DEBIT_CARD,61195,3,1,set_7475364,,,295
bnk_7475365,7475365,26703,2010-01-01,DEBIT_CARD,73186,270,49,set_7475365,,,27022
bnk_7475366,7475366,7756,2010-01-01,CREDIT_CARD,43293,156,28,set_7475366,,,7800
bnk_7475367,7475367,8606,2010-01-01,DEBIT_CARD,17976,87,16,set_7475367,,,8709
bnk_7475368,7475368,14664,2010-01-01,DEBIT_CARD,5258,148,27,set_7475368,,,14839
bnk_7475370,7475370,4755,2010-01-01,DEBIT_CARD,88646,48,9,set_7475370,,,4812
bnk_7475371,7475371,766,2010-01-01,DEBIT_CARD,86977,8,1,set_7475371,,,775
bnk_7475372,7475372,1432,2010-01-01,CREDIT_CARD,16798,29,5,set_7475372,,,1466
bnk_7475373,7475373,391,2010-01-01,DEBIT_CARD,44625,4,1,set_7475373,,,396
bnk_7475374,7475374,1252,2010-01-01,DEBIT_CARD,39021,13,2,set_7475374,,,1267
bnk_7475376,7475376,57412,2010-01-01,DEBIT_CARD,73661,581,105,set_7475376,,,58098
bnk_7475377,7475377,1022,2010-01-01,DEBIT_CARD,12399,10,2,set_7475377,,,1034
bnk_7475378,7475378,1694,2010-01-01,DEBIT_CARD,29232,17,3,set_7475378,,,1714
bnk_7475379,7475379,183,2010-01-01,DEBIT_CARD,14528,2,0,set_7475379,,,185
bnk_7475380,7475380,7003,2010-01-01,CREDIT_CARD,43293,143,26,set_7475380,,,7172
bnk_7475381,7475381,19528,2010-01-01,CREDIT_CARD,27092,400,72,set_7475381,,,20000
bnk_7475383,7475383,2254,2010-01-01,CREDIT_CARD,80797,46,8,set_7475383,,,2308
bnk_7475385,7475385,3953,2010-01-01,DEBIT_CARD,27092,40,7,set_7475385,,,4000
bnk_7475388,7475388,241,2010-01-01,DEBIT_CARD,46284,2,0,set_7475388,,,243
bnk_7475389,7475389,372,2010-01-01,DEBIT_CARD,20519,4,1,set_7475389,,,377
bnk_7475390,7475390,325,2010-01-01,DEBIT_CARD,92883,3,1,set_7475390,,,329
bnk_7475391,7475391,6224,2010-01-01,DEBIT_CARD,17976,63,11,set_7475391,,,6298
bnk_7475394,7475394,3394,2010-01-01,DEBIT_CARD,16798,34,6,set_7475394,,,3434
bnk_7475395,7475395,7260,2010-01-01,DEBIT_CARD,18293,73,13,set_7475395,,,7346
bnk_7475396,7475396,905,2010-01-01,DEBIT_CARD,23462,9,2,set_7475396,,,916
bnk_7475397,7475397,52851,2010-01-01,CREDIT_CARD,40475,1083,195,set_7475397,,,54129
bnk_7475398,7475398,3032,2010-01-01,DEBIT_CARD,32175,31,6,set_7475398,,,3069
bnk_7475399,7475399,17322,2010-01-01,CREDIT_CARD,86616,355,64,set_7475399,,,17741
bnk_7475400,7475400,1403,2010-01-01,DEBIT_CARD,66541,14,3,set_7475400,,,1420
bnk_7475401,7475401,11783,2010-01-01,DEBIT_CARD,87530,119,21,set_7475401,,,11923
bnk_7475402,7475402,1048,2010-01-01,DEBIT_CARD,82981,11,2,set_7475402,,,1061
bnk_7475403,7475403,5173,2010-01-01,CREDIT_CARD,39021,106,19,set_7475403,,,5298
bnk_7475404,7475404,331,2010-01-01,DEBIT_CARD,44625,3,1,set_7475404,,,335
bnk_7475406,7475406,3859,2010-01-01,DEBIT_CARD,58215,39,7,set_7475406,,,3905
bnk_7475407,7475407,671,2010-01-01,DEBIT_CARD,72351,7,1,set_7475407,,,679
bnk_7475410,7475410,9882,2010-01-01,DEBIT_CARD,27092,100,18,set_7475410,,,10000
bnk_7475411,7475411,19391,2010-01-01,DEBIT_CARD,5009,196,35,set_7475411,,,19622
bnk_7475412,7475412,374,2010-01-01,CREDIT_CARD,2177,8,1,set_7475412,,,383
bnk_7475413,7475413,181,2010-01-01,CREDIT_CARD,81833,4,1,set_7475413,,,187
bnk_7475414,7475414,767,2010-01-01,DEBIT_CARD,45926,7,1,set_7475414,,,663
bnk_7475415,7475415,821,2010-01-01,DEBIT_CARD,43293,8,1,set_7475415,,,830
bnk_7475416,7475416,272,2010-01-01,DEBIT_CARD,75781,3,1,set_7475416,,,275
bnk_7475417,7475417,530,2010-01-01,DEBIT_CARD,49789,4,1,set_7475417,,,407
bnk_7475419,7475419,225,2010-01-01,CREDIT_CARD,95811,5,1,set_7475419,,,231
bnk_7475420,7475420,21,2010-01-01,DEBIT_CARD,61195,0,0,set_7475420,,,21
bnk_7475421,7475421,38668,2010-01-01,CREDIT_CARD,73661,792,143,set_7475421,,,39603
bnk_7475423,7475423,8887,2010-01-01,CREDIT_CARD,35451,182,33,set_7475423,,,9102
bnk_7475423b,7475423,8887,2010-01-01,CREDIT_CARD,35451,182,33,set_7475423b,,,9102
bnk_7475424,7475424,363,2010-01-01,DEBIT_CARD,59397,4,1,set_7475424,,,368
bnk_7475425,7475425,3766,2010-01-01,DEBIT_CARD,17976,38,7,set_7475425,,,3811
bnk_7475426,7475426,2566,2010-01-01,DEBIT_CARD,45389,26,5,set_7475426,,,2597
bnk_7475427,7475427,6449,2010-01-01,CREDIT_CARD,39021,132,24,set_7475427,,,6605
bnk_7475429,7475429,3263,2010-01-01,DEBIT_CARD,71416,33,6,set_7475429,,,3302
bnk_7475430,7475430,10274,2010-01-01,DEBIT_CARD,18966,104,19,set_7475430,,,10397
bnk_7475431,7475431,231,2010-01-01,DEBIT_CARD,61195,2,0,set_7475431,,,233
bnk_7475432,7475432,5097,2010-01-01,DEBIT_CARD,98436,52,9,set_7475432,,,5158
bnk_7475434,7475434,5676,2010-01-01,DEBIT_CARD,78454,57,10,set_7475434,,,5743
bnk_7475435,7475435,283,2010-01-01,DEBIT_CARD,61195,3,1,set_7475435,,,287
bnk_7475436,7475436,2698,2010-01-01,CREDIT_CARD,1903,55,10,set_7475436,,,2763
bnk_7475437,7475437,7585,2010-01-01,DEBIT_CARD,59288,77,14,set_7475437,,,7676
bnk_7475438,7475438,899,2010-01-01,DEBIT_CARD,75936,9,2,set_7475438,,,910
bnk_7475439,7475439,75,2010-01-01,DEBIT_CARD,99312,1,0,set_7475439,,,75
bnk_7475440,7475440,15622,2010-01-01,CREDIT_CARD,27092,320,58,set_7475440,,,16000
bnk_7475441,7475441,2788,2010-01-01,DEBIT_CARD,20561,28,5,set_7475441,,,2821
bnk_7475442,7475442,4433,2010-01-01,DEBIT_CARD,1238,45,8,set_7475442,,,4486
bnk_7475443,7475443,5705,2010-01-01,DEBIT_CARD,68751,58,10,set_7475443,,,5773
bnk_7475444,7475444,643,2010-01-01,DEBIT_CARD,75781,7,1,set_7475444,,,652
bnk_7475446,7475446,395,2010-01-01,CREDIT_CARD,10455,8,1,set_7475446,,,404
bnk_7475447,7475447,388,2010-01-01,DEBIT_CARD,61195,4,1,set_7475447,,,393
bnk_7475449,7475449,500,2010-01-01,CREDIT_CARD,95811,10,2,set_7475449,,,512
bnk_7475450,7475450,1893,2010-01-01,DEBIT_CARD,73365,19,3,set_7475450,,,1915
bnk_7475452,7475452,5746,2010-01-01,CREDIT_CARD,88544,118,21,set_7475452,,,5885
bnk_7475453,7475453,273,2010-01-01,DEBIT_CARD,61746,3,1,set_7475453,,,277
bnk_7475454,7475454,271,2010-01-01,DEBIT_CARD,47756,3,1,set_7475454,,,275
bnk_7475455,7475455,11264,2010-01-01,CREDIT_CARD,98648,231,42,set_7475455,,,11537
bnk_7475456,7475456,7678,2010-01-01,DEBIT_CARD,60569,78,14,set_7475456,,,7770
bnk_7475457,7475457,11801,2010-01-01,CREDIT_CARD,61195,242,44,set_7475457,,,12087
bnk_7475458,7475458,2495,2010-01-01,DEBIT_CARD,45389,24,4,set_7475458,,,2386
bnk_7475459,7475459,1105,2010-01-01,DEBIT_CARD,2205,11,2,set_7475459,,,1118
bnk_7475461,7475461,387,2010-01-01,DEBIT_CARD,75936,4,1,set_7475461,,,392
bnk_7475462,7475462,2697,2010-01-01,DEBIT_CARD,73365,27,5,set_7475462,,,2729
bnk_7475463,7475463,4041,2010-01-01,DEBIT_CARD,59350,41,7,set_7475463,,,4089
bnk_7475464,7475464,1404,2010-01-01,DEBIT_CARD,44795,14,3,set_7475464,,,1421
bnk_7475465,7475465,2389,2010-01-01,CREDIT_CARD,35001,49,9,set_7475465,,,2447
bnk_7475466,7475466,2890,2010-01-01,CREDIT_CARD,54850,59,11,set_7475466,,,2960
bnk_7475467,7475467,2250,2010-01-01,DEBIT_CARD,44919,23,4,set_7475467,,,2277
bnk_7475468,7475468,5779,2010-01-01,DEBIT_CARD,80770,58,10,set_7475468,,,5847
bnk_7475469,7475469,3665,2010-01-01,DEBIT_CARD,96712,37,7,set_7475469,,,3709
bnk_7475470,7475470,1117,2010-01-01,CREDIT_CARD,46284,23,4,set_7475470,,,1144
bnk_7475471,7475471,472,2010-01-01,DEBIT_CARD,50783,5,1,set_7475471,,,478
bnk_7475473,7475473,3482,2010-01-01,DEBIT_CARD,45188,35,6,set_7475473,,,3523
bnk_7475474,7475474,9986,2010-01-01,CREDIT_CARD,51664,205,37,set_7475474,,,10227
bnk_7475475,7475475,353,2010-01-01,DEBIT_CARD,75936,4,1,set_7475475,,,358
bnk_7475476,7475476,1419,2010-01-01,DEBIT_CARD,98374,14,3,set_7475476,,,1436
bnk_7475477,7475477,17227,2010-01-01,CREDIT_CARD,1827,353,64,set_7475477,,,17644
bnk_7475478,7475478,11858,2010-01-01,DEBIT_CARD,27092,120,22,set_7475478,,,12000
bnk_7475479,7475479,434,2010-01-01,DEBIT_CARD,50783,4,1,set_7475479,,,439
bnk_7475480,7475480,664,2010-01-01,DEBIT_CARD,75781,7,1,set_7475480,,,672
bnk_7475481,7475481,1362,2010-01-01,DEBIT_CARD,56241,14,3,set_7475481,,,1379
bnk_7475482,7475482,6200,2010-01-01,CREDIT_CARD,70766,127,23,set_7475482,,,6350
bnk_7475483,7475483,5874,2010-01-01,DEBIT_CARD,55604,59,11,set_7475483,,,5944
bnk_7475485,7475485,1551,2010-01-01,CREDIT_CARD,39261,32,6,set_7475485,,,1589
bnk_7475486,7475486,9497,2010-01-01,CREDIT_CARD,20561,193,35,set_7475486,,,9663
bnk_7475487,7475487,9203,2010-01-01,DEBIT_CARD,22014,93,17,set_7475487,,,9313
bnk_7475488,7475488,3112,2010-01-01,DEBIT_CARD,85304,32,6,set_7475488,,,3150
bnk_7475489,7475489,160,2010-01-01,DEBIT_CARD,20519,2,0,set_7475489,,,162
bnk_7475490,7475490,2061,2010-01-01,DEBIT_CARD,41122,21,4,set_7475490,,,2086
bnk_7475491,7475491,762,2010-01-01,DEBIT_CARD,50404,8,1,set_7475491,,,771
bnk_7475492,7475492,3351,2010-01-01,DEBIT_CARD,35001,33,6,set_7475492,,,3319
bnk_7475493,7475493,10686,2010-01-01,DEBIT_CARD,98374,108,19,set_7475493,,,10813
bnk_7475493b,7475493,10686,2010-01-01,DEBIT_CARD,98374,108,19,set_7475493b,,,10813
bnk_7475494,7475494,16241,2010-01-01,CREDIT_CARD,56276,333,60,set_7475494,,,16634
bnk_7475495,7475495,1432,2010-01-01,DEBIT_CARD,45501,15,3,set_7475495,,,1450
bnk_7475496,7475496,332,2010-01-01,DEBIT_CARD,98374,3,1,set_7475496,,,336
bnk_7475497,7475497,252,2010-01-01,DEBIT_CARD,59397,3,1,set_7475497,,,256
bnk_7475498,7475498,5513,2010-01-01,DEBIT_CARD,24823,56,10,set_7475498,,,5579
bnk_7475499,7475499,17201,2010-01-01,DEBIT_CARD,68671,174,31,set_7475499,,,17406
bnk_7475500,7475500,5433,2010-01-01,DEBIT_CARD,73186,55,10,set_7475500,,,5498
bnk_7475501,7475501,2197,2010-01-01,DEBIT_CARD,16798,22,4,set_7475501,,,2223
bnk_7475501b,7475501,2197,2010-01-01,DEBIT_CARD,16798,22,4,set_7475501b,,,2223
bnk_7475502,7475502,5858,2010-01-01,CREDIT_CARD,27092,120,22,set_7475502,,,6000
bnk_7475505,7475505,5938,2010-01-01,DEBIT_CARD,20916,60,11,set_7475505,,,6009
bnk_7475506,7475506,7387,2010-01-01,DEBIT_CARD,32175,75,14,set_7475506,,,7476
bnk_7475506b,7475506,7387,2010-01-01,DEBIT_CARD,32175,75,14,set_7475506b,,,7476
bnk_7475507,7475507,2958,2010-01-01,DEBIT_CARD,95377,30,5,set_7475507,,,2993
bnk_7475508,7475508,11660,2010-01-01,CREDIT_CARD,84708,239,43,set_7475508,,,11942
bnk_7475509,7475509,4567,2010-01-01,DEBIT_CARD,15143,46,8,set_7475509,,,4621
bnk_7475510,7475510,2607,2010-01-01,DEBIT_CARD,39021,26,5,set_7475510,,,2638
bnk_7475511,7475511,6630,2010-01-01,DEBIT_CARD,40475,67,12,set_7475511,,,6709
bnk_7475512,7475512,113,2010-01-01,DEBIT_CARD,14528,1,0,set_7475512,,,114
bnk_7475513,7475513,6902,2010-01-01,DEBIT_CARD,49286,70,13,set_7475513,,,6985
bnk_7475514,7475514,862,2010-01-01,DEBIT_CARD,50783,9,2,set_7475514,,,873
bnk_7475515,7475515,10193,2010-01-01,CREDIT_CARD,32175,209,38,set_7475515,,,10440
bnk_7475516,7475516,10243,2010-01-01,CREDIT_CARD,32175,208,37,set_7475516,,,10410
bnk_7475517,7475517,7876,2010-01-01,DEBIT_CARD,60569,80,14,set_7475517,,,7970
bnk_7475518,7475518,343,2010-01-01,CREDIT_CARD,59935,5,1,set_7475518,,,268
bnk_7475519,7475519,4551,2010-01-01,DEBIT_CARD,39021,46,8,set_7475519,,,4605
bnk_7475520,7475520,18122,2010-01-01,CREDIT_CARD,80770,371,67,set_7475520,,,18560
bnk_7475521,7475521,5929,2010-01-01,DEBIT_CARD,27092,60,11,set_7475521,,,6000
bnk_7475522,7475522,5929,2010-01-01,DEBIT_CARD,27092,60,11,set_7475522,,,6000
bnk_7475523,7475523,1164,2010-01-01,DEBIT_CARD,76199,12,2,set_7475523,,,1178
bnk_7475524,7475524,432,2010-01-01,CREDIT_CARD,39021,9,2,set_7475524,,,443
bnk_7475525,7475525,1782,2010-01-01,CREDIT_CARD,715,36,6,set_7475525,,,1824
bnk_7475526,7475526,13670,2010-01-01,CREDIT_CARD,27092,280,50,set_7475526,,,14000
bnk_7475527,7475527,668,2010-01-01,DEBIT_CARD,50867,7,1,set_7475527,,,676
bnk_7475528,7475528,417,2010-01-01,DEBIT_CARD,61806,4,1,set_7475528,,,422
bnk_7475529,7475529,6646,2010-01-01,DEBIT_CARD,94050,67,12,set_7475529,,,6725
bnk_7475531,7475531,4760,2010-01-01,CREDIT_CARD,76639,98,18,set_7475531,,,4876
bnk_7475532,7475532,873,2010-01-01,DEBIT_CARD,41943,9,2,set_7475532,,,884
bnk_7475533,7475533,3566,2010-01-01,CREDIT_CARD,42465,73,13,set_7475533,,,3653
bnk_7475534,7475534,4082,2010-01-01,DEBIT_CARD,17976,41,7,set_7475534,,,4130
bnk_7475535,7475535,1651,2010-01-01,DEBIT_CARD,32175,17,3,set_7475535,,,1671
bnk_7475537,7475537,299,2010-01-01,DEBIT_CARD,23481,3,1,set_7475537,,,303
bnk_7475538,7475538,666,2010-01-01,CREDIT_CARD,22938,14,3,set_7475538,,,683
bnk_7475539,7475539,397,2010-01-01,DEBIT_CARD,35451,4,1,set_7475539,,,402
bnk_7475539b,7475539,397,2010-01-01,DEBIT_CARD,35451,4,1,set_7475539b,,,402
bnk_7475540,7475540,18,2010-01-01,CREDIT_CARD,86438,0,0,set_7475540,,,18
bnk_7475540b,7475540,18,2010-01-01,CREDIT_CARD,86438,0,0,set_7475540b,,,18
bnk_7475541,7475541,7811,2010-01-01,CREDIT_CARD,27092,160,29,set_7475541,,,8000
bnk_7475542,7475542,193,2010-01-01,CREDIT_CARD,50783,4,1,set_7475542,,,198
bnk_7475543,7475543,6619,2010-01-01,DEBIT_CARD,21189,67,12,set_7475543,,,6698
bnk_7475544,7475544,284,2010-01-01,CREDIT_CARD,25705,6,1,set_7475544,,,291
bnk_7475545,7475545,1578,2010-01-01,CREDIT_CARD,2124,32,6,set_7475545,,,1616
bnk_7475546,7475546,4547,2010-01-01,DEBIT_CARD,39021,46,8,set_7475546,,,4601
bnk_7475547,7475547,98,2010-01-01,CREDIT_CARD,86438,2,0,set_7475547,,,100
bnk_7475548,7475548,1163,2010-01-01,CREDIT_CARD,73840,24,4,set_7475548,,,1191
bnk_7475551,7475551,11445,2010-01-01,DEBIT_CARD,26810,116,21,set_7475551,,,11582
bnk_7475552,7475552,3406,2010-01-01,DEBIT_CARD,53187,34,6,set_7475552,,,3446
bnk_7475555,7475555,204,2010-01-01,DEBIT_CARD,88374,1,0,set_7475555,,,140
bnk_7475556,7475556,9006,2010-01-01,DEBIT_CARD,20884,91,16,set_7475556,,,9113
bnk_7475557,7475557,1647,2010-01-01,DEBIT_CARD,69956,17,3,set_7475557,,,1667
bnk_7475559,7475559,1020,2010-01-01,CREDIT_CARD,50292,21,4,set_7475559,,,1045
bnk_7475561,7475561,186,2010-01-01,DEBIT_CARD,19252,2,0,set_7475561,,,188
bnk_7475562,7475562,25938,2010-01-01,DEBIT_CARD,16041,262,47,set_7475562,,,26247
bnk_7475563,7475563,336,2010-01-01,DEBIT_CARD,23098,3,1,set_7475563,,,340
bnk_7475564,7475564,294,2010-01-01,DEBIT_CARD,88646,3,1,set_7475564,,,298
bnk_7475565,7475565,1211,2010-01-01,DEBIT_CARD,27156,11,2,set_7475565,,,1079
bnk_7475566,7475566,29694,2010-01-01,DEBIT_CARD,23008,300,54,set_7475566,,,30048
bnk_7475567,7475567,6113,2010-01-01,DEBIT_CARD,39021,62,11,set_7475567,,,6186
bnk_7475568,7475568,325,2010-01-01,DEBIT_CARD,43293,3,1,set_7475568,,,329
bnk_7475569,7475569,972,2010-01-01,DEBIT_CARD,11264,10,2,set_7475569,,,984
bnk_7475570,7475570,4262,2010-01-01,DEBIT_CARD,11468,43,8,set_7475570,,,4313
bnk_7475571,7475571,333,2010-01-01,CREDIT_CARD,89738,7,1,set_7475571,,,341
bnk_7475572,7475572,1250,2010-01-01,CREDIT_CARD,39021,26,5,set_7475572,,,1281
bnk_7475573,7475573,9388,2010-01-01,DEBIT_CARD,59935,95,17,set_7475573,,,9500
bnk_7475574,7475574,207,2010-01-01,CREDIT_CARD,75781,4,1,set_7475574,,,212
bnk_7475575,7475575,5966,2010-01-01,DEBIT_CARD,83743,60,11,set_7475575,,,6037
bnk_7475576,7475576,4096,2010-01-01,CREDIT_CARD,40475,84,15,set_7475576,,,4195
bnk_7475577,7475577,3780,2010-01-01,DEBIT_CARD,63909,37,7,set_7475577,,,3692
bnk_7475578,7475578,1449,2010-01-01,DEBIT_CARD,50404,15,3,set_7475578,,,1467
bnk_7475579,7475579,9764,2010-01-01,CREDIT_CARD,27092,200,36,set_7475579,,,10000
bnk_7475580,7475580,393,2010-01-01,DEBIT_CARD,23492,4,1,set_7475580,,,398
bnk_7475582,7475582,329,2010-01-01,DEBIT_CARD,20519,3,1,set_7475582,,,333
bnk_7475584,7475584,3285,2010-01-01,CREDIT_CARD,3316,67,12,set_7475584,,,3364
bnk_7475585,7475585,7621,2010-01-01,CREDIT_CARD,32175,156,28,set_7475585,,,7805
bnk_7475586,7475586,956,2010-01-01,DEBIT_CARD,39021,10,2,set_7475586,,,968
bnk_7475588,7475588,6363,2010-01-01,DEBIT_CARD,43293,64,12,set_7475588,,,6439
bnk_7475589,7475589,862,2010-01-01,DEBIT_CARD,50867,9,2,set_7475589,,,873
bnk_7475590,7475590,211,2010-01-01,DEBIT_CARD,22484,2,0,set_7475590,,,213
bnk_7475591,7475591,3505,2010-01-01,CREDIT_CARD,83070,72,13,set_7475591,,,3590
bnk_7475592,7475592,2397,2010-01-01,CREDIT_CARD,39021,47,8,set_7475592,,,2361
bnk_7475594,7475594,268,2010-01-01,DEBIT_CARD,88374,3,1,set_7475594,,,272
bnk_7475595,7475595,6620,2010-01-01,DEBIT_CARD,59935,66,12,set_7475595,,,6600
bnk_7475596,7475596,150,2010-01-01,CREDIT_CARD,12547,3,1,set_7475596,,,154
bnk_7475598,7475598,978,2010-01-01,CREDIT_CARD,50856,20,4,set_7475598,,,1002
bnk_7475599,7475599,395,2010-01-01,CREDIT_CARD,35433,8,1,set_7475599,,,404
bnk_7475600,7475600,535,2010-01-01,DEBIT_CARD,11264,5,1,set_7475600,,,541
bnk_7475601,7475601,4178,2010-01-01,DEBIT_CARD,39021,42,8,set_7475601,,,4228
bnk_7475602,7475602,11042,2010-01-01,CREDIT_CARD,71667,226,41,set_7475602,,,11309
bnk_7475603,7475603,132,2010-01-01,DEBIT_CARD,59935,1,0,set_7475603,,,133
bnk_7475604,7475604,701,2010-01-01,DEBIT_CARD,19464,7,1,set_7475604,,,709
bnk_7475605,7475605,236,2010-01-01,DEBIT_CARD,53402,2,0,set_7475605,,,238
bnk_7475606,7475606,681,2010-01-01,DEBIT_CARD,44678,7,1,set_7475606,,,689
bnk_7475607,7475607,18706,2010-01-01,DEBIT_CARD,90999,189,34,set_7475607,,,18929
bnk_7475608,7475608,13670,2010-01-01,CREDIT_CARD,27092,280,50,set_7475608,,,14000
bnk_7475609,7475609,14297,2010-01-01,DEBIT_CARD,93195,145,26,set_7475609,,,14468
bnk_7475610,7475610,132,2010-01-01,DEBIT_CARD,14528,1,0,set_7475610,,,133
bnk_7475611,7475611,2850,2010-01-01,DEBIT_CARD,15143,29,5,set_7475611,,,2884
bnk_7475614,7475614,12022,2010-01-01,DEBIT_CARD,5495,122,22,set_7475614,,,12166
bnk_7475615,7475615,167,2010-01-01,DEBIT_CARD,14528,2,0,set_7475615,,,169
bnk_7475616,7475616,295,2010-01-01,DEBIT_CARD,75703,3,1,set_7475616,,,299
bnk_7475617,7475617,7371,2010-01-01,DEBIT_CARD,60569,75,14,set_7475617,,,7460
bnk_7475619,7475619,1045,2010-01-01,CREDIT_CARD,569,21,4,set_7475619,,,1070
bnk_7475620,7475620,651,2010-01-01,CREDIT_CARD,75781,13,2,set_7475620,,,666
bnk_7475621,7475621,2355,2010-01-01,DEBIT_CARD,52436,24,4,set_7475621,,,2383
bnk_7475622,7475622,481,2010-01-01,DEBIT_CARD,69972,5,1,set_7475622,,,487
bnk_7475625,7475625,1143,2010-01-01,CREDIT_CARD,75781,23,4,set_7475625,,,1170
bnk_7475627,7475627,650,2010-01-01,DEBIT_CARD,17493,7,1,set_7475627,,,658
bnk_7475628,7475628,717,2010-01-01,CREDIT_CARD,68671,15,3,set_7475628,,,735
bnk_7475630,7475630,263,2010-01-01,DEBIT_CARD,86058,3,1,set_7475630,,,267
bnk_7475630b,7475630,263,2010-01-01,DEBIT_CARD,86058,3,1,set_7475630b,,,267
bnk_7475633,7475633,11858,2010-01-01,DEBIT_CARD,27092,120,22,set_7475633,,,12000
bnk_7475634,7475634,175,2010-01-01,DEBIT_CARD,49903,2,0,set_7475634,,,177
bnk_7475635,7475635,294,2010-01-01,DEBIT_CARD,59935,3,1,set_7475635,,,298
bnk_7475636,7475636,1805,2010-01-01,DEBIT_CARD,15143,18,3,set_7475636,,,1826
bnk_7475637,7475637,484,2010-01-01,DEBIT_CARD,27907,5,1,set_7475637,,,490
bnk_7475638,7475638,3509,2010-01-01,DEBIT_CARD,13646,36,6,set_7475638,,,3551
bnk_7475639,7475639,2394,2010-01-01,DEBIT_CARD,98552,24,4,set_7475639,,,2422
bnk_7475640,7475640,103,2010-01-01,DEBIT_CARD,56979,1,0,set_7475640,,,104
bnk_7475641,7475641,2663,2010-01-01,CREDIT_CARD,39021,55,10,set_7475641,,,2728
bnk_7475642,7475642,8499,2010-01-01,DEBIT_CARD,43293,86,15,set_7475642,,,8600
bnk_7475643,7475643,3812,2010-01-01,DEBIT_CARD,15143,39,7,set_7475643,,,3858
bnk_7475644,7475644,265,2010-01-01,DEBIT_CARD,20519,3,1,set_7475644,,,269
bnk_7475645,7475645,307,2010-01-01,DEBIT_CARD,79664,3,1,set_7475645,,,311
bnk_7475646,7475646,7667,2010-01-01,DEBIT_CARD,61195,78,14,set_7475646,,,7759
bnk_7475647,7475647,3822,2010-01-01,CREDIT_CARD,1743,78,14,set_7475647,,,3914
bnk_7475648,7475648,10059,2010-01-01,DEBIT_CARD,30286,102,18,set_7475648,,,10179
bnk_7475649,7475649,3469,2010-01-01,CREDIT_CARD,98374,71,13,set_7475649,,,3553
bnk_7475651,7475651,3861,2010-01-01,DEBIT_CARD,31893,39,7,set_7475651,,,3907
bnk_7475652,7475652,3591,2010-01-01,DEBIT_CARD,39021,36,6,set_7475652,,,3633
bnk_7475654,7475654,4704,2010-01-01,DEBIT_CARD,39021,48,9,set_7475654,,,4761
bnk_7475655,7475655,7848,2010-01-01,DEBIT_CARD,59935,79,14,set_7475655,,,7941
bnk_7475658,7475658,408,2010-01-01,DEBIT_CARD,78454,4,1,set_7475658,,,413
bnk_7475659,7475659,9882,2010-01-01,DEBIT_CARD,27092,100,18,set_7475659,,,10000
bnk_7475660,7475660,329,2010-01-01,CREDIT_CARD,50783,7,1,set_7475660,,,337
bnk_7475661,7475661,234,2010-01-01,DEBIT_CARD,50783,2,0,set_7475661,,,236
bnk_7475662,7475662,225,2010-01-01,DEBIT_CARD,44919,2,0,set_7475662,,,227
bnk_7475663,7475663,18640,2010-01-01,CREDIT_CARD,14914,382,69,set_7475663,,,19091
bnk_7475664,7475664,381,2010-01-01,DEBIT_CARD,39021,4,1,set_7475664,,,386
bnk_7475665,7475665,8301,2010-01-01,DEBIT_CARD,61195,84,15,set_7475665,,,8400
bnk_7475666,7475666,432,2010-01-01,DEBIT_CARD,91264,4,1,set_7475666,,,437
bnk_7475670,7475670,136,2010-01-01,DEBIT_CARD,61195,1,0,set_7475670,,,137
bnk_7475671,7475671,9996,2010-01-01,DEBIT_CARD,27092,100,18,set_7475671,,,10000
bnk_7475673,7475673,2863,2010-01-01,CREDIT_CARD,75781,57,10,set_7475673,,,2854
bnk_7475674,7475674,7517,2010-01-01,DEBIT_CARD,69956,76,14,set_7475674,,,7607
bnk_7475676,7475676,1087,2010-01-01,DEBIT_CARD,78499,11,2,set_7475676,,,1100
bnk_7475677,7475677,2355,2010-01-01,DEBIT_CARD,13646,24,4,set_7475677,,,2384
bnk_7475679,7475679,1039,2010-01-01,CREDIT_CARD,20519,21,4,set_7475679,,,1064
bnk_7475680,7475680,1221,2010-01-01,DEBIT_CARD,50783,12,2,set_7475680,,,1235
bnk_7475681,7475681,6621,2010-01-01,DEBIT_CARD,59935,67,12,set_7475681,,,6700
bnk_7475682,7475682,10429,2010-01-01,CREDIT_CARD,40538,214,39,set_7475682,,,10682
bnk_7475682b,7475682,10429,2010-01-01,CREDIT_CARD,40538,214,39,set_7475682b,,,10682
bnk_7475683,7475683,345,2010-01-01,DEBIT_CARD,55250,4,1,set_7475683,,,350
bnk_7475684,7475684,10538,2010-01-01,DEBIT_CARD,88647,107,19,set_7475684,,,10664
bnk_7475687,7475687,885,2010-01-01,DEBIT_CARD,61195,9,2,set_7475687,,,896
bnk_7475688,7475688,9764,2010-01-01,CREDIT_CARD,27092,200,36,set_7475688,,,10000
bnk_7475689,7475689,177,2010-01-01,DEBIT_CARD,51755,2,0,set_7475689,,,179
bnk_7475691,7475691,4578,2010-01-01,DEBIT_CARD,59935,46,8,set_7475691,,,4632
bnk_7475692,7475692,259,2010-01-01,DEBIT_CARD,75936,3,1,set_7475692,,,263
bnk_7475693,7475693,5534,2010-01-01,DEBIT_CARD,61195,56,10,set_7475693,,,5600
bnk_7475694,7475694,159,2010-01-01,DEBIT_CARD,14528,2,0,set_7475694,,,161
bnk_7475696,7475696,327,2010-01-01,DEBIT_CARD,28620,3,1,set_7475696,,,331
bnk_7475697,7475697,700,2010-01-01,DEBIT_CARD,59935,7,1,set_7475697,,,708
bnk_7475698,7475698,631,2010-01-01,DEBIT_CARD,50783,6,1,set_7475698,,,638
bnk_7475699,7475699,361,2010-01-01,DEBIT_CARD,85247,4,1,set_7475699,,,366
bnk_7475700,7475700,489,2010-01-01,DEBIT_CARD,14532,5,1,set_7475700,,,495
bnk_7475701,7475701,7313,2010-01-01,DEBIT_CARD,59935,74,13,set_7475701,,,7400
bnk_7475704,7475704,2735,2010-01-01,CREDIT_CARD,36934,56,10,set_7475704,,,2801
bnk_7475705,7475705,345,2010-01-01,DEBIT_CARD,75781,4,1,set_7475705,,,350
bnk_7475706,7475706,388,2010-01-01,CREDIT_CARD,50379,8,1,set_7475706,,,397
bnk_7475707,7475707,3554,2010-01-01,DEBIT_CARD,13646,35,6,set_7475707,,,3468
bnk_7475709,7475709,10445,2010-01-01,DEBIT_CARD,61195,106,19,set_7475709,,,10570
bnk_7475708,7475708,8597,2010-01-01,DEBIT_CARD,61195,87,16,set_7475708,,,8700
bnk_7475711,7475711,490,2010-01-01,DEBIT_CARD,17493,5,1,set_7475711,,,496
bnk_7475712,7475712,3944,2010-01-01,CREDIT_CARD,39021,81,15,set_7475712,,,4040
bnk_7475714,7475714,1177,2010-01-01,CREDIT_CARD,59935,24,4,set_7475714,,,1205
bnk_7475715,7475715,125,2010-01-01,DEBIT_CARD,14528,1,0,set_7475715,,,126
bnk_7475717,7475717,752,2010-01-01,DEBIT_CARD,25887,7,1,set_7475717,,,696
bnk_7475718,7475718,285,2010-01-01,CREDIT_CARD,20519,6,1,set_7475718,,,292
bnk_7475719,7475719,373,2010-01-01,DEBIT_CARD,23671,4,1,set_7475719,,,378
bnk_7475720,7475720,2317,2010-01-01,DEBIT_CARD,39021,23,4,set_7475720,,,2344
bnk_7475721,7475721,248,2010-01-01,DEBIT_CARD,59935,3,1,set_7475721,,,252
bnk_7475722,7475722,639,2010-01-01,DEBIT_CARD,26810,6,1,set_7475722,,,646
bnk_7475723,7475723,1199,2010-01-01,DEBIT_CARD,78454,12,2,set_7475723,,,1213
bnk_7475724,7475724,1757,2010-01-01,DEBIT_CARD,710,18,3,set_7475724,,,1778
bnk_7475725,7475725,2582,2010-01-01,DEBIT_CARD,78821,26,5,set_7475725,,,2613
bnk_7475726,7475726,24414,2010-01-01,CREDIT_CARD,69965,500,90,set_7475726,,,25003
bnk_7475727,7475727,5139,2010-01-01,DEBIT_CARD,59935,52,9,set_7475727,,,5200
bnk_7475728,7475728,295,2010-01-01,CREDIT_CARD,61195,6,1,set_7475728,,,302
bnk_7475729,7475729,166,2010-01-01,DEBIT_CARD,50783,2,0,set_7475729,,,168
bnk_7475729b,7475729,166,2010-01-01,DEBIT_CARD,50783,2,0,set_7475729b,,,168
bnk_7475730,7475730,19002,2010-01-01,DEBIT_CARD,52100,192,35,set_7475730,,,19229
bnk_7475731,7475731,71,2010-01-01,CREDIT_CARD,60569,1,0,set_7475731,,,72
bnk_7475732,7475732,201,2010-01-01,DEBIT_CARD,43293,2,0,set_7475732,,,203
bnk_7475733,7475733,1926,2010-01-01,CREDIT_CARD,59935,39,7,set_7475733,,,1972
bnk_7475733b,7475733,1926,2010-01-01,CREDIT_CARD,59935,39,7,set_7475733b,,,1972
bnk_7475734,7475734,4721,2010-01-01,DEBIT_CARD,15143,47,8,set_7475734,,,4663
bnk_7475735,7475735,241,2010-01-01,DEBIT_CARD,61195,2,0,set_7475735,,,243
bnk_7475736,7475736,5790,2010-01-01,DEBIT_CARD,61195,59,11,set_7475736,,,5860
bnk_7475737,7475737,17432,2010-01-01,CREDIT_CARD,73186,357,64,set_7475737,,,17853
bnk_7475738,7475738,2549,2010-01-01,DEBIT_CARD,99381,26,5,set_7475738,,,2580
bnk_7475739,7475739,9882,2010-01-01,DEBIT_CARD,27092,100,18,set_7475739,,,10000
bnk_7475740,7475740,4217,2010-01-01,DEBIT_CARD,19964,43,8,set_7475740,,,4268
bnk_7475743,7475743,1377,2010-01-01,CREDIT_CARD,53326,28,5,set_7475743,,,1410
bnk_7475744,7475744,10256,2010-01-01,DEBIT_CARD,96529,104,19,set_7475744,,,10379
bnk_7475745,7475745,9005,2010-01-01,CREDIT_CARD,35166,184,33,set_7475745,,,9222
bnk_7475747,7475747,137,2010-01-01,DEBIT_CARD,72351,1,0,set_7475747,,,138
bnk_7475749,7475749,113999,2010-01-01,DEBIT_CARD,29742,1154,208,set_7475749,,,115361
bnk_7475750,7475750,11858,2010-01-01,DEBIT_CARD,27092,120,22,set_7475750,,,12000
bnk_7475750b,7475750,11858,2010-01-01,DEBIT_CARD,27092,120,22,set_7475750b,,,12000
bnk_7475751,7475751,4571,2010-01-01,DEBIT_CARD,40616,46,8,set_7475751,,,4625
bnk_7475752,7475752,1163,2010-01-01,DEBIT_CARD,20519,11,2,set_7475752,,,1060
bnk_7475753,7475753,87,2010-01-01,DEBIT_CARD,59251,1,0,set_7475753,,,88
bnk_7475754,7475754,8735,2010-01-01,CREDIT_CARD,50783,179,32,set_7475754,,,8946
bnk_7475755,7475755,337,2010-01-01,DEBIT_CARD,75781,3,1,set_7475755,,,341
bnk_7475756,7475756,6817,2010-01-01,DEBIT_CARD,71750,69,12,set_7475756,,,6898
bnk_7475758,7475758,7681,2010-01-01,CREDIT_CARD,90865,157,28,set_7475758,,,7866
bnk_7475759,7475759,1051,2010-01-01,DEBIT_CARD,34488,11,2,set_7475759,,,1064
bnk_7475761,7475761,462,2010-01-01,CREDIT_CARD,78454,8,1,set_7475761,,,400
bnk_7475762,7475762,3385,2010-01-01,DEBIT_CARD,27601,34,6,set_7475762,,,3425
bnk_7475763,7475763,3846,2010-01-01,CREDIT_CARD,96246,79,14,set_7475763,,,3939
bnk_7475765,7475765,5858,2010-01-01,CREDIT_CARD,27092,120,22,set_7475765,,,6000
bnk_7475766,7475766,4024,2010-01-01,DEBIT_CARD,59935,41,7,set_7475766,,,4072
bnk_7475767,7475767,5603,2010-01-01,CREDIT_CARD,75781,115,21,set_7475767,,,5739
bnk_7475768,7475768,426,2010-01-01,DEBIT_CARD,69972,3,1,set_7475768,,,343
bnk_7475770,7475770,819,2010-01-01,DEBIT_CARD,59935,8,1,set_7475770,,,828
bnk_7475771,7475771,5858,2010-01-01,CREDIT_CARD,27092,120,22,set_7475771,,,6000
bnk_7475772,7475772,3804,2010-01-01,DEBIT_CARD,39021,39,7,set_7475772,,,3850
bnk_7475773,7475773,9882,2010-01-01,DEBIT_CARD,27092,100,18,set_7475773,,,10000
bnk_7475774,7475774,230,2010-01-01,CREDIT_CARD,50783,5,1,set_7475774,,,236
bnk_7475775,7475775,663,2010-01-01,DEBIT_CARD,25408,7,1,set_7475775,,,671
bnk_7475776,7475776,743,2010-01-01,DEBIT_CARD,46284,7,1,set_7475776,,,690
bnk_7475777,7475777,2780,2010-01-01,DEBIT_CARD,18563,28,5,set_7475777,,,2813
bnk_7475779,7475779,8469,2010-01-01,CREDIT_CARD,47370,173,31,set_7475779,,,8673
bnk_7475780,7475780,825,2010-01-01,CREDIT_CARD,22204,17,3,set_7475780,,,845
bnk_7475781,7475781,170,2010-01-01,DEBIT_CARD,63765,2,0,set_7475781,,,172
bnk_7475782,7475782,5574,2010-01-01,DEBIT_CARD,9041,56,10,set_7475782,,,5640
bnk_7475783,7475783,4829,2010-01-01,CREDIT_CARD,39021,99,18,set_7475783,,,4946
bnk_7475784,7475784,3866,2010-01-01,DEBIT_CARD,20519,39,7,set_7475784,,,3912
bnk_7475785,7475785,2213,2010-01-01,DEBIT_CARD,39021,22,4,set_7475785,,,2239
bnk_7475786,7475786,282,2010-01-01,DEBIT_CARD,75781,2,0,set_7475786,,,216
bnk_7475787,7475787,596,2010-01-01,CREDIT_CARD,20763,12,2,set_7475787,,,610
bnk_7475789,7475789,8894,2010-01-01,DEBIT_CARD,61195,90,16,set_7475789,,,9000
bnk_7475790,7475790,201,2010-01-01,DEBIT_CARD,30928,2,0,set_7475790,,,203
bnk_7475791,7475791,9289,2010-01-01,DEBIT_CARD,22204,94,17,set_7475791,,,9400
bnk_7475793,7475793,667,2010-01-01,CREDIT_CARD,75781,11,2,set_7475793,,,537
bnk_7475794,7475794,449,2010-01-01,CREDIT_CARD,78854,9,2,set_7475794,,,460
bnk_7475795,7475795,3397,2010-01-01,CREDIT_CARD,48919,70,13,set_7475795,,,3480
bnk_7475798,7475798,377,2010-01-01,DEBIT_CARD,22204,4,1,set_7475798,,,382
bnk_7475799,7475799,15232,2010-01-01,CREDIT_CARD,5970,312,56,set_7475799,,,15600
bnk_7475801,7475801,5633,2010-01-01,CREDIT_CARD,96246,115,21,set_7475801,,,5768
bnk_7475802,7475802,7906,2010-01-01,DEBIT_CARD,27092,80,14,set_7475802,,,8000
bnk_7475803,7475803,257,2010-01-01,DEBIT_CARD,20884,3,1,set_7475803,,,261
bnk_7475804,7475804,16099,2010-01-01,DEBIT_CARD,73186,163,29,set_7475804,,,16291
bnk_7475806,7475806,200,2010-01-01,DEBIT_CARD,35451,2,0,set_7475806,,,202
bnk_7475807,7475807,4814,2010-01-01,DEBIT_CARD,89949,49,9,set_7475807,,,4872
bnk_7475808,7475808,2484,2010-01-01,CREDIT_CARD,9556,51,9,set_7475808,,,2544
bnk_7475809,7475809,3595,2010-01-01,DEBIT_CARD,36385,36,6,set_7475809,,,3637
bnk_7475810,7475810,4276,2010-01-01,DEBIT_CARD,41122,43,8,set_7475810,,,4327
bnk_7475811,7475811,666,2010-01-01,DEBIT_CARD,7237,7,1,set_7475811,,,674
bnk_7475812,7475812,208,2010-01-01,DEBIT_CARD,26603,2,0,set_7475812,,,210
bnk_7475813,7475813,4553,2010-01-01,DEBIT_CARD,42858,45,8,set_7475813,,,4518
bnk_7475814,7475814,231,2010-01-01,DEBIT_CARD,20519,2,0,set_7475814,,,233
bnk_7475815,7475815,6444,2010-01-01,CREDIT_CARD,59935,132,24,set_7475815,,,6600
bnk_7475816,7475816,6324,2010-01-01,DEBIT_CARD,59935,64,12,set_7475816,,,6400
bnk_7475818,7475818,4947,2010-01-01,DEBIT_CARD,27601,49,9,set_7475818,,,4917
bnk_7475819,7475819,2099,2010-01-01,CREDIT_CARD,79038,43,8,set_7475819,,,2150
bnk_7475820,7475820,4145,2010-01-01,DEBIT_CARD,60569,42,8,set_7475820,,,4195
bnk_7475821,7475821,7797,2010-01-01,DEBIT_CARD,22204,79,14,set_7475821,,,7890
bnk_7475822,7475822,2835,2010-01-01,DEBIT_CARD,18563,29,5,set_7475822,,,2869
bnk_7475823,7475823,9771,2010-01-01,CREDIT_CARD,20561,200,36,set_7475823,,,10007
bnk_7475824,7475824,569,2010-01-01,DEBIT_CARD,10210,6,1,set_7475824,,,576
bnk_7475825,7475825,417,2010-01-01,DEBIT_CARD,28395,4,1,set_7475825,,,422
bnk_7475827,7475827,215,2010-01-01,DEBIT_CARD,14528,2,0,set_7475827,,,217
bnk_7475828,7475828,7906,2010-01-01,DEBIT_CARD,27092,80,14,set_7475828,,,8000
bnk_7475830,7475830,344,2010-01-01,DEBIT_CARD,35451,3,1,set_7475830,,,348
bnk_7475830b,7475830,344,2010-01-01,DEBIT_CARD,35451,3,1,set_7475830b,,,348
bnk_7475831,7475831,379,2010-01-01,DEBIT_CARD,22204,4,1,set_7475831,,,384
bnk_7475832,7475832,756,2010-01-01,DEBIT_CARD,46284,8,1,set_7475832,,,765
bnk_7475833,7475833,2182,2010-01-01,DEBIT_CARD,39021,22,4,set_7475833,,,2208
bnk_7475834,7475834,2345,2010-01-01,CREDIT_CARD,5030,48,9,set_7475834,,,2402
bnk_7475835,7475835,247,2010-01-01,DEBIT_CARD,50783,3,1,set_7475835,,,251
bnk_7475836,7475836,2917,2010-01-01,DEBIT_CARD,18563,30,5,set_7475836,,,2952
bnk_7475837,7475837,933,2010-01-01,DEBIT_CARD,92883,9,2,set_7475837,,,944
bnk_7475838,7475838,836,2010-01-01,DEBIT_CARD,75781,8,1,set_7475838,,,845
bnk_7475839,7475839,5334,2010-01-01,CREDIT_CARD,39021,109,20,set_7475839,,,5463
bnk_7475840,7475840,197,2010-01-01,DEBIT_CARD,40041,2,0,set_7475840,,,199
bnk_7475841,7475841,7168,2010-01-01,CREDIT_CARD,73661,146,26,set_7475841,,,7285
bnk_7475842,7475842,518,2010-01-01,DEBIT_CARD,30928,5,1,set_7475842,,,524
bnk_7475843,7475843,233,2010-01-01,CREDIT_CARD,75781,5,1,set_7475843,,,239
bnk_7475844,7475844,931,2010-01-01,DEBIT_CARD,61195,9,2,set_7475844,,,942
bnk_7475845,7475845,1918,2010-01-01,CREDIT_CARD,83070,39,7,set_7475845,,,1964
bnk_7475846,7475846,15445,2010-01-01,DEBIT_CARD,82981,156,28,set_7475846,,,15629
bnk_7475847,7475847,794,2010-01-01,DEBIT_CARD,99695,8,1,set_7475847,,,803
bnk_7475848,7475848,141,2010-01-01,CREDIT_CARD,14528,3,1,set_7475848,,,145
bnk_7475849,7475849,127,2010-01-01,CREDIT_CARD,67296,3,1,set_7475849,,,131
bnk_7475850,7475850,47,2010-01-01,CREDIT_CARD,59935,1,0,set_7475850,,,48
bnk_7475851,7475851,1565,2010-01-01,CREDIT_CARD,85247,32,6,set_7475851,,,1603
bnk_7475852,7475852,7722,2010-01-01,DEBIT_CARD,50867,78,14,set_7475852,,,7814
bnk_7475854,7475854,14590,2010-01-01,CREDIT_CARD,73186,299,54,set_7475854,,,14943
bnk_7475856,7475856,170,2010-01-01,DEBIT_CARD,14528,2,0,set_7475856,,,172
bnk_7475857,7475857,4596,2010-01-01,DEBIT_CARD,41122,47,8,set_7475857,,,4651
bnk_7475858,7475858,14299,2010-01-01,DEBIT_CARD,47456,145,26,set_7475858,,,14470
bnk_7475859,7475859,660,2010-01-01,CREDIT_CARD,50783,14,3,set_7475859,,,677
bnk_7475860,7475860,319,2010-01-01,DEBIT_CARD,59935,3,1,set_7475860,,,323
bnk_7475861,7475861,10147,2010-01-01,CREDIT_CARD,81833,208,37,set_7475861,,,10392
bnk_7475862,7475862,4544,2010-01-01,DEBIT_CARD,39021,45,8,set_7475862,,,4515
bnk_7475863,7475863,9235,2010-01-01,CREDIT_CARD,59935,189,34,set_7475863,,,9458
bnk_7475864,7475864,529,2010-01-01,DEBIT_CARD,93508,5,1,set_7475864,,,535
bnk_7475865,7475865,2452,2010-01-01,DEBIT_CARD,16798,25,5,set_7475865,,,2482
bnk_7475867,7475867,3916,2010-01-01,DEBIT_CARD,83434,40,7,set_7475867,,,3963
bnk_7475868,7475868,176,2010-01-01,DEBIT_CARD,17493,2,0,set_7475868,,,178
bnk_7475869,7475869,5929,2010-01-01,DEBIT_CARD,27092,60,11,set_7475869,,,6000
bnk_7475870,7475870,4066,2010-01-01,CREDIT_CARD,69410,83,15,set_7475870,,,4164
bnk_7475871,7475871,17575,2010-01-01,CREDIT_CARD,27092,360,65,set_7475871,,,18000
bnk_7475872,7475872,3326,2010-01-01,DEBIT_CARD,39021,34,6,set_7475872,,,3366
bnk_7475874,7475874,1877,2010-01-01,DEBIT_CARD,12614,19,3,set_7475874,,,1899
bnk_7475875,7475875,4206,2010-01-01,DEBIT_CARD,73186,43,8,set_7475875,,,4257
bnk_7475877,7475877,1010,2010-01-01,DEBIT_CARD,25887,10,2,set_7475877,,,1022
bnk_7475878,7475878,840,2010-01-01,CREDIT_CARD,43293,17,3,set_7475878,,,860
bnk_7475879,7475879,5929,2010-01-01,DEBIT_CARD,27092,60,11,set_7475879,,,6000
bnk_7475880,7475880,222,2010-01-01,DEBIT_CARD,21842,2,0,set_7475880,,,224
bnk_7475881,7475881,3709,2010-01-01,DEBIT_CARD,89462,38,7,set_7475881,,,3754
bnk_7475882,7475882,7102,2010-01-01,CREDIT_CARD,59935,144,26,set_7475882,,,7200
bnk_7475884,7475884,10085,2010-01-01,CREDIT_CARD,30286,207,37,set_7475884,,,10329
bnk_7475885,7475885,458,2010-01-01,DEBIT_CARD,69972,5,1,set_7475885,,,464
bnk_7475886,7475886,1730,2010-01-01,DEBIT_CARD,39021,18,3,set_7475886,,,1751
bnk_7475887,7475887,146,2010-01-01,CREDIT_CARD,20986,3,1,set_7475887,,,150
bnk_7475888,7475888,167,2010-01-01,DEBIT_CARD,94761,2,0,set_7475888,,,169
bnk_7475889,7475889,4374,2010-01-01,DEBIT_CARD,89462,44,8,set_7475889,,,4426
bnk_7475890,7475890,3239,2010-01-01,DEBIT_CARD,39021,33,6,set_7475890,,,3278
bnk_7475892,7475892,7214,2010-01-01,DEBIT_CARD,50867,73,13,set_7475892,,,7300
bnk_7475893,7475893,7206,2010-01-01,DEBIT_CARD,61195,72,13,set_7475893,,,7152
bnk_7475895,7475895,6924,2010-01-01,CREDIT_CARD,27601,142,26,set_7475895,,,7092
bnk_7475896,7475896,13834,2010-01-01,DEBIT_CARD,27092,140,25,set_7475896,,,14000
bnk_7475897,7475897,119,2010-01-01,DEBIT_CARD,12322,1,0,set_7475897,,,120
bnk_7475898,7475898,2338,2010-01-01,CREDIT_CARD,59935,48,9,set_7475898,,,2395
bnk_7475900,7475900,1127,2010-01-01,DEBIT_CARD,50783,11,2,set_7475900,,,1140
bnk_7475902,7475902,553,2010-01-01,DEBIT_CARD,25887,6,1,set_7475902,,,560
bnk_7475903,7475903,332,2010-01-01,DEBIT_CARD,28395,3,1,set_7475903,,,336
bnk_7475904,7475904,343,2010-01-01,DEBIT_CARD,88998,3,1,set_7475904,,,347
bnk_7475905,7475905,6056,2010-01-01,DEBIT_CARD,59935,61,11,set_7475905,,,6128
bnk_7475907,7475907,92,2010-01-01,DEBIT_CARD,72351,1,0,set_7475907,,,93
bnk_7475909,7475909,117,2010-01-01,CREDIT_CARD,86438,2,0,set_7475909,,,119
bnk_7475910,7475910,13670,2010-01-01,CREDIT_CARD,27092,280,50,set_7475910,,,14000
bnk_7475911,7475911,431,2010-01-01,CREDIT_CARD,75781,9,2,set_7475911,,,442
bnk_7475912,7475912,2398,2010-01-01,DEBIT_CARD,91514,24,4,set_7475912,,,2426
bnk_7475913,7475913,199,2010-01-01,CREDIT_CARD,20519,4,1,set_7475913,,,204
bnk_7475914,7475914,631,2010-01-01,CREDIT_CARD,72158,13,2,set_7475914,,,646
bnk_7475916,7475916,1069,2010-01-01,DEBIT_CARD,61195,11,2,set_7475916,,,1082
bnk_7475918,7475918,11689,2010-01-01,DEBIT_CARD,59350,118,21,set_7475918,,,11828
bnk_7475919,7475919,610,2010-01-01,DEBIT_CARD,29209,6,1,set_7475919,,,617
bnk_7475920,7475920,5089,2010-01-01,CREDIT_CARD,36934,104,19,set_7475920,,,5212
bnk_7475921,7475921,2405,2010-01-01,CREDIT_CARD,39021,49,9,set_7475921,,,2463
bnk_7475922,7475922,70,2010-01-01,DEBIT_CARD,14528,1,0,set_7475922,,,71
bnk_7475923,7475923,7708,2010-01-01,DEBIT_CARD,61195,78,14,set_7475923,,,7800
bnk_7475926,7475926,7740,2010-01-01,DEBIT_CARD,60569,78,14,set_7475926,,,7832
bnk_7475927,7475927,2172,2010-01-01,DEBIT_CARD,16798,22,4,set_7475927,,,2198
bnk_7475929,7475929,328,2010-01-01,DEBIT_CARD,75936,3,1,set_7475929,,,254
bnk_7475930,7475930,9569,2010-01-01,CREDIT_CARD,43293,196,35,set_7475930,,,9800
bnk_7475932,7475932,4309,2010-01-01,CREDIT_CARD,32175,88,16,set_7475932,,,4413
bnk_7475933,7475933,330,2010-01-01,CREDIT_CARD,20519,7,1,set_7475933,,,338
bnk_7475934,7475934,132,2010-01-01,DEBIT_CARD,20519,1,0,set_7475934,,,82
bnk_7475935,7475935,10233,2010-01-01,CREDIT_CARD,9263,210,38,set_7475935,,,10481
bnk_7475936,7475936,222,2010-01-01,CREDIT_CARD,55730,5,1,set_7475936,,,228
bnk_7475938,7475938,3190,2010-01-01,DEBIT_CARD,39021,32,6,set_7475938,,,3228
bnk_7475939,7475939,9119,2010-01-01,CREDIT_CARD,51700,187,34,set_7475939,,,9340
bnk_7475941,7475941,1173,2010-01-01,DEBIT_CARD,59935,12,2,set_7475941,,,1187
bnk_7475940,7475940,5435,2010-01-01,DEBIT_CARD,59935,55,10,set_7475940,,,5500
bnk_7475944,7475944,253,2010-01-01,DEBIT_CARD,25887,3,1,set_7475944,,,257
bnk_7475947,7475947,10703,2010-01-01,CREDIT_CARD,65795,219,39,set_7475947,,,10961
bnk_7475951,7475951,616,2010-01-01,DEBIT_CARD,88998,6,1,set_7475951,,,623
bnk_7475952,7475952,367,2010-01-01,CREDIT_CARD,55900,8,1,set_7475952,,,376
bnk_7475953,7475953,345,2010-01-01,DEBIT_CARD,22938,3,1,set_7475953,,,349
bnk_7475954,7475954,5217,2010-01-01,DEBIT_CARD,13646,53,10,set_7475954,,,5280
bnk_7475955,7475955,158,2010-01-01,DEBIT_CARD,19590,2,0,set_7475955,,,160
bnk_7475956,7475956,2027,2010-01-01,CREDIT_CARD,15143,40,7,set_7475956,,,2000
bnk_7475957,7475957,174,2010-01-01,DEBIT_CARD,50783,2,0,set_7475957,,,176
bnk_7475959,7475959,7419,2010-01-01,DEBIT_CARD,61195,75,14,set_7475959,,,7508
bnk_7475960,7475960,5093,2010-01-01,DEBIT_CARD,59935,51,9,set_7475960,,,5100
bnk_7475961,7475961,3724,2010-01-01,DEBIT_CARD,60569,38,7,set_7475961,,,3769
bnk_7475962,7475962,534,2010-01-01,DEBIT_CARD,57885,5,1,set_7475962,,,540
bnk_7475964,7475964,5382,2010-01-01,CREDIT_CARD,96246,110,20,set_7475964,,,5512
bnk_7475965,7475965,281,2010-01-01,DEBIT_CARD,20192,3,1,set_7475965,,,285
bnk_7475969,7475969,1360,2010-01-01,CREDIT_CARD,16798,28,5,set_7475969,,,1393
bnk_7475970,7475970,608,2010-01-01,DEBIT_CARD,106,6,1,set_7475970,,,615
bnk_7475971,7475971,86,2010-01-01,DEBIT_CARD,86438,1,0,set_7475971,,,87
bnk_7475973,7475973,5383,2010-01-01,DEBIT_CARD,38958,54,10,set_7475973,,,5447
bnk_7475974,7475974,410,2010-01-01,DEBIT_CARD,30928,4,1,set_7475974,,,415
bnk_7475975,7475975,444,2010-01-01,DEBIT_CARD,69972,5,1,set_7475975,,,450
bnk_7475977,7475977,741,2010-01-01,CREDIT_CARD,23866,15,3,set_7475977,,,759
bnk_7475978,7475978,3953,2010-01-01,DEBIT_CARD,27092,40,7,set_7475978,,,4000
bnk_7475979,7475979,223,2010-01-01,DEBIT_CARD,27583,2,0,set_7475979,,,225
bnk_7475980,7475980,2214,2010-01-01,DEBIT_CARD,25408,22,4,set_7475980,,,2240
bnk_7475981,7475981,23,2010-01-01,DEBIT_CARD,44578,0,0,set_7475981,,,23
bnk_7475983,7475983,3091,2010-01-01,DEBIT_CARD,39021,31,6,set_7475983,,,3128
bnk_7475984,7475984,968,2010-01-01,DEBIT_CARD,13523,10,2,set_7475984,,,980
bnk_7475985,7475985,859,2010-01-01,DEBIT_CARD,26788,9,2,set_7475985,,,870
bnk_7475986,7475986,292,2010-01-01,DEBIT_CARD,91128,3,1,set_7475986,,,296
bnk_7475987,7475987,598,2010-01-01,DEBIT_CARD,50783,6,1,set_7475987,,,605
bnk_7475988,7475988,5526,2010-01-01,DEBIT_CARD,69410,55,10,set_7475988,,,5504
bnk_7475989,7475989,94,2010-01-01,DEBIT_CARD,79463,1,0,set_7475989,,,95
bnk_7475991,7475991,132,2010-01-01,DEBIT_CARD,49789,1,0,set_7475991,,,133
bnk_7475992,7475992,1220,2010-01-01,CREDIT_CARD,43293,25,5,set_7475992,,,1250
bnk_7475993,7475993,11961,2010-01-01,DEBIT_CARD,27092,120,22,set_7475993,,,12000
bnk_7475994,7475994,4279,2010-01-01,CREDIT_CARD,39021,88,16,set_7475994,,,4383
bnk_7475995,7475995,8589,2010-01-01,DEBIT_CARD,84773,87,16,set_7475995,,,8691
bnk_7475998,7475998,2256,2010-01-01,DEBIT_CARD,79927,23,4,set_7475998,,,2283
bnk_7475999,7475999,7400,2010-01-01,CREDIT_CARD,61195,152,27,set_7475999,,,7579
bnk_7476001,7476001,466,2010-01-01,DEBIT_CARD,50783,5,1,set_7476001,,,472
bnk_7476002,7476002,2330,2010-01-01,DEBIT_CARD,59935,24,4,set_7476002,,,2358
bnk_7476003,7476003,3248,2010-01-01,DEBIT_CARD,18563,33,6,set_7476003,,,3286
bnk_7476004,7476004,8904,2010-01-01,DEBIT_CARD,38958,90,16,set_7476004,,,9010
bnk_7476006,7476006,13555,2010-01-01,CREDIT_CARD,30286,278,50,set_7476006,,,13883
bnk_7476007,7476007,438,2010-01-01,DEBIT_CARD,61195,4,1,set_7476007,,,443
bnk_7476009,7476009,198,2010-01-01,DEBIT_CARD,43007,2,0,set_7476009,,,200
bnk_7476010,7476010,728,2010-01-01,DEBIT_CARD,22204,7,1,set_7476010,,,651
bnk_7476011,7476011,508,2010-01-01,DEBIT_CARD,81833,5,1,set_7476011,,,514
bnk_7476013,7476013,6249,2010-01-01,CREDIT_CARD,61195,128,23,set_7476013,,,6400
bnk_7476014,7476014,553,2010-01-01,CREDIT_CARD,35451,11,2,set_7476014,,,566
bnk_7476015,7476015,6834,2010-01-01,DEBIT_CARD,15143,69,12,set_7476015,,,6915
bnk_7476016,7476016,6228,2010-01-01,DEBIT_CARD,39021,63,11,set_7476016,,,6302
bnk_7476018,7476018,2155,2010-01-01,DEBIT_CARD,47399,22,4,set_7476018,,,2181
bnk_7476019,7476019,440,2010-01-01,DEBIT_CARD,50867,4,1,set_7476019,,,445
bnk_7476020,7476020,459,2010-01-01,DEBIT_CARD,68671,5,1,set_7476020,,,465
bnk_7476021,7476021,2920,2010-01-01,CREDIT_CARD,32175,60,11,set_7476021,,,2991
bnk_7476021b,7476021,2920,2010-01-01,CREDIT_CARD,32175,60,11,set_7476021b,,,2991
bnk_7476022,7476022,1063,2010-01-01,DEBIT_CARD,57153,11,2,set_7476022,,,1076
bnk_7476023,7476023,7451,2010-01-01,CREDIT_CARD,9263,153,28,set_7476023,,,7632
bnk_7476026,7476026,2173,2010-01-01,DEBIT_CARD,44919,22,4,set_7476026,,,2199
bnk_7476027,7476027,715,2010-01-01,DEBIT_CARD,10855,7,1,set_7476027,,,723
bnk_7476028,7476028,521,2010-01-01,DEBIT_CARD,61195,5,1,set_7476028,,,527
bnk_7476028b,7476028,521,2010-01-01,DEBIT_CARD,61195,5,1,set_7476028b,,,527
bnk_7476029,7476029,3889,2010-01-01,CREDIT_CARD,15143,80,14,set_7476029,,,3983
bnk_7476030,7476030,668,2010-01-01,CREDIT_CARD,78605,14,3,set_7476030,,,685
bnk_7476031,7476031,221,2010-01-01,DEBIT_CARD,35451,2,0,set_7476031,,,223
bnk_7476032,7476032,121,2010-01-01,DEBIT_CARD,14528,1,0,set_7476032,,,122
bnk_7476032b,7476032,121,2010-01-01,DEBIT_CARD,14528,1,0,set_7476032b,,,122
bnk_7476033,7476033,10575,2010-01-01,DEBIT_CARD,42636,106,19,set_7476033,,,10571
bnk_7476034,7476034,235,2010-01-01,DEBIT_CARD,19159,2,0,set_7476034,,,236
bnk_7476035,7476035,218,2010-01-01,CREDIT_CARD,14528,2,0,set_7476035,,,99
bnk_7476037,7476037,78,2010-01-01,DEBIT_CARD,14528,1,0,set_7476037,,,78
bnk_7476038,7476038,110,2010-01-01,CREDIT_CARD,86438,2,0,set_7476038,,,112
bnk_7476039,7476039,812,2010-01-01,DEBIT_CARD,59952,8,1,set_7476039,,,821
bnk_7476040,7476040,146,2010-01-01,DEBIT_CARD,82981,1,0,set_7476040,,,147
bnk_7476041,7476041,620,2010-01-01,CREDIT_CARD,83229,13,2,set_7476041,,,635
bnk_7476042,7476042,2361,2010-01-01,DEBIT_CARD,59935,24,4,set_7476042,,,2389
bnk_7476043,7476043,5929,2010-01-01,DEBIT_CARD,27092,60,11,set_7476043,,,6000
bnk_7476044,7476044,3391,2010-01-01,DEBIT_CARD,18563,34,6,set_7476044,,,3431
bnk_7476045,7476045,2612,2010-01-01,CREDIT_CARD,49463,54,10,set_7476045,,,2676
bnk_7476047,7476047,5590,2010-01-01,DEBIT_CARD,46965,57,10,set_7476047,,,5657
bnk_7476048,7476048,633,2010-01-01,DEBIT_CARD,61195,6,1,set_7476048,,,640
bnk_7476049,7476049,9882,2010-01-01,DEBIT_CARD,27092,100,18,set_7476049,,,10000
bnk_7476050,7476050,1403,2010-01-01,CREDIT_CARD,53889,29,5,set_7476050,,,1437
bnk_7476051,7476051,157,2010-01-01,DEBIT_CARD,86438,2,0,set_7476051,,,159
bnk_7476052,7476052,12783,2010-01-01,CREDIT_CARD,45523,262,47,set_7476052,,,13092
bnk_7476053,7476053,811,2010-01-01,DEBIT_CARD,87625,8,1,set_7476053,,,820
bnk_7476054,7476054,8530,2010-01-01,CREDIT_CARD,15143,175,32,set_7476054,,,8737
bnk_7476056,7476056,212,2010-01-01,DEBIT_CARD,61195,2,0,set_7476056,,,214
bnk_7476057,7476057,234,2010-01-01,CREDIT_CARD,50783,5,1,set_7476057,,,240
bnk_7476058,7476058,3673,2010-01-01,DEBIT_CARD,39021,37,7,set_7476058,,,3717
bnk_7476060,7476060,4482,2010-01-01,CREDIT_CARD,89069,92,17,set_7476060,,,4591
bnk_7476061,7476061,450,2010-01-01,DEBIT_CARD,20519,5,1,set_7476061,,,457
bnk_7476063,7476063,295,2010-01-01,CREDIT_CARD,96974,6,1,set_7476063,,,302
bnk_7476064,7476064,559,2010-01-01,DEBIT_CARD,46284,6,1,set_7476064,,,566
bnk_7476065,7476065,308,2010-01-01,DEBIT_CARD,88646,2,0,set_7476065,,,222
bnk_7476068,7476068,331,2010-01-01,DEBIT_CARD,89263,3,1,set_7476068,,,336
bnk_7476069,7476069,71,2010-01-01,CREDIT_CARD,87625,1,0,set_7476069,,,72
bnk_7476071,7476071,8176,2010-01-01,DEBIT_CARD,20645,83,15,set_7476071,,,8274
bnk_7476072,7476072,412,2010-01-01,DEBIT_CARD,20884,4,1,set_7476072,,,417
bnk_7476074,7476074,2558,2010-01-01,DEBIT_CARD,59935,26,5,set_7476074,,,2589
bnk_7476076,7476076,6522,2010-01-01,DEBIT_CARD,50867,66,12,set_7476076,,,6600
bnk_7476077,7476077,59,2010-01-01,DEBIT_CARD,25857,1,0,set_7476077,,,60
bnk_7476078,7476078,2772,2010-01-01,DEBIT_CARD,36385,28,5,set_7476078,,,2805
bnk_7476079,7476079,16375,2010-01-01,DEBIT_CARD,80770,166,30,set_7476079,,,16571
bnk_7476080,7476080,450,2010-01-01,DEBIT_CARD,38422,5,1,set_7476080,,,457
bnk_7476081,7476081,395,2010-01-01,DEBIT_CARD,4392,4,1,set_7476081,,,400
bnk_7476084,7476084,1850,2010-01-01,DEBIT_CARD,81833,19,3,set_7476084,,,1872
bnk_7476086,7476086,125,2010-01-01,DEBIT_CARD,14528,1,0,set_7476086,,,126
bnk_7476087,7476087,3233,2010-01-01,DEBIT_CARD,51769,33,6,set_7476087,,,3272
bnk_7476088,7476088,6121,2010-01-01,DEBIT_CARD,50783,62,11,set_7476088,,,6194
bnk_7476089,7476089,1051,2010-01-01,DEBIT_CARD,11468,11,2,set_7476089,,,1064
bnk_7476090,7476090,160,2010-01-01,CREDIT_CARD,88646,3,1,set_7476090,,,164
bnk_7476091,7476091,8508,2010-01-01,CREDIT_CARD,37972,174,31,set_7476091,,,8713
bnk_7476092,7476092,3906,2010-01-01,CREDIT_CARD,27092,80,14,set_7476092,,,4000
bnk_7476093,7476093,176,2010-01-01,CREDIT_CARD,35451,4,1,set_7476093,,,181
bnk_7476096,7476096,168,2010-01-01,DEBIT_CARD,1903,2,0,set_7476096,,,170
bnk_7476097,7476097,3648,2010-01-01,CREDIT_CARD,43293,75,14,set_7476097,,,3737
bnk_7476098,7476098,2243,2010-01-01,DEBIT_CARD,75781,22,4,set_7476098,,,2159
bnk_7476099,7476099,667,2010-01-01,DEBIT_CARD,22938,7,1,set_7476099,,,675
bnk_7476100,7476100,508,2010-01-01,DEBIT_CARD,50783,5,1,set_7476100,,,514
bnk_7476101,7476101,7906,2010-01-01,DEBIT_CARD,59935,80,14,set_7476101,,,8000
bnk_7476104,7476104,5059,2010-01-01,DEBIT_CARD,32175,51,9,set_7476104,,,5119
bnk_7476106,7476106,11717,2010-01-01,CREDIT_CARD,27092,240,43,set_7476106,,,12000
bnk_7476107,7476107,265,2010-01-01,DEBIT_CARD,75781,3,1,set_7476107,,,269
bnk_7476108,7476108,1121,2010-01-01,DEBIT_CARD,22204,11,2,set_7476108,,,1060
bnk_7476109,7476109,537,2010-01-01,CREDIT_CARD,61005,11,2,set_7476109,,,550
bnk_7476110,7476110,3052,2010-01-01,DEBIT_CARD,50867,31,6,set_7476110,,,3089
bnk_7476111,7476111,18922,2010-01-01,DEBIT_CARD,45003,191,34,set_7476111,,,19147
bnk_7476112,7476112,8788,2010-01-01,CREDIT_CARD,43293,180,32,set_7476112,,,9000
bnk_7476114,7476114,1163,2010-01-01,DEBIT_CARD,61195,12,2,set_7476114,,,1177
bnk_7476115,7476115,1966,2010-01-01,CREDIT_CARD,42982,40,7,set_7476115,,,2013
bnk_7476116,7476116,3222,2010-01-01,DEBIT_CARD,88998,32,6,set_7476116,,,3164
bnk_7476117,7476117,782,2010-01-01,DEBIT_CARD,22204,8,1,set_7476117,,,791
bnk_7476118,7476118,322,2010-01-01,CREDIT_CARD,25717,7,1,set_7476118,,,330
bnk_7476119,7476119,741,2010-01-01,DEBIT_CARD,12014,8,1,set_7476119,,,750
bnk_7476120,7476120,687,2010-01-01,DEBIT_CARD,98374,7,1,set_7476120,,,695
bnk_7476121,7476121,399,2010-01-01,DEBIT_CARD,35451,4,1,set_7476121,,,404
bnk_7476123,7476123,1732,2010-01-01,CREDIT_CARD,44578,35,6,set_7476123,,,1773
bnk_7476125,7476125,2248,2010-01-01,CREDIT_CARD,88852,46,8,set_7476125,,,2302
bnk_7476126,7476126,8894,2010-01-01,DEBIT_CARD,59935,90,16,set_7476126,,,9000
bnk_7476127,7476127,602,2010-01-01,CREDIT_CARD,50867,12,2,set_7476127,,,617
bnk_7476128,7476128,27580,2010-01-01,CREDIT_CARD,19363,565,102,set_7476128,,,28247
bnk_7476129,7476129,1676,2010-01-01,CREDIT_CARD,24437,34,6,set_7476129,,,1716
bnk_7476130,7476130,14899,2010-01-01,DEBIT_CARD,58739,151,27,set_7476130,,,15077
bnk_7476131,7476131,200,2010-01-01,DEBIT_CARD,49789,2,0,set_7476131,,,202
bnk_7476132,7476132,279,2010-01-01,CREDIT_CARD,20519,6,1,set_7476132,,,286
bnk_7476133,7476133,407,2010-01-01,DEBIT_CARD,65503,4,1,set_7476133,,,412
bnk_7476135,7476135,230,2010-01-01,CREDIT_CARD,50783,5,1,set_7476135,,,236
bnk_7476138,7476138,18763,2010-01-01,DEBIT_CARD,16790,190,34,set_7476138,,,18987
bnk_7476139,7476139,2965,2010-01-01,DEBIT_CARD,18563,30,5,set_7476139,,,3000
bnk_7476141,7476141,238,2010-01-01,DEBIT_CARD,33526,2,0,set_7476141,,,174
bnk_7476142,7476142,337,2010-01-01,CREDIT_CARD,56431,7,1,set_7476142,,,345
bnk_7476143,7476143,3003,2010-01-01,DEBIT_CARD,44521,30,5,set_7476143,,,3038
bnk_7476145,7476145,192,2010-01-01,CREDIT_CARD,20519,4,1,set_7476145,,,197
bnk_7476146,7476146,781,2010-01-01,DEBIT_CARD,33526,8,1,set_7476146,,,790
bnk_7476147,7476147,666,2010-01-01,CREDIT_CARD,61195,14,3,set_7476147,,,683
bnk_7476148,7476148,171,2010-01-01,CREDIT_CARD,71279,4,1,set_7476148,,,176
bnk_7476149,7476149,8885,2010-01-01,CREDIT_CARD,22204,182,33,set_7476149,,,9100
bnk_7476150,7476150,4355,2010-01-01,CREDIT_CARD,22204,89,16,set_7476150,,,4460
bnk_7476151,7476151,8389,2010-01-01,CREDIT_CARD,60569,172,31,set_7476151,,,8592
bnk_7476152,7476152,2198,2010-01-01,CREDIT_CARD,39021,45,8,set_7476152,,,2251
bnk_7476155,7476155,397,2010-01-01,DEBIT_CARD,4312,4,1,set_7476155,,,402
bnk_7476156,7476156,2873,2010-01-01,DEBIT_CARD,63683,29,5,set_7476156,,,2907
bnk_7476157,7476157,680,2010-01-01,CREDIT_CARD,35451,14,3,set_7476157,,,697
bnk_7476158,7476158,6522,2010-01-01,DEBIT_CARD,43293,66,12,set_7476158,,,6600
bnk_7476159,7476159,3029,2010-01-01,CREDIT_CARD,13646,62,11,set_7476159,,,3102
bnk_7476161,7476161,10542,2010-01-01,DEBIT_CARD,20302,107,19,set_7476161,,,10668
bnk_7476162,7476162,1193,2010-01-01,CREDIT_CARD,39021,24,4,set_7476162,,,1221
bnk_7476163,7476163,384,2010-01-01,CREDIT_CARD,25887,8,1,set_7476163,,,393
bnk_7476164,7476164,594,2010-01-01,DEBIT_CARD,45926,6,1,set_7476164,,,601
bnk_7476165,7476165,3307,2010-01-01,DEBIT_CARD,15143,33,6,set_7476165,,,3346
bnk_7476166,7476166,6690,2010-01-01,DEBIT_CARD,36934,68,12,set_7476166,,,6770
bnk_7476167,7476167,536,2010-01-01,DEBIT_CARD,44919,5,1,set_7476167,,,542
bnk_7476169,7476169,2072,2010-01-01,DEBIT_CARD,16798,21,4,set_7476169,,,2097
bnk_7476171,7476171,5175,2010-01-01,CREDIT_CARD,61195,106,19,set_7476171,,,5300
bnk_7476172,7476172,389,2010-01-01,CREDIT_CARD,20519,8,1,set_7476172,,,398
bnk_7476174,7476174,244,2010-01-01,DEBIT_CARD,40948,2,0,set_7476174,,,246
bnk_7476173,7476173,219,2010-01-01,DEBIT_CARD,40948,2,0,set_7476173,,,221
bnk_7476175,7476175,245,2010-01-01,DEBIT_CARD,50783,2,0,set_7476175,,,247
bnk_7476177,7476177,2474,2010-01-01,DEBIT_CARD,16798,25,5,set_7476177,,,2504
bnk_7476178,7476178,169,2010-01-01,CREDIT_CARD,93214,3,1,set_7476178,,,173
bnk_7476179,7476179,1612,2010-01-01,CREDIT_CARD,34125,33,6,set_7476179,,,1651
bnk_7476180,7476180,4654,2010-01-01,DEBIT_CARD,59935,47,8,set_7476180,,,4709
bnk_7476181,7476181,459,2010-01-01,DEBIT_CARD,86395,5,1,set_7476181,,,465
bnk_7476182,7476182,247,2010-01-01,DEBIT_CARD,50783,2,0,set_7476182,,,249
bnk_7476183,7476183,367,2010-01-01,DEBIT_CARD,33912,4,1,set_7476183,,,372
bnk_7476184,7476184,335,2010-01-01,DEBIT_CARD,20519,3,1,set_7476184,,,339
bnk_7476185,7476185,3692,2010-01-01,DEBIT_CARD,24823,37,7,set_7476185,,,3736
bnk_7476186,7476186,4390,2010-01-01,CREDIT_CARD,32858,90,16,set_7476186,,,4496
bnk_7476188,7476188,5457,2010-01-01,CREDIT_CARD,15143,112,20,set_7476188,,,5589
bnk_7476190,7476190,849,2010-01-01,DEBIT_CARD,12280,9,2,set_7476190,,,860
bnk_7476191,7476191,333,2010-01-01,DEBIT_CARD,98648,3,1,set_7476191,,,337
bnk_7476192,7476192,1042,2010-01-01,CREDIT_CARD,87625,21,4,set_7476192,,,1067
bnk_7476194,7476194,241,2010-01-01,DEBIT_CARD,32066,2,0,set_7476194,,,243
bnk_7476196,7476196,5633,2010-01-01,DEBIT_CARD,59935,57,10,set_7476196,,,5700
bnk_7476197,7476197,1005,2010-01-01,CREDIT_CARD,68671,21,4,set_7476197,,,1030
bnk_7476197b,7476197,1005,2010-01-01,CREDIT_CARD,68671,21,4,set_7476197b,,,1030
bnk_7476198,7476198,686,2010-01-01,DEBIT_CARD,88646,7,1,set_7476198,,,694
bnk_7476200,7476200,2789,2010-01-01,DEBIT_CARD,39021,28,5,set_7476200,,,2822
bnk_7476201,7476201,11858,2010-01-01,DEBIT_CARD,27092,120,22,set_7476201,,,12000
bnk_7476202,7476202,141,2010-01-01,DEBIT_CARD,35451,1,0,set_7476202,,,142
bnk_7476203,7476203,24119,2010-01-01,DEBIT_CARD,10001,244,44,set_7476203,,,24356
bnk_7476204,7476204,1329,2010-01-01,DEBIT_CARD,35451,13,2,set_7476204,,,1344
bnk_7476206,7476206,4434,2010-01-01,DEBIT_CARD,39021,43,8,set_7476206,,,4346
bnk_7476207,7476207,122,2010-01-01,DEBIT_CARD,86438,1,0,set_7476207,,,123
bnk_7476208,7476208,9882,2010-01-01,DEBIT_CARD,27092,100,18,set_7476208,,,10000
bnk_7476209,7476209,5983,2010-01-01,CREDIT_CARD,61195,123,22,set_7476209,,,6128
bnk_7476210,7476210,8000,2010-01-01,DEBIT_CARD,27092,80,14,set_7476210,,,8000
bnk_7476211,7476211,7811,2010-01-01,CREDIT_CARD,27092,160,29,set_7476211,,,8000
bnk_7476212,7476212,9022,2010-01-01,DEBIT_CARD,32175,90,16,set_7476212,,,8995
bnk_7476213,7476213,735,2010-01-01,CREDIT_CARD,46417,15,3,set_7476213,,,753
bnk_7476213b,7476213,735,2010-01-01,CREDIT_CARD,46417,15,3,set_7476213b,,,753
bnk_7476214,7476214,527,2010-01-01,DEBIT_CARD,88646,5,1,set_7476214,,,533
bnk_7476215,7476215,8889,2010-01-01,DEBIT_CARD,75781,90,16,set_7476215,,,8995
bnk_7476216,7476216,5465,2010-01-01,DEBIT_CARD,20561,55,10,set_7476216,,,5530
bnk_7476218,7476218,2697,2010-01-01,DEBIT_CARD,16798,27,5,set_7476218,,,2729
bnk_7476219,7476219,2691,2010-01-01,DEBIT_CARD,24823,27,5,set_7476219,,,2723
bnk_7476221,7476221,846,2010-01-01,DEBIT_CARD,92883,9,2,set_7476221,,,857
bnk_7476222,7476222,5929,2010-01-01,DEBIT_CARD,27092,60,11,set_7476222,,,6000
bnk_7476223,7476223,1643,2010-01-01,DEBIT_CARD,39261,17,3,set_7476223,,,1663
bnk_7476224,7476224,223,2010-01-01,DEBIT_CARD,55060,2,0,set_7476224,,,225
bnk_7476226,7476226,380,2010-01-01,DEBIT_CARD,44919,4,1,set_7476226,,,385
bnk_7476227,7476227,318,2010-01-01,DEBIT_CARD,92883,3,1,set_7476227,,,322
bnk_7476229,7476229,186,2010-01-01,DEBIT_CARD,30317,2,0,set_7476229,,,188
bnk_7476231,7476231,51,2010-01-01,DEBIT_CARD,98648,1,0,set_7476231,,,52
bnk_7476232,7476232,7583,2010-01-01,CREDIT_CARD,83860,155,28,set_7476232,,,7766
bnk_7476233,7476233,1332,2010-01-01,CREDIT_CARD,74772,27,5,set_7476233,,,1364
bnk_7476234,7476234,9344,2010-01-01,DEBIT_CARD,9932,95,17,set_7476234,,,9456
bnk_7476235,7476235,1717,2010-01-01,DEBIT_CARD,43293,17,3,set_7476235,,,1737
bnk_7476236,7476236,356,2010-01-01,DEBIT_CARD,20519,4,1,set_7476236,,,361
bnk_7476237,7476237,4412,2010-01-01,CREDIT_CARD,22204,90,16,set_7476237,,,4518
bnk_7476237b,7476237,4412,2010-01-01,CREDIT_CARD,22204,90,16,set_7476237b,,,4518
bnk_7476238,7476238,642,2010-01-01,DEBIT_CARD,61195,7,1,set_7476238,,,650
bnk_7476239,7476239,246,2010-01-01,DEBIT_CARD,61195,2,0,set_7476239,,,248
bnk_7476240,7476240,5294,2010-01-01,DEBIT_CARD,32175,54,10,set_7476240,,,5358
bnk_7476241,7476241,297,2010-01-01,DEBIT_CARD,83229,3,1,set_7476241,,,301
bnk_7476243,7476243,6768,2010-01-01,DEBIT_CARD,86616,68,12,set_7476243,,,6848
bnk_7476244,7476244,85,2010-01-01,DEBIT_CARD,50783,1,0,set_7476244,,,86
bnk_7476245,7476245,633,2010-01-01,DEBIT_CARD,30928,6,1,set_7476245,,,640
bnk_7476246,7476246,3862,2010-01-01,DEBIT_CARD,2414,39,7,set_7476246,,,3908
bnk_7476247,7476247,20,2010-01-01,CREDIT_CARD,14528,0,0,set_7476247,,,20
bnk_7476248,7476248,4408,2010-01-01,DEBIT_CARD,88998,45,8,set_7476248,,,4461
bnk_7476249,7476249,2741,2010-01-01,CREDIT_CARD,39021,56,10,set_7476249,,,2807
bnk_7476252,7476252,1579,2010-01-01,CREDIT_CARD,18014,32,6,set_7476252,,,1617
bnk_7476253,7476253,1622,2010-01-01,DEBIT_CARD,16798,16,3,set_7476253,,,1641
bnk_7476254,7476254,187,2010-01-01,CREDIT_CARD,75781,2,0,set_7476254,,,121
bnk_7476255,7476255,201,2010-01-01,CREDIT_CARD,20519,4,1,set_7476255,,,206
bnk_7476257,7476257,6208,2010-01-01,DEBIT_CARD,31893,63,11,set_7476257,,,6282
bnk_7476259,7476259,492,2010-01-01,DEBIT_CARD,75781,5,1,set_7476259,,,497
bnk_7476260,7476260,252,2010-01-01,DEBIT_CARD,98648,3,1,set_7476260,,,256
bnk_7476261,7476261,973,2010-01-01,DEBIT_CARD,88646,10,2,set_7476261,,,985
bnk_7476262,7476262,1785,2010-01-01,DEBIT_CARD,20561,18,3,set_7476262,,,1806
bnk_7476263,7476263,3232,2010-01-01,CREDIT_CARD,39021,66,12,set_7476263,,,3310
bnk_7476264,7476264,1139,2010-01-01,DEBIT_CARD,50783,12,2,set_7476264,,,1153
bnk_7476267,7476267,356,2010-01-01,CREDIT_CARD,75936,7,1,set_7476267,,,364
bnk_7476268,7476268,1372,2010-01-01,DEBIT_CARD,39021,14,3,set_7476268,,,1389
bnk_7476269,7476269,484,2010-01-01,DEBIT_CARD,45926,5,1,set_7476269,,,490
bnk_7476271,7476271,234,2010-01-01,DEBIT_CARD,44919,2,0,set_7476271,,,236
bnk_7476273,7476273,780,2010-01-01,CREDIT_CARD,61195,16,3,set_7476273,,,799
bnk_7476274,7476274,774,2010-01-01,DEBIT_CARD,21369,8,1,set_7476274,,,783
bnk_7476275,7476275,1558,2010-01-01,DEBIT_CARD,18563,16,3,set_7476275,,,1577
bnk_7476276,7476276,5359,2010-01-01,DEBIT_CARD,46474,54,10,set_7476276,,,5423
bnk_7476277,7476277,7123,2010-01-01,DEBIT_CARD,69956,72,13,set_7476277,,,7208
bnk_7476278,7476278,14030,2010-01-01,CREDIT_CARD,71883,287,52,set_7476278,,,14369
bnk_7476280,7476280,2066,2010-01-01,DEBIT_CARD,34125,20,4,set_7476280,,,2029
bnk_7476283,7476283,114,2010-01-01,DEBIT_CARD,28644,1,0,set_7476283,,,115
bnk_7476284,7476284,10586,2010-01-01,DEBIT_CARD,87655,107,19,set_7476284,,,10712
bnk_7476285,7476285,12598,2010-01-01,DEBIT_CARD,94597,127,23,set_7476285,,,12748
bnk_7476286,7476286,283,2010-01-01,CREDIT_CARD,45926,6,1,set_7476286,,,290
bnk_7476288,7476288,408,2010-01-01,DEBIT_CARD,41260,4,1,set_7476288,,,413
bnk_7476289,7476289,452,2010-01-01,DEBIT_CARD,30896,3,1,set_7476289,,,316
bnk_7476290,7476290,3393,2010-01-01,DEBIT_CARD,39021,34,6,set_7476290,,,3433
bnk_7476291,7476291,2337,2010-01-01,DEBIT_CARD,39021,24,4,set_7476291,,,2365
bnk_7476292,7476292,1009,2010-01-01,DEBIT_CARD,69956,10,2,set_7476292,,,1021
bnk_7476294,7476294,7811,2010-01-01,CREDIT_CARD,27092,160,29,set_7476294,,,8000
bnk_7476295,7476295,1892,2010-01-01,DEBIT_CARD,50404,19,3,set_7476295,,,1914
bnk_7476296,7476296,11858,2010-01-01,DEBIT_CARD,27092,120,22,set_7476296,,,12000
bnk_7476297,7476297,2701,2010-01-01,DEBIT_CARD,83229,27,5,set_7476297,,,2733
bnk_7476298,7476298,223,2010-01-01,CREDIT_CARD,61195,5,1,set_7476298,,,229
bnk_7476299,7476299,414,2010-01-01,DEBIT_CARD,78081,4,1,set_7476299,,,353
bnk_7476300,7476300,4518,2010-01-01,DEBIT_CARD,73838,46,8,set_7476300,,,4572
bnk_7476301,7476301,1314,2010-01-01,CREDIT_CARD,50783,27,5,set_7476301,,,1346
bnk_7476302,7476302,5231,2010-01-01,DEBIT_CARD,15143,53,10,set_7476302,,,5294
bnk_7476303,7476303,1271,2010-01-01,DEBIT_CARD,50783,13,2,set_7476303,,,1286
bnk_7476304,7476304,2321,2010-01-01,DEBIT_CARD,39021,23,4,set_7476304,,,2349
bnk_7476306,7476306,516,2010-01-01,DEBIT_CARD,50783,5,1,set_7476306,,,522
bnk_7476307,7476307,360,2010-01-01,CREDIT_CARD,44578,7,1,set_7476307,,,368
bnk_7476308,7476308,1918,2010-01-01,DEBIT_CARD,22204,19,3,set_7476308,,,1940
bnk_7476309,7476309,458,2010-01-01,DEBIT_CARD,72225,5,1,set_7476309,,,464
bnk_7476310,7476310,100,2010-01-01,DEBIT_CARD,75936,1,0,set_7476310,,,101
bnk_7476312,7476312,229,2010-01-01,DEBIT_CARD,46097,2,0,set_7476312,,,231
bnk_7476314,7476314,420,2010-01-01,CREDIT_CARD,86968,9,2,set_7476314,,,431
bnk_7476315,7476315,653,2010-01-01,CREDIT_CARD,61195,11,2,set_7476315,,,567
bnk_7476316,7476316,753,2010-01-01,DEBIT_CARD,50783,8,1,set_7476316,,,762
bnk_7476317,7476317,264,2010-01-01,DEBIT_CARD,50783,3,1,set_7476317,,,268
bnk_7476318,7476318,470,2010-01-01,DEBIT_CARD,20519,5,1,set_7476318,,,476
bnk_7476319,7476319,21,2010-01-01,DEBIT_CARD,59935,0,0,set_7476319,,,21
bnk_7476321,7476321,1006,2010-01-01,DEBIT_CARD,88852,10,2,set_7476321,,,1018
bnk_7476322,7476322,824,2010-01-01,CREDIT_CARD,72351,17,3,set_7476322,,,844
bnk_7476323,7476323,4082,2010-01-01,DEBIT_CARD,73661,41,7,set_7476323,,,4130
bnk_7476326,7476326,376,2010-01-01,DEBIT_CARD,26810,4,1,set_7476326,,,381
bnk_7476327,7476327,179,2010-01-01,DEBIT_CARD,20519,2,0,set_7476327,,,181
bnk_7476328,7476328,218,2010-01-01,DEBIT_CARD,43149,2,0,set_7476328,,,220
bnk_7476330,7476330,5929,2010-01-01,DEBIT_CARD,27092,60,11,set_7476330,,,6000
bnk_7476331,7476331,170,2010-01-01,DEBIT_CARD,90329,2,0,set_7476331,,,172
bnk_7476332,7476332,1967,2010-01-01,CREDIT_CARD,16798,40,7,set_7476332,,,2014
bnk_7476333,7476333,485,2010-01-01,DEBIT_CARD,75936,4,1,set_7476333,,,385
bnk_7476334,7476334,87,2010-01-01,DEBIT_CARD,12014,1,0,set_7476334,,,88
bnk_7476335,7476335,4127,2010-01-01,DEBIT_CARD,61195,42,8,set_7476335,,,4176
bnk_7476336,7476336,4770,2010-01-01,DEBIT_CARD,43293,48,9,set_7476336,,,4827
bnk_7476338,7476338,5540,2010-01-01,CREDIT_CARD,39021,113,20,set_7476338,,,5673
bnk_7476339,7476339,596,2010-01-01,DEBIT_CARD,75781,6,1,set_7476339,,,603
bnk_7476341,7476341,3119,2010-01-01,DEBIT_CARD,16798,32,6,set_7476341,,,3157
bnk_7476342,7476342,599,2010-01-01,CREDIT_CARD,89100,12,2,set_7476342,,,613
bnk_7476343,7476343,918,2010-01-01,DEBIT_CARD,50783,9,2,set_7476343,,,929
bnk_7476344,7476344,8025,2010-01-01,DEBIT_CARD,14801,80,14,set_7476344,,,7976
bnk_7476345,7476345,790,2010-01-01,DEBIT_CARD,69972,8,1,set_7476345,,,799
bnk_7476346,7476346,853,2010-01-01,DEBIT_CARD,75781,9,2,set_7476346,,,864
bnk_7476348,7476348,297,2010-01-01,CREDIT_CARD,75781,6,1,set_7476348,,,304
bnk_7476349,7476349,371,2010-01-01,DEBIT_CARD,90401,4,1,set_7476349,,,376
bnk_7476350,7476350,11841,2010-01-01,CREDIT_CARD,27092,240,43,set_7476350,,,12000
bnk_7476351,7476351,28,2010-01-01,DEBIT_CARD,14528,0,0,set_7476351,,,28
bnk_7476352,7476352,317,2010-01-01,DEBIT_CARD,73250,3,1,set_7476352,,,321
bnk_7476354,7476354,6116,2010-01-01,DEBIT_CARD,53692,62,11,set_7476354,,,6189
bnk_7476356,7476356,874,2010-01-01,DEBIT_CARD,12780,9,2,set_7476356,,,885
bnk_7476357,7476357,144,2010-01-01,CREDIT_CARD,86438,3,1,set_7476357,,,148
bnk_7476358,7476358,480,2010-01-01,DEBIT_CARD,98374,5,1,set_7476358,,,486
bnk_7476359,7476359,5633,2010-01-01,DEBIT_CARD,22204,57,10,set_7476359,,,5700
bnk_7476360,7476360,1166,2010-01-01,DEBIT_CARD,48245,11,2,set_7476360,,,1084
bnk_7476361,7476361,349,2010-01-01,DEBIT_CARD,94434,4,1,set_7476361,,,354
bnk_7476362,7476362,317,2010-01-01,CREDIT_CARD,92445,7,1,set_7476362,,,325
bnk_7476363,7476363,247,2010-01-01,DEBIT_CARD,98648,2,0,set_7476363,,,249
bnk_7476366,7476366,221,2010-01-01,DEBIT_CARD,17812,2,0,set_7476366,,,223
bnk_7476367,7476367,249,2010-01-01,CREDIT_CARD,75936,5,1,set_7476367,,,255
bnk_7476368,7476368,4475,2010-01-01,CREDIT_CARD,81536,92,17,set_7476368,,,4584
bnk_7476369,7476369,317,2010-01-01,CREDIT_CARD,15193,6,1,set_7476369,,,324
bnk_7476370,7476370,197,2010-01-01,CREDIT_CARD,75781,4,1,set_7476370,,,202
bnk_7476371,7476371,7707,2010-01-01,DEBIT_CARD,43293,78,14,set_7476371,,,7800
bnk_7476372,7476372,4737,2010-01-01,DEBIT_CARD,39021,48,9,set_7476372,,,4794
bnk_7476373,7476373,851,2010-01-01,CREDIT_CARD,98374,17,3,set_7476373,,,871
bnk_7476374,7476374,618,2010-01-01,DEBIT_CARD,21003,6,1,set_7476374,,,625
bnk_7476375,7476375,7906,2010-01-01,DEBIT_CARD,27092,80,14,set_7476375,,,8000
bnk_7476376,7476376,636,2010-01-01,DEBIT_CARD,44578,6,1,set_7476376,,,643
bnk_7476377,7476377,153,2010-01-01,CREDIT_CARD,14528,3,1,set_7476377,,,157
bnk_7476378,7476378,148,2010-01-01,DEBIT_CARD,83229,1,0,set_7476378,,,149
bnk_7476379,7476379,842,2010-01-01,CREDIT_CARD,8489,17,3,set_7476379,,,862
bnk_7476382,7476382,14868,2010-01-01,DEBIT_CARD,79847,150,27,set_7476382,,,15045
bnk_7476384,7476384,1069,2010-01-01,CREDIT_CARD,75936,22,4,set_7476384,,,1095
bnk_7476385,7476385,2846,2010-01-01,CREDIT_CARD,63683,55,10,set_7476385,,,2772
bnk_7476386,7476386,2736,2010-01-01,DEBIT_CARD,20561,28,5,set_7476386,,,2769
bnk_7476388,7476388,363,2010-01-01,DEBIT_CARD,23233,4,1,set_7476388,,,368
bnk_7476389,7476389,1173,2010-01-01,DEBIT_CARD,59397,12,2,set_7476389,,,1188
bnk_7476391,7476391,7016,2010-01-01,DEBIT_CARD,61195,71,13,set_7476391,,,7100
bnk_7476393,7476393,10273,2010-01-01,DEBIT_CARD,60569,104,19,set_7476393,,,10396
bnk_7476395,7476395,142,2010-01-01,CREDIT_CARD,44919,3,1,set_7476395,,,146
bnk_7476396,7476396,679,2010-01-01,DEBIT_CARD,61195,6,1,set_7476396,,,601
bnk_7476397,7476397,12288,2010-01-01,CREDIT_CARD,32480,252,45,set_7476397,,,12585
bnk_7476398,7476398,556,2010-01-01,DEBIT_CARD,61195,6,1,set_7476398,,,563
bnk_7476399,7476399,590,2010-01-01,DEBIT_CARD,50783,6,1,set_7476399,,,597
bnk_7476401,7476401,1203,2010-01-01,DEBIT_CARD,25717,12,2,set_7476401,,,1217
bnk_7476402,7476402,414,2010-01-01,DEBIT_CARD,20519,4,1,set_7476402,,,419
bnk_7476403,7476403,808,2010-01-01,DEBIT_CARD,27583,8,1,set_7476403,,,817
bnk_7476405,7476405,2745,2010-01-01,DEBIT_CARD,28395,28,5,set_7476405,,,2778
bnk_7476406,7476406,5593,2010-01-01,CREDIT_CARD,73186,115,21,set_7476406,,,5729
bnk_7476407,7476407,472,2010-01-01,CREDIT_CARD,88646,10,2,set_7476407,,,484
bnk_7476408,7476408,152,2010-01-01,DEBIT_CARD,59935,2,0,set_7476408,,,154
bnk_7476410,7476410,14264,2010-01-01,DEBIT_CARD,30286,144,26,set_7476410,,,14434
bnk_7476412,7476412,1197,2010-01-01,DEBIT_CARD,59935,12,2,set_7476412,,,1211
bnk_7476413,7476413,1907,2010-01-01,CREDIT_CARD,39021,39,7,set_7476413,,,1953
bnk_7476415,7476415,246,2010-01-01,DEBIT_CARD,75781,3,1,set_7476415,,,250
bnk_7476417,7476417,517,2010-01-01,DEBIT_CARD,50783,5,1,set_7476417,,,523
bnk_7476418,7476418,74,2010-01-01,DEBIT_CARD,75567,1,0,set_7476418,,,75
bnk_7476419,7476419,9960,2010-01-01,DEBIT_CARD,37372,101,18,set_7476419,,,10079
bnk_7476420,7476420,2089,2010-01-01,DEBIT_CARD,59935,21,4,set_7476420,,,2114
bnk_7476421,7476421,1287,2010-01-01,DEBIT_CARD,89589,13,2,set_7476421,,,1302
bnk_7476423,7476423,1369,2010-01-01,DEBIT_CARD,22938,14,3,set_7476423,,,1386
bnk_7476424,7476424,238,2010-01-01,DEBIT_CARD,50783,2,0,set_7476424,,,240
bnk_7476425,7476425,3233,2010-01-01,CREDIT_CARD,41122,65,12,set_7476425,,,3228
bnk_7476427,7476427,60,2010-01-01,DEBIT_CARD,14528,1,0,set_7476427,,,61
bnk_7476427b,7476427,60,2010-01-01,DEBIT_CARD,14528,1,0,set_7476427b,,,61
bnk_7476429,7476429,304,2010-01-01,DEBIT_CARD,75781,3,1,set_7476429,,,308
bnk_7476430,7476430,9882,2010-01-01,DEBIT_CARD,27092,100,18,set_7476430,,,10000
bnk_7476432,7476432,411,2010-01-01,DEBIT_CARD,68671,4,1,set_7476432,,,416
bnk_7476433,7476433,9783,2010-01-01,DEBIT_CARD,59935,99,18,set_7476433,,,9900
bnk_7476434,7476434,18407,2010-01-01,DEBIT_CARD,73661,186,33,set_7476434,,,18626
bnk_7476435,7476435,278,2010-01-01,DEBIT_CARD,44919,3,1,set_7476435,,,282
bnk_7476436,7476436,9487,2010-01-01,DEBIT_CARD,61195,96,17,set_7476436,,,9600
bnk_7476438,7476438,3970,2010-01-01,CREDIT_CARD,61195,81,15,set_7476438,,,4066
bnk_7476439,7476439,5471,2010-01-01,DEBIT_CARD,58730,55,10,set_7476439,,,5536
bnk_7476440,7476440,1026,2010-01-01,DEBIT_CARD,61195,10,2,set_7476440,,,1038
bnk_7476440b,7476440,1026,2010-01-01,DEBIT_CARD,61195,10,2,set_7476440b,,,1038
bnk_7476441,7476441,2414,2010-01-01,DEBIT_CARD,13370,24,4,set_7476441,,,2442
bnk_7476442,7476442,2113,2010-01-01,CREDIT_CARD,69956,43,8,set_7476442,,,2164
bnk_7476443,7476443,1704,2010-01-01,DEBIT_CARD,49239,17,3,set_7476443,,,1724
bnk_7476444,7476444,30,2010-01-01,CREDIT_CARD,20519,1,0,set_7476444,,,31
bnk_7476444b,7476444,30,2010-01-01,CREDIT_CARD,20519,1,0,set_7476444b,,,31
bnk_7476445,7476445,197,2010-01-01,CREDIT_CARD,50783,4,1,set_7476445,,,202
bnk_7476448,7476448,10402,2010-01-01,DEBIT_CARD,20561,105,19,set_7476448,,,10526
bnk_7476449,7476449,478,2010-01-01,DEBIT_CARD,39637,5,1,set_7476449,,,484
bnk_7476450,7476450,6590,2010-01-01,CREDIT_CARD,18131,135,24,set_7476450,,,6749
bnk_7476451,7476451,386,2010-01-01,CREDIT_CARD,59935,8,1,set_7476451,,,395
bnk_7476452,7476452,411,2010-01-01,CREDIT_CARD,15715,8,1,set_7476452,,,420
bnk_7476453,7476453,7745,2010-01-01,DEBIT_CARD,68671,78,14,set_7476453,,,7837
bnk_7476455,7476455,6169,2010-01-01,DEBIT_CARD,61195,62,11,set_7476455,,,6242
bnk_7476456,7476456,402,2010-01-01,DEBIT_CARD,20519,4,1,set_7476456,,,407
bnk_7476457,7476457,861,2010-01-01,CREDIT_CARD,12029,18,3,set_7476457,,,882
bnk_7476458,7476458,1984,2010-01-01,DEBIT_CARD,99340,20,4,set_7476458,,,2008
bnk_7476459,7476459,839,2010-01-01,DEBIT_CARD,98374,8,1,set_7476459,,,848
bnk_7476460,7476460,1328,2010-01-01,CREDIT_CARD,22204,27,5,set_7476460,,,1360
bnk_7476461,7476461,3953,2010-01-01,DEBIT_CARD,27092,40,7,set_7476461,,,4000
bnk_7476462,7476462,230,2010-01-01,DEBIT_CARD,20519,2,0,set_7476462,,,232
bnk_7476464,7476464,519,2010-01-01,DEBIT_CARD,61195,5,1,set_7476464,,,525
bnk_7476465,7476465,334,2010-01-01,CREDIT_CARD,83229,7,1,set_7476465,,,342
bnk_7476466,7476466,7909,2010-01-01,CREDIT_CARD,61195,162,29,set_7476466,,,8100
bnk_7476467,7476467,251,2010-01-01,DEBIT_CARD,59935,3,1,set_7476467,,,255
bnk_7476468,7476468,703,2010-01-01,DEBIT_CARD,75781,7,1,set_7476468,,,711
bnk_7476469,7476469,7986,2010-01-01,CREDIT_CARD,96642,164,30,set_7476469,,,8180
bnk_7476470,7476470,1288,2010-01-01,CREDIT_CARD,5508,26,5,set_7476470,,,1319
bnk_7476471,7476471,4076,2010-01-01,CREDIT_CARD,39021,84,15,set_7476471,,,4175
bnk_7476472,7476472,387,2010-01-01,DEBIT_CARD,25887,4,1,set_7476472,,,392
bnk_7476473,7476473,9174,2010-01-01,DEBIT_CARD,99370,93,17,set_7476473,,,9284
bnk_7476474,7476474,277,2010-01-01,DEBIT_CARD,78454,3,1,set_7476474,,,281
bnk_7476475,7476475,4951,2010-01-01,DEBIT_CARD,3632,50,9,set_7476475,,,5010
bnk_7476476,7476476,7609,2010-01-01,DEBIT_CARD,43293,77,14,set_7476476,,,7700
bnk_7476477,7476477,1169,2010-01-01,DEBIT_CARD,20519,12,2,set_7476477,,,1183
bnk_7476479,7476479,1189,2010-01-01,DEBIT_CARD,50783,12,2,set_7476479,,,1203
bnk_7476480,7476480,2996,2010-01-01,DEBIT_CARD,73661,30,5,set_7476480,,,3031
bnk_7476480b,7476480,2996,2010-01-01,DEBIT_CARD,73661,30,5,set_7476480b,,,3031
bnk_7476481,7476481,266,2010-01-01,CREDIT_CARD,54562,5,1,set_7476481,,,272
bnk_7476482,7476482,4244,2010-01-01,DEBIT_CARD,15143,43,8,set_7476482,,,4295
bnk_7476484,7476484,7906,2010-01-01,DEBIT_CARD,27092,80,14,set_7476484,,,8000
bnk_7476485,7476485,3634,2010-01-01,DEBIT_CARD,75227,37,7,set_7476485,,,3678
bnk_7476486,7476486,6569,2010-01-01,DEBIT_CARD,86959,66,12,set_7476486,,,6647
bnk_7476487,7476487,1980,2010-01-01,DEBIT_CARD,32595,20,4,set_7476487,,,2004
bnk_7476488,7476488,6808,2010-01-01,CREDIT_CARD,84682,139,25,set_7476488,,,6972
bnk_7476489,7476489,886,2010-01-01,CREDIT_CARD,3668,18,3,set_7476489,,,907
bnk_7476490,7476490,6324,2010-01-01,DEBIT_CARD,61195,64,12,set_7476490,,,6400
bnk_7476491,7476491,177,2010-01-01,DEBIT_CARD,89024,2,0,set_7476491,,,179
bnk_7476493,7476493,18120,2010-01-01,DEBIT_CARD,86616,183,33,set_7476493,,,18335
bnk_7476494,7476494,216,2010-01-01,DEBIT_CARD,22938,2,0,set_7476494,,,218
bnk_7476496,7476496,6096,2010-01-01,DEBIT_CARD,43293,62,11,set_7476496,,,6169
bnk_7476498,7476498,306,2010-01-01,CREDIT_CARD,45926,6,1,set_7476498,,,313
bnk_7476499,7476499,933,2010-01-01,DEBIT_CARD,98374,9,2,set_7476499,,,944
bnk_7476500,7476500,203,2010-01-01,DEBIT_CARD,14528,2,0,set_7476500,,,205
bnk_7476501,7476501,674,2010-01-01,DEBIT_CARD,22204,7,1,set_7476501,,,682
bnk_7476502,7476502,948,2010-01-01,DEBIT_CARD,50783,10,2,set_7476502,,,960
bnk_7476503,7476503,9418,2010-01-01,CREDIT_CARD,50783,193,35,set_7476503,,,9646
bnk_7476506,7476506,7906,2010-01-01,DEBIT_CARD,68671,80,14,set_7476506,,,8000
bnk_7476507,7476507,273,2010-01-01,DEBIT_CARD,28325,3,1,set_7476507,,,277
bnk_7476508,7476508,247,2010-01-01,DEBIT_CARD,69831,2,0,set_7476508,,,249
bnk_7476509,7476509,980,2010-01-01,DEBIT_CARD,75781,10,2,set_7476509,,,992
bnk_7476510,7476510,4294,2010-01-01,DEBIT_CARD,22762,43,8,set_7476510,,,4345
bnk_7476511,7476511,1169,2010-01-01,DEBIT_CARD,50867,12,2,set_7476511,,,1183
bnk_7476512,7476512,393,2010-01-01,CREDIT_CARD,9109,8,1,set_7476512,,,402
bnk_7476514,7476514,911,2010-01-01,DEBIT_CARD,25887,8,1,set_7476514,,,849
bnk_7476515,7476515,14447,2010-01-01,CREDIT_CARD,65108,296,53,set_7476515,,,14796
bnk_7476516,7476516,130,2010-01-01,DEBIT_CARD,69831,1,0,set_7476516,,,131
bnk_7476517,7476517,1688,2010-01-01,DEBIT_CARD,61195,17,3,set_7476517,,,1708
bnk_7476519,7476519,107,2010-01-01,CREDIT_CARD,92527,2,0,set_7476519,,,109
bnk_7476521,7476521,8750,2010-01-01,CREDIT_CARD,64727,179,32,set_7476521,,,8961
bnk_7476522,7476522,406,2010-01-01,DEBIT_CARD,40892,4,1,set_7476522,,,411
bnk_7476523,7476523,2331,2010-01-01,DEBIT_CARD,16798,24,4,set_7476523,,,2359
bnk_7476524,7476524,97,2010-01-01,DEBIT_CARD,43293,1,0,set_7476524,,,98
bnk_7476525,7476525,277,2010-01-01,DEBIT_CARD,50783,3,1,set_7476525,,,281
bnk_7476527,7476527,1467,2010-01-01,DEBIT_CARD,59935,15,3,set_7476527,,,1485
bnk_7476528,7476528,1205,2010-01-01,DEBIT_CARD,46417,12,2,set_7476528,,,1219
bnk_7476529,7476529,236,2010-01-01,DEBIT_CARD,75781,2,0,set_7476529,,,238
bnk_7476530,7476530,7331,2010-01-01,CREDIT_CARD,39021,150,27,set_7476530,,,7508
bnk_7476532,7476532,5688,2010-01-01,CREDIT_CARD,15143,117,21,set_7476532,,,5826
bnk_7476536,7476536,7906,2010-01-01,DEBIT_CARD,27092,80,14,set_7476536,,,8000
bnk_7476537,7476537,857,2010-01-01,DEBIT_CARD,75936,9,2,set_7476537,,,868
bnk_7476537b,7476537,857,2010-01-01,DEBIT_CARD,75936,9,2,set_7476537b,,,868
bnk_7476538,7476538,1722,2010-01-01,CREDIT_CARD,75781,35,6,set_7476538,,,1763
bnk_7476539,7476539,1118,2010-01-01,DEBIT_CARD,75936,11,2,set_7476539,,,1131
bnk_7476542,7476542,8402,2010-01-01,DEBIT_CARD,22204,84,15,set_7476542,,,8400
bnk_7476543,7476543,7473,2010-01-01,DEBIT_CARD,61195,76,14,set_7476543,,,7563
bnk_7476545,7476545,20217,2010-01-01,DEBIT_CARD,22204,205,37,set_7476545,,,20459
bnk_7476546,7476546,2216,2010-01-01,DEBIT_CARD,39021,22,4,set_7476546,,,2242
bnk_7476547,7476547,755,2010-01-01,DEBIT_CARD,50783,8,1,set_7476547,,,764
bnk_7476548,7476548,13835,2010-01-01,DEBIT_CARD,27092,140,25,set_7476548,,,14000
bnk_7476549,7476549,807,2010-01-01,DEBIT_CARD,93391,8,1,set_7476549,,,816
bnk_7476551,7476551,289,2010-01-01,DEBIT_CARD,60600,3,1,set_7476551,,,294
bnk_7476555,7476555,226,2010-01-01,DEBIT_CARD,59935,2,0,set_7476555,,,228
bnk_7476557,7476557,740,2010-01-01,DEBIT_CARD,87625,7,1,set_7476557,,,748
bnk_7476559,7476559,6028,2010-01-01,DEBIT_CARD,61195,61,11,set_7476559,,,6100
bnk_7476560,7476560,14427,2010-01-01,CREDIT_CARD,39991,296,53,set_7476560,,,14776
bnk_7476564,7476564,7906,2010-01-01,DEBIT_CARD,27092,80,14,set_7476564,,,8000
bnk_7476565,7476565,8696,2010-01-01,DEBIT_CARD,22204,88,16,set_7476565,,,8800
bnk_7476566,7476566,538,2010-01-01,DEBIT_CARD,24504,5,1,set_7476566,,,544
bnk_7476567,7476567,2563,2010-01-01,DEBIT_CARD,61195,26,5,set_7476567,,,2594
bnk_7476569,7476569,10724,2010-01-01,CREDIT_CARD,61195,220,40,set_7476569,,,10984
bnk_7476570,7476570,2637,2010-01-01,DEBIT_CARD,66428,27,5,set_7476570,,,2669
bnk_7476571,7476571,2859,2010-01-01,CREDIT_CARD,82981,59,11,set_7476571,,,2929
bnk_7476572,7476572,358,2010-01-01,DEBIT_CARD,99237,4,1,set_7476572,,,363
bnk_7476573,7476573,8071,2010-01-01,DEBIT_CARD,79927,82,15,set_7476573,,,8168
bnk_7476575,7476575,287,2010-01-01,CREDIT_CARD,14459,6,1,set_7476575,,,294
bnk_7476576,7476576,1433,2010-01-01,DEBIT_CARD,44578,15,3,set_7476576,,,1451
bnk_7476577,7476577,657,2010-01-01,DEBIT_CARD,2177,7,1,set_7476577,,,665
bnk_7476578,7476578,7797,2010-01-01,CREDIT_CARD,68671,160,29,set_7476578,,,7986
bnk_7476579,7476579,4395,2010-01-01,DEBIT_CARD,39021,44,8,set_7476579,,,4447
bnk_7476580,7476580,8202,2010-01-01,DEBIT_CARD,59935,83,15,set_7476580,,,8300
bnk_7476581,7476581,8455,2010-01-01,CREDIT_CARD,36934,173,31,set_7476581,,,8659
bnk_7476582,7476582,164,2010-01-01,CREDIT_CARD,20519,3,1,set_7476582,,,168
bnk_7476585,7476585,511,2010-01-01,DEBIT_CARD,10590,5,1,set_7476585,,,517
bnk_7476586,7476586,4841,2010-01-01,CREDIT_CARD,73186,99,18,set_7476586,,,4958
bnk_7476587,7476587,2228,2010-01-01,DEBIT_CARD,9932,22,4,set_7476587,,,2160
bnk_7476588,7476588,1376,2010-01-01,CREDIT_CARD,1108,28,5,set_7476588,,,1409
bnk_7476590,7476590,26,2010-01-01,DEBIT_CARD,20519,0,0,set_7476590,,,26
bnk_7476591,7476591,1506,2010-01-01,CREDIT_CARD,18563,31,6,set_7476591,,,1543
bnk_7476592,7476592,1796,2010-01-01,DEBIT_CARD,16798,18,3,set_7476592,,,1817
bnk_7476593,7476593,7756,2010-01-01,DEBIT_CARD,22204,78,14,set_7476593,,,7848
bnk_7476594,7476594,1583,2010-01-01,DEBIT_CARD,11468,16,3,set_7476594,,,1602
bnk_7476595,7476595,1906,2010-01-01,CREDIT_CARD,94683,39,7,set_7476595,,,1952
bnk_7476596,7476596,470,2010-01-01,CREDIT_CARD,79098,10,2,set_7476596,,,482
bnk_7476598,7476598,10585,2010-01-01,CREDIT_CARD,4802,217,39,set_7476598,,,10841
bnk_7476599,7476599,249,2010-01-01,CREDIT_CARD,83229,5,1,set_7476599,,,255
bnk_7476600,7476600,5761,2010-01-01,CREDIT_CARD,68671,118,21,set_7476600,,,5900
bnk_7476601,7476601,9882,2010-01-01,DEBIT_CARD,22204,100,18,set_7476601,,,10000
bnk_7476605,7476605,83,2010-01-01,CREDIT_CARD,49192,2,0,set_7476605,,,85
bnk_7476606,7476606,1015,2010-01-01,CREDIT_CARD,44578,21,4,set_7476606,,,1040
bnk_7476607,7476607,16641,2010-01-01,CREDIT_CARD,74934,341,61,set_7476607,,,17043
bnk_7476608,7476608,3777,2010-01-01,DEBIT_CARD,59935,38,7,set_7476608,,,3822
bnk_7476609,7476609,256,2010-01-01,DEBIT_CARD,53635,3,1,set_7476609,,,260
bnk_7476610,7476610,331,2010-01-01,DEBIT_CARD,81444,3,1,set_7476610,,,335
bnk_7476611,7476611,586,2010-01-01,DEBIT_CARD,20672,6,1,set_7476611,,,593
bnk_7476612,7476612,1744,2010-01-01,DEBIT_CARD,88998,18,3,set_7476612,,,1765
bnk_7476613,7476613,198,2010-01-01,CREDIT_CARD,75781,4,1,set_7476613,,,203
bnk_7476614,7476614,2186,2010-01-01,DEBIT_CARD,22204,22,4,set_7476614,,,2212
bnk_7476615,7476615,15899,2010-01-01,CREDIT_CARD,9937,326,59,set_7476615,,,16284
bnk_7476616,7476616,146,2010-01-01,DEBIT_CARD,86438,1,0,set_7476616,,,147
bnk_7476617,7476617,7756,2010-01-01,DEBIT_CARD,22204,78,14,set_7476617,,,7848
bnk_7476619,7476619,593,2010-01-01,DEBIT_CARD,26810,5,1,set_7476619,,,507
bnk_7476620,7476620,9456,2010-01-01,CREDIT_CARD,24823,194,35,set_7476620,,,9685
bnk_7476621,7476621,142,2010-01-01,DEBIT_CARD,59935,1,0,set_7476621,,,143
bnk_7476622,7476622,464,2010-01-01,CREDIT_CARD,87625,10,2,set_7476622,,,476
bnk_7476623,7476623,802,2010-01-01,DEBIT_CARD,16058,8,1,set_7476623,,,811
bnk_7476624,7476624,5830,2010-01-01,DEBIT_CARD,61195,59,11,set_7476624,,,5900
bnk_7476625,7476625,555,2010-01-01,DEBIT_CARD,23481,6,1,set_7476625,,,562
bnk_7476627,7476627,6008,2010-01-01,DEBIT_CARD,69956,61,11,set_7476627,,,6080
bnk_7476630,7476630,12038,2010-01-01,CREDIT_CARD,87530,247,44,set_7476630,,,12329
bnk_7476634,7476634,1984,2010-01-01,DEBIT_CARD,13683,20,4,set_7476634,,,2008
bnk_7476636,7476636,1468,2010-01-01,DEBIT_CARD,40892,15,3,set_7476636,,,1486
bnk_7476638,7476638,13718,2010-01-01,DEBIT_CARD,51300,139,25,set_7476638,,,13882
bnk_7476640,7476640,301,2010-01-01,DEBIT_CARD,61195,3,1,set_7476640,,,305
bnk_7476641,7476641,24701,2010-01-01,DEBIT_CARD,52923,250,45,set_7476641,,,24996
bnk_7476644,7476644,296,2010-01-01,DEBIT_CARD,36628,3,1,set_7476644,,,300
bnk_7476646,7476646,509,2010-01-01,DEBIT_CARD,59935,5,1,set_7476646,,,515
bnk_7476647,7476647,1314,2010-01-01,DEBIT_CARD,46284,13,2,set_7476647,,,1329
bnk_7476649,7476649,248,2010-01-01,DEBIT_CARD,25887,3,1,set_7476649,,,252
bnk_7476650,7476650,432,2010-01-01,DEBIT_CARD,43293,4,1,set_7476650,,,437
bnk_7476652,7476652,258,2010-01-01,CREDIT_CARD,75936,5,1,set_7476652,,,264
bnk_7476653,7476653,6321,2010-01-01,CREDIT_CARD,90709,129,23,set_7476653,,,6473
bnk_7476655,7476655,99,2010-01-01,DEBIT_CARD,88646,1,0,set_7476655,,,100
bnk_7476656,7476656,3480,2010-01-01,CREDIT_CARD,50404,71,13,set_7476656,,,3564
bnk_7476658,7476658,1133,2010-01-01,DEBIT_CARD,77627,11,2,set_7476658,,,1146
bnk_7476660,7476660,4223,2010-01-01,CREDIT_CARD,43293,87,16,set_7476660,,,4326
bnk_7476661,7476661,341,2010-01-01,DEBIT_CARD,75781,3,1,set_7476661,,,345
bnk_7476662,7476662,10749,2010-01-01,DEBIT_CARD,94123,109,20,set_7476662,,,10878
bnk_7476664,7476664,3869,2010-01-01,DEBIT_CARD,16798,39,7,set_7476664,,,3915
bnk_7476665,7476665,7811,2010-01-01,CREDIT_CARD,43293,160,29,set_7476665,,,8000
bnk_7476665b,7476665,7811,2010-01-01,CREDIT_CARD,43293,160,29,set_7476665b,,,8000
bnk_7476666,7476666,5845,2010-01-01,DEBIT_CARD,93910,59,11,set_7476666,,,5915
bnk_7476667,7476667,2166,2010-01-01,DEBIT_CARD,24823,22,4,set_7476667,,,2192
bnk_7476668,7476668,889,2010-01-01,CREDIT_CARD,61195,18,3,set_7476668,,,910
bnk_7476669,7476669,234,2010-01-01,DEBIT_CARD,50783,2,0,set_7476669,,,236
bnk_7476670,7476670,296,2010-01-01,DEBIT_CARD,14528,3,1,set_7476670,,,300
bnk_7476671,7476671,615,2010-01-01,DEBIT_CARD,67390,6,1,set_7476671,,,622
bnk_7476672,7476672,13670,2010-01-01,CREDIT_CARD,27092,280,50,set_7476672,,,14000
bnk_7476675,7476675,974,2010-01-01,DEBIT_CARD,26445,10,2,set_7476675,,,986
bnk_7476676,7476676,1275,2010-01-01,DEBIT_CARD,75936,13,2,set_7476676,,,1290
bnk_7476677,7476677,1588,2010-01-01,DEBIT_CARD,96049,16,3,set_7476677,,,1607
bnk_7476679,7476679,1325,2010-01-01,CREDIT_CARD,50867,27,5,set_7476679,,,1357
bnk_7476680,7476680,2409,2010-01-01,DEBIT_CARD,19464,24,4,set_7476680,,,2437
bnk_7476681,7476681,140,2010-01-01,CREDIT_CARD,59935,3,1,set_7476681,,,144
bnk_7476682,7476682,327,2010-01-01,DEBIT_CARD,19655,3,1,set_7476682,,,265
bnk_7476683,7476683,865,2010-01-01,DEBIT_CARD,92542,9,2,set_7476683,,,876
bnk_7476685,7476685,2565,2010-01-01,DEBIT_CARD,55060,26,5,set_7476685,,,2596
bnk_7476686,7476686,512,2010-01-01,DEBIT_CARD,44625,5,1,set_7476686,,,518
bnk_7476687,7476687,881,2010-01-01,CREDIT_CARD,59199,18,3,set_7476687,,,902
bnk_7476689,7476689,1003,2010-01-01,CREDIT_CARD,22204,21,4,set_7476689,,,1028
bnk_7476690,7476690,1590,2010-01-01,DEBIT_CARD,87559,16,3,set_7476690,,,1609
bnk_7476691,7476691,16987,2010-01-01,DEBIT_CARD,96958,172,31,set_7476691,,,17190
bnk_7476693,7476693,3942,2010-01-01,DEBIT_CARD,86410,40,7,set_7476693,,,3989
bnk_7476694,7476694,531,2010-01-01,CREDIT_CARD,54041,11,2,set_7476694,,,544
bnk_7476696,7476696,11517,2010-01-01,DEBIT_CARD,65108,117,21,set_7476696,,,11655
bnk_7476697,7476697,101,2010-01-01,DEBIT_CARD,35451,1,0,set_7476697,,,102
bnk_7476698,7476698,1311,2010-01-01,CREDIT_CARD,36869,27,5,set_7476698,,,1343
bnk_7476699,7476699,117,2010-01-01,DEBIT_CARD,14528,1,0,set_7476699,,,118
bnk_7476700,7476700,7596,2010-01-01,DEBIT_CARD,22204,77,14,set_7476700,,,7687
bnk_7476701,7476701,837,2010-01-01,CREDIT_CARD,46284,17,3,set_7476701,,,857
bnk_7476703,7476703,15891,2010-01-01,CREDIT_CARD,59951,326,59,set_7476703,,,16276
bnk_7476704,7476704,1152,2010-01-01,DEBIT_CARD,93391,12,2,set_7476704,,,1166
bnk_7476705,7476705,8711,2010-01-01,DEBIT_CARD,602,88,16,set_7476705,,,8815
bnk_7476706,7476706,1069,2010-01-01,CREDIT_CARD,11468,22,4,set_7476706,,,1095
bnk_7476707,7476707,440,2010-01-01,CREDIT_CARD,22849,8,1,set_7476707,,,397
bnk_7476708,7476708,1540,2010-01-01,DEBIT_CARD,22938,16,3,set_7476708,,,1559
bnk_7476709,7476709,3503,2010-01-01,DEBIT_CARD,59935,35,6,set_7476709,,,3544
bnk_7476710,7476710,401,2010-01-01,DEBIT_CARD,25717,4,1,set_7476710,,,406
bnk_7476711,7476711,3179,2010-01-01,DEBIT_CARD,18563,32,6,set_7476711,,,3217
bnk_7476712,7476712,7906,2010-01-01,DEBIT_CARD,27092,80,14,set_7476712,,,8000
bnk_7476713,7476713,834,2010-01-01,DEBIT_CARD,35451,8,1,set_7476713,,,843
bnk_7476714,7476714,4951,2010-01-01,DEBIT_CARD,71667,49,9,set_7476714,,,4912
bnk_7476716,7476716,2640,2010-01-01,DEBIT_CARD,3244,27,5,set_7476716,,,2672
bnk_7476718,7476718,1844,2010-01-01,DEBIT_CARD,59397,19,3,set_7476718,,,1866
bnk_7476719,7476719,7811,2010-01-01,CREDIT_CARD,27092,160,29,set_7476719,,,8000
bnk_7476721,7476721,533,2010-01-01,DEBIT_CARD,50783,5,1,set_7476721,,,539
bnk_7476723,7476723,1079,2010-01-01,DEBIT_CARD,46284,11,2,set_7476723,,,1092
bnk_7476725,7476725,31980,2010-01-01,CREDIT_CARD,39991,655,118,set_7476725,,,32753
bnk_7476727,7476727,1350,2010-01-01,DEBIT_CARD,11041,14,3,set_7476727,,,1367
bnk_7476728,7476728,8696,2010-01-01,DEBIT_CARD,59935,88,16,set_7476728,,,8800
bnk_7476729,7476729,13589,2010-01-01,CREDIT_CARD,12467,278,50,set_7476729,,,13917
bnk_7476730,7476730,570,2010-01-01,DEBIT_CARD,78624,6,1,set_7476730,,,577
bnk_7476732,7476732,886,2010-01-01,CREDIT_CARD,87071,16,3,set_7476732,,,776
bnk_7476733,7476733,1101,2010-01-01,DEBIT_CARD,41260,11,2,set_7476733,,,1114
bnk_7476734,7476734,958,2010-01-01,CREDIT_CARD,61195,20,4,set_7476734,,,982
bnk_7476735,7476735,3953,2010-01-01,DEBIT_CARD,27092,40,7,set_7476735,,,4000
bnk_7476737,7476737,16791,2010-01-01,CREDIT_CARD,52923,344,62,set_7476737,,,17197
bnk_7476738,7476738,778,2010-01-01,DEBIT_CARD,22204,8,1,set_7476738,,,787
bnk_7476739,7476739,1293,2010-01-01,DEBIT_CARD,12328,13,2,set_7476739,,,1308
bnk_7476740,7476740,1164,2010-01-01,DEBIT_CARD,35451,12,2,set_7476740,,,1178
bnk_7476741,7476741,12252,2010-01-01,DEBIT_CARD,1077,124,22,set_7476741,,,12398
bnk_7476742,7476742,4174,2010-01-01,CREDIT_CARD,86616,86,15,set_7476742,,,4275
bnk_7476743,7476743,2722,2010-01-01,DEBIT_CARD,28395,28,5,set_7476743,,,2755
bnk_7476744,7476744,5930,2010-01-01,DEBIT_CARD,27092,60,11,set_7476744,,,6000
bnk_7476745,7476745,1326,2010-01-01,DEBIT_CARD,41943,13,2,set_7476745,,,1341
bnk_7476746,7476746,31,2010-01-01,DEBIT_CARD,39021,0,0,set_7476746,,,31
bnk_7476747,7476747,841,2010-01-01,DEBIT_CARD,25887,9,2,set_7476747,,,852
bnk_7476747b,7476747,841,2010-01-01,DEBIT_CARD,25887,9,2,set_7476747b,,,852
bnk_7476748,7476748,5717,2010-01-01,DEBIT_CARD,84793,58,10,set_7476748,,,5785
bnk_7476749,7476749,4240,2010-01-01,CREDIT_CARD,18563,87,16,set_7476749,,,4344
bnk_7476750,7476750,9289,2010-01-01,DEBIT_CARD,26810,94,17,set_7476750,,,9400
bnk_7476752,7476752,3179,2010-01-01,CREDIT_CARD,39021,65,12,set_7476752,,,3256
bnk_7476753,7476753,28,2010-01-01,DEBIT_CARD,14528,0,0,set_7476753,,,28
bnk_7476754,7476754,794,2010-01-01,DEBIT_CARD,43293,8,1,set_7476754,,,803
bnk_7476755,7476755,153,2010-01-01,CREDIT_CARD,14528,3,1,set_7476755,,,157
bnk_7476756,7476756,1118,2010-01-01,DEBIT_CARD,88646,10,2,set_7476756,,,1013
bnk_7476758,7476758,1072,2010-01-01,DEBIT_CARD,35451,11,2,set_7476758,,,1085
bnk_7476759,7476759,4441,2010-01-01,CREDIT_CARD,46951,90,16,set_7476759,,,4493
bnk_7476760,7476760,1488,2010-01-01,CREDIT_CARD,18831,30,5,set_7476760,,,1523
bnk_7476761,7476761,1435,2010-01-01,CREDIT_CARD,50783,29,5,set_7476761,,,1469
bnk_7476762,7476762,5832,2010-01-01,CREDIT_CARD,39021,119,21,set_7476762,,,5972
bnk_7476763,7476763,886,2010-01-01,CREDIT_CARD,61850,18,3,set_7476763,,,907
bnk_7476764,7476764,73,2010-01-01,CREDIT_CARD,35451,1,0,set_7476764,,,74
bnk_7476765,7476765,4548,2010-01-01,CREDIT_CARD,65109,93,17,set_7476765,,,4658
bnk_7476766,7476766,6874,2010-01-01,CREDIT_CARD,50783,141,25,set_7476766,,,7040
bnk_7476767,7476767,652,2010-01-01,DEBIT_CARD,48038,7,1,set_7476767,,,660
bnk_7476768,7476768,3475,2010-01-01,DEBIT_CARD,75227,35,6,set_7476768,,,3516
bnk_7476769,7476769,1234,2010-01-01,DEBIT_CARD,3471,12,2,set_7476769,,,1248
bnk_7476770,7476770,436,2010-01-01,DEBIT_CARD,54366,4,1,set_7476770,,,441
bnk_7476771,7476771,1312,2010-01-01,DEBIT_CARD,64908,13,2,set_7476771,,,1327
bnk_7476772,7476772,256,2010-01-01,DEBIT_CARD,75781,1,0,set_7476772,,,135
bnk_7476775,7476775,1023,2010-01-01,CREDIT_CARD,96049,21,4,set_7476775,,,1048
bnk_7476776,7476776,422,2010-01-01,DEBIT_CARD,83229,4,1,set_7476776,,,427
bnk_7476779,7476779,4513,2010-01-01,DEBIT_CARD,39021,46,8,set_7476779,,,4567
bnk_7476780,7476780,5146,2010-01-01,DEBIT_CARD,26810,52,9,set_7476780,,,5207
bnk_7476781,7476781,8894,2010-01-01,DEBIT_CARD,43293,90,16,set_7476781,,,9000
bnk_7476782,7476782,1675,2010-01-01,CREDIT_CARD,50783,34,6,set_7476782,,,1715
bnk_7476785,7476785,866,2010-01-01,DEBIT_CARD,41260,9,2,set_7476785,,,878
bnk_7476786,7476786,236,2010-01-01,DEBIT_CARD,63619,2,0,set_7476786,,,238
bnk_7476787,7476787,1373,2010-01-01,DEBIT_CARD,88646,14,3,set_7476787,,,1390
bnk_7476788,7476788,1130,2010-01-01,DEBIT_CARD,35451,11,2,set_7476788,,,1143
bnk_7476789,7476789,849,2010-01-01,DEBIT_CARD,60569,9,2,set_7476789,,,860
bnk_7476790,7476790,265,2010-01-01,DEBIT_CARD,2177,3,1,set_7476790,,,269
bnk_7476792,7476792,1733,2010-01-01,DEBIT_CARD,16798,18,3,set_7476792,,,1754
bnk_7476794,7476794,338,2010-01-01,DEBIT_CARD,86438,3,1,set_7476794,,,342
bnk_7476795,7476795,2592,2010-01-01,DEBIT_CARD,99449,26,5,set_7476795,,,2623
bnk_7476796,7476796,6674,2010-01-01,CREDIT_CARD,70129,137,25,set_7476796,,,6836
bnk_7476797,7476797,2356,2010-01-01,DEBIT_CARD,49239,24,4,set_7476797,,,2384
bnk_7476798,7476798,1395,2010-01-01,DEBIT_CARD,61195,14,3,set_7476798,,,1412
bnk_7476799,7476799,125,2010-01-01,DEBIT_CARD,61195,1,0,set_7476799,,,126
bnk_7476800,7476800,2027,2010-01-01,DEBIT_CARD,43293,21,4,set_7476800,,,2052
bnk_7476801,7476801,5996,2010-01-01,DEBIT_CARD,20561,61,11,set_7476801,,,6068
bnk_7476802,7476802,6320,2010-01-01,CREDIT_CARD,89949,129,23,set_7476802,,,6472
bnk_7476803,7476803,5253,2010-01-01,DEBIT_CARD,52562,53,10,set_7476803,,,5316
bnk_7476804,7476804,712,2010-01-01,CREDIT_CARD,39021,15,3,set_7476804,,,730
bnk_7476805,7476805,1048,2010-01-01,DEBIT_CARD,36949,11,2,set_7476805,,,1061
bnk_7476806,7476806,1710,2010-01-01,DEBIT_CARD,77403,17,3,set_7476806,,,1730
bnk_7476807,7476807,1032,2010-01-01,DEBIT_CARD,68705,10,2,set_7476807,,,1044
bnk_7476807b,7476807,1032,2010-01-01,DEBIT_CARD,68705,10,2,set_7476807b,,,1044
bnk_7476809,7476809,623,2010-01-01,DEBIT_CARD,49789,6,1,set_7476809,,,630
bnk_7476811,7476811,1607,2010-01-01,DEBIT_CARD,25065,16,3,set_7476811,,,1626
bnk_7476812,7476812,333,2010-01-01,DEBIT_CARD,5248,3,1,set_7476812,,,337
bnk_7476813,7476813,489,2010-01-01,DEBIT_CARD,35451,5,1,set_7476813,,,495
bnk_7476814,7476814,1099,2010-01-01,DEBIT_CARD,78649,11,2,set_7476814,,,1112
bnk_7476815,7476815,3670,2010-01-01,DEBIT_CARD,32175,37,7,set_7476815,,,3714
bnk_7476816,7476816,16713,2010-01-01,CREDIT_CARD,81591,342,62,set_7476816,,,17117
bnk_7476818,7476818,9882,2010-01-01,DEBIT_CARD,27092,100,18,set_7476818,,,10000
bnk_7476820,7476820,1628,2010-01-01,DEBIT_CARD,44578,16,3,set_7476820,,,1647
bnk_7476821,7476821,4042,2010-01-01,DEBIT_CARD,29974,41,7,set_7476821,,,4089
bnk_7476822,7476822,1051,2010-01-01,DEBIT_CARD,61195,11,2,set_7476822,,,1064
bnk_7476823,7476823,1164,2010-01-01,DEBIT_CARD,78605,12,2,set_7476823,,,1178
bnk_7476824,7476824,774,2010-01-01,DEBIT_CARD,35451,8,1,set_7476824,,,783
bnk_7476825,7476825,1603,2010-01-01,DEBIT_CARD,46284,16,3,set_7476825,,,1622
bnk_7476826,7476826,982,2010-01-01,DEBIT_CARD,36399,10,2,set_7476826,,,994
bnk_7476827,7476827,4123,2010-01-01,CREDIT_CARD,81759,84,15,set_7476827,,,4222
bnk_7476829,7476829,1357,2010-01-01,DEBIT_CARD,19558,14,3,set_7476829,,,1374
bnk_7476831,7476831,1130,2010-01-01,DEBIT_CARD,57885,11,2,set_7476831,,,1143
bnk_7476832,7476832,461,2010-01-01,DEBIT_CARD,50783,5,1,set_7476832,,,467
bnk_7476833,7476833,6200,2010-01-01,DEBIT_CARD,31893,63,11,set_7476833,,,6274
bnk_7476834,7476834,1307,2010-01-01,DEBIT_CARD,2998,13,2,set_7476834,,,1322
bnk_7476835,7476835,1229,2010-01-01,CREDIT_CARD,78454,25,5,set_7476835,,,1259
bnk_7476836,7476836,1478,2010-01-01,DEBIT_CARD,38806,15,3,set_7476836,,,1496
bnk_7476837,7476837,26802,2010-01-01,DEBIT_CARD,99885,271,49,set_7476837,,,27122
bnk_7476839,7476839,1407,2010-01-01,DEBIT_CARD,35451,14,3,set_7476839,,,1424
bnk_7476840,7476840,1444,2010-01-01,DEBIT_CARD,3847,15,3,set_7476840,,,1462
bnk_7476841,7476841,1345,2010-01-01,CREDIT_CARD,98374,28,5,set_7476841,,,1378
bnk_7476842,7476842,3275,2010-01-01,CREDIT_CARD,89707,67,12,set_7476842,,,3354
bnk_7476843,7476843,1614,2010-01-01,CREDIT_CARD,75936,33,6,set_7476843,,,1653
bnk_7476844,7476844,898,2010-01-01,CREDIT_CARD,49789,16,3,set_7476844,,,809
bnk_7476845,7476845,1201,2010-01-01,DEBIT_CARD,17493,12,2,set_7476845,,,1215
bnk_7476846,7476846,3508,2010-01-01,DEBIT_CARD,18563,36,6,set_7476846,,,3550
bnk_7476847,7476847,12652,2010-01-01,CREDIT_CARD,726,259,47,set_7476847,,,12958
bnk_7476848,7476848,1690,2010-01-01,DEBIT_CARD,88998,17,3,set_7476848,,,1710
bnk_7476849,7476849,1059,2010-01-01,DEBIT_CARD,62913,11,2,set_7476849,,,1072
bnk_7476850,7476850,2207,2010-01-01,DEBIT_CARD,61738,22,4,set_7476850,,,2233
bnk_7476852,7476852,13920,2010-01-01,CREDIT_CARD,60569,285,51,set_7476852,,,14256
bnk_7476853,7476853,23328,2010-01-01,DEBIT_CARD,69956,236,42,set_7476853,,,23606
bnk_7476854,7476854,54,2010-01-01,DEBIT_CARD,86862,1,0,set_7476854,,,55
bnk_7476855,7476855,1101,2010-01-01,DEBIT_CARD,1099,11,2,set_7476855,,,1114
bnk_7476857,7476857,1333,2010-01-01,DEBIT_CARD,50783,13,2,set_7476857,,,1348
bnk_7476859,7476859,1320,2010-01-01,CREDIT_CARD,50867,27,5,set_7476859,,,1351
bnk_7476860,7476860,1976,2010-01-01,DEBIT_CARD,61195,20,4,set_7476860,,,2000
bnk_7476861,7476861,7906,2010-01-01,DEBIT_CARD,27092,80,14,set_7476861,,,8000
bnk_7476862,7476862,278,2010-01-01,DEBIT_CARD,59935,3,1,set_7476862,,,282
bnk_7476862b,7476862,278,2010-01-01,DEBIT_CARD,59935,3,1,set_7476862b,,,282
bnk_7476863,7476863,7811,2010-01-01,CREDIT_CARD,27092,160,29,set_7476863,,,8000
bnk_7476864,7476864,211,2010-01-01,DEBIT_CARD,91264,2,0,set_7476864,,,213
bnk_7476865,7476865,2004,2010-01-01,DEBIT_CARD,16798,20,4,set_7476865,,,2028
bnk_7476866,7476866,9882,2010-01-01,DEBIT_CARD,27092,100,18,set_7476866,,,10000
bnk_7476867,7476867,962,2010-01-01,DEBIT_CARD,98374,10,2,set_7476867,,,974
bnk_7476868,7476868,1834,2010-01-01,DEBIT_CARD,35451,19,3,set_7476868,,,1856
bnk_7476869,7476869,1442,2010-01-01,DEBIT_CARD,61195,15,3,set_7476869,,,1460
bnk_7476870,7476870,988,2010-01-01,DEBIT_CARD,20561,9,2,set_7476870,,,873
bnk_7476871,7476871,2183,2010-01-01,DEBIT_CARD,83271,22,4,set_7476871,,,2209
bnk_7476872,7476872,1435,2010-01-01,DEBIT_CARD,78605,15,3,set_7476872,,,1453
bnk_7476873,7476873,2155,2010-01-01,CREDIT_CARD,51329,44,8,set_7476873,,,2207
bnk_7476874,7476874,1682,2010-01-01,DEBIT_CARD,81650,17,3,set_7476874,,,1702
bnk_7476876,7476876,1633,2010-01-01,DEBIT_CARD,75781,17,3,set_7476876,,,1653
bnk_7476878,7476878,12930,2010-01-01,DEBIT_CARD,726,131,24,set_7476878,,,13085
bnk_7476879,7476879,7906,2010-01-01,DEBIT_CARD,27092,80,14,set_7476879,,,8000
bnk_7476881,7476881,645,2010-01-01,DEBIT_CARD,92542,7,1,set_7476881,,,653
bnk_7476882,7476882,2394,2010-01-01,DEBIT_CARD,92309,24,4,set_7476882,,,2422
bnk_7476883,7476883,10146,2010-01-01,DEBIT_CARD,31883,103,19,set_7476883,,,10268
bnk_7476884,7476884,238,2010-01-01,DEBIT_CARD,75936,2,0,set_7476884,,,239
bnk_7476885,7476885,118,2010-01-01,DEBIT_CARD,14528,1,0,set_7476885,,,119
bnk_7476886,7476886,175,2010-01-01,DEBIT_CARD,86438,2,0,set_7476886,,,177
bnk_7476887,7476887,8860,2010-01-01,CREDIT_CARD,21530,182,33,set_7476887,,,9075
bnk_7476888,7476888,727,2010-01-01,DEBIT_CARD,37899,7,1,set_7476888,,,735
bnk_7476889,7476889,7252,2010-01-01,CREDIT_CARD,24427,149,27,set_7476889,,,7428
bnk_7476889b,7476889,7252,2010-01-01,CREDIT_CARD,24427,149,27,set_7476889b,,,7428
bnk_7476891,7476891,2530,2010-01-01,CREDIT_CARD,18563,52,9,set_7476891,,,2592
bnk_7476892,7476892,4746,2010-01-01,DEBIT_CARD,25201,47,8,set_7476892,,,4703
bnk_7476893,7476893,1801,2010-01-01,DEBIT_CARD,80124,18,3,set_7476893,,,1823
bnk_7476894,7476894,776,2010-01-01,DEBIT_CARD,75936,8,1,set_7476894,,,785
bnk_7476896,7476896,2023,2010-01-01,DEBIT_CARD,35451,20,4,set_7476896,,,2047
bnk_7476897,7476897,1396,2010-01-01,DEBIT_CARD,78941,14,3,set_7476897,,,1413
bnk_7476898,7476898,2315,2010-01-01,DEBIT_CARD,61738,23,4,set_7476898,,,2342
bnk_7476899,7476899,4016,2010-01-01,CREDIT_CARD,39021,82,15,set_7476899,,,4113
bnk_7476900,7476900,1761,2010-01-01,CREDIT_CARD,73081,36,6,set_7476900,,,1803
bnk_7476901,7476901,1291,2010-01-01,DEBIT_CARD,75781,13,2,set_7476901,,,1306
bnk_7476902,7476902,2760,2010-01-01,DEBIT_CARD,95355,28,5,set_7476902,,,2793
bnk_7476902b,7476902,2760,2010-01-01,DEBIT_CARD,95355,28,5,set_7476902b,,,2793
bnk_7476903,7476903,4017,2010-01-01,DEBIT_CARD,32175,41,7,set_7476903,,,4065
bnk_7476905,7476905,1259,2010-01-01,DEBIT_CARD,25887,13,2,set_7476905,,,1274
bnk_7476906,7476906,467,2010-01-01,DEBIT_CARD,61195,4,1,set_7476906,,,400
bnk_7476907,7476907,2511,2010-01-01,DEBIT_CARD,39021,25,5,set_7476907,,,2541
bnk_7476908,7476908,1017,2010-01-01,DEBIT_CARD,87625,10,2,set_7476908,,,1029
bnk_7476910,7476910,970,2010-01-01,CREDIT_CARD,71667,18,3,set_7476910,,,910
bnk_7476911,7476911,1025,2010-01-01,DEBIT_CARD,10213,10,2,set_7476911,,,1037
bnk_7476912,7476912,1903,2010-01-01,DEBIT_CARD,88646,18,3,set_7476912,,,1804
bnk_7476913,7476913,283,2010-01-01,CREDIT_CARD,80135,6,1,set_7476913,,,290
bnk_7476914,7476914,2564,2010-01-01,CREDIT_CARD,20561,53,10,set_7476914,,,2627
bnk_7476916,7476916,1516,2010-01-01,DEBIT_CARD,5499,15,3,set_7476916,,,1534
bnk_7476917,7476917,1033,2010-01-01,DEBIT_CARD,83229,9,2,set_7476917,,,918
bnk_7476918,7476918,6205,2010-01-01,CREDIT_CARD,31883,127,23,set_7476918,,,6355
bnk_7476919,7476919,1567,2010-01-01,CREDIT_CARD,25717,32,6,set_7476919,,,1605
bnk_7476919b,7476919,1567,2010-01-01,CREDIT_CARD,25717,32,6,set_7476919b,,,1605
bnk_7476920,7476920,1036,2010-01-01,CREDIT_CARD,79664,21,4,set_7476920,,,1061
bnk_7476921,7476921,6833,2010-01-01,DEBIT_CARD,60569,69,12,set_7476921,,,6914
bnk_7476922,7476922,1052,2010-01-01,CREDIT_CARD,98648,22,4,set_7476922,,,1078
bnk_7476923,7476923,1011,2010-01-01,DEBIT_CARD,47090,10,2,set_7476923,,,1023
bnk_7476924,7476924,989,2010-01-01,CREDIT_CARD,61195,20,4,set_7476924,,,1013
bnk_7476925,7476925,153,2010-01-01,CREDIT_CARD,14528,3,1,set_7476925,,,157
bnk_7476926,7476926,3699,2010-01-01,DEBIT_CARD,75936,37,7,set_7476926,,,3743
bnk_7476927,7476927,6792,2010-01-01,DEBIT_CARD,82981,69,12,set_7476927,,,6873
bnk_7476928,7476928,1347,2010-01-01,DEBIT_CARD,59288,14,3,set_7476928,,,1364
bnk_7476930,7476930,344,2010-01-01,DEBIT_CARD,75936,3,1,set_7476930,,,348
bnk_7476931,7476931,1159,2010-01-01,DEBIT_CARD,57758,12,2,set_7476931,,,1173
bnk_7476932,7476932,12214,2010-01-01,CREDIT_CARD,46259,250,45,set_7476932,,,12509
bnk_7476933,7476933,793,2010-01-01,CREDIT_CARD,58989,16,3,set_7476933,,,812
bnk_7476934,7476934,202,2010-01-01,CREDIT_CARD,75781,4,1,set_7476934,,,207
bnk_7476935,7476935,6184,2010-01-01,DEBIT_CARD,60569,63,11,set_7476935,,,6258
bnk_7476936,7476936,1797,2010-01-01,DEBIT_CARD,92883,18,3,set_7476936,,,1818
bnk_7476937,7476937,1897,2010-01-01,DEBIT_CARD,61195,19,3,set_7476937,,,1919
bnk_7476938,7476938,891,2010-01-01,DEBIT_CARD,79927,9,2,set_7476938,,,902
bnk_7476939,7476939,7551,2010-01-01,DEBIT_CARD,4802,76,14,set_7476939,,,7641
bnk_7476940,7476940,898,2010-01-01,DEBIT_CARD,75781,9,2,set_7476940,,,909
bnk_7476941,7476941,1112,2010-01-01,DEBIT_CARD,96049,11,2,set_7476941,,,1125
bnk_7476942,7476942,11858,2010-01-01,DEBIT_CARD,27092,120,22,set_7476942,,,12000
bnk_7476943,7476943,4422,2010-01-01,DEBIT_CARD,11559,45,8,set_7476943,,,4475
bnk_7476944,7476944,851,2010-01-01,DEBIT_CARD,75936,9,2,set_7476944,,,862
bnk_7476945,7476945,679,2010-01-01,DEBIT_CARD,88526,7,1,set_7476945,,,687
bnk_7476947,7476947,504,2010-01-01,DEBIT_CARD,26810,5,1,set_7476947,,,510
bnk_7476948,7476948,2172,2010-01-01,DEBIT_CARD,17707,22,4,set_7476948,,,2198
bnk_7476950,7476950,963,2010-01-01,DEBIT_CARD,41943,10,2,set_7476950,,,975
bnk_7476952,7476952,832,2010-01-01,CREDIT_CARD,61195,17,3,set_7476952,,,852
bnk_7476953,7476953,9764,2010-01-01,CREDIT_CARD,27092,200,36,set_7476953,,,10000
bnk_7476955,7476955,1084,2010-01-01,DEBIT_CARD,91128,11,2,set_7476955,,,1097
bnk_7476956,7476956,2433,2010-01-01,CREDIT_CARD,31893,50,9,set_7476956,,,2492
bnk_7476957,7476957,6924,2010-01-01,DEBIT_CARD,18215,70,13,set_7476957,,,7007
bnk_7476958,7476958,3143,2010-01-01,DEBIT_CARD,50404,32,6,set_7476958,,,3181
bnk_7476959,7476959,334,2010-01-01,DEBIT_CARD,22204,3,1,set_7476959,,,338
bnk_7476960,7476960,1853,2010-01-01,DEBIT_CARD,75781,19,3,set_7476960,,,1875
bnk_7476961,7476961,971,2010-01-01,DEBIT_CARD,98968,10,2,set_7476961,,,983
bnk_7476963,7476963,1149,2010-01-01,DEBIT_CARD,94597,12,2,set_7476963,,,1163
bnk_7476964,7476964,6618,2010-01-01,DEBIT_CARD,47993,67,12,set_7476964,,,6697
bnk_7476965,7476965,10229,2010-01-01,CREDIT_CARD,43293,210,38,set_7476965,,,10477
bnk_7476966,7476966,1105,2010-01-01,DEBIT_CARD,44578,11,2,set_7476966,,,1118
bnk_7476967,7476967,164,2010-01-01,CREDIT_CARD,48919,3,1,set_7476967,,,168
bnk_7476968,7476968,22072,2010-01-01,CREDIT_CARD,75393,452,81,set_7476968,,,22605
bnk_7476969,7476969,1994,2010-01-01,DEBIT_CARD,98374,19,3,set_7476969,,,1928
bnk_7476970,7476970,14784,2010-01-01,DEBIT_CARD,81833,150,27,set_7476970,,,14961
bnk_7476971,7476971,1350,2010-01-01,CREDIT_CARD,22204,28,5,set_7476971,,,1383
bnk_7476973,7476973,2031,2010-01-01,CREDIT_CARD,22204,42,8,set_7476973,,,2081
bnk_7476974,7476974,4651,2010-01-01,DEBIT_CARD,39021,47,8,set_7476974,,,4706
bnk_7476975,7476975,2540,2010-01-01,CREDIT_CARD,36934,52,9,set_7476975,,,2601
bnk_7476976,7476976,1707,2010-01-01,DEBIT_CARD,50783,17,3,set_7476976,,,1727
bnk_7476977,7476977,1595,2010-01-01,DEBIT_CARD,71774,16,3,set_7476977,,,1614
bnk_7476978,7476978,6542,2010-01-01,CREDIT_CARD,32175,134,24,set_7476978,,,6700
bnk_7476981,7476981,330,2010-01-01,DEBIT_CARD,22204,3,1,set_7476981,,,334
bnk_7476982,7476982,6435,2010-01-01,DEBIT_CARD,93245,65,12,set_7476982,,,6512
bnk_7476983,7476983,4481,2010-01-01,DEBIT_CARD,11559,45,8,set_7476983,,,4534
bnk_7476984,7476984,1150,2010-01-01,DEBIT_CARD,25887,11,2,set_7476984,,,1079
bnk_7476985,7476985,773,2010-01-01,DEBIT_CARD,17984,8,1,set_7476985,,,782
bnk_7476986,7476986,1875,2010-01-01,CREDIT_CARD,94992,38,7,set_7476986,,,1920
bnk_7476987,7476987,6788,2010-01-01,DEBIT_CARD,39021,69,12,set_7476987,,,6869
bnk_7476988,7476988,2271,2010-01-01,DEBIT_CARD,2177,23,4,set_7476988,,,2298
bnk_7476989,7476989,3560,2010-01-01,DEBIT_CARD,61552,36,6,set_7476989,,,3602
bnk_7476993,7476993,15944,2010-01-01,DEBIT_CARD,27092,160,29,set_7476993,,,16000
bnk_7476994,7476994,7172,2010-01-01,DEBIT_CARD,37387,73,13,set_7476994,,,7258
bnk_7476995,7476995,123,2010-01-01,DEBIT_CARD,46284,1,0,set_7476995,,,124
bnk_7476996,7476996,211,2010-01-01,DEBIT_CARD,25887,2,0,set_7476996,,,213
bnk_7476997,7476997,2486,2010-01-01,DEBIT_CARD,50867,25,5,set_7476997,,,2516
bnk_7476998,7476998,8449,2010-01-01,DEBIT_CARD,67570,85,15,set_7476998,,,8549
bnk_7476999,7476999,11858,2010-01-01,DEBIT_CARD,27092,120,22,set_7476999,,,12000
bnk_7477001,7477001,233,2010-01-01,DEBIT_CARD,88646,2,0,set_7477001,,,235
bnk_7477002,7477002,1626,2010-01-01,DEBIT_CARD,77029,16,3,set_7477002,,,1645
bnk_7477004,7477004,1020,2010-01-01,DEBIT_CARD,66428,10,2,set_7477004,,,1032
bnk_7477005,7477005,1547,2010-01-01,CREDIT_CARD,92883,32,6,set_7477005,,,1585
bnk_7477006,7477006,3181,2010-01-01,CREDIT_CARD,39021,65,12,set_7477006,,,3258
bnk_7477007,7477007,882,2010-01-01,DEBIT_CARD,58564,9,2,set_7477007,,,893
bnk_7477008,7477008,240,2010-01-01,DEBIT_CARD,50783,2,0,set_7477008,,,242
bnk_7477009,7477009,804,2010-01-01,CREDIT_CARD,98374,16,3,set_7477009,,,824
bnk_7477010,7477010,1630,2010-01-01,DEBIT_CARD,50783,17,3,set_7477010,,,1650
bnk_7477011,7477011,103,2010-01-01,DEBIT_CARD,98735,1,0,set_7477011,,,104
bnk_7477013,7477013,873,2010-01-01,CREDIT_CARD,75744,18,3,set_7477013,,,894
bnk_7477014,7477014,1420,2010-01-01,DEBIT_CARD,60354,14,3,set_7477014,,,1437
bnk_7477016,7477016,1296,2010-01-01,DEBIT_CARD,88374,13,2,set_7477016,,,1311
bnk_7477019,7477019,730,2010-01-01,DEBIT_CARD,97974,7,1,set_7477019,,,738
bnk_7477020,7477020,44,2010-01-01,CREDIT_CARD,14528,1,0,set_7477020,,,45
bnk_7477021,7477021,2115,2010-01-01,DEBIT_CARD,14636,21,4,set_7477021,,,2141
bnk_7477022,7477022,1110,2010-01-01,DEBIT_CARD,60569,11,2,set_7477022,,,1123
bnk_7477023,7477023,2582,2010-01-01,CREDIT_CARD,61929,53,10,set_7477023,,,2645
bnk_7477025,7477025,4433,2010-01-01,DEBIT_CARD,23446,45,8,set_7477025,,,4486
bnk_7477026,7477026,77,2010-01-01,CREDIT_CARD,35182,2,0,set_7477026,,,79
bnk_7477027,7477027,1059,2010-01-01,DEBIT_CARD,75781,11,2,set_7477027,,,1072
bnk_7477028,7477028,1178,2010-01-01,DEBIT_CARD,69972,12,2,set_7477028,,,1192
bnk_7477029,7477029,564,2010-01-01,DEBIT_CARD,87593,6,1,set_7477029,,,571
bnk_7477030,7477030,349,2010-01-01,DEBIT_CARD,35451,4,1,set_7477030,,,354
bnk_7477032,7477032,1284,2010-01-01,DEBIT_CARD,46054,13,2,set_7477032,,,1299
bnk_7477033,7477033,805,2010-01-01,DEBIT_CARD,88646,8,1,set_7477033,,,814
bnk_7477034,7477034,857,2010-01-01,DEBIT_CARD,20561,9,2,set_7477034,,,868
bnk_7477036,7477036,781,2010-01-01,DEBIT_CARD,75781,8,1,set_7477036,,,790
bnk_7477037,7477037,6385,2010-01-01,DEBIT_CARD,41122,65,12,set_7477037,,,6462
bnk_7477038,7477038,1492,2010-01-01,CREDIT_CARD,63382,31,6,set_7477038,,,1529
bnk_7477039,7477039,7811,2010-01-01,CREDIT_CARD,27092,160,29,set_7477039,,,8000
bnk_7477040,7477040,1545,2010-01-01,DEBIT_CARD,25887,16,3,set_7477040,,,1564
bnk_7477041,7477041,25127,2010-01-01,DEBIT_CARD,38958,254,46,set_7477041,,,25427
bnk_7477042,7477042,976,2010-01-01,DEBIT_CARD,35451,10,2,set_7477042,,,988
bnk_7477043,7477043,1734,2010-01-01,DEBIT_CARD,66424,18,3,set_7477043,,,1755
bnk_7477044,7477044,1138,2010-01-01,DEBIT_CARD,23481,12,2,set_7477044,,,1152
bnk_7477046,7477046,990,2010-01-01,CREDIT_CARD,41467,20,4,set_7477046,,,1014
bnk_7477047,7477047,1861,2010-01-01,DEBIT_CARD,75936,19,3,set_7477047,,,1883
bnk_7477048,7477048,4300,2010-01-01,CREDIT_CARD,50783,88,16,set_7477048,,,4404
bnk_7477050,7477050,7308,2010-01-01,DEBIT_CARD,26603,74,13,set_7477050,,,7395
bnk_7477051,7477051,1787,2010-01-01,CREDIT_CARD,25717,37,7,set_7477051,,,1831
bnk_7477055,7477055,1385,2010-01-01,CREDIT_CARD,20884,28,5,set_7477055,,,1418
bnk_7477056,7477056,151,2010-01-01,DEBIT_CARD,16798,2,0,set_7477056,,,153
bnk_7477057,7477057,11085,2010-01-01,CREDIT_CARD,68751,227,41,set_7477057,,,11353
bnk_7477058,7477058,2529,2010-01-01,CREDIT_CARD,51329,52,9,set_7477058,,,2590
bnk_7477059,7477059,4019,2010-01-01,DEBIT_CARD,82981,41,7,set_7477059,,,4067
bnk_7477060,7477060,500,2010-01-01,DEBIT_CARD,50867,5,1,set_7477060,,,506
bnk_7477061,7477061,1294,2010-01-01,DEBIT_CARD,25887,13,2,set_7477061,,,1309
bnk_7477062,7477062,686,2010-01-01,DEBIT_CARD,59397,7,1,set_7477062,,,694
bnk_7477064,7477064,1733,2010-01-01,CREDIT_CARD,75781,36,6,set_7477064,,,1775
bnk_7477065,7477065,854,2010-01-01,DEBIT_CARD,12936,9,2,set_7477065,,,865
bnk_7477066,7477066,1275,2010-01-01,DEBIT_CARD,50867,13,2,set_7477066,,,1290
bnk_7477067,7477067,1309,2010-01-01,DEBIT_CARD,61195,13,2,set_7477067,,,1324
bnk_7477068,7477068,5858,2010-01-01,CREDIT_CARD,27092,120,22,set_7477068,,,6000
bnk_7477069,7477069,442,2010-01-01,DEBIT_CARD,75936,4,1,set_7477069,,,447
bnk_7477070,7477070,2476,2010-01-01,CREDIT_CARD,46284,51,9,set_7477070,,,2536
bnk_7477071,7477071,5931,2010-01-01,CREDIT_CARD,36934,122,22,set_7477071,,,6075
bnk_7477072,7477072,8992,2010-01-01,DEBIT_CARD,88374,91,16,set_7477072,,,9099
bnk_7477073,7477073,444,2010-01-01,DEBIT_CARD,32193,5,1,set_7477073,,,450
bnk_7477074,7477074,1313,2010-01-01,DEBIT_CARD,10126,13,2,set_7477074,,,1328
bnk_7477076,7477076,7323,2010-01-01,CREDIT_CARD,43293,150,27,set_7477076,,,7500
bnk_7477077,7477077,7016,2010-01-01,DEBIT_CARD,61195,71,13,set_7477077,,,7100
bnk_7477078,7477078,5689,2010-01-01,DEBIT_CARD,61195,58,10,set_7477078,,,5757
bnk_7477079,7477079,1500,2010-01-01,DEBIT_CARD,61007,15,3,set_7477079,,,1518
bnk_7477080,7477080,591,2010-01-01,CREDIT_CARD,60569,12,2,set_7477080,,,605
bnk_7477081,7477081,2844,2010-01-01,CREDIT_CARD,39021,58,10,set_7477081,,,2912
bnk_7477082,7477082,5238,2010-01-01,CREDIT_CARD,41122,107,19,set_7477082,,,5364
bnk_7477084,7477084,9882,2010-01-01,DEBIT_CARD,27092,100,18,set_7477084,,,10000
bnk_7477085,7477085,639,2010-01-01,DEBIT_CARD,100169,6,1,set_7477085,,,646
bnk_7477086,7477086,3909,2010-01-01,DEBIT_CARD,76091,40,7,set_7477086,,,3956
bnk_7477087,7477087,1205,2010-01-01,DEBIT_CARD,22204,12,2,set_7477087,,,1219
bnk_7477088,7477088,1486,2010-01-01,CREDIT_CARD,22204,30,5,set_7477088,,,1521
bnk_7477091,7477091,7811,2010-01-01,CREDIT_CARD,27092,160,29,set_7477091,,,8000
bnk_7477092,7477092,100,2010-01-01,DEBIT_CARD,14528,1,0,set_7477092,,,101
bnk_7477093,7477093,494,2010-01-01,DEBIT_CARD,81894,5,1,set_7477093,,,500
bnk_7477094,7477094,1474,2010-01-01,CREDIT_CARD,17708,30,5,set_7477094,,,1509
bnk_7477098,7477098,1027,2010-01-01,DEBIT_CARD,91128,10,2,set_7477098,,,1039
bnk_7477099,7477099,132,2010-01-01,DEBIT_CARD,44578,1,0,set_7477099,,,133
bnk_7477100,7477100,1142,2010-01-01,DEBIT_CARD,55060,12,2,set_7477100,,,1156
bnk_7477101,7477101,1426,2010-01-01,DEBIT_CARD,25887,14,3,set_7477101,,,1443
bnk_7477102,7477102,787,2010-01-01,DEBIT_CARD,25887,8,1,set_7477102,,,797
bnk_7477103,7477103,4840,2010-01-01,DEBIT_CARD,19964,49,9,set_7477103,,,4898
bnk_7477104,7477104,749,2010-01-01,DEBIT_CARD,16339,8,1,set_7477104,,,758
bnk_7477105,7477105,13835,2010-01-01,DEBIT_CARD,27092,140,25,set_7477105,,,14000
bnk_7477106,7477106,2341,2010-01-01,DEBIT_CARD,71616,24,4,set_7477106,,,2369
bnk_7477107,7477107,3848,2010-01-01,DEBIT_CARD,39021,39,7,set_7477107,,,3894
bnk_7477110,7477110,1694,2010-01-01,DEBIT_CARD,53187,17,3,set_7477110,,,1714
bnk_7477111,7477111,4895,2010-01-01,DEBIT_CARD,22204,50,9,set_7477111,,,4954
bnk_7477112,7477112,1548,2010-01-01,CREDIT_CARD,22204,32,6,set_7477112,,,1586
bnk_7477114,7477114,2021,2010-01-01,DEBIT_CARD,74922,20,4,set_7477114,,,2045
bnk_7477115,7477115,1169,2010-01-01,DEBIT_CARD,98648,12,2,set_7477115,,,1183
bnk_7477116,7477116,225,2010-01-01,DEBIT_CARD,25717,2,0,set_7477116,,,227
bnk_7477116b,7477116,225,2010-01-01,DEBIT_CARD,25717,2,0,set_7477116b,,,227
bnk_7477117,7477117,1236,2010-01-01,DEBIT_CARD,25887,13,2,set_7477117,,,1251
bnk_7477118,7477118,1486,2010-01-01,DEBIT_CARD,59062,15,3,set_7477118,,,1504
bnk_7477119,7477119,1664,2010-01-01,DEBIT_CARD,33526,17,3,set_7477119,,,1684
bnk_7477120,7477120,8217,2010-01-01,DEBIT_CARD,86959,83,15,set_7477120,,,8315
bnk_7477122,7477122,62,2010-01-01,DEBIT_CARD,14528,1,0,set_7477122,,,63
bnk_7477123,7477123,1045,2010-01-01,CREDIT_CARD,98648,21,4,set_7477123,,,1070
bnk_7477124,7477124,7460,2010-01-01,DEBIT_CARD,36934,75,14,set_7477124,,,7549
bnk_7477125,7477125,908,2010-01-01,DEBIT_CARD,94992,9,2,set_7477125,,,919
bnk_7477126,7477126,2027,2010-01-01,CREDIT_CARD,16798,42,8,set_7477126,,,2077
bnk_7477127,7477127,73,2010-01-01,DEBIT_CARD,14528,1,0,set_7477127,,,74
bnk_7477128,7477128,2517,2010-01-01,DEBIT_CARD,16798,25,5,set_7477128,,,2547
bnk_7477129,7477129,13835,2010-01-01,DEBIT_CARD,27092,140,25,set_7477129,,,14000
bnk_7477130,7477130,263,2010-01-01,DEBIT_CARD,43293,3,1,set_7477130,,,267
bnk_7477132,7477132,5190,2010-01-01,CREDIT_CARD,43293,106,19,set_7477132,,,5315
bnk_7477133,7477133,12598,2010-01-01,CREDIT_CARD,67950,258,46,set_7477133,,,12902
bnk_7477134,7477134,1456,2010-01-01,DEBIT_CARD,10005,15,3,set_7477134,,,1474
bnk_7477135,7477135,10100,2010-01-01,DEBIT_CARD,32175,102,18,set_7477135,,,10220
bnk_7477136,7477136,1487,2010-01-01,DEBIT_CARD,32076,15,3,set_7477136,,,1505
bnk_7477137,7477137,7120,2010-01-01,DEBIT_CARD,20916,72,13,set_7477137,,,7205
bnk_7477138,7477138,1763,2010-01-01,CREDIT_CARD,59292,36,6,set_7477138,,,1805
bnk_7477139,7477139,2207,2010-01-01,CREDIT_CARD,61195,45,8,set_7477139,,,2260
bnk_7477140,7477140,7372,2010-01-01,CREDIT_CARD,16041,151,27,set_7477140,,,7550
bnk_7477141,7477141,1679,2010-01-01,DEBIT_CARD,75781,17,3,set_7477141,,,1699
bnk_7477144,7477144,174,2010-01-01,CREDIT_CARD,75781,4,1,set_7477144,,,179
bnk_7477145,7477145,1214,2010-01-01,DEBIT_CARD,22848,12,2,set_7477145,,,1228
bnk_7477146,7477146,1129,2010-01-01,DEBIT_CARD,34251,11,2,set_7477146,,,1142
bnk_7477147,7477147,733,2010-01-01,DEBIT_CARD,11264,7,1,set_7477147,,,741
bnk_7477148,7477148,4143,2010-01-01,CREDIT_CARD,39021,85,15,set_7477148,,,4243
bnk_7477149,7477149,1484,2010-01-01,DEBIT_CARD,22204,15,3,set_7477149,,,1502
bnk_7477150,7477150,1407,2010-01-01,DEBIT_CARD,50783,14,3,set_7477150,,,1424
bnk_7477153,7477153,1083,2010-01-01,CREDIT_CARD,61195,22,4,set_7477153,,,1109
bnk_7477155,7477155,2215,2010-01-01,DEBIT_CARD,39021,22,4,set_7477155,,,2241
bnk_7477156,7477156,3571,2010-01-01,CREDIT_CARD,81393,73,13,set_7477156,,,3657
bnk_7477157,7477157,14756,2010-01-01,DEBIT_CARD,52073,149,27,set_7477157,,,14932
bnk_7477158,7477158,7524,2010-01-01,CREDIT_CARD,61195,154,28,set_7477158,,,7706
bnk_7477159,7477159,357,2010-01-01,DEBIT_CARD,91453,4,1,set_7477159,,,362
bnk_7477162,7477162,132,2010-01-01,DEBIT_CARD,14528,1,0,set_7477162,,,133
bnk_7477163,7477163,3306,2010-01-01,DEBIT_CARD,44393,33,6,set_7477163,,,3345
bnk_7477164,7477164,955,2010-01-01,DEBIT_CARD,25887,10,2,set_7477164,,,967
bnk_7477165,7477165,6324,2010-01-01,DEBIT_CARD,61195,64,12,set_7477165,,,6400
bnk_7477166,7477166,968,2010-01-01,DEBIT_CARD,88646,10,2,set_7477166,,,980
bnk_7477167,7477167,30759,2010-01-01,CREDIT_CARD,38958,630,113,set_7477167,,,31502
bnk_7477168,7477168,587,2010-01-01,CREDIT_CARD,72812,12,2,set_7477168,,,601
bnk_7477170,7477170,438,2010-01-01,CREDIT_CARD,22938,9,2,set_7477170,,,449
bnk_7477171,7477171,4234,2010-01-01,DEBIT_CARD,88937,43,8,set_7477171,,,4285
bnk_7477172,7477172,1209,2010-01-01,DEBIT_CARD,61195,12,2,set_7477172,,,1223
bnk_7477174,7477174,2953,2010-01-01,DEBIT_CARD,60569,30,5,set_7477174,,,2988
bnk_7477175,7477175,761,2010-01-01,DEBIT_CARD,91886,8,1,set_7477175,,,770
bnk_7477177,7477177,23015,2010-01-01,CREDIT_CARD,52073,471,85,set_7477177,,,23571
bnk_7477178,7477178,7811,2010-01-01,CREDIT_CARD,27092,160,29,set_7477178,,,8000
bnk_7477179,7477179,1325,2010-01-01,DEBIT_CARD,40041,13,2,set_7477179,,,1340
bnk_7477182,7477182,1409,2010-01-01,DEBIT_CARD,2309,14,3,set_7477182,,,1426
bnk_7477183,7477183,355,2010-01-01,DEBIT_CARD,25887,4,1,set_7477183,,,360
bnk_7477184,7477184,788,2010-01-01,DEBIT_CARD,2703,8,1,set_7477184,,,797
bnk_7477185,7477185,1432,2010-01-01,DEBIT_CARD,54850,14,3,set_7477185,,,1449
bnk_7477186,7477186,11858,2010-01-01,DEBIT_CARD,27092,120,22,set_7477186,,,12000
bnk_7477187,7477187,773,2010-01-01,DEBIT_CARD,75781,8,1,set_7477187,,,782
bnk_7477189,7477189,421,2010-01-01,DEBIT_CARD,75781,4,1,set_7477189,,,426
bnk_7477190,7477190,1814,2010-01-01,DEBIT_CARD,50783,18,3,set_7477190,,,1835
bnk_7477191,7477191,175,2010-01-01,DEBIT_CARD,14528,2,0,set_7477191,,,177
bnk_7477192,7477192,684,2010-01-01,CREDIT_CARD,75936,14,3,set_7477192,,,701
bnk_7477193,7477193,1284,2010-01-01,DEBIT_CARD,73749,13,2,set_7477193,,,1299
bnk_7477195,7477195,13039,2010-01-01,CREDIT_CARD,19964,267,48,set_7477195,,,13354
bnk_7477196,7477196,17788,2010-01-01,DEBIT_CARD,27092,180,32,set_7477196,,,18000
bnk_7477197,7477197,163,2010-01-01,DEBIT_CARD,22938,2,0,set_7477197,,,165
bnk_7477198,7477198,5633,2010-01-01,DEBIT_CARD,22204,57,10,set_7477198,,,5700
bnk_7477200,7477200,7811,2010-01-01,CREDIT_CARD,27092,160,29,set_7477200,,,8000
bnk_7477202,7477202,7162,2010-01-01,DEBIT_CARD,94267,72,13,set_7477202,,,7247
bnk_7477203,7477203,1625,2010-01-01,CREDIT_CARD,52154,33,6,set_7477203,,,1664
bnk_7477204,7477204,116,2010-01-01,DEBIT_CARD,86438,1,0,set_7477204,,,117
bnk_7477206,7477206,1349,2010-01-01,DEBIT_CARD,60009,14,3,set_7477206,,,1366
bnk_7477207,7477207,803,2010-01-01,DEBIT_CARD,49789,8,1,set_7477207,,,812
bnk_7477208,7477208,2347,2010-01-01,DEBIT_CARD,39021,24,4,set_7477208,,,2375
bnk_7477210,7477210,388,2010-01-01,DEBIT_CARD,61195,3,1,set_7477210,,,294
bnk_7477211,7477211,1650,2010-01-01,DEBIT_CARD,55208,17,3,set_7477211,,,1670
bnk_7477213,7477213,962,2010-01-01,DEBIT_CARD,60855,10,2,set_7477213,,,974
bnk_7477214,7477214,2024,2010-01-01,CREDIT_CARD,22204,41,7,set_7477214,,,2072
bnk_7477215,7477215,2082,2010-01-01,CREDIT_CARD,50783,43,8,set_7477215,,,2133
bnk_7477216,7477216,1424,2010-01-01,CREDIT_CARD,18563,29,5,set_7477216,,,1458
bnk_7477217,7477217,3512,2010-01-01,CREDIT_CARD,21151,72,13,set_7477217,,,3597
bnk_7477218,7477218,755,2010-01-01,CREDIT_CARD,75781,15,3,set_7477218,,,773
bnk_7477219,7477219,317,2010-01-01,DEBIT_CARD,12014,3,1,set_7477219,,,321
bnk_7477220,7477220,982,2010-01-01,DEBIT_CARD,50404,10,2,set_7477220,,,994
bnk_7477221,7477221,1800,2010-01-01,DEBIT_CARD,50783,18,3,set_7477221,,,1821
bnk_7477222,7477222,13835,2010-01-01,DEBIT_CARD,27092,140,25,set_7477222,,,14000
bnk_7477224,7477224,365,2010-01-01,DEBIT_CARD,50783,4,1,set_7477224,,,370
bnk_7477226,7477226,1027,2010-01-01,DEBIT_CARD,75936,10,2,set_7477226,,,1039
bnk_7477227,7477227,868,2010-01-01,DEBIT_CARD,58564,9,2,set_7477227,,,879
bnk_7477228,7477228,2397,2010-01-01,CREDIT_CARD,50783,49,9,set_7477228,,,2455
bnk_7477229,7477229,105,2010-01-01,DEBIT_CARD,22204,1,0,set_7477229,,,106
bnk_7477230,7477230,2331,2010-01-01,DEBIT_CARD,88937,24,4,set_7477230,,,2359
bnk_7477231,7477231,148,2010-01-01,DEBIT_CARD,26844,2,0,set_7477231,,,150
bnk_7477236,7477236,396,2010-01-01,DEBIT_CARD,63701,4,1,set_7477236,,,401
bnk_7477237,7477237,983,2010-01-01,DEBIT_CARD,35451,10,2,set_7477237,,,995
bnk_7477238,7477238,1025,2010-01-01,CREDIT_CARD,39261,20,4,set_7477238,,,988
bnk_7477239,7477239,175,2010-01-01,CREDIT_CARD,14528,4,1,set_7477239,,,180
bnk_7477240,7477240,9882,2010-01-01,DEBIT_CARD,27092,100,18,set_7477240,,,10000
bnk_7477241,7477241,2608,2010-01-01,DEBIT_CARD,75781,26,5,set_7477241,,,2639
bnk_7477242,7477242,4978,2010-01-01,DEBIT_CARD,86616,50,9,set_7477242,,,5037
bnk_7477244,7477244,571,2010-01-01,DEBIT_CARD,57885,6,1,set_7477244,,,578
bnk_7477245,7477245,6151,2010-01-01,CREDIT_CARD,43293,126,23,set_7477245,,,6300
bnk_7477246,7477246,85,2010-01-01,CREDIT_CARD,44919,2,0,set_7477246,,,87
bnk_7477247,7477247,6249,2010-01-01,CREDIT_CARD,61195,128,23,set_7477247,,,6400
bnk_7477248,7477248,501,2010-01-01,DEBIT_CARD,20519,5,1,set_7477248,,,507
bnk_7477249,7477249,961,2010-01-01,CREDIT_CARD,65940,20,4,set_7477249,,,985
bnk_7477250,7477250,8572,2010-01-01,DEBIT_CARD,38602,87,16,set_7477250,,,8675
bnk_7477251,7477251,897,2010-01-01,CREDIT_CARD,33526,18,3,set_7477251,,,918
bnk_7477254,7477254,1285,2010-01-01,DEBIT_CARD,25887,13,2,set_7477254,,,1300
bnk_7477255,7477255,1327,2010-01-01,DEBIT_CARD,68671,12,2,set_7477255,,,1203
bnk_7477256,7477256,1235,2010-01-01,DEBIT_CARD,40873,12,2,set_7477256,,,1249
bnk_7477257,7477257,154,2010-01-01,DEBIT_CARD,47033,2,0,set_7477257,,,156
bnk_7477258,7477258,1707,2010-01-01,DEBIT_CARD,94992,17,3,set_7477258,,,1727
bnk_7477260,7477260,533,2010-01-01,DEBIT_CARD,92722,5,1,set_7477260,,,539
bnk_7477261,7477261,1008,2010-01-01,DEBIT_CARD,61195,10,2,set_7477261,,,1020
bnk_7477262,7477262,4465,2010-01-01,DEBIT_CARD,21881,45,8,set_7477262,,,4518
bnk_7477263,7477263,1217,2010-01-01,DEBIT_CARD,10126,12,2,set_7477263,,,1231
bnk_7477264,7477264,807,2010-01-01,DEBIT_CARD,77913,8,1,set_7477264,,,816
bnk_7477265,7477265,2609,2010-01-01,DEBIT_CARD,57263,26,5,set_7477265,,,2640
bnk_7477267,7477267,1115,2010-01-01,DEBIT_CARD,7330,11,2,set_7477267,,,1128
bnk_7477268,7477268,11033,2010-01-01,DEBIT_CARD,16014,112,20,set_7477268,,,11165
bnk_7477269,7477269,596,2010-01-01,DEBIT_CARD,64928,6,1,set_7477269,,,603
bnk_7477270,7477270,1904,2010-01-01,DEBIT_CARD,22204,19,3,set_7477270,,,1926
bnk_7477272,7477272,3481,2010-01-01,DEBIT_CARD,39021,35,6,set_7477272,,,3522
bnk_7477273,7477273,1709,2010-01-01,DEBIT_CARD,61195,17,3,set_7477273,,,1729
bnk_7477273b,7477273,1709,2010-01-01,DEBIT_CARD,61195,17,3,set_7477273b,,,1729
bnk_7477274,7477274,1060,2010-01-01,DEBIT_CARD,75781,11,2,set_7477274,,,1073
bnk_7477275,7477275,184,2010-01-01,DEBIT_CARD,86438,2,0,set_7477275,,,186
bnk_7477278,7477278,3494,2010-01-01,DEBIT_CARD,59935,35,6,set_7477278,,,3535
bnk_7477280,7477280,1953,2010-01-01,DEBIT_CARD,16798,20,4,set_7477280,,,1977
bnk_7477281,7477281,32091,2010-01-01,CREDIT_CARD,81222,657,118,set_7477281,,,32866
bnk_7477282,7477282,4710,2010-01-01,DEBIT_CARD,39021,48,9,set_7477282,,,4767
bnk_7477284,7477284,783,2010-01-01,CREDIT_CARD,23098,16,3,set_7477284,,,802
bnk_7477285,7477285,5040,2010-01-01,DEBIT_CARD,61195,51,9,set_7477285,,,5100
bnk_7477286,7477286,330,2010-01-01,DEBIT_CARD,64594,3,1,set_7477286,,,334
bnk_7477287,7477287,1155,2010-01-01,DEBIT_CARD,75936,12,2,set_7477287,,,1169
bnk_7477288,7477288,476,2010-01-01,CREDIT_CARD,60569,10,2,set_7477288,,,488
bnk_7477289,7477289,5948,2010-01-01,DEBIT_CARD,93700,60,11,set_7477289,,,6019
bnk_7477291,7477291,1594,2010-01-01,DEBIT_CARD,26905,16,3,set_7477291,,,1613
bnk_7477292,7477292,759,2010-01-01,DEBIT_CARD,61195,8,1,set_7477292,,,768
bnk_7477294,7477294,722,2010-01-01,DEBIT_CARD,75936,7,1,set_7477294,,,730
bnk_7477295,7477295,1549,2010-01-01,DEBIT_CARD,50783,16,3,set_7477295,,,1568
bnk_7477296,7477296,5312,2010-01-01,DEBIT_CARD,83229,54,10,set_7477296,,,5376
bnk_7477297,7477297,2152,2010-01-01,CREDIT_CARD,80575,44,8,set_7477297,,,2204
bnk_7477300,7477300,6522,2010-01-01,DEBIT_CARD,43293,66,12,set_7477300,,,6600
bnk_7477301,7477301,5565,2010-01-01,CREDIT_CARD,5248,114,21,set_7477301,,,5700
bnk_7477301b,7477301,5565,2010-01-01,CREDIT_CARD,5248,114,21,set_7477301b,,,5700
bnk_7477304,7477304,7963,2010-01-01,DEBIT_CARD,43293,81,15,set_7477304,,,8059
bnk_7477305,7477305,7365,2010-01-01,CREDIT_CARD,23446,151,27,set_7477305,,,7543
bnk_7477306,7477306,637,2010-01-01,DEBIT_CARD,28395,6,1,set_7477306,,,644
bnk_7477307,7477307,227,2010-01-01,DEBIT_CARD,14528,2,0,set_7477307,,,229
bnk_7477308,7477308,4490,2010-01-01,CREDIT_CARD,34488,92,17,set_7477308,,,4599
bnk_7477309,7477309,1293,2010-01-01,DEBIT_CARD,55060,13,2,set_7477309,,,1308
bnk_7477310,7477310,1399,2010-01-01,DEBIT_CARD,17493,14,3,set_7477310,,,1416
bnk_7477312,7477312,1138,2010-01-01,DEBIT_CARD,28395,12,2,set_7477312,,,1152
bnk_7477313,7477313,2204,2010-01-01,DEBIT_CARD,16798,22,4,set_7477313,,,2230
bnk_7477314,7477314,109,2010-01-01,DEBIT_CARD,14528,1,0,set_7477314,,,110
bnk_7477315,7477315,9234,2010-01-01,DEBIT_CARD,31859,93,17,set_7477315,,,9344
bnk_7477316,7477316,5336,2010-01-01,DEBIT_CARD,61195,54,10,set_7477316,,,5400
bnk_7477319,7477319,1886,2010-01-01,DEBIT_CARD,75781,19,3,set_7477319,,,1908
bnk_7477320,7477320,9388,2010-01-01,DEBIT_CARD,59935,95,17,set_7477320,,,9500
bnk_7477321,7477321,2234,2010-01-01,DEBIT_CARD,61078,23,4,set_7477321,,,2261
bnk_7477322,7477322,593,2010-01-01,CREDIT_CARD,83229,12,2,set_7477322,,,607
bnk_7477323,7477323,92,2010-01-01,DEBIT_CARD,69972,1,0,set_7477323,,,93
bnk_7477325,7477325,1805,2010-01-01,DEBIT_CARD,39637,18,3,set_7477325,,,1760
bnk_7477326,7477326,7421,2010-01-01,CREDIT_CARD,5248,152,27,set_7477326,,,7600
bnk_7477328,7477328,1779,2010-01-01,DEBIT_CARD,87907,18,3,set_7477328,,,1800
bnk_7477330,7477330,712,2010-01-01,DEBIT_CARD,10792,7,1,set_7477330,,,720
bnk_7477331,7477331,954,2010-01-01,CREDIT_CARD,69972,20,4,set_7477331,,,978
bnk_7477333,7477333,2811,2010-01-01,DEBIT_CARD,88646,28,5,set_7477333,,,2844
bnk_7477334,7477334,1938,2010-01-01,DEBIT_CARD,16798,20,4,set_7477334,,,1962
bnk_7477335,7477335,7602,2010-01-01,DEBIT_CARD,93508,77,14,set_7477335,,,7693
bnk_7477336,7477336,3996,2010-01-01,DEBIT_CARD,77975,40,7,set_7477336,,,4043
bnk_7477337,7477337,2182,2010-01-01,DEBIT_CARD,41983,22,4,set_7477337,,,2208
bnk_7477338,7477338,3756,2010-01-01,DEBIT_CARD,59292,38,7,set_7477338,,,3801
bnk_7477339,7477339,943,2010-01-01,DEBIT_CARD,88646,10,2,set_7477339,,,955
bnk_7477340,7477340,821,2010-01-01,DEBIT_CARD,2177,8,1,set_7477340,,,830
bnk_7477341,7477341,5929,2010-01-01,DEBIT_CARD,27092,60,11,set_7477341,,,6000
bnk_7477342,7477342,517,2010-01-01,DEBIT_CARD,61195,5,1,set_7477342,,,523
bnk_7477344,7477344,190,2010-01-01,DEBIT_CARD,33041,2,0,set_7477344,,,192
bnk_7477347,7477347,7186,2010-01-01,DEBIT_CARD,38958,73,13,set_7477347,,,7272
bnk_7477349,7477349,5655,2010-01-01,DEBIT_CARD,31883,57,10,set_7477349,,,5722
bnk_7477350,7477350,662,2010-01-01,CREDIT_CARD,19143,14,3,set_7477350,,,679
bnk_7477353,7477353,1056,2010-01-01,DEBIT_CARD,59397,11,2,set_7477353,,,1069
bnk_7477354,7477354,1107,2010-01-01,DEBIT_CARD,50783,11,2,set_7477354,,,1120
bnk_7477355,7477355,645,2010-01-01,DEBIT_CARD,50783,7,1,set_7477355,,,653
bnk_7477357,7477357,2075,2010-01-01,DEBIT_CARD,46284,21,4,set_7477357,,,2100
bnk_7477358,7477358,1551,2010-01-01,DEBIT_CARD,65593,16,3,set_7477358,,,1570
bnk_7477359,7477359,6347,2010-01-01,CREDIT_CARD,59935,130,23,set_7477359,,,6500
bnk_7477360,7477360,625,2010-01-01,DEBIT_CARD,41260,6,1,set_7477360,,,632
bnk_7477361,7477361,17175,2010-01-01,CREDIT_CARD,16790,352,63,set_7477361,,,17590
bnk_7477363,7477363,918,2010-01-01,DEBIT_CARD,47710,9,2,set_7477363,,,929
bnk_7477364,7477364,10173,2010-01-01,DEBIT_CARD,43293,103,19,set_7477364,,,10295
bnk_7477365,7477365,1287,2010-01-01,CREDIT_CARD,55719,26,5,set_7477365,,,1318
bnk_7477366,7477366,1189,2010-01-01,DEBIT_CARD,54022,12,2,set_7477366,,,1203
bnk_7477367,7477367,1224,2010-01-01,CREDIT_CARD,25717,22,4,set_7477367,,,1111
bnk_7477368,7477368,51,2010-01-01,DEBIT_CARD,98374,1,0,set_7477368,,,52
bnk_7477369,7477369,871,2010-01-01,DEBIT_CARD,41260,9,2,set_7477369,,,882
bnk_7477370,7477370,1718,2010-01-01,CREDIT_CARD,61195,35,6,set_7477370,,,1759
bnk_7477372,7477372,4206,2010-01-01,DEBIT_CARD,39021,43,8,set_7477372,,,4257
bnk_7477373,7477373,2251,2010-01-01,DEBIT_CARD,4439,23,4,set_7477373,,,2278
bnk_7477374,7477374,7616,2010-01-01,CREDIT_CARD,22204,156,28,set_7477374,,,7800
bnk_7477375,7477375,965,2010-01-01,DEBIT_CARD,22204,10,2,set_7477375,,,977
bnk_7477376,7477376,923,2010-01-01,DEBIT_CARD,61195,9,2,set_7477376,,,934
bnk_7477378,7477378,5089,2010-01-01,DEBIT_CARD,39021,51,9,set_7477378,,,5149
bnk_7477379,7477379,2341,2010-01-01,DEBIT_CARD,568,24,4,set_7477379,,,2369
bnk_7477380,7477380,759,2010-01-01,DEBIT_CARD,22204,8,1,set_7477380,,,768
bnk_7477381,7477381,1125,2010-01-01,DEBIT_CARD,46284,11,2,set_7477381,,,1138
bnk_7477382,7477382,8301,2010-01-01,DEBIT_CARD,43293,84,15,set_7477382,,,8400
bnk_7477383,7477383,1212,2010-01-01,DEBIT_CARD,620,12,2,set_7477383,,,1226
bnk_7477384,7477384,5400,2010-01-01,CREDIT_CARD,99370,111,20,set_7477384,,,5531
bnk_7477386,7477386,1668,2010-01-01,DEBIT_CARD,62272,17,3,set_7477386,,,1688
bnk_7477386b,7477386,1668,2010-01-01,DEBIT_CARD,62272,17,3,set_7477386b,,,1688
bnk_7477387,7477387,36136,2010-01-01,DEBIT_CARD,32858,366,66,set_7477387,,,36568
bnk_7477388,7477388,2506,2010-01-01,DEBIT_CARD,69972,25,5,set_7477388,,,2535
bnk_7477389,7477389,8854,2010-01-01,CREDIT_CARD,44559,181,33,set_7477389,,,9068
bnk_7477390,7477390,1283,2010-01-01,DEBIT_CARD,80141,13,2,set_7477390,,,1298
bnk_7477391,7477391,3045,2010-01-01,DEBIT_CARD,60569,31,6,set_7477391,,,3082
bnk_7477392,7477392,114,2010-01-01,CREDIT_CARD,14528,2,0,set_7477392,,,116
bnk_7477393,7477393,297,2010-01-01,DEBIT_CARD,75781,3,1,set_7477393,,,301
bnk_7477396,7477396,18768,2010-01-01,DEBIT_CARD,46284,190,34,set_7477396,,,18992
bnk_7477397,7477397,1411,2010-01-01,CREDIT_CARD,39261,29,5,set_7477397,,,1445
bnk_7477398,7477398,12,2010-01-01,DEBIT_CARD,86438,0,0,set_7477398,,,12
bnk_7477399,7477399,9431,2010-01-01,CREDIT_CARD,22204,193,35,set_7477399,,,9659
bnk_7477400,7477400,1158,2010-01-01,DEBIT_CARD,75781,12,2,set_7477400,,,1172
bnk_7477401,7477401,64774,2010-01-01,CREDIT_CARD,57386,1327,239,set_7477401,,,66340
bnk_7477402,7477402,15729,2010-01-01,CREDIT_CARD,60569,319,57,set_7477402,,,15963
bnk_7477403,7477403,3807,2010-01-01,DEBIT_CARD,75781,39,7,set_7477403,,,3853
bnk_7477404,7477404,1718,2010-01-01,DEBIT_CARD,75804,17,3,set_7477404,,,1738
bnk_7477405,7477405,763,2010-01-01,DEBIT_CARD,92400,8,1,set_7477405,,,772
bnk_7477406,7477406,5332,2010-01-01,DEBIT_CARD,13646,54,10,set_7477406,,,5396
bnk_7477408,7477408,3097,2010-01-01,DEBIT_CARD,79410,31,6,set_7477408,,,3134
bnk_7477409,7477409,135,2010-01-01,DEBIT_CARD,11442,1,0,set_7477409,,,81
bnk_7477411,7477411,8428,2010-01-01,CREDIT_CARD,68668,173,31,set_7477411,,,8632
bnk_7477413,7477413,7211,2010-01-01,DEBIT_CARD,60569,73,13,set_7477413,,,7297
bnk_7477414,7477414,2350,2010-01-01,DEBIT_CARD,61195,24,4,set_7477414,,,2378
bnk_7477415,7477415,1358,2010-01-01,CREDIT_CARD,98801,28,5,set_7477415,,,1391
bnk_7477416,7477416,4759,2010-01-01,DEBIT_CARD,13646,48,9,set_7477416,,,4816
bnk_7477417,7477417,699,2010-01-01,CREDIT_CARD,59935,14,3,set_7477417,,,716
bnk_7477418,7477418,1137,2010-01-01,DEBIT_CARD,5071,12,2,set_7477418,,,1151
bnk_7477420,7477420,1882,2010-01-01,CREDIT_CARD,39111,39,7,set_7477420,,,1928
bnk_7477421,7477421,1746,2010-01-01,DEBIT_CARD,14926,18,3,set_7477421,,,1767
bnk_7477422,7477422,4183,2010-01-01,DEBIT_CARD,18563,42,8,set_7477422,,,4233
bnk_7477423,7477423,5572,2010-01-01,DEBIT_CARD,77839,56,10,set_7477423,,,5638
bnk_7477425,7477425,1209,2010-01-01,DEBIT_CARD,44578,12,2,set_7477425,,,1223
bnk_7477426,7477426,1233,2010-01-01,DEBIT_CARD,88550,12,2,set_7477426,,,1247
bnk_7477427,7477427,508,2010-01-01,CREDIT_CARD,39261,10,2,set_7477427,,,520
bnk_7477428,7477428,1234,2010-01-01,CREDIT_CARD,44578,25,5,set_7477428,,,1263
bnk_7477429,7477429,4521,2010-01-01,DEBIT_CARD,41122,46,8,set_7477429,,,4575
bnk_7477433,7477433,6249,2010-01-01,CREDIT_CARD,49789,128,23,set_7477433,,,6400
bnk_7477434,7477434,8495,2010-01-01,CREDIT_CARD,61195,174,31,set_7477434,,,8700
bnk_7477435,7477435,106,2010-01-01,DEBIT_CARD,14528,1,0,set_7477435,,,107
bnk_7477436,7477436,1902,2010-01-01,DEBIT_CARD,13496,19,3,set_7477436,,,1924
bnk_7477438,7477438,9091,2010-01-01,DEBIT_CARD,59935,92,17,set_7477438,,,9200
bnk_7477439,7477439,5360,2010-01-01,CREDIT_CARD,26810,110,20,set_7477439,,,5490
bnk_7477440,7477440,8187,2010-01-01,DEBIT_CARD,17474,83,15,set_7477440,,,8285
bnk_7477442,7477442,246,2010-01-01,DEBIT_CARD,88646,2,0,set_7477442,,,248
bnk_7477443,7477443,42,2010-01-01,DEBIT_CARD,56979,0,0,set_7477443,,,42
bnk_7477444,7477444,378,2010-01-01,DEBIT_CARD,75936,4,1,set_7477444,,,383
bnk_7477447,7477447,1649,2010-01-01,DEBIT_CARD,41260,17,3,set_7477447,,,1669
bnk_7477449,7477449,208,2010-01-01,DEBIT_CARD,65691,2,0,set_7477449,,,210
bnk_7477450,7477450,8795,2010-01-01,DEBIT_CARD,59935,89,16,set_7477450,,,8900
bnk_7477451,7477451,937,2010-01-01,DEBIT_CARD,60416,8,1,set_7477451,,,802
bnk_7477452,7477452,548,2010-01-01,DEBIT_CARD,22938,6,1,set_7477452,,,555
bnk_7477453,7477453,9764,2010-01-01,CREDIT_CARD,27092,200,36,set_7477453,,,10000
bnk_7477456,7477456,3270,2010-01-01,CREDIT_CARD,20561,67,12,set_7477456,,,3349
bnk_7477457,7477457,1300,2010-01-01,DEBIT_CARD,17805,13,2,set_7477457,,,1315
bnk_7477458,7477458,1607,2010-01-01,DEBIT_CARD,60569,16,3,set_7477458,,,1626
bnk_7477459,7477459,161,2010-01-01,CREDIT_CARD,28395,3,1,set_7477459,,,165
bnk_7477460,7477460,862,2010-01-01,CREDIT_CARD,59397,18,3,set_7477460,,,883
bnk_7477461,7477461,7128,2010-01-01,CREDIT_CARD,26810,146,26,set_7477461,,,7300
bnk_7477463,7477463,1059,2010-01-01,DEBIT_CARD,87968,11,2,set_7477463,,,1072
bnk_7477464,7477464,1810,2010-01-01,DEBIT_CARD,44578,18,3,set_7477464,,,1831
bnk_7477465,7477465,5849,2010-01-01,CREDIT_CARD,46556,120,22,set_7477465,,,5991
bnk_7477466,7477466,911,2010-01-01,DEBIT_CARD,44578,9,2,set_7477466,,,922
bnk_7477468,7477468,11735,2010-01-01,DEBIT_CARD,73186,119,21,set_7477468,,,11875
bnk_7477469,7477469,1506,2010-01-01,DEBIT_CARD,50867,15,3,set_7477469,,,1524
bnk_7477470,7477470,1876,2010-01-01,DEBIT_CARD,18563,19,3,set_7477470,,,1898
bnk_7477471,7477471,6423,2010-01-01,DEBIT_CARD,61195,65,12,set_7477471,,,6500
bnk_7477472,7477472,9764,2010-01-01,CREDIT_CARD,27092,200,36,set_7477472,,,10000
bnk_7477473,7477473,740,2010-01-01,DEBIT_CARD,26810,7,1,set_7477473,,,748
bnk_7477474,7477474,12373,2010-01-01,CREDIT_CARD,49637,253,46,set_7477474,,,12672
bnk_7477475,7477475,1162,2010-01-01,DEBIT_CARD,69972,12,2,set_7477475,,,1176
bnk_7477476,7477476,1027,2010-01-01,DEBIT_CARD,71500,10,2,set_7477476,,,1039
bnk_7477478,7477478,2297,2010-01-01,DEBIT_CARD,39021,23,4,set_7477478,,,2324
bnk_7477479,7477479,1662,2010-01-01,DEBIT_CARD,69034,17,3,set_7477479,,,1682
bnk_7477480,7477480,900,2010-01-01,CREDIT_CARD,35451,18,3,set_7477480,,,921
bnk_7477482,7477482,977,2010-01-01,DEBIT_CARD,77704,10,2,set_7477482,,,989
bnk_7477483,7477483,3316,2010-01-01,CREDIT_CARD,20519,68,12,set_7477483,,,3396
bnk_7477484,7477484,1187,2010-01-01,DEBIT_CARD,75781,12,2,set_7477484,,,1201
bnk_7477485,7477485,8705,2010-01-01,DEBIT_CARD,52923,88,16,set_7477485,,,8809
bnk_7477486,7477486,861,2010-01-01,CREDIT_CARD,88646,18,3,set_7477486,,,882
bnk_7477486b,7477486,861,2010-01-01,CREDIT_CARD,88646,18,3,set_7477486b,,,882
bnk_7477487,7477487,4964,2010-01-01,CREDIT_CARD,85251,102,18,set_7477487,,,5084
bnk_7477488,7477488,9388,2010-01-01,DEBIT_CARD,59935,95,17,set_7477488,,,9500
bnk_7477489,7477489,1024,2010-01-01,DEBIT_CARD,41260,10,2,set_7477489,,,1036
bnk_7477492,7477492,1539,2010-01-01,CREDIT_CARD,61195,32,6,set_7477492,,,1577
bnk_7477494,7477494,6877,2010-01-01,DEBIT_CARD,59935,70,13,set_7477494,,,6960
bnk_7477495,7477495,1723,2010-01-01,CREDIT_CARD,63335,35,6,set_7477495,,,1764
bnk_7477496,7477496,1097,2010-01-01,DEBIT_CARD,21369,11,2,set_7477496,,,1110
bnk_7477497,7477497,9882,2010-01-01,DEBIT_CARD,27092,100,18,set_7477497,,,10000
bnk_7477498,7477498,690,2010-01-01,DEBIT_CARD,61195,7,1,set_7477498,,,698
bnk_7477499,7477499,7294,2010-01-01,DEBIT_CARD,61195,74,13,set_7477499,,,7381
bnk_7477500,7477500,4587,2010-01-01,DEBIT_CARD,46965,46,8,set_7477500,,,4641
bnk_7477501,7477501,7172,2010-01-01,DEBIT_CARD,11368,73,13,set_7477501,,,7258
bnk_7477502,7477502,895,2010-01-01,DEBIT_CARD,25887,9,2,set_7477502,,,906
bnk_7477505,7477505,1066,2010-01-01,DEBIT_CARD,56431,11,2,set_7477505,,,1079
bnk_7477507,7477507,7442,2010-01-01,DEBIT_CARD,81477,75,14,set_7477507,,,7531
bnk_7477508,7477508,7739,2010-01-01,DEBIT_CARD,60569,78,14,set_7477508,,,7831
bnk_7477509,7477509,11887,2010-01-01,DEBIT_CARD,94625,120,22,set_7477509,,,12029
bnk_7477510,7477510,203,2010-01-01,DEBIT_CARD,24823,2,0,set_7477510,,,205
bnk_7477511,7477511,1023,2010-01-01,DEBIT_CARD,30928,10,2,set_7477511,,,1035
bnk_7477512,7477512,11187,2010-01-01,DEBIT_CARD,59935,112,20,set_7477512,,,11170
bnk_7477517,7477517,1714,2010-01-01,DEBIT_CARD,39021,17,3,set_7477517,,,1734
bnk_7477518,7477518,8597,2010-01-01,DEBIT_CARD,50867,87,16,set_7477518,,,8700
bnk_7477520,7477520,14328,2010-01-01,CREDIT_CARD,60569,294,53,set_7477520,,,14675
bnk_7477522,7477522,125,2010-01-01,DEBIT_CARD,14528,1,0,set_7477522,,,126
bnk_7477525,7477525,814,2010-01-01,CREDIT_CARD,98374,17,3,set_7477525,,,834
bnk_7477526,7477526,713,2010-01-01,DEBIT_CARD,8192,7,1,set_7477526,,,721
bnk_7477527,7477527,1278,2010-01-01,DEBIT_CARD,88646,13,2,set_7477527,,,1293
bnk_7477529,7477529,884,2010-01-01,CREDIT_CARD,61195,18,3,set_7477529,,,905
bnk_7477530,7477530,8795,2010-01-01,DEBIT_CARD,61195,89,16,set_7477530,,,8900
bnk_7477531,7477531,1315,2010-01-01,CREDIT_CARD,47399,27,5,set_7477531,,,1347
bnk_7477532,7477532,3410,2010-01-01,DEBIT_CARD,39021,35,6,set_7477532,,,3451
bnk_7477534,7477534,1119,2010-01-01,DEBIT_CARD,75804,11,2,set_7477534,,,1132
bnk_7477535,7477535,1354,2010-01-01,DEBIT_CARD,22204,14,3,set_7477535,,,1372
bnk_7477536,7477536,1189,2010-01-01,DEBIT_CARD,41982,12,2,set_7477536,,,1203
bnk_7477537,7477537,416,2010-01-01,DEBIT_CARD,45926,4,1,set_7477537,,,421
bnk_7477538,7477538,3852,2010-01-01,DEBIT_CARD,59935,39,7,set_7477538,,,3898
bnk_7477539,7477539,3523,2010-01-01,DEBIT_CARD,50404,36,6,set_7477539,,,3565
bnk_7477540,7477540,1599,2010-01-01,DEBIT_CARD,75344,16,3,set_7477540,,,1618
bnk_7477542,7477542,946,2010-01-01,CREDIT_CARD,19901,19,3,set_7477542,,,968
bnk_7477543,7477543,8265,2010-01-01,CREDIT_CARD,56276,169,30,set_7477543,,,8464
bnk_7477544,7477544,123,2010-01-01,DEBIT_CARD,75866,1,0,set_7477544,,,124
bnk_7477544b,7477544,123,2010-01-01,DEBIT_CARD,75866,1,0,set_7477544b,,,124
bnk_7477545,7477545,5087,2010-01-01,CREDIT_CARD,61195,104,19,set_7477545,,,5210
bnk_7477548,7477548,989,2010-01-01,DEBIT_CARD,2177,10,2,set_7477548,,,1001
bnk_7477550,7477550,648,2010-01-01,CREDIT_CARD,44578,13,2,set_7477550,,,663
bnk_7477551,7477551,9882,2010-01-01,DEBIT_CARD,27092,100,18,set_7477551,,,10000
bnk_7477552,7477552,888,2010-01-01,DEBIT_CARD,53224,9,2,set_7477552,,,899
bnk_7477553,7477553,3993,2010-01-01,DEBIT_CARD,39021,40,7,set_7477553,,,4040
bnk_7477554,7477554,2208,2010-01-01,DEBIT_CARD,34626,22,4,set_7477554,,,2234
bnk_7477555,7477555,990,2010-01-01,DEBIT_CARD,22938,10,2,set_7477555,,,1002
bnk_7477556,7477556,1239,2010-01-01,CREDIT_CARD,25887,25,5,set_7477556,,,1269
bnk_7477557,7477557,1230,2010-01-01,CREDIT_CARD,69972,25,5,set_7477557,,,1260
bnk_7477559,7477559,754,2010-01-01,CREDIT_CARD,69808,15,3,set_7477559,,,772
bnk_7477560,7477560,1286,2010-01-01,DEBIT_CARD,75936,13,2,set_7477560,,,1301
bnk_7477562,7477562,1000,2010-01-01,CREDIT_CARD,21491,20,4,set_7477562,,,1024
bnk_7477563,7477563,11806,2010-01-01,CREDIT_CARD,27092,240,43,set_7477563,,,12000
bnk_7477564,7477564,17787,2010-01-01,DEBIT_CARD,27092,180,32,set_7477564,,,18000
bnk_7477565,7477565,2282,2010-01-01,CREDIT_CARD,18563,47,8,set_7477565,,,2337
bnk_7477566,7477566,9882,2010-01-01,DEBIT_CARD,30928,100,18,set_7477566,,,10000
bnk_7477567,7477567,147,2010-01-01,DEBIT_CARD,20519,1,0,set_7477567,,,148
bnk_7477568,7477568,1262,2010-01-01,DEBIT_CARD,25887,13,2,set_7477568,,,1277
bnk_7477569,7477569,115,2010-01-01,DEBIT_CARD,14528,1,0,set_7477569,,,116
bnk_7477570,7477570,4199,2010-01-01,CREDIT_CARD,49789,86,15,set_7477570,,,4300
bnk_7477571,7477571,1001,2010-01-01,CREDIT_CARD,41080,21,4,set_7477571,,,1026
bnk_7477572,7477572,1247,2010-01-01,CREDIT_CARD,2703,26,5,set_7477572,,,1278
bnk_7477573,7477573,1094,2010-01-01,DEBIT_CARD,69972,11,2,set_7477573,,,1107
bnk_7477574,7477574,2210,2010-01-01,DEBIT_CARD,25717,22,4,set_7477574,,,2236
bnk_7477575,7477575,1726,2010-01-01,CREDIT_CARD,15143,35,6,set_7477575,,,1767
bnk_7477577,7477577,1220,2010-01-01,DEBIT_CARD,25887,12,2,set_7477577,,,1234
bnk_7477578,7477578,9764,2010-01-01,CREDIT_CARD,27092,200,36,set_7477578,,,10000
bnk_7477579,7477579,7906,2010-01-01,DEBIT_CARD,27092,80,14,set_7477579,,,8000
bnk_7477580,7477580,2413,2010-01-01,DEBIT_CARD,75781,24,4,set_7477580,,,2441
bnk_7477581,7477581,672,2010-01-01,CREDIT_CARD,75781,12,2,set_7477581,,,608
bnk_7477583,7477583,9288,2010-01-01,DEBIT_CARD,80770,94,17,set_7477583,,,9399
bnk_7477584,7477584,14767,2010-01-01,DEBIT_CARD,61195,149,27,set_7477584,,,14943
bnk_7477585,7477585,5336,2010-01-01,DEBIT_CARD,59935,54,10,set_7477585,,,5400
bnk_7477586,7477586,73932,2010-01-01,CREDIT_CARD,49637,1514,273,set_7477586,,,75719
bnk_7477587,7477587,28064,2010-01-01,CREDIT_CARD,49637,575,104,set_7477587,,,28744
bnk_7477588,7477588,5261,2010-01-01,DEBIT_CARD,59935,53,10,set_7477588,,,5324
bnk_7477589,7477589,126,2010-01-01,DEBIT_CARD,86438,1,0,set_7477589,,,127
bnk_7477590,7477590,1639,2010-01-01,DEBIT_CARD,51180,17,3,set_7477590,,,1659
bnk_7477591,7477591,2490,2010-01-01,CREDIT_CARD,19756,51,9,set_7477591,,,2550
bnk_7477592,7477592,6252,2010-01-01,DEBIT_CARD,40404,63,11,set_7477592,,,6326
bnk_7477593,7477593,11799,2010-01-01,DEBIT_CARD,61195,119,21,set_7477593,,,11939
bnk_7477594,7477594,7622,2010-01-01,DEBIT_CARD,20561,77,14,set_7477594,,,7713
bnk_7477595,7477595,2603,2010-01-01,DEBIT_CARD,59935,26,5,set_7477595,,,2634
bnk_7477597,7477597,1404,2010-01-01,DEBIT_CARD,84706,14,3,set_7477597,,,1421
bnk_7477598,7477598,9190,2010-01-01,DEBIT_CARD,59935,93,17,set_7477598,,,9300
bnk_7477600,7477600,96,2010-01-01,CREDIT_CARD,14528,2,0,set_7477600,,,98
bnk_7477602,7477602,984,2010-01-01,DEBIT_CARD,61195,10,2,set_7477602,,,996
bnk_7477603,7477603,4788,2010-01-01,DEBIT_CARD,15034,48,9,set_7477603,,,4845
bnk_7477604,7477604,9487,2010-01-01,DEBIT_CARD,59935,96,17,set_7477604,,,9600
bnk_7477605,7477605,14883,2010-01-01,DEBIT_CARD,59474,151,27,set_7477605,,,15061
bnk_7477606,7477606,7906,2010-01-01,DEBIT_CARD,27092,80,14,set_7477606,,,8000
bnk_7477607,7477607,21185,2010-01-01,CREDIT_CARD,15426,434,78,set_7477607,,,21697
bnk_7477608,7477608,61,2010-01-01,DEBIT_CARD,86438,1,0,set_7477608,,,62
bnk_7477609,7477609,1418,2010-01-01,DEBIT_CARD,28168,14,3,set_7477609,,,1435
bnk_7477610,7477610,16112,2010-01-01,DEBIT_CARD,52923,163,29,set_7477610,,,16304
bnk_7477611,7477611,925,2010-01-01,DEBIT_CARD,96655,9,2,set_7477611,,,936
bnk_7477612,7477612,3512,2010-01-01,CREDIT_CARD,2703,72,13,set_7477612,,,3597
bnk_7477613,7477613,9882,2010-01-01,DEBIT_CARD,27092,100,18,set_7477613,,,10000
bnk_7477614,7477614,981,2010-01-01,DEBIT_CARD,23669,10,2,set_7477614,,,993
bnk_7477616,7477616,1887,2010-01-01,DEBIT_CARD,75781,19,3,set_7477616,,,1909
bnk_7477617,7477617,4683,2010-01-01,CREDIT_CARD,2344,96,17,set_7477617,,,4796
bnk_7477618,7477618,49157,2010-01-01,CREDIT_CARD,94659,1006,181,set_7477618,,,50283
bnk_7477619,7477619,6046,2010-01-01,CREDIT_CARD,22204,124,22,set_7477619,,,6192
bnk_7477620,7477620,1749,2010-01-01,DEBIT_CARD,82981,18,3,set_7477620,,,1770
bnk_7477621,7477621,7827,2010-01-01,CREDIT_CARD,31868,160,29,set_7477621,,,8016
bnk_7477623,7477623,3827,2010-01-01,DEBIT_CARD,68671,39,7,set_7477623,,,3873
bnk_7477624,7477624,767,2010-01-01,CREDIT_CARD,75781,16,3,set_7477624,,,786
bnk_7477625,7477625,1341,2010-01-01,CREDIT_CARD,48552,27,5,set_7477625,,,1373
bnk_7477626,7477626,9882,2010-01-01,DEBIT_CARD,27092,100,18,set_7477626,,,10000
bnk_7477627,7477627,2145,2010-01-01,CREDIT_CARD,39021,44,8,set_7477627,,,2197
bnk_7477628,7477628,3734,2010-01-01,DEBIT_CARD,39021,38,7,set_7477628,,,3779
bnk_7477629,7477629,2162,2010-01-01,CREDIT_CARD,15143,44,8,set_7477629,,,2214
bnk_7477630,7477630,2986,2010-01-01,CREDIT_CARD,91453,61,11,set_7477630,,,3058
bnk_7477632,7477632,7044,2010-01-01,DEBIT_CARD,20561,71,13,set_7477632,,,7128
bnk_7477633,7477633,671,2010-01-01,DEBIT_CARD,50783,7,1,set_7477633,,,679
bnk_7477634,7477634,2066,2010-01-01,CREDIT_CARD,1863,42,8,set_7477634,,,2116
bnk_7477635,7477635,7582,2010-01-01,DEBIT_CARD,34378,77,14,set_7477635,,,7673
bnk_7477636,7477636,11858,2010-01-01,DEBIT_CARD,27092,120,22,set_7477636,,,12000
bnk_7477637,7477637,13917,2010-01-01,CREDIT_CARD,86369,285,51,set_7477637,,,14253
bnk_7477638,7477638,6532,2010-01-01,DEBIT_CARD,28111,66,12,set_7477638,,,6610
bnk_7477639,7477639,6917,2010-01-01,DEBIT_CARD,59935,70,13,set_7477639,,,7000
bnk_7477641,7477641,1251,2010-01-01,DEBIT_CARD,18215,13,2,set_7477641,,,1266
bnk_7477642,7477642,3745,2010-01-01,DEBIT_CARD,59935,38,7,set_7477642,,,3790
bnk_7477644,7477644,9000,2010-01-01,DEBIT_CARD,50292,91,16,set_7477644,,,9107
bnk_7477645,7477645,1302,2010-01-01,DEBIT_CARD,61195,13,2,set_7477645,,,1317
bnk_7477646,7477646,12468,2010-01-01,DEBIT_CARD,20916,126,23,set_7477646,,,12617
bnk_7477647,7477647,1484,2010-01-01,CREDIT_CARD,99539,30,5,set_7477647,,,1519
bnk_7477648,7477648,1162,2010-01-01,DEBIT_CARD,36736,12,2,set_7477648,,,1176
bnk_7477649,7477649,252,2010-01-01,CREDIT_CARD,81759,5,1,set_7477649,,,258
bnk_7477650,7477650,2134,2010-01-01,DEBIT_CARD,21461,22,4,set_7477650,,,2160
bnk_7477652,7477652,7958,2010-01-01,DEBIT_CARD,27092,80,14,set_7477652,,,8000
bnk_7477654,7477654,32650,2010-01-01,CREDIT_CARD,86369,669,120,set_7477654,,,33439
bnk_7477656,7477656,2149,2010-01-01,DEBIT_CARD,34626,22,4,set_7477656,,,2175
bnk_7477657,7477657,5732,2010-01-01,DEBIT_CARD,59935,58,10,set_7477657,,,5800
bnk_7477661,7477661,2320,2010-01-01,DEBIT_CARD,31046,23,4,set_7477661,,,2347
bnk_7477662,7477662,5575,2010-01-01,DEBIT_CARD,59935,56,10,set_7477662,,,5641
bnk_7477664,7477664,1060,2010-01-01,DEBIT_CARD,2177,11,2,set_7477664,,,1073
bnk_7477665,7477665,3766,2010-01-01,CREDIT_CARD,41122,77,14,set_7477665,,,3857
bnk_7477666,7477666,1174,2010-01-01,DEBIT_CARD,50783,12,2,set_7477666,,,1188
bnk_7477667,7477667,49,2010-01-01,CREDIT_CARD,61195,1,0,set_7477667,,,50
bnk_7477668,7477668,9685,2010-01-01,DEBIT_CARD,68671,98,18,set_7477668,,,9800
bnk_7477669,7477669,3092,2010-01-01,DEBIT_CARD,41122,31,6,set_7477669,,,3129
bnk_7477674,7477674,3221,2010-01-01,DEBIT_CARD,39021,33,6,set_7477674,,,3260
bnk_7477675,7477675,19528,2010-01-01,CREDIT_CARD,27092,400,72,set_7477675,,,20000
bnk_7477678,7477678,4915,2010-01-01,DEBIT_CARD,39021,50,9,set_7477678,,,4974
bnk_7477679,7477679,8471,2010-01-01,CREDIT_CARD,70129,174,31,set_7477679,,,8676
bnk_7477680,7477680,4884,2010-01-01,CREDIT_CARD,76893,100,18,set_7477680,,,5002
bnk_7477681,7477681,1787,2010-01-01,DEBIT_CARD,19040,18,3,set_7477681,,,1808
bnk_7477682,7477682,8202,2010-01-01,DEBIT_CARD,61195,83,15,set_7477682,,,8300
bnk_7477683,7477683,4268,2010-01-01,DEBIT_CARD,97962,43,8,set_7477683,,,4319
bnk_7477686,7477686,5682,2010-01-01,CREDIT_CARD,39021,116,21,set_7477686,,,5819
bnk_7477688,7477688,22604,2010-01-01,CREDIT_CARD,92822,463,83,set_7477688,,,23150
bnk_7477689,7477689,864,2010-01-01,CREDIT_CARD,75781,18,3,set_7477689,,,885
bnk_7477690,7477690,8380,2010-01-01,DEBIT_CARD,56840,85,15,set_7477690,,,8480
bnk_7477691,7477691,1646,2010-01-01,DEBIT_CARD,61195,17,3,set_7477691,,,1666
bnk_7477692,7477692,1213,2010-01-01,DEBIT_CARD,22204,12,2,set_7477692,,,1227
bnk_7477693,7477693,30264,2010-01-01,DEBIT_CARD,100012,306,55,set_7477693,,,30625
bnk_7477696,7477696,6337,2010-01-01,CREDIT_CARD,17799,130,23,set_7477696,,,6490
bnk_7477697,7477697,21115,2010-01-01,DEBIT_CARD,31258,214,39,set_7477697,,,21368
bnk_7477698,7477698,4441,2010-01-01,CREDIT_CARD,10185,91,16,set_7477698,,,4548
bnk_7477699,7477699,2835,2010-01-01,DEBIT_CARD,59935,29,5,set_7477699,,,2869
bnk_7477700,7477700,155,2010-01-01,CREDIT_CARD,86438,3,1,set_7477700,,,159
bnk_7477703,7477703,1376,2010-01-01,DEBIT_CARD,69972,14,3,set_7477703,,,1393
bnk_7477706,7477706,1661,2010-01-01,DEBIT_CARD,15143,17,3,set_7477706,,,1681
bnk_7477708,7477708,15482,2010-01-01,DEBIT_CARD,59350,157,28,set_7477708,,,15667
bnk_7477709,7477709,130,2010-01-01,CREDIT_CARD,86438,3,1,set_7477709,,,134
bnk_7477710,7477710,14234,2010-01-01,DEBIT_CARD,63023,143,26,set_7477710,,,14272
bnk_7477711,7477711,3643,2010-01-01,DEBIT_CARD,15143,37,7,set_7477711,,,3687
bnk_7477714,7477714,924,2010-01-01,DEBIT_CARD,25887,9,2,set_7477714,,,935
bnk_7477716,7477716,4444,2010-01-01,DEBIT_CARD,46417,45,8,set_7477716,,,4497
bnk_7477717,7477717,980,2010-01-01,DEBIT_CARD,69972,10,2,set_7477717,,,992
bnk_7477718,7477718,4657,2010-01-01,DEBIT_CARD,95065,47,8,set_7477718,,,4712
bnk_7477719,7477719,4843,2010-01-01,CREDIT_CARD,43293,99,18,set_7477719,,,4960
bnk_7477720,7477720,17356,2010-01-01,DEBIT_CARD,15426,176,32,set_7477720,,,17564
bnk_7477721,7477721,5858,2010-01-01,CREDIT_CARD,27092,120,22,set_7477721,,,6000
bnk_7477723,7477723,4105,2010-01-01,DEBIT_CARD,84661,42,8,set_7477723,,,4155
bnk_7477725,7477725,11734,2010-01-01,DEBIT_CARD,62446,119,21,set_7477725,,,11874
bnk_7477726,7477726,1578,2010-01-01,CREDIT_CARD,18563,32,6,set_7477726,,,1616
bnk_7477727,7477727,4099,2010-01-01,DEBIT_CARD,60569,41,7,set_7477727,,,4147
bnk_7477728,7477728,5035,2010-01-01,DEBIT_CARD,39021,51,9,set_7477728,,,5095
bnk_7477730,7477730,8531,2010-01-01,DEBIT_CARD,64182,86,15,set_7477730,,,8632
bnk_7477731,7477731,8103,2010-01-01,DEBIT_CARD,43293,82,15,set_7477731,,,8200
bnk_7477733,7477733,230,2010-01-01,DEBIT_CARD,14528,2,0,set_7477733,,,232
bnk_7477735,7477735,1295,2010-01-01,CREDIT_CARD,69956,27,5,set_7477735,,,1327
bnk_7477736,7477736,36397,2010-01-01,DEBIT_CARD,60594,368,66,set_7477736,,,36831
bnk_7477738,7477738,15622,2010-01-01,CREDIT_CARD,27092,320,58,set_7477738,,,16000
bnk_7477739,7477739,16253,2010-01-01,DEBIT_CARD,30286,164,30,set_7477739,,,16447
bnk_7477740,7477740,1437,2010-01-01,CREDIT_CARD,85945,29,5,set_7477740,,,1471
bnk_7477741,7477741,1641,2010-01-01,DEBIT_CARD,47399,17,3,set_7477741,,,1661
bnk_7477742,7477742,1521,2010-01-01,DEBIT_CARD,39637,15,3,set_7477742,,,1540
bnk_7477744,7477744,1286,2010-01-01,DEBIT_CARD,75781,13,2,set_7477744,,,1301
bnk_7477745,7477745,9882,2010-01-01,DEBIT_CARD,27092,100,18,set_7477745,,,10000
bnk_7477746,7477746,22274,2010-01-01,CREDIT_CARD,74934,455,82,set_7477746,,,22755
bnk_7477747,7477747,9406,2010-01-01,CREDIT_CARD,41044,191,34,set_7477747,,,9573
bnk_7477749,7477749,62806,2010-01-01,DEBIT_CARD,7257,636,114,set_7477749,,,63556
bnk_7477752,7477752,1810,2010-01-01,CREDIT_CARD,19964,37,7,set_7477752,,,1854
bnk_7477753,7477753,1870,2010-01-01,DEBIT_CARD,18563,19,3,set_7477753,,,1892
bnk_7477755,7477755,44,2010-01-01,DEBIT_CARD,45926,0,0,set_7477755,,,44
bnk_7477756,7477756,840,2010-01-01,CREDIT_CARD,78454,15,3,set_7477756,,,755
bnk_7477757,7477757,5354,2010-01-01,DEBIT_CARD,39021,54,10,set_7477757,,,5418
bnk_7477758,7477758,8400,2010-01-01,DEBIT_CARD,59935,85,15,set_7477758,,,8500
bnk_7477759,7477759,295,2010-01-01,DEBIT_CARD,75936,3,1,set_7477759,,,299
bnk_7477760,7477760,9882,2010-01-01,DEBIT_CARD,27092,100,18,set_7477760,,,10000
bnk_7477763,7477763,1053,2010-01-01,DEBIT_CARD,80156,11,2,set_7477763,,,1066
bnk_7477764,7477764,1184,2010-01-01,DEBIT_CARD,79425,12,2,set_7477764,,,1198
bnk_7477765,7477765,5428,2010-01-01,DEBIT_CARD,32175,55,10,set_7477765,,,5493
bnk_7477767,7477767,900,2010-01-01,CREDIT_CARD,22204,17,3,set_7477767,,,829
bnk_7477768,7477768,11858,2010-01-01,DEBIT_CARD,27092,120,22,set_7477768,,,12000
bnk_7477769,7477769,3993,2010-01-01,DEBIT_CARD,36100,40,7,set_7477769,,,4040
bnk_7477773,7477773,1086,2010-01-01,DEBIT_CARD,39021,11,2,set_7477773,,,1099
bnk_7477774,7477774,10430,2010-01-01,CREDIT_CARD,75781,214,39,set_7477774,,,10683
bnk_7477776,7477776,1024,2010-01-01,DEBIT_CARD,30697,10,2,set_7477776,,,1036
bnk_7477777,7477777,2345,2010-01-01,CREDIT_CARD,15143,48,9,set_7477777,,,2402
bnk_7477778,7477778,5139,2010-01-01,DEBIT_CARD,22204,52,9,set_7477778,,,5200
bnk_7477780,7477780,1200,2010-01-01,DEBIT_CARD,81833,12,2,set_7477780,,,1214
bnk_7477781,7477781,1849,2010-01-01,DEBIT_CARD,36392,19,3,set_7477781,,,1871
bnk_7477782,7477782,3405,2010-01-01,DEBIT_CARD,1631,34,6,set_7477782,,,3445
bnk_7477783,7477783,6344,2010-01-01,DEBIT_CARD,43293,64,12,set_7477783,,,6420
bnk_7477784,7477784,168,2010-01-01,DEBIT_CARD,59935,2,0,set_7477784,,,170
bnk_7477785,7477785,1513,2010-01-01,DEBIT_CARD,19756,15,3,set_7477785,,,1531
bnk_7477786,7477786,3121,2010-01-01,DEBIT_CARD,39021,32,6,set_7477786,,,3159
bnk_7477787,7477787,8020,2010-01-01,DEBIT_CARD,91128,81,15,set_7477787,,,8116
bnk_7477788,7477788,5929,2010-01-01,DEBIT_CARD,27092,60,11,set_7477788,,,6000
bnk_7477789,7477789,139,2010-01-01,CREDIT_CARD,59935,3,1,set_7477789,,,143
bnk_7477790,7477790,3230,2010-01-01,DEBIT_CARD,33326,33,6,set_7477790,,,3269
bnk_7477791,7477791,4163,2010-01-01,DEBIT_CARD,61195,42,8,set_7477791,,,4213
bnk_7477792,7477792,2890,2010-01-01,DEBIT_CARD,22204,28,5,set_7477792,,,2786
bnk_7477794,7477794,5956,2010-01-01,CREDIT_CARD,59935,122,22,set_7477794,,,6100
bnk_7477795,7477795,5237,2010-01-01,DEBIT_CARD,43293,53,10,set_7477795,,,5300
bnk_7477797,7477797,5792,2010-01-01,DEBIT_CARD,46474,59,11,set_7477797,,,5862
bnk_7477798,7477798,1200,2010-01-01,DEBIT_CARD,80374,12,2,set_7477798,,,1214
bnk_7477799,7477799,14274,2010-01-01,CREDIT_CARD,90841,292,53,set_7477799,,,14619
bnk_7477800,7477800,131,2010-01-01,DEBIT_CARD,75606,1,0,set_7477800,,,132
bnk_7477803,7477803,5362,2010-01-01,CREDIT_CARD,31883,110,20,set_7477803,,,5492
bnk_7477804,7477804,8012,2010-01-01,CREDIT_CARD,25572,164,30,set_7477804,,,8206
bnk_7477805,7477805,1323,2010-01-01,DEBIT_CARD,59312,13,2,set_7477805,,,1338
bnk_7477806,7477806,644,2010-01-01,CREDIT_CARD,50783,13,2,set_7477806,,,659
bnk_7477807,7477807,3480,2010-01-01,CREDIT_CARD,16798,71,13,set_7477807,,,3564
bnk_7477808,7477808,4540,2010-01-01,DEBIT_CARD,43293,46,8,set_7477808,,,4594
bnk_7477809,7477809,11425,2010-01-01,DEBIT_CARD,64182,116,21,set_7477809,,,11562
bnk_7477810,7477810,5041,2010-01-01,CREDIT_CARD,46284,103,19,set_7477810,,,5163
bnk_7477812,7477812,2287,2010-01-01,DEBIT_CARD,9932,23,4,set_7477812,,,2314
bnk_7477813,7477813,10686,2010-01-01,DEBIT_CARD,18131,108,19,set_7477813,,,10813
bnk_7477814,7477814,2498,2010-01-01,DEBIT_CARD,15143,25,5,set_7477814,,,2528
bnk_7477815,7477815,813,2010-01-01,DEBIT_CARD,61195,8,1,set_7477815,,,822
bnk_7477816,7477816,159,2010-01-01,DEBIT_CARD,14528,2,0,set_7477816,,,161
bnk_7477817,7477817,986,2010-01-01,CREDIT_CARD,61195,20,4,set_7477817,,,1010
bnk_7477818,7477818,37444,2010-01-01,DEBIT_CARD,34488,379,68,set_7477818,,,37891
bnk_7477819,7477819,2734,2010-01-01,CREDIT_CARD,15143,56,10,set_7477819,,,2800
bnk_7477820,7477820,9487,2010-01-01,DEBIT_CARD,43293,96,17,set_7477820,,,9600
bnk_7477821,7477821,5077,2010-01-01,CREDIT_CARD,43293,104,19,set_7477821,,,5200
bnk_7477823,7477823,3938,2010-01-01,DEBIT_CARD,43293,40,7,set_7477823,,,3985
bnk_7477825,7477825,5942,2010-01-01,CREDIT_CARD,27092,120,22,set_7477825,,,6000
bnk_7477826,7477826,2589,2010-01-01,CREDIT_CARD,39021,53,10,set_7477826,,,2652
bnk_7477827,7477827,35036,2010-01-01,DEBIT_CARD,73661,355,64,set_7477827,,,35455
bnk_7477828,7477828,15811,2010-01-01,DEBIT_CARD,27092,160,29,set_7477828,,,16000
bnk_7477829,7477829,3882,2010-01-01,DEBIT_CARD,61195,39,7,set_7477829,,,3928
bnk_7477830,7477830,973,2010-01-01,DEBIT_CARD,22204,10,2,set_7477830,,,985
bnk_7477830b,7477830,973,2010-01-01,DEBIT_CARD,22204,10,2,set_7477830b,,,985
bnk_7477831,7477831,7864,2010-01-01,CREDIT_CARD,31883,161,29,set_7477831,,,8054
bnk_7477832,7477832,3737,2010-01-01,DEBIT_CARD,75781,38,7,set_7477832,,,3782
bnk_7477834,7477834,931,2010-01-01,DEBIT_CARD,75936,9,2,set_7477834,,,942
bnk_7477835,7477835,5171,2010-01-01,DEBIT_CARD,15143,52,9,set_7477835,,,5232
bnk_7477836,7477836,677,2010-01-01,DEBIT_CARD,59397,7,1,set_7477836,,,685
bnk_7477837,7477837,916,2010-01-01,CREDIT_CARD,46284,19,3,set_7477837,,,938
bnk_7477838,7477838,14788,2010-01-01,CREDIT_CARD,96585,303,55,set_7477838,,,15146
bnk_7477838b,7477838,14788,2010-01-01,CREDIT_CARD,96585,303,55,set_7477838b,,,15146
bnk_7477840,7477840,5929,2010-01-01,DEBIT_CARD,43293,60,11,set_7477840,,,6000
bnk_7477841,7477841,1522,2010-01-01,CREDIT_CARD,18563,31,6,set_7477841,,,1559
bnk_7477842,7477842,6835,2010-01-01,CREDIT_CARD,50867,140,25,set_7477842,,,7000
bnk_7477844,7477844,17305,2010-01-01,CREDIT_CARD,30286,354,64,set_7477844,,,17723
bnk_7477847,7477847,666,2010-01-01,DEBIT_CARD,13523,7,1,set_7477847,,,674
bnk_7477848,7477848,2255,2010-01-01,DEBIT_CARD,84460,23,4,set_7477848,,,2282
bnk_7477849,7477849,3704,2010-01-01,DEBIT_CARD,36778,37,7,set_7477849,,,3748
bnk_7477850,7477850,3843,2010-01-01,CREDIT_CARD,39021,79,14,set_7477850,,,3936
bnk_7477851,7477851,5737,2010-01-01,DEBIT_CARD,60569,58,10,set_7477851,,,5805
bnk_7477852,7477852,190,2010-01-01,CREDIT_CARD,74357,4,1,set_7477852,,,195
bnk_7477854,7477854,6720,2010-01-01,DEBIT_CARD,61195,68,12,set_7477854,,,6800
bnk_7477855,7477855,5459,2010-01-01,DEBIT_CARD,43293,55,10,set_7477855,,,5524
bnk_7477856,7477856,3972,2010-01-01,CREDIT_CARD,41122,81,15,set_7477856,,,4068
bnk_7477857,7477857,1002,2010-01-01,DEBIT_CARD,31671,10,2,set_7477857,,,1014
bnk_7477859,7477859,1508,2010-01-01,DEBIT_CARD,78113,15,3,set_7477859,,,1526
bnk_7477861,7477861,3676,2010-01-01,DEBIT_CARD,1967,37,7,set_7477861,,,3720
bnk_7477862,7477862,10837,2010-01-01,CREDIT_CARD,72353,222,40,set_7477862,,,11099
bnk_7477866,7477866,5849,2010-01-01,CREDIT_CARD,50867,120,22,set_7477866,,,5991
bnk_7477867,7477867,8241,2010-01-01,DEBIT_CARD,61195,82,15,set_7477867,,,8200
bnk_7477868,7477868,990,2010-01-01,CREDIT_CARD,61195,20,4,set_7477868,,,1014
bnk_7477869,7477869,1976,2010-01-01,DEBIT_CARD,90538,20,4,set_7477869,,,2000
bnk_7477873,7477873,2154,2010-01-01,DEBIT_CARD,63627,22,4,set_7477873,,,2180
bnk_7477874,7477874,9368,2010-01-01,DEBIT_CARD,60569,95,17,set_7477874,,,9480
bnk_7477875,7477875,5842,2010-01-01,DEBIT_CARD,51755,59,11,set_7477875,,,5912
bnk_7477876,7477876,6084,2010-01-01,CREDIT_CARD,16041,125,23,set_7477876,,,6232
bnk_7477877,7477877,8631,2010-01-01,DEBIT_CARD,61195,87,16,set_7477877,,,8734
bnk_7477879,7477879,2481,2010-01-01,DEBIT_CARD,98374,25,5,set_7477879,,,2511
bnk_7477880,7477880,2626,2010-01-01,DEBIT_CARD,18563,27,5,set_7477880,,,2658
bnk_7477882,7477882,4373,2010-01-01,DEBIT_CARD,90981,44,8,set_7477882,,,4425
bnk_7477884,7477884,3574,2010-01-01,DEBIT_CARD,15143,36,6,set_7477884,,,3616
bnk_7477884b,7477884,3574,2010-01-01,DEBIT_CARD,15143,36,6,set_7477884b,,,3616
bnk_7477885,7477885,9764,2010-01-01,CREDIT_CARD,27092,200,36,set_7477885,,,10000
bnk_7477886,7477886,3040,2010-01-01,DEBIT_CARD,18563,31,6,set_7477886,,,3077
bnk_7477887,7477887,3977,2010-01-01,DEBIT_CARD,81759,40,7,set_7477887,,,4024
bnk_7477890,7477890,7546,2010-01-01,CREDIT_CARD,43293,152,27,set_7477890,,,7600
bnk_7477891,7477891,744,2010-01-01,DEBIT_CARD,1642,8,1,set_7477891,,,753
bnk_7477892,7477892,16483,2010-01-01,CREDIT_CARD,57133,338,61,set_7477892,,,16882
bnk_7477894,7477894,2113,2010-01-01,DEBIT_CARD,16798,21,4,set_7477894,,,2138
bnk_7477895,7477895,3221,2010-01-01,CREDIT_CARD,11559,64,12,set_7477895,,,3224
bnk_7477896,7477896,7510,2010-01-01,DEBIT_CARD,43293,76,14,set_7477896,,,7600
bnk_7477897,7477897,2657,2010-01-01,CREDIT_CARD,57391,54,10,set_7477897,,,2721
bnk_7477898,7477898,831,2010-01-01,CREDIT_CARD,75936,17,3,set_7477898,,,851
bnk_7477899,7477899,1062,2010-01-01,DEBIT_CARD,18563,11,2,set_7477899,,,1075
bnk_7477900,7477900,4555,2010-01-01,DEBIT_CARD,39021,46,8,set_7477900,,,4609
bnk_7477901,7477901,7317,2010-01-01,CREDIT_CARD,39021,150,27,set_7477901,,,7494
bnk_7477902,7477902,7214,2010-01-01,DEBIT_CARD,50783,73,13,set_7477902,,,7300
bnk_7477903,7477903,3763,2010-01-01,DEBIT_CARD,68177,38,7,set_7477903,,,3808
bnk_7477904,7477904,3206,2010-01-01,DEBIT_CARD,60569,32,6,set_7477904,,,3244
bnk_7477905,7477905,1147,2010-01-01,CREDIT_CARD,50783,23,4,set_7477905,,,1174
bnk_7477907,7477907,1190,2010-01-01,DEBIT_CARD,20561,12,2,set_7477907,,,1204
bnk_7477908,7477908,1585,2010-01-01,DEBIT_CARD,16798,16,3,set_7477908,,,1604
bnk_7477909,7477909,3550,2010-01-01,DEBIT_CARD,81718,36,6,set_7477909,,,3592
bnk_7477912,7477912,4302,2010-01-01,CREDIT_CARD,39021,88,16,set_7477912,,,4406
bnk_7477913,7477913,7464,2010-01-01,DEBIT_CARD,43293,76,14,set_7477913,,,7554
bnk_7477914,7477914,1401,2010-01-01,DEBIT_CARD,50783,14,3,set_7477914,,,1418
bnk_7477915,7477915,11487,2010-01-01,DEBIT_CARD,32175,116,21,set_7477915,,,11624
bnk_7477917,7477917,101,2010-01-01,DEBIT_CARD,14528,1,0,set_7477917,,,102
bnk_7477918,7477918,2630,2010-01-01,DEBIT_CARD,39021,27,5,set_7477918,,,2662
bnk_7477919,7477919,7619,2010-01-01,DEBIT_CARD,68751,77,14,set_7477919,,,7710
bnk_7477920,7477920,5266,2010-01-01,DEBIT_CARD,67570,53,10,set_7477920,,,5329
bnk_7477921,7477921,163,2010-01-01,DEBIT_CARD,14528,2,0,set_7477921,,,165
bnk_7477922,7477922,1631,2010-01-01,CREDIT_CARD,18014,33,6,set_7477922,,,1670
bnk_7477923,7477923,5968,2010-01-01,DEBIT_CARD,22204,60,11,set_7477923,,,6039
bnk_7477924,7477924,838,2010-01-01,DEBIT_CARD,22938,8,1,set_7477924,,,847
bnk_7477925,7477925,121,2010-01-01,DEBIT_CARD,75781,1,0,set_7477925,,,122
bnk_7477927,7477927,4622,2010-01-01,CREDIT_CARD,68135,95,17,set_7477927,,,4734
bnk_7477928,7477928,545,2010-01-01,DEBIT_CARD,60569,6,1,set_7477928,,,552
bnk_7477929,7477929,3297,2010-01-01,CREDIT_CARD,63683,68,12,set_7477929,,,3377
bnk_7477930,7477930,697,2010-01-01,DEBIT_CARD,55416,7,1,set_7477930,,,705
bnk_7477931,7477931,3652,2010-01-01,DEBIT_CARD,41122,37,7,set_7477931,,,3696
bnk_7477932,7477932,3424,2010-01-01,DEBIT_CARD,46951,35,6,set_7477932,,,3465
bnk_7477933,7477933,5177,2010-01-01,DEBIT_CARD,98374,52,9,set_7477933,,,5238
bnk_7477935,7477935,3376,2010-01-01,CREDIT_CARD,43293,69,12,set_7477935,,,3457
bnk_7477936,7477936,5066,2010-01-01,CREDIT_CARD,15143,104,19,set_7477936,,,5189
bnk_7477937,7477937,1075,2010-01-01,CREDIT_CARD,62913,22,4,set_7477937,,,1101
bnk_7477938,7477938,456,2010-01-01,CREDIT_CARD,34490,9,2,set_7477938,,,467
bnk_7477939,7477939,31077,2010-01-01,DEBIT_CARD,5134,314,57,set_7477939,,,31448
bnk_7477941,7477941,2001,2010-01-01,CREDIT_CARD,70927,41,7,set_7477941,,,2049
bnk_7477942,7477942,1008,2010-01-01,DEBIT_CARD,62764,10,2,set_7477942,,,1020
bnk_7477943,7477943,4843,2010-01-01,DEBIT_CARD,22204,49,9,set_7477943,,,4901
bnk_7477944,7477944,2177,2010-01-01,DEBIT_CARD,45344,22,4,set_7477944,,,2203
bnk_7477945,7477945,9174,2010-01-01,CREDIT_CARD,20561,188,34,set_7477945,,,9396
bnk_7477946,7477946,1242,2010-01-01,DEBIT_CARD,19964,13,2,set_7477946,,,1257
bnk_7477947,7477947,976,2010-01-01,CREDIT_CARD,61195,20,4,set_7477947,,,1000
bnk_7477948,7477948,8103,2010-01-01,DEBIT_CARD,59935,82,15,set_7477948,,,8200
bnk_7477949,7477949,271,2010-01-01,CREDIT_CARD,50783,6,1,set_7477949,,,278
bnk_7477951,7477951,97,2010-01-01,DEBIT_CARD,14528,1,0,set_7477951,,,98
bnk_7477952,7477952,4115,2010-01-01,DEBIT_CARD,41122,42,8,set_7477952,,,4165
bnk_7477953,7477953,4637,2010-01-01,CREDIT_CARD,59350,93,17,set_7477953,,,4653
bnk_7477958,7477958,1094,2010-01-01,DEBIT_CARD,18563,11,2,set_7477958,,,1107
bnk_7477960,7477960,2396,2010-01-01,CREDIT_CARD,18563,48,9,set_7477960,,,2393
bnk_7477962,7477962,2049,2010-01-01,DEBIT_CARD,18563,21,4,set_7477962,,,2074
bnk_7477963,7477963,3313,2010-01-01,CREDIT_CARD,16030,68,12,set_7477963,,,3393
bnk_7477964,7477964,1536,2010-01-01,DEBIT_CARD,32175,16,3,set_7477964,,,1555
bnk_7477967,7477967,2384,2010-01-01,CREDIT_CARD,45149,49,9,set_7477967,,,2442
bnk_7477969,7477969,5315,2010-01-01,DEBIT_CARD,52100,54,10,set_7477969,,,5379
bnk_7477969b,7477969,5315,2010-01-01,DEBIT_CARD,52100,54,10,set_7477969b,,,5379
bnk_7477970,7477970,15811,2010-01-01,DEBIT_CARD,27092,160,29,set_7477970,,,16000
bnk_7477971,7477971,2267,2010-01-01,DEBIT_CARD,64656,22,4,set_7477971,,,2243
bnk_7477972,7477972,4617,2010-01-01,DEBIT_CARD,1967,47,8,set_7477972,,,4671
bnk_7477973,7477973,19974,2010-01-01,DEBIT_CARD,81833,202,36,set_7477973,,,20212
bnk_7477974,7477974,7171,2010-01-01,DEBIT_CARD,81833,73,13,set_7477974,,,7257
bnk_7477975,7477975,8755,2010-01-01,DEBIT_CARD,19496,89,16,set_7477975,,,8860
bnk_7477976,7477976,11087,2010-01-01,DEBIT_CARD,27601,112,20,set_7477976,,,11219
bnk_7477978,7477978,1432,2010-01-01,CREDIT_CARD,18563,29,5,set_7477978,,,1466
bnk_7477979,7477979,944,2010-01-01,DEBIT_CARD,58022,10,2,set_7477979,,,956
bnk_7477980,7477980,4969,2010-01-01,DEBIT_CARD,13646,50,9,set_7477980,,,5028
bnk_7477982,7477982,11326,2010-01-01,DEBIT_CARD,60569,115,21,set_7477982,,,11462
bnk_7477983,7477983,6347,2010-01-01,CREDIT_CARD,43293,130,23,set_7477983,,,6500
bnk_7477985,7477985,1053,2010-01-01,DEBIT_CARD,46284,11,2,set_7477985,,,1066
bnk_7477986,7477986,1715,2010-01-01,CREDIT_CARD,39021,35,6,set_7477986,,,1756
bnk_7477987,7477987,9435,2010-01-01,CREDIT_CARD,61806,193,35,set_7477987,,,9663
bnk_7477989,7477989,7,2010-01-01,DEBIT_CARD,14528,0,0,set_7477989,,,7
bnk_7477991,7477991,5974,2010-01-01,DEBIT_CARD,22204,60,11,set_7477991,,,6045
bnk_7477992,7477992,5879,2010-01-01,DEBIT_CARD,59935,59,11,set_7477992,,,5949
bnk_7477994,7477994,1843,2010-01-01,DEBIT_CARD,15143,19,3,set_7477994,,,1865
bnk_7477995,7477995,7965,2010-01-01,CREDIT_CARD,74938,163,29,set_7477995,,,8157
bnk_7477996,7477996,169,2010-01-01,DEBIT_CARD,14528,2,0,set_7477996,,,170
bnk_7477997,7477997,2647,2010-01-01,DEBIT_CARD,39021,27,5,set_7477997,,,2679
bnk_7477998,7477998,2358,2010-01-01,DEBIT_CARD,39021,23,4,set_7477998,,,2279
bnk_7478000,7478000,7214,2010-01-01,DEBIT_CARD,56431,73,13,set_7478000,,,7300
bnk_7478001,7478001,4056,2010-01-01,CREDIT_CARD,41122,83,15,set_7478001,,,4154
bnk_7478003,7478003,6330,2010-01-01,DEBIT_CARD,75781,64,12,set_7478003,,,6406
bnk_7478004,7478004,7189,2010-01-01,CREDIT_CARD,34490,147,26,set_7478004,,,7362
bnk_7478005,7478005,3962,2010-01-01,DEBIT_CARD,32175,40,7,set_7478005,,,4009
bnk_7478006,7478006,9764,2010-01-01,CREDIT_CARD,27092,200,36,set_7478006,,,10000
bnk_7478008,7478008,9552,2010-01-01,DEBIT_CARD,22204,97,17,set_7478008,,,9666
bnk_7478010,7478010,5420,2010-01-01,CREDIT_CARD,73661,111,20,set_7478010,,,5552
bnk_7478011,7478011,2747,2010-01-01,DEBIT_CARD,56431,28,5,set_7478011,,,2780
bnk_7478013,7478013,13198,2010-01-01,CREDIT_CARD,53405,270,49,set_7478013,,,13517
bnk_7478014,7478014,4043,2010-01-01,DEBIT_CARD,88544,40,7,set_7478014,,,4023
bnk_7478015,7478015,11858,2010-01-01,DEBIT_CARD,27092,120,22,set_7478015,,,12000
bnk_7478016,7478016,904,2010-01-01,DEBIT_CARD,39021,9,2,set_7478016,,,915
bnk_7478017,7478017,18978,2010-01-01,CREDIT_CARD,11121,389,70,set_7478017,,,19437
bnk_7478018,7478018,790,2010-01-01,CREDIT_CARD,51952,16,3,set_7478018,,,809
bnk_7478019,7478019,8202,2010-01-01,DEBIT_CARD,22204,83,15,set_7478019,,,8300
bnk_7478021,7478021,10375,2010-01-01,DEBIT_CARD,9932,105,19,set_7478021,,,10499
bnk_7478023,7478023,577,2010-01-01,DEBIT_CARD,50783,6,1,set_7478023,,,584
bnk_7478024,7478024,1224,2010-01-01,DEBIT_CARD,75781,12,2,set_7478024,,,1238
bnk_7478025,7478025,696,2010-01-01,CREDIT_CARD,43293,14,3,set_7478025,,,713
bnk_7478026,7478026,220,2010-01-01,DEBIT_CARD,14528,2,0,set_7478026,,,222
bnk_7478027,7478027,271,2010-01-01,CREDIT_CARD,39021,6,1,set_7478027,,,278
bnk_7478028,7478028,9345,2010-01-01,CREDIT_CARD,99104,191,34,set_7478028,,,9570
bnk_7478029,7478029,2462,2010-01-01,CREDIT_CARD,18563,50,9,set_7478029,,,2521
bnk_7478030,7478030,3907,2010-01-01,DEBIT_CARD,15143,39,7,set_7478030,,,3863
bnk_7478031,7478031,862,2010-01-01,CREDIT_CARD,50783,18,3,set_7478031,,,883
bnk_7478032,7478032,738,2010-01-01,DEBIT_CARD,22938,7,1,set_7478032,,,746
bnk_7478034,7478034,7072,2010-01-01,DEBIT_CARD,71681,72,13,set_7478034,,,7157
bnk_7478035,7478035,3685,2010-01-01,DEBIT_CARD,54298,37,7,set_7478035,,,3729
bnk_7478036,7478036,3222,2010-01-01,CREDIT_CARD,16798,66,12,set_7478036,,,3300
bnk_7478037,7478037,1776,2010-01-01,DEBIT_CARD,39021,18,3,set_7478037,,,1797
bnk_7478038,7478038,4955,2010-01-01,CREDIT_CARD,39021,102,18,set_7478038,,,5075
bnk_7478039,7478039,23260,2010-01-01,DEBIT_CARD,39991,235,42,set_7478039,,,23537
bnk_7478040,7478040,6290,2010-01-01,CREDIT_CARD,32175,129,23,set_7478040,,,6442
bnk_7478041,7478041,2621,2010-01-01,CREDIT_CARD,16798,54,10,set_7478041,,,2685
bnk_7478043,7478043,11819,2010-01-01,DEBIT_CARD,30289,120,22,set_7478043,,,11961
bnk_7478044,7478044,1925,2010-01-01,DEBIT_CARD,96795,19,3,set_7478044,,,1947
bnk_7478045,7478045,8340,2010-01-01,DEBIT_CARD,43293,84,15,set_7478045,,,8439
bnk_7478046,7478046,3132,2010-01-01,DEBIT_CARD,1631,32,6,set_7478046,,,3170
bnk_7478048,7478048,7466,2010-01-01,DEBIT_CARD,41122,76,14,set_7478048,,,7556
bnk_7478049,7478049,22033,2010-01-01,CREDIT_CARD,47928,451,81,set_7478049,,,22565
bnk_7478050,7478050,4216,2010-01-01,DEBIT_CARD,13646,43,8,set_7478050,,,4267
bnk_7478051,7478051,1001,2010-01-01,CREDIT_CARD,83229,21,4,set_7478051,,,1026
bnk_7478052,7478052,1259,2010-01-01,DEBIT_CARD,60569,13,2,set_7478052,,,1274
bnk_7478053,7478053,6720,2010-01-01,DEBIT_CARD,43293,68,12,set_7478053,,,6800
bnk_7478055,7478055,5035,2010-01-01,CREDIT_CARD,27310,103,19,set_7478055,,,5157
bnk_7478056,7478056,9574,2010-01-01,DEBIT_CARD,59935,97,17,set_7478056,,,9688
bnk_7478057,7478057,245,2010-01-01,DEBIT_CARD,44706,2,0,set_7478057,,,247
bnk_7478058,7478058,3135,2010-01-01,DEBIT_CARD,15143,32,6,set_7478058,,,3173
bnk_7478059,7478059,6522,2010-01-01,DEBIT_CARD,59935,66,12,set_7478059,,,6600
bnk_7478060,7478060,8762,2010-01-01,CREDIT_CARD,39021,179,32,set_7478060,,,8973
bnk_7478062,7478062,1327,2010-01-01,CREDIT_CARD,36577,27,5,set_7478062,,,1359
bnk_7478063,7478063,4435,2010-01-01,DEBIT_CARD,39021,44,8,set_7478063,,,4396
bnk_7478064,7478064,499,2010-01-01,CREDIT_CARD,68765,10,2,set_7478064,,,511
bnk_7478065,7478065,6783,2010-01-01,DEBIT_CARD,79927,69,12,set_7478065,,,6864
bnk_7478067,7478067,3721,2010-01-01,DEBIT_CARD,63683,38,7,set_7478067,,,3766
bnk_7478068,7478068,9276,2010-01-01,CREDIT_CARD,39549,190,34,set_7478068,,,9500
bnk_7478069,7478069,3312,2010-01-01,DEBIT_CARD,22204,34,6,set_7478069,,,3352
bnk_7478070,7478070,4467,2010-01-01,DEBIT_CARD,13369,45,8,set_7478070,,,4520
bnk_7478071,7478071,11858,2010-01-01,DEBIT_CARD,27092,120,22,set_7478071,,,12000
bnk_7478072,7478072,810,2010-01-01,DEBIT_CARD,25887,8,1,set_7478072,,,819
bnk_7478075,7478075,7807,2010-01-01,DEBIT_CARD,59935,79,14,set_7478075,,,7900
bnk_7478076,7478076,3146,2010-01-01,CREDIT_CARD,20519,64,12,set_7478076,,,3222
bnk_7478078,7478078,2470,2010-01-01,DEBIT_CARD,1631,25,5,set_7478078,,,2500
bnk_7478079,7478079,3785,2010-01-01,DEBIT_CARD,46284,38,7,set_7478079,,,3830
bnk_7478080,7478080,4724,2010-01-01,CREDIT_CARD,44306,97,17,set_7478080,,,4838
bnk_7478081,7478081,11364,2010-01-01,DEBIT_CARD,135,114,21,set_7478081,,,11380
bnk_7478083,7478083,4254,2010-01-01,DEBIT_CARD,64951,43,8,set_7478083,,,4305
bnk_7478084,7478084,16775,2010-01-01,DEBIT_CARD,77460,170,31,set_7478084,,,16976
bnk_7478085,7478085,4955,2010-01-01,DEBIT_CARD,22204,49,9,set_7478085,,,4877
bnk_7478086,7478086,1374,2010-01-01,DEBIT_CARD,15143,14,3,set_7478086,,,1391
bnk_7478087,7478087,3651,2010-01-01,CREDIT_CARD,39021,73,13,set_7478087,,,3651
bnk_7478089,7478089,1409,2010-01-01,DEBIT_CARD,7082,14,3,set_7478089,,,1426
bnk_7478091,7478091,3634,2010-01-01,CREDIT_CARD,59935,74,13,set_7478091,,,3721
bnk_7478090,7478090,6021,2010-01-01,CREDIT_CARD,59935,122,22,set_7478090,,,6100
bnk_7478092,7478092,3969,2010-01-01,DEBIT_CARD,25757,40,7,set_7478092,,,4016
bnk_7478094,7478094,6444,2010-01-01,CREDIT_CARD,61195,132,24,set_7478094,,,6600
bnk_7478095,7478095,89,2010-01-01,CREDIT_CARD,33054,2,0,set_7478095,,,91
bnk_7478096,7478096,244,2010-01-01,DEBIT_CARD,70984,2,0,set_7478096,,,246
bnk_7478097,7478097,4011,2010-01-01,DEBIT_CARD,39021,41,7,set_7478097,,,4059
bnk_7478098,7478098,1627,2010-01-01,DEBIT_CARD,1631,16,3,set_7478098,,,1646
bnk_7478100,7478100,675,2010-01-01,CREDIT_CARD,30928,14,3,set_7478100,,,692
bnk_7478101,7478101,4691,2010-01-01,DEBIT_CARD,73186,47,8,set_7478101,,,4746
bnk_7478102,7478102,944,2010-01-01,DEBIT_CARD,99370,10,2,set_7478102,,,956
bnk_7478103,7478103,5935,2010-01-01,CREDIT_CARD,37369,122,22,set_7478103,,,6079
bnk_7478104,7478104,1582,2010-01-01,DEBIT_CARD,32175,16,3,set_7478104,,,1601
bnk_7478106,7478106,1446,2010-01-01,CREDIT_CARD,16798,30,5,set_7478106,,,1481
bnk_7478108,7478108,1997,2010-01-01,DEBIT_CARD,92741,20,4,set_7478108,,,2021
bnk_7478110,7478110,2906,2010-01-01,DEBIT_CARD,90755,29,5,set_7478110,,,2940
bnk_7478111,7478111,1112,2010-01-01,DEBIT_CARD,91128,11,2,set_7478111,,,1125
bnk_7478112,7478112,9296,2010-01-01,DEBIT_CARD,22465,94,17,set_7478112,,,9407
bnk_7478114,7478114,1623,2010-01-01,DEBIT_CARD,53517,16,3,set_7478114,,,1642
bnk_7478115,7478115,7570,2010-01-01,DEBIT_CARD,39021,77,14,set_7478115,,,7661
bnk_7478116,7478116,1066,2010-01-01,CREDIT_CARD,59935,22,4,set_7478116,,,1092
bnk_7478117,7478117,6138,2010-01-01,CREDIT_CARD,50867,126,23,set_7478117,,,6287
bnk_7478118,7478118,1909,2010-01-01,CREDIT_CARD,81922,39,7,set_7478118,,,1955
bnk_7478120,7478120,1040,2010-01-01,CREDIT_CARD,37630,21,4,set_7478120,,,1065
bnk_7478122,7478122,9190,2010-01-01,DEBIT_CARD,22204,93,17,set_7478122,,,9300
bnk_7478123,7478123,148,2010-01-01,DEBIT_CARD,75781,1,0,set_7478123,,,149
bnk_7478124,7478124,20978,2010-01-01,CREDIT_CARD,32480,430,77,set_7478124,,,21485
bnk_7478125,7478125,2797,2010-01-01,CREDIT_CARD,1770,57,10,set_7478125,,,2864
bnk_7478126,7478126,1341,2010-01-01,DEBIT_CARD,20561,14,3,set_7478126,,,1358
bnk_7478127,7478127,4130,2010-01-01,DEBIT_CARD,86959,42,8,set_7478127,,,4181
bnk_7478128,7478128,747,2010-01-01,CREDIT_CARD,75781,15,3,set_7478128,,,765
bnk_7478130,7478130,3018,2010-01-01,DEBIT_CARD,49239,31,6,set_7478130,,,3055
bnk_7478131,7478131,1787,2010-01-01,DEBIT_CARD,16798,18,3,set_7478131,,,1808
bnk_7478132,7478132,4255,2010-01-01,CREDIT_CARD,61195,87,16,set_7478132,,,4358
bnk_7478133,7478133,6640,2010-01-01,CREDIT_CARD,59935,136,24,set_7478133,,,6800
bnk_7478135,7478135,9576,2010-01-01,CREDIT_CARD,92822,196,35,set_7478135,,,9807
bnk_7478136,7478136,3906,2010-01-01,CREDIT_CARD,27092,80,14,set_7478136,,,4000
bnk_7478141,7478141,15222,2010-01-01,CREDIT_CARD,79927,312,56,set_7478141,,,15590
bnk_7478142,7478142,12656,2010-01-01,CREDIT_CARD,52923,259,47,set_7478142,,,12962
bnk_7478143,7478143,6737,2010-01-01,CREDIT_CARD,50867,138,25,set_7478143,,,6900
bnk_7478144,7478144,967,2010-01-01,DEBIT_CARD,16798,10,2,set_7478144,,,979
bnk_7478145,7478145,274,2010-01-01,DEBIT_CARD,75781,3,1,set_7478145,,,278
bnk_7478146,7478146,7016,2010-01-01,DEBIT_CARD,22204,71,13,set_7478146,,,7100
bnk_7478147,7478147,1237,2010-01-01,DEBIT_CARD,4312,13,2,set_7478147,,,1252
bnk_7478148,7478148,883,2010-01-01,DEBIT_CARD,32858,9,2,set_7478148,,,894
bnk_7478149,7478149,9911,2010-01-01,DEBIT_CARD,81833,100,18,set_7478149,,,10029
bnk_7478150,7478150,5254,2010-01-01,DEBIT_CARD,61195,53,10,set_7478150,,,5317
bnk_7478150b,7478150,5254,2010-01-01,DEBIT_CARD,61195,53,10,set_7478150b,,,5317
bnk_7478152,7478152,13268,2010-01-01,DEBIT_CARD,44795,134,24,set_7478152,,,13426
bnk_7478153,7478153,4228,2010-01-01,DEBIT_CARD,26810,41,7,set_7478153,,,4137
bnk_7478154,7478154,6324,2010-01-01,DEBIT_CARD,26810,64,12,set_7478154,,,6400
bnk_7478155,7478155,105,2010-01-01,DEBIT_CARD,14528,1,0,set_7478155,,,106
bnk_7478156,7478156,2266,2010-01-01,CREDIT_CARD,81922,46,8,set_7478156,,,2320
bnk_7478157,7478157,12224,2010-01-01,DEBIT_CARD,42967,124,22,set_7478157,,,12370
bnk_7478158,7478158,979,2010-01-01,CREDIT_CARD,68671,20,4,set_7478158,,,1003
bnk_7478159,7478159,1281,2010-01-01,CREDIT_CARD,75936,26,5,set_7478159,,,1312
bnk_7478160,7478160,1657,2010-01-01,DEBIT_CARD,3306,17,3,set_7478160,,,1677
bnk_7478161,7478161,2318,2010-01-01,CREDIT_CARD,45926,47,8,set_7478161,,,2373
bnk_7478163,7478163,1849,2010-01-01,CREDIT_CARD,16798,38,7,set_7478163,,,1894
bnk_7478165,7478165,11730,2010-01-01,DEBIT_CARD,16790,119,21,set_7478165,,,11870
bnk_7478166,7478166,2526,2010-01-01,DEBIT_CARD,13932,26,5,set_7478166,,,2557
bnk_7478167,7478167,6913,2010-01-01,CREDIT_CARD,75936,140,25,set_7478167,,,6992
bnk_7478168,7478168,95,2010-01-01,DEBIT_CARD,14528,1,0,set_7478168,,,96
bnk_7478169,7478169,3366,2010-01-01,DEBIT_CARD,45989,34,6,set_7478169,,,3406
bnk_7478170,7478170,1429,2010-01-01,CREDIT_CARD,7929,29,5,set_7478170,,,1463
bnk_7478171,7478171,5478,2010-01-01,DEBIT_CARD,32175,55,10,set_7478171,,,5459
bnk_7478172,7478172,3565,2010-01-01,DEBIT_CARD,50517,36,6,set_7478172,,,3607
bnk_7478173,7478173,4302,2010-01-01,DEBIT_CARD,59935,44,8,set_7478173,,,4354
bnk_7478174,7478174,2131,2010-01-01,CREDIT_CARD,10186,44,8,set_7478174,,,2183
bnk_7478175,7478175,8103,2010-01-01,DEBIT_CARD,61195,82,15,set_7478175,,,8200
bnk_7478178,7478178,7811,2010-01-01,CREDIT_CARD,27092,160,29,set_7478178,,,8000
bnk_7478179,7478179,1385,2010-01-01,DEBIT_CARD,51238,14,3,set_7478179,,,1402
bnk_7478180,7478180,1786,2010-01-01,DEBIT_CARD,16798,18,3,set_7478180,,,1807
bnk_7478181,7478181,12059,2010-01-01,DEBIT_CARD,31883,122,22,set_7478181,,,12203
bnk_7478182,7478182,1249,2010-01-01,DEBIT_CARD,3919,13,2,set_7478182,,,1264
bnk_7478184,7478184,10997,2010-01-01,DEBIT_CARD,96896,111,20,set_7478184,,,11128
bnk_7478185,7478185,1822,2010-01-01,CREDIT_CARD,18563,37,7,set_7478185,,,1866
bnk_7478186,7478186,48670,2010-01-01,DEBIT_CARD,51593,493,89,set_7478186,,,49252
bnk_7478187,7478187,5548,2010-01-01,DEBIT_CARD,59935,55,10,set_7478187,,,5508
bnk_7478188,7478188,3951,2010-01-01,DEBIT_CARD,83743,40,7,set_7478188,,,3998
bnk_7478191,7478191,9449,2010-01-01,CREDIT_CARD,45063,194,35,set_7478191,,,9678
bnk_7478195,7478195,1406,2010-01-01,CREDIT_CARD,40122,29,5,set_7478195,,,1440
bnk_7478198,7478198,893,2010-01-01,CREDIT_CARD,61195,18,3,set_7478198,,,914
bnk_7478200,7478200,1589,2010-01-01,DEBIT_CARD,78940,16,3,set_7478200,,,1608
bnk_7478202,7478202,697,2010-01-01,DEBIT_CARD,17613,7,1,set_7478202,,,705
bnk_7478203,7478203,8147,2010-01-01,CREDIT_CARD,60569,167,30,set_7478203,,,8344
bnk_7478204,7478204,1015,2010-01-01,CREDIT_CARD,13067,21,4,set_7478204,,,1040
bnk_7478206,7478206,5565,2010-01-01,CREDIT_CARD,22204,114,21,set_7478206,,,5700
bnk_7478207,7478207,1935,2010-01-01,CREDIT_CARD,96964,40,7,set_7478207,,,1982
bnk_7478208,7478208,106,2010-01-01,DEBIT_CARD,86438,1,0,set_7478208,,,107
bnk_7478209,7478209,4673,2010-01-01,DEBIT_CARD,84146,47,8,set_7478209,,,4728
bnk_7478211,7478211,11241,2010-01-01,CREDIT_CARD,75781,230,41,set_7478211,,,11512
bnk_7478212,7478212,7886,2010-01-01,DEBIT_CARD,46284,80,14,set_7478212,,,7980
bnk_7478213,7478213,2835,2010-01-01,CREDIT_CARD,39021,58,10,set_7478213,,,2903
bnk_7478215,7478215,9923,2010-01-01,CREDIT_CARD,75781,203,37,set_7478215,,,10162
bnk_7478216,7478216,9298,2010-01-01,DEBIT_CARD,59935,94,17,set_7478216,,,9409
bnk_7478217,7478217,8735,2010-01-01,CREDIT_CARD,81833,179,32,set_7478217,,,8946
bnk_7478219,7478219,4210,2010-01-01,DEBIT_CARD,39021,43,8,set_7478219,,,4261
bnk_7478222,7478222,1496,2010-01-01,DEBIT_CARD,15143,15,3,set_7478222,,,1514
bnk_7478223,7478223,253,2010-01-01,DEBIT_CARD,14528,3,1,set_7478223,,,257
bnk_7478224,7478224,12417,2010-01-01,DEBIT_CARD,72719,126,23,set_7478224,,,12566
bnk_7478225,7478225,9976,2010-01-01,CREDIT_CARD,61195,204,37,set_7478225,,,10217
bnk_7478226,7478226,1235,2010-01-01,DEBIT_CARD,54412,13,2,set_7478226,,,1250
bnk_7478228,7478228,8489,2010-01-01,DEBIT_CARD,60569,86,15,set_7478228,,,8590
bnk_7478229,7478229,16749,2010-01-01,DEBIT_CARD,48919,170,31,set_7478229,,,16950
bnk_7478232,7478232,2830,2010-01-01,DEBIT_CARD,50404,29,5,set_7478232,,,2864
bnk_7478235,7478235,7725,2010-01-01,CREDIT_CARD,32175,158,28,set_7478235,,,7911
bnk_7478237,7478237,14641,2010-01-01,CREDIT_CARD,2177,300,54,set_7478237,,,14995
bnk_7478238,7478238,2747,2010-01-01,DEBIT_CARD,18563,28,5,set_7478238,,,2780
bnk_7478239,7478239,2292,2010-01-01,DEBIT_CARD,81922,23,4,set_7478239,,,2319
bnk_7478241,7478241,276,2010-01-01,CREDIT_CARD,18563,6,1,set_7478241,,,283
bnk_7478242,7478242,1251,2010-01-01,CREDIT_CARD,22204,26,5,set_7478242,,,1282
bnk_7478243,7478243,203,2010-01-01,DEBIT_CARD,45926,2,0,set_7478243,,,205
bnk_7478244,7478244,1911,2010-01-01,DEBIT_CARD,26810,19,3,set_7478244,,,1933
bnk_7478245,7478245,8397,2010-01-01,CREDIT_CARD,61195,172,31,set_7478245,,,8600
bnk_7478247,7478247,4987,2010-01-01,DEBIT_CARD,86410,50,9,set_7478247,,,5046
bnk_7478248,7478248,3811,2010-01-01,CREDIT_CARD,22204,77,14,set_7478248,,,3830
bnk_7478250,7478250,6570,2010-01-01,DEBIT_CARD,36934,66,12,set_7478250,,,6648
bnk_7478251,7478251,2433,2010-01-01,DEBIT_CARD,25954,25,5,set_7478251,,,2463
bnk_7478252,7478252,19849,2010-01-01,CREDIT_CARD,44795,407,73,set_7478252,,,20329
bnk_7478253,7478253,4314,2010-01-01,DEBIT_CARD,41122,44,8,set_7478253,,,4366
bnk_7478254,7478254,14091,2010-01-01,DEBIT_CARD,31088,143,26,set_7478254,,,14260
bnk_7478255,7478255,9882,2010-01-01,DEBIT_CARD,27092,100,18,set_7478255,,,10000
bnk_7478256,7478256,5961,2010-01-01,DEBIT_CARD,27770,60,11,set_7478256,,,6032
bnk_7478257,7478257,6720,2010-01-01,DEBIT_CARD,59935,68,12,set_7478257,,,6800
bnk_7478258,7478258,1630,2010-01-01,CREDIT_CARD,47278,33,6,set_7478258,,,1669
bnk_7478259,7478259,8143,2010-01-01,CREDIT_CARD,60569,167,30,set_7478259,,,8340
bnk_7478260,7478260,4364,2010-01-01,DEBIT_CARD,39021,44,8,set_7478260,,,4416
bnk_7478261,7478261,6450,2010-01-01,DEBIT_CARD,34488,65,12,set_7478261,,,6527
bnk_7478262,7478262,3404,2010-01-01,DEBIT_CARD,63683,33,6,set_7478262,,,3322
bnk_7478263,7478263,132,2010-01-01,DEBIT_CARD,14528,1,0,set_7478263,,,133
bnk_7478264,7478264,1172,2010-01-01,DEBIT_CARD,75781,12,2,set_7478264,,,1186
bnk_7478265,7478265,4666,2010-01-01,CREDIT_CARD,31295,96,17,set_7478265,,,4779
bnk_7478266,7478266,3075,2010-01-01,DEBIT_CARD,66428,31,6,set_7478266,,,3112
bnk_7478268,7478268,512,2010-01-01,DEBIT_CARD,46474,5,1,set_7478268,,,518
bnk_7478269,7478269,1685,2010-01-01,DEBIT_CARD,32606,17,3,set_7478269,,,1705
bnk_7478270,7478270,395,2010-01-01,CREDIT_CARD,59618,8,1,set_7478270,,,404
bnk_7478272,7478272,2739,2010-01-01,DEBIT_CARD,19756,28,5,set_7478272,,,2772
bnk_7478273,7478273,9882,2010-01-01,DEBIT_CARD,27092,100,18,set_7478273,,,10000
bnk_7478274,7478274,3129,2010-01-01,DEBIT_CARD,16798,32,6,set_7478274,,,3167
bnk_7478275,7478275,3559,2010-01-01,CREDIT_CARD,89707,73,13,set_7478275,,,3645
bnk_7478277,7478277,9487,2010-01-01,DEBIT_CARD,59935,96,17,set_7478277,,,9600
bnk_7478278,7478278,2416,2010-01-01,CREDIT_CARD,16798,49,9,set_7478278,,,2474
bnk_7478279,7478279,2311,2010-01-01,CREDIT_CARD,17708,46,8,set_7478279,,,2277
bnk_7478280,7478280,2560,2010-01-01,CREDIT_CARD,39021,52,9,set_7478280,,,2621
bnk_7478281,7478281,415,2010-01-01,CREDIT_CARD,46983,9,2,set_7478281,,,426
bnk_7478285,7478285,1193,2010-01-01,CREDIT_CARD,82585,24,4,set_7478285,,,1221
bnk_7478286,7478286,2445,2010-01-01,DEBIT_CARD,39021,25,5,set_7478286,,,2475
bnk_7478287,7478287,8555,2010-01-01,DEBIT_CARD,36545,87,16,set_7478287,,,8658
bnk_7478288,7478288,870,2010-01-01,DEBIT_CARD,50783,9,2,set_7478288,,,881
bnk_7478290,7478290,11717,2010-01-01,CREDIT_CARD,27092,240,43,set_7478290,,,12000
bnk_7478293,7478293,2259,2010-01-01,DEBIT_CARD,18563,23,4,set_7478293,,,2286
bnk_7478294,7478294,14037,2010-01-01,CREDIT_CARD,55235,288,52,set_7478294,,,14377
bnk_7478295,7478295,6302,2010-01-01,DEBIT_CARD,20561,64,12,set_7478295,,,6378
bnk_7478298,7478298,5638,2010-01-01,DEBIT_CARD,6827,57,10,set_7478298,,,5705
bnk_7478299,7478299,2753,2010-01-01,DEBIT_CARD,15143,28,5,set_7478299,,,2786
bnk_7478301,7478301,699,2010-01-01,DEBIT_CARD,46474,7,1,set_7478301,,,707
bnk_7478303,7478303,3953,2010-01-01,DEBIT_CARD,27092,40,7,set_7478303,,,4000
bnk_7478304,7478304,2385,2010-01-01,DEBIT_CARD,41122,24,4,set_7478304,,,2413
bnk_7478305,7478305,112,2010-01-01,DEBIT_CARD,14528,1,0,set_7478305,,,113
bnk_7478306,7478306,3529,2010-01-01,DEBIT_CARD,43293,36,6,set_7478306,,,3571
bnk_7478307,7478307,3653,2010-01-01,CREDIT_CARD,39021,75,14,set_7478307,,,3742
bnk_7478308,7478308,159,2010-01-01,DEBIT_CARD,14528,2,0,set_7478308,,,161
bnk_7478310,7478310,12891,2010-01-01,DEBIT_CARD,60569,130,23,set_7478310,,,13044
bnk_7478311,7478311,11902,2010-01-01,CREDIT_CARD,15426,244,44,set_7478311,,,12190
bnk_7478312,7478312,24888,2010-01-01,CREDIT_CARD,20916,510,92,set_7478312,,,25490
bnk_7478313,7478313,9989,2010-01-01,DEBIT_CARD,60569,100,18,set_7478313,,,10048
bnk_7478314,7478314,1444,2010-01-01,DEBIT_CARD,27274,15,3,set_7478314,,,1462
bnk_7478315,7478315,656,2010-01-01,DEBIT_CARD,50783,7,1,set_7478315,,,664
bnk_7478317,7478317,23651,2010-01-01,DEBIT_CARD,67570,239,43,set_7478317,,,23933
bnk_7478318,7478318,8103,2010-01-01,DEBIT_CARD,50867,82,15,set_7478318,,,8200
bnk_7478319,7478319,10685,2010-01-01,CREDIT_CARD,61195,219,39,set_7478319,,,10943
bnk_7478320,7478320,1885,2010-01-01,DEBIT_CARD,34390,19,3,set_7478320,,,1907
bnk_7478320b,7478320,1885,2010-01-01,DEBIT_CARD,34390,19,3,set_7478320b,,,1907
bnk_7478321,7478321,2144,2010-01-01,DEBIT_CARD,39021,22,4,set_7478321,,,2170
bnk_7478322,7478322,1853,2010-01-01,DEBIT_CARD,50867,19,3,set_7478322,,,1875
bnk_7478323,7478323,68257,2010-01-01,CREDIT_CARD,38489,1398,252,set_7478323,,,69907
bnk_7478324,7478324,2403,2010-01-01,DEBIT_CARD,39021,23,4,set_7478324,,,2313
bnk_7478325,7478325,13927,2010-01-01,CREDIT_CARD,61195,285,51,set_7478325,,,14263
bnk_7478326,7478326,6233,2010-01-01,DEBIT_CARD,59935,63,11,set_7478326,,,6307
bnk_7478327,7478327,4640,2010-01-01,DEBIT_CARD,11468,47,8,set_7478327,,,4695
bnk_7478329,7478329,2128,2010-01-01,CREDIT_CARD,50783,44,8,set_7478329,,,2180
bnk_7478330,7478330,476,2010-01-01,DEBIT_CARD,28395,4,1,set_7478330,,,362
bnk_7478331,7478331,1320,2010-01-01,DEBIT_CARD,55049,13,2,set_7478331,,,1335
bnk_7478332,7478332,26045,2010-01-01,CREDIT_CARD,57133,533,96,set_7478332,,,26674
bnk_7478334,7478334,18950,2010-01-01,DEBIT_CARD,80353,192,35,set_7478334,,,19177
bnk_7478335,7478335,3345,2010-01-01,DEBIT_CARD,45926,34,6,set_7478335,,,3385
bnk_7478336,7478336,9091,2010-01-01,DEBIT_CARD,59935,92,17,set_7478336,,,9200
bnk_7478337,7478337,1976,2010-01-01,DEBIT_CARD,27092,20,4,set_7478337,,,2000
bnk_7478338,7478338,5318,2010-01-01,CREDIT_CARD,86313,109,20,set_7478338,,,5447
bnk_7478339,7478339,2691,2010-01-01,DEBIT_CARD,99370,27,5,set_7478339,,,2723
bnk_7478340,7478340,315,2010-01-01,CREDIT_CARD,13523,6,1,set_7478340,,,322
bnk_7478343,7478343,1177,2010-01-01,DEBIT_CARD,18563,12,2,set_7478343,,,1191
bnk_7478345,7478345,2321,2010-01-01,CREDIT_CARD,97974,48,9,set_7478345,,,2378
bnk_7478346,7478346,5968,2010-01-01,CREDIT_CARD,27092,120,22,set_7478346,,,6000
bnk_7478348,7478348,415,2010-01-01,DEBIT_CARD,22204,4,1,set_7478348,,,420
bnk_7478349,7478349,3845,2010-01-01,DEBIT_CARD,39021,39,7,set_7478349,,,3891
bnk_7478351,7478351,4587,2010-01-01,DEBIT_CARD,75781,46,8,set_7478351,,,4641
bnk_7478352,7478352,373,2010-01-01,CREDIT_CARD,75781,6,1,set_7478352,,,279
bnk_7478353,7478353,1325,2010-01-01,DEBIT_CARD,92741,13,2,set_7478353,,,1340
bnk_7478354,7478354,9428,2010-01-01,CREDIT_CARD,61195,193,35,set_7478354,,,9656
bnk_7478358,7478358,15731,2010-01-01,DEBIT_CARD,34490,159,29,set_7478358,,,15919
bnk_7478359,7478359,9783,2010-01-01,DEBIT_CARD,61195,99,18,set_7478359,,,9900
bnk_7478361,7478361,13835,2010-01-01,DEBIT_CARD,27092,140,25,set_7478361,,,14000
bnk_7478362,7478362,3717,2010-01-01,DEBIT_CARD,75936,38,7,set_7478362,,,3762
bnk_7478363,7478363,2864,2010-01-01,CREDIT_CARD,17984,59,11,set_7478363,,,2934
bnk_7478364,7478364,1908,2010-01-01,DEBIT_CARD,38066,19,3,set_7478364,,,1930
bnk_7478365,7478365,15622,2010-01-01,CREDIT_CARD,27092,320,58,set_7478365,,,16000
bnk_7478366,7478366,2753,2010-01-01,CREDIT_CARD,39021,56,10,set_7478366,,,2819
bnk_7478367,7478367,4354,2010-01-01,DEBIT_CARD,23446,44,8,set_7478367,,,4406
bnk_7478368,7478368,3237,2010-01-01,CREDIT_CARD,16798,66,12,set_7478368,,,3315
bnk_7478370,7478370,3780,2010-01-01,DEBIT_CARD,81215,38,7,set_7478370,,,3825
bnk_7478372,7478372,480,2010-01-01,DEBIT_CARD,46284,5,1,set_7478372,,,486
bnk_7478374,7478374,5729,2010-01-01,DEBIT_CARD,25887,58,10,set_7478374,,,5797
bnk_7478375,7478375,6581,2010-01-01,DEBIT_CARD,81833,67,12,set_7478375,,,6660
bnk_7478376,7478376,6679,2010-01-01,DEBIT_CARD,59935,68,12,set_7478376,,,6759
bnk_7478377,7478377,419,2010-01-01,DEBIT_CARD,84062,4,1,set_7478377,,,424
bnk_7478378,7478378,5469,2010-01-01,CREDIT_CARD,38958,112,20,set_7478378,,,5601
bnk_7478379,7478379,5410,2010-01-01,CREDIT_CARD,31883,111,20,set_7478379,,,5541
bnk_7478381,7478381,297,2010-01-01,DEBIT_CARD,75781,3,1,set_7478381,,,301
bnk_7478382,7478382,6324,2010-01-01,DEBIT_CARD,59935,64,12,set_7478382,,,6400
bnk_7478383,7478383,2425,2010-01-01,DEBIT_CARD,15143,25,5,set_7478383,,,2455
bnk_7478384,7478384,278,2010-01-01,DEBIT_CARD,60569,3,1,set_7478384,,,282
bnk_7478385,7478385,8460,2010-01-01,CREDIT_CARD,53460,173,31,set_7478385,,,8664
bnk_7478386,7478386,1768,2010-01-01,CREDIT_CARD,50783,34,6,set_7478386,,,1676
bnk_7478387,7478387,2387,2010-01-01,DEBIT_CARD,93558,24,4,set_7478387,,,2415
bnk_7478388,7478388,1823,2010-01-01,CREDIT_CARD,84554,34,6,set_7478388,,,1714
bnk_7478390,7478390,3299,2010-01-01,DEBIT_CARD,59935,33,6,set_7478390,,,3338
bnk_7478391,7478391,1113,2010-01-01,DEBIT_CARD,69972,11,2,set_7478391,,,1126
bnk_7478393,7478393,15329,2010-01-01,CREDIT_CARD,83661,314,57,set_7478393,,,15700
bnk_7478394,7478394,5732,2010-01-01,DEBIT_CARD,28395,58,10,set_7478394,,,5800
bnk_7478395,7478395,4949,2010-01-01,CREDIT_CARD,13646,101,18,set_7478395,,,5068
bnk_7478396,7478396,2470,2010-01-01,DEBIT_CARD,39021,25,5,set_7478396,,,2500
bnk_7478397,7478397,3861,2010-01-01,DEBIT_CARD,98123,39,7,set_7478397,,,3907
bnk_7478399,7478399,2309,2010-01-01,CREDIT_CARD,66428,47,8,set_7478399,,,2364
bnk_7478400,7478400,8499,2010-01-01,DEBIT_CARD,59935,86,15,set_7478400,,,8600
bnk_7478401,7478401,14897,2010-01-01,CREDIT_CARD,49637,305,55,set_7478401,,,15257
bnk_7478402,7478402,20060,2010-01-01,DEBIT_CARD,96185,203,37,set_7478402,,,20300
bnk_7478403,7478403,73,2010-01-01,DEBIT_CARD,14528,1,0,set_7478403,,,74
bnk_7478404,7478404,133,2010-01-01,DEBIT_CARD,45926,1,0,set_7478404,,,134
bnk_7478405,7478405,9052,2010-01-01,DEBIT_CARD,50783,92,17,set_7478405,,,9161
bnk_7478407,7478407,30211,2010-01-01,CREDIT_CARD,73186,619,111,set_7478407,,,30941
bnk_7478408,7478408,7811,2010-01-01,CREDIT_CARD,27092,160,29,set_7478408,,,8000
bnk_7478412,7478412,2771,2010-01-01,DEBIT_CARD,59935,28,5,set_7478412,,,2804
bnk_7478413,7478413,9190,2010-01-01,DEBIT_CARD,59935,93,17,set_7478413,,,9300
bnk_7478416,7478416,9882,2010-01-01,DEBIT_CARD,27092,100,18,set_7478416,,,10000
bnk_7478418,7478418,1798,2010-01-01,DEBIT_CARD,39021,18,3,set_7478418,,,1819
bnk_7478419,7478419,8978,2010-01-01,DEBIT_CARD,61195,91,16,set_7478419,,,9085
bnk_7478420,7478420,2242,2010-01-01,DEBIT_CARD,39021,23,4,set_7478420,,,2269
bnk_7478421,7478421,4342,2010-01-01,DEBIT_CARD,13646,43,8,set_7478421,,,4327
bnk_7478422,7478422,1834,2010-01-01,CREDIT_CARD,59610,38,7,set_7478422,,,1879
bnk_7478424,7478424,316,2010-01-01,CREDIT_CARD,42043,6,1,set_7478424,,,322
bnk_7478426,7478426,9487,2010-01-01,DEBIT_CARD,43293,96,17,set_7478426,,,9600
bnk_7478427,7478427,3513,2010-01-01,DEBIT_CARD,39021,36,6,set_7478427,,,3555
bnk_7478428,7478428,9764,2010-01-01,CREDIT_CARD,27092,200,36,set_7478428,,,10000
bnk_7478429,7478429,2850,2010-01-01,DEBIT_CARD,15143,29,5,set_7478429,,,2884
bnk_7478431,7478431,15811,2010-01-01,DEBIT_CARD,27092,160,29,set_7478431,,,16000
bnk_7478432,7478432,11831,2010-01-01,CREDIT_CARD,50292,242,44,set_7478432,,,12117
bnk_7478433,7478433,13382,2010-01-01,DEBIT_CARD,75781,135,24,set_7478433,,,13541
bnk_7478434,7478434,5654,2010-01-01,DEBIT_CARD,44578,56,10,set_7478434,,,5583
bnk_7478435,7478435,5091,2010-01-01,CREDIT_CARD,39021,104,19,set_7478435,,,5214
bnk_7478436,7478436,7040,2010-01-01,DEBIT_CARD,34488,71,13,set_7478436,,,7124
bnk_7478437,7478437,2706,2010-01-01,DEBIT_CARD,18563,27,5,set_7478437,,,2738
bnk_7478438,7478438,491,2010-01-01,DEBIT_CARD,80397,5,1,set_7478438,,,497
bnk_7478438b,7478438,491,2010-01-01,DEBIT_CARD,80397,5,1,set_7478438b,,,497
bnk_7478440,7478440,2153,2010-01-01,DEBIT_CARD,23801,22,4,set_7478440,,,2179
bnk_7478441,7478441,9601,2010-01-01,CREDIT_CARD,20561,197,35,set_7478441,,,9833
bnk_7478442,7478442,3647,2010-01-01,DEBIT_CARD,16798,37,7,set_7478442,,,3691
bnk_7478442b,7478442,3647,2010-01-01,DEBIT_CARD,16798,37,7,set_7478442b,,,3691
bnk_7478443,7478443,10005,2010-01-01,DEBIT_CARD,38482,101,18,set_7478443,,,10124
bnk_7478444,7478444,14542,2010-01-01,DEBIT_CARD,50783,147,26,set_7478444,,,14715
bnk_7478445,7478445,12138,2010-01-01,DEBIT_CARD,54850,123,22,set_7478445,,,12283
bnk_7478445b,7478445,12138,2010-01-01,DEBIT_CARD,54850,123,22,set_7478445b,,,12283
bnk_7478446,7478446,5186,2010-01-01,CREDIT_CARD,17493,106,19,set_7478446,,,5311
bnk_7478447,7478447,4291,2010-01-01,DEBIT_CARD,25887,43,8,set_7478447,,,4342
bnk_7478448,7478448,2437,2010-01-01,DEBIT_CARD,39021,25,5,set_7478448,,,2467
bnk_7478449,7478449,4585,2010-01-01,DEBIT_CARD,13915,46,8,set_7478449,,,4639
bnk_7478451,7478451,1541,2010-01-01,DEBIT_CARD,16798,16,3,set_7478451,,,1560
bnk_7478452,7478452,4429,2010-01-01,DEBIT_CARD,24823,45,8,set_7478452,,,4482
bnk_7478453,7478453,1777,2010-01-01,CREDIT_CARD,35451,36,6,set_7478453,,,1819
bnk_7478454,7478454,7469,2010-01-01,DEBIT_CARD,92883,76,14,set_7478454,,,7559
bnk_7478456,7478456,10406,2010-01-01,DEBIT_CARD,59935,105,19,set_7478456,,,10530
bnk_7478457,7478457,3463,2010-01-01,CREDIT_CARD,45926,71,13,set_7478457,,,3547
bnk_7478458,7478458,1651,2010-01-01,DEBIT_CARD,27601,17,3,set_7478458,,,1671
bnk_7478459,7478459,191,2010-01-01,CREDIT_CARD,436,4,1,set_7478459,,,196
bnk_7478460,7478460,2647,2010-01-01,CREDIT_CARD,48853,54,10,set_7478460,,,2711
bnk_7478461,7478461,7214,2010-01-01,DEBIT_CARD,59935,73,13,set_7478461,,,7300
bnk_7478462,7478462,6414,2010-01-01,DEBIT_CARD,73186,65,12,set_7478462,,,6491
bnk_7478463,7478463,2634,2010-01-01,CREDIT_CARD,50783,54,10,set_7478463,,,2698
bnk_7478464,7478464,3782,2010-01-01,DEBIT_CARD,30762,38,7,set_7478464,,,3827
bnk_7478465,7478465,2334,2010-01-01,CREDIT_CARD,19756,48,9,set_7478465,,,2391
bnk_7478466,7478466,5912,2010-01-01,DEBIT_CARD,60379,60,11,set_7478466,,,5983
bnk_7478468,7478468,4461,2010-01-01,DEBIT_CARD,64281,44,8,set_7478468,,,4419
bnk_7478470,7478470,856,2010-01-01,DEBIT_CARD,1034,7,1,set_7478470,,,748
bnk_7478471,7478471,4177,2010-01-01,DEBIT_CARD,25887,42,8,set_7478471,,,4227
bnk_7478473,7478473,1615,2010-01-01,DEBIT_CARD,27747,16,3,set_7478473,,,1634
bnk_7478474,7478474,6653,2010-01-01,DEBIT_CARD,50783,67,12,set_7478474,,,6732
bnk_7478475,7478475,9764,2010-01-01,CREDIT_CARD,27092,200,36,set_7478475,,,10000
bnk_7478476,7478476,1781,2010-01-01,CREDIT_CARD,93938,37,7,set_7478476,,,1825
bnk_7478478,7478478,4988,2010-01-01,CREDIT_CARD,88646,102,18,set_7478478,,,5108
bnk_7478479,7478479,5214,2010-01-01,CREDIT_CARD,100034,107,19,set_7478479,,,5340
bnk_7478480,7478480,4099,2010-01-01,DEBIT_CARD,30055,41,7,set_7478480,,,4147
bnk_7478482,7478482,240,2010-01-01,DEBIT_CARD,25887,2,0,set_7478482,,,242
bnk_7478483,7478483,1826,2010-01-01,DEBIT_CARD,98123,18,3,set_7478483,,,1847
bnk_7478484,7478484,6950,2010-01-01,CREDIT_CARD,92883,142,26,set_7478484,,,7118
bnk_7478484b,7478484,6950,2010-01-01,CREDIT_CARD,92883,142,26,set_7478484b,,,7118
bnk_7478485,7478485,1602,2010-01-01,CREDIT_CARD,22204,33,6,set_7478485,,,1641
bnk_7478488,7478488,2501,2010-01-01,CREDIT_CARD,50939,51,9,set_7478488,,,2561
bnk_7478489,7478489,2742,2010-01-01,DEBIT_CARD,39021,28,5,set_7478489,,,2775
bnk_7478490,7478490,246,2010-01-01,DEBIT_CARD,14528,2,0,set_7478490,,,248
bnk_7478491,7478491,129425,2010-01-01,DEBIT_CARD,38489,1310,236,set_7478491,,,130971
bnk_7478492,7478492,6233,2010-01-01,DEBIT_CARD,10126,63,11,set_7478492,,,6307
bnk_7478493,7478493,4932,2010-01-01,CREDIT_CARD,44103,101,18,set_7478493,,,5051
bnk_7478494,7478494,3496,2010-01-01,DEBIT_CARD,46537,35,6,set_7478494,,,3537
bnk_7478495,7478495,7227,2010-01-01,DEBIT_CARD,91128,73,13,set_7478495,,,7313
bnk_7478496,7478496,4623,2010-01-01,DEBIT_CARD,100340,46,8,set_7478496,,,4564
bnk_7478497,7478497,326,2010-01-01,DEBIT_CARD,16798,3,1,set_7478497,,,330
bnk_7478498,7478498,4221,2010-01-01,DEBIT_CARD,28620,43,8,set_7478498,,,4272
bnk_7478500,7478500,6065,2010-01-01,DEBIT_CARD,27092,60,11,set_7478500,,,6000
bnk_7478501,7478501,1632,2010-01-01,DEBIT_CARD,16798,17,3,set_7478501,,,1652
bnk_7478502,7478502,7919,2010-01-01,CREDIT_CARD,27092,160,29,set_7478502,,,8000
bnk_7478503,7478503,13624,2010-01-01,DEBIT_CARD,98374,138,25,set_7478503,,,13787
bnk_7478504,7478504,5311,2010-01-01,DEBIT_CARD,60379,54,10,set_7478504,,,5375
bnk_7478506,7478506,154,2010-01-01,CREDIT_CARD,20561,3,1,set_7478506,,,158
bnk_7478507,7478507,5714,2010-01-01,DEBIT_CARD,56431,58,10,set_7478507,,,5782
bnk_7478508,7478508,9586,2010-01-01,DEBIT_CARD,61195,97,17,set_7478508,,,9700
bnk_7478509,7478509,10582,2010-01-01,CREDIT_CARD,52100,217,39,set_7478509,,,10838
bnk_7478510,7478510,1737,2010-01-01,DEBIT_CARD,60569,18,3,set_7478510,,,1758
bnk_7478511,7478511,957,2010-01-01,DEBIT_CARD,43293,10,2,set_7478511,,,969
bnk_7478512,7478512,11311,2010-01-01,DEBIT_CARD,75936,114,21,set_7478512,,,11446
bnk_7478512b,7478512,11311,2010-01-01,DEBIT_CARD,75936,114,21,set_7478512b,,,11446
bnk_7478513,7478513,1589,2010-01-01,DEBIT_CARD,38528,16,3,set_7478513,,,1608
bnk_7478514,7478514,3683,2010-01-01,CREDIT_CARD,98648,75,14,set_7478514,,,3772
bnk_7478515,7478515,2245,2010-01-01,CREDIT_CARD,16798,46,8,set_7478515,,,2299
bnk_7478517,7478517,4513,2010-01-01,DEBIT_CARD,44578,46,8,set_7478517,,,4567
bnk_7478519,7478519,4183,2010-01-01,CREDIT_CARD,19756,86,15,set_7478519,,,4284
bnk_7478520,7478520,17788,2010-01-01,DEBIT_CARD,27092,180,32,set_7478520,,,18000
bnk_7478522,7478522,1769,2010-01-01,CREDIT_CARD,87593,35,6,set_7478522,,,1725
bnk_7478523,7478523,2739,2010-01-01,DEBIT_CARD,72854,28,5,set_7478523,,,2772
bnk_7478524,7478524,12161,2010-01-01,DEBIT_CARD,86616,122,22,set_7478524,,,12206
bnk_7478525,7478525,2029,2010-01-01,CREDIT_CARD,3238,42,8,set_7478525,,,2079
bnk_7478526,7478526,332,2010-01-01,CREDIT_CARD,14528,4,1,set_7478526,,,209
bnk_7478527,7478527,3297,2010-01-01,DEBIT_CARD,85988,33,6,set_7478527,,,3336
bnk_7478529,7478529,2738,2010-01-01,DEBIT_CARD,76199,28,5,set_7478529,,,2771
bnk_7478530,7478530,4479,2010-01-01,DEBIT_CARD,51329,45,8,set_7478530,,,4532
bnk_7478531,7478531,2188,2010-01-01,DEBIT_CARD,99036,22,4,set_7478531,,,2214
bnk_7478532,7478532,12957,2010-01-01,CREDIT_CARD,98374,265,48,set_7478532,,,13270
bnk_7478533,7478533,7634,2010-01-01,DEBIT_CARD,60569,77,14,set_7478533,,,7725
bnk_7478534,7478534,863,2010-01-01,CREDIT_CARD,61195,18,3,set_7478534,,,885
bnk_7478537,7478537,2025,2010-01-01,DEBIT_CARD,75781,20,4,set_7478537,,,2049
bnk_7478538,7478538,9825,2010-01-01,DEBIT_CARD,60580,99,18,set_7478538,,,9942
bnk_7478539,7478539,1594,2010-01-01,CREDIT_CARD,34488,33,6,set_7478539,,,1633
bnk_7478540,7478540,4799,2010-01-01,DEBIT_CARD,41122,49,9,set_7478540,,,4857
bnk_7478541,7478541,3803,2010-01-01,DEBIT_CARD,59397,38,7,set_7478541,,,3848
bnk_7478543,7478543,2666,2010-01-01,DEBIT_CARD,50404,27,5,set_7478543,,,2698
bnk_7478544,7478544,2743,2010-01-01,DEBIT_CARD,32490,28,5,set_7478544,,,2775
bnk_7478545,7478545,3372,2010-01-01,DEBIT_CARD,39021,34,6,set_7478545,,,3412
bnk_7478546,7478546,2819,2010-01-01,DEBIT_CARD,10193,29,5,set_7478546,,,2853
bnk_7478547,7478547,4519,2010-01-01,DEBIT_CARD,25887,46,8,set_7478547,,,4573
bnk_7478548,7478548,2219,2010-01-01,DEBIT_CARD,47769,22,4,set_7478548,,,2245
bnk_7478549,7478549,5270,2010-01-01,DEBIT_CARD,12639,53,10,set_7478549,,,5333
bnk_7478550,7478550,148,2010-01-01,DEBIT_CARD,14528,1,0,set_7478550,,,72
bnk_7478551,7478551,9684,2010-01-01,DEBIT_CARD,43293,98,18,set_7478551,,,9800
bnk_7478552,7478552,16606,2010-01-01,DEBIT_CARD,726,168,30,set_7478552,,,16804
bnk_7478554,7478554,5149,2010-01-01,DEBIT_CARD,98648,52,9,set_7478554,,,5210
bnk_7478554b,7478554,5149,2010-01-01,DEBIT_CARD,98648,52,9,set_7478554b,,,5210
bnk_7478555,7478555,2665,2010-01-01,DEBIT_CARD,77627,27,5,set_7478555,,,2697
bnk_7478556,7478556,1677,2010-01-01,DEBIT_CARD,39021,17,3,set_7478556,,,1697
bnk_7478557,7478557,5652,2010-01-01,DEBIT_CARD,25887,56,10,set_7478557,,,5630
bnk_7478559,7478559,123,2010-01-01,DEBIT_CARD,56678,1,0,set_7478559,,,124
bnk_7478560,7478560,3955,2010-01-01,CREDIT_CARD,70626,81,15,set_7478560,,,4051
bnk_7478561,7478561,2937,2010-01-01,CREDIT_CARD,1048,60,11,set_7478561,,,3008
bnk_7478563,7478563,1021,2010-01-01,DEBIT_CARD,75936,10,2,set_7478563,,,1033
bnk_7478564,7478564,3120,2010-01-01,DEBIT_CARD,94076,32,6,set_7478564,,,3158
bnk_7478565,7478565,20484,2010-01-01,CREDIT_CARD,79927,420,76,set_7478565,,,20980
bnk_7478567,7478567,5370,2010-01-01,CREDIT_CARD,30286,110,20,set_7478567,,,5500
bnk_7478568,7478568,9152,2010-01-01,CREDIT_CARD,60569,187,34,set_7478568,,,9373
bnk_7478569,7478569,12209,2010-01-01,DEBIT_CARD,43293,124,22,set_7478569,,,12355
bnk_7478570,7478570,6637,2010-01-01,DEBIT_CARD,60569,67,12,set_7478570,,,6716
bnk_7478572,7478572,1404,2010-01-01,CREDIT_CARD,31076,29,5,set_7478572,,,1438
bnk_7478573,7478573,1713,2010-01-01,DEBIT_CARD,50783,17,3,set_7478573,,,1733
bnk_7478574,7478574,6127,2010-01-01,DEBIT_CARD,43293,62,11,set_7478574,,,6200
bnk_7478575,7478575,3120,2010-01-01,CREDIT_CARD,45926,64,12,set_7478575,,,3196
bnk_7478576,7478576,2755,2010-01-01,DEBIT_CARD,61195,28,5,set_7478576,,,2788
bnk_7478577,7478577,4618,2010-01-01,DEBIT_CARD,23481,47,8,set_7478577,,,4673
bnk_7478580,7478580,7411,2010-01-01,DEBIT_CARD,56431,75,14,set_7478580,,,7500
bnk_7478581,7478581,4838,2010-01-01,DEBIT_CARD,17493,48,9,set_7478581,,,4759
bnk_7478582,7478582,1729,2010-01-01,DEBIT_CARD,32606,18,3,set_7478582,,,1750
bnk_7478583,7478583,3459,2010-01-01,DEBIT_CARD,88459,35,6,set_7478583,,,3500
bnk_7478584,7478584,4292,2010-01-01,DEBIT_CARD,34120,43,8,set_7478584,,,4343
bnk_7478585,7478585,1988,2010-01-01,DEBIT_CARD,16798,20,4,set_7478585,,,2012
bnk_7478587,7478587,2923,2010-01-01,CREDIT_CARD,78454,60,11,set_7478587,,,2994
bnk_7478588,7478588,7167,2010-01-01,DEBIT_CARD,87625,73,13,set_7478588,,,7253
bnk_7478589,7478589,4847,2010-01-01,CREDIT_CARD,29214,99,18,set_7478589,,,4964
bnk_7478590,7478590,2947,2010-01-01,CREDIT_CARD,15143,60,11,set_7478590,,,3018
bnk_7478591,7478591,12294,2010-01-01,DEBIT_CARD,73186,124,22,set_7478591,,,12440
bnk_7478592,7478592,8299,2010-01-01,CREDIT_CARD,43293,170,31,set_7478592,,,8500
bnk_7478593,7478593,6265,2010-01-01,DEBIT_CARD,75936,63,11,set_7478593,,,6339
bnk_7478594,7478594,1976,2010-01-01,DEBIT_CARD,27092,20,4,set_7478594,,,2000
bnk_7478595,7478595,4209,2010-01-01,DEBIT_CARD,75936,43,8,set_7478595,,,4260
bnk_7478596,7478596,9318,2010-01-01,DEBIT_CARD,22204,94,17,set_7478596,,,9429
bnk_7478597,7478597,24031,2010-01-01,CREDIT_CARD,34490,492,89,set_7478597,,,24612
bnk_7478597b,7478597,24031,2010-01-01,CREDIT_CARD,34490,492,89,set_7478597b,,,24612
bnk_7478599,7478599,3916,2010-01-01,DEBIT_CARD,20884,40,7,set_7478599,,,3963
bnk_7478599b,7478599,3916,2010-01-01,DEBIT_CARD,20884,40,7,set_7478599b,,,3963
bnk_7478600,7478600,981,2010-01-01,DEBIT_CARD,23801,10,2,set_7478600,,,993
bnk_7478601,7478601,2476,2010-01-01,DEBIT_CARD,45926,25,5,set_7478601,,,2506
bnk_7478602,7478602,4486,2010-01-01,DEBIT_CARD,64908,44,8,set_7478602,,,4433
bnk_7478603,7478603,6464,2010-01-01,DEBIT_CARD,81841,65,12,set_7478603,,,6451
bnk_7478604,7478604,19952,2010-01-01,CREDIT_CARD,68176,409,74,set_7478604,,,20435
bnk_7478605,7478605,4730,2010-01-01,DEBIT_CARD,87625,48,9,set_7478605,,,4787
bnk_7478607,7478607,2589,2010-01-01,DEBIT_CARD,45926,26,5,set_7478607,,,2620
bnk_7478608,7478608,4141,2010-01-01,DEBIT_CARD,98648,42,8,set_7478608,,,4191
bnk_7478609,7478609,2959,2010-01-01,DEBIT_CARD,46322,30,5,set_7478609,,,2994
bnk_7478610,7478610,5247,2010-01-01,DEBIT_CARD,96049,53,10,set_7478610,,,5310
bnk_7478611,7478611,2107,2010-01-01,DEBIT_CARD,8168,21,4,set_7478611,,,2132
bnk_7478613,7478613,8568,2010-01-01,DEBIT_CARD,27213,87,16,set_7478613,,,8671
bnk_7478614,7478614,1603,2010-01-01,DEBIT_CARD,44919,15,3,set_7478614,,,1533
bnk_7478615,7478615,3315,2010-01-01,CREDIT_CARD,43293,68,12,set_7478615,,,3395
bnk_7478617,7478617,6311,2010-01-01,DEBIT_CARD,39021,64,12,set_7478617,,,6387
bnk_7478618,7478618,351,2010-01-01,DEBIT_CARD,12014,4,1,set_7478618,,,356
bnk_7478619,7478619,5256,2010-01-01,DEBIT_CARD,75936,53,10,set_7478619,,,5319
bnk_7478620,7478620,6187,2010-01-01,DEBIT_CARD,1108,63,11,set_7478620,,,6261
bnk_7478621,7478621,6648,2010-01-01,DEBIT_CARD,18935,67,12,set_7478621,,,6727
bnk_7478622,7478622,133,2010-01-01,DEBIT_CARD,14528,1,0,set_7478622,,,134
bnk_7478623,7478623,2396,2010-01-01,DEBIT_CARD,39021,24,4,set_7478623,,,2424
bnk_7478624,7478624,3049,2010-01-01,DEBIT_CARD,19756,31,6,set_7478624,,,3086
bnk_7478626,7478626,4582,2010-01-01,DEBIT_CARD,41122,46,8,set_7478626,,,4636
bnk_7478627,7478627,1801,2010-01-01,CREDIT_CARD,5865,37,7,set_7478627,,,1845
bnk_7478628,7478628,3912,2010-01-01,DEBIT_CARD,1238,40,7,set_7478628,,,3959
bnk_7478629,7478629,9940,2010-01-01,DEBIT_CARD,27092,100,18,set_7478629,,,10000
bnk_7478631,7478631,8300,2010-01-01,CREDIT_CARD,98648,170,31,set_7478631,,,8501
bnk_7478632,7478632,1030,2010-01-01,DEBIT_CARD,59935,10,2,set_7478632,,,1042
bnk_7478633,7478633,4887,2010-01-01,DEBIT_CARD,28644,49,9,set_7478633,,,4945
bnk_7478635,7478635,1349,2010-01-01,CREDIT_CARD,15897,28,5,set_7478635,,,1382
bnk_7478636,7478636,1764,2010-01-01,CREDIT_CARD,69048,36,6,set_7478636,,,1806
bnk_7478637,7478637,12333,2010-01-01,DEBIT_CARD,40464,125,23,set_7478637,,,12481
bnk_7478638,7478638,2883,2010-01-01,DEBIT_CARD,45926,29,5,set_7478638,,,2917
bnk_7478639,7478639,7764,2010-01-01,CREDIT_CARD,87625,159,29,set_7478639,,,7952
bnk_7478640,7478640,2771,2010-01-01,CREDIT_CARD,30055,54,10,set_7478640,,,2715
bnk_7478641,7478641,3864,2010-01-01,DEBIT_CARD,41184,39,7,set_7478641,,,3910
bnk_7478643,7478643,3095,2010-01-01,DEBIT_CARD,83915,31,6,set_7478643,,,3132
bnk_7478644,7478644,1463,2010-01-01,DEBIT_CARD,61195,15,3,set_7478644,,,1481
bnk_7478645,7478645,6720,2010-01-01,DEBIT_CARD,96049,68,12,set_7478645,,,6800
bnk_7478646,7478646,4277,2010-01-01,CREDIT_CARD,15382,88,16,set_7478646,,,4381
bnk_7478648,7478648,146,2010-01-01,DEBIT_CARD,86438,1,0,set_7478648,,,147
bnk_7478649,7478649,7591,2010-01-01,CREDIT_CARD,29433,155,28,set_7478649,,,7774
bnk_7478650,7478650,188,2010-01-01,CREDIT_CARD,14528,4,1,set_7478650,,,193
bnk_7478651,7478651,4514,2010-01-01,DEBIT_CARD,25887,46,8,set_7478651,,,4568
bnk_7478652,7478652,3390,2010-01-01,DEBIT_CARD,69972,34,6,set_7478652,,,3430
bnk_7478653,7478653,3734,2010-01-01,DEBIT_CARD,52383,38,7,set_7478653,,,3779
bnk_7478654,7478654,12520,2010-01-01,DEBIT_CARD,75781,127,23,set_7478654,,,12670
bnk_7478655,7478655,5071,2010-01-01,DEBIT_CARD,25887,51,9,set_7478655,,,5131
bnk_7478656,7478656,11717,2010-01-01,CREDIT_CARD,27092,240,43,set_7478656,,,12000
bnk_7478657,7478657,3510,2010-01-01,CREDIT_CARD,2703,72,13,set_7478657,,,3595
bnk_7478658,7478658,2141,2010-01-01,DEBIT_CARD,16851,22,4,set_7478658,,,2167
bnk_7478659,7478659,1976,2010-01-01,DEBIT_CARD,27092,20,4,set_7478659,,,2000
bnk_7478660,7478660,1623,2010-01-01,DEBIT_CARD,65835,16,3,set_7478660,,,1642
bnk_7478661,7478661,1381,2010-01-01,DEBIT_CARD,17297,14,3,set_7478661,,,1398
bnk_7478663,7478663,3686,2010-01-01,DEBIT_CARD,25887,37,7,set_7478663,,,3730
bnk_7478664,7478664,4981,2010-01-01,DEBIT_CARD,216,50,9,set_7478664,,,5040
bnk_7478666,7478666,11432,2010-01-01,CREDIT_CARD,42636,232,42,set_7478666,,,11617
bnk_7478667,7478667,10528,2010-01-01,DEBIT_CARD,59474,107,19,set_7478667,,,10654
bnk_7478668,7478668,1173,2010-01-01,DEBIT_CARD,85247,12,2,set_7478668,,,1187
bnk_7478672,7478672,2421,2010-01-01,DEBIT_CARD,56431,25,5,set_7478672,,,2451
bnk_7478673,7478673,2770,2010-01-01,CREDIT_CARD,35451,57,10,set_7478673,,,2837
bnk_7478674,7478674,4753,2010-01-01,DEBIT_CARD,19114,48,9,set_7478674,,,4810
bnk_7478675,7478675,4796,2010-01-01,DEBIT_CARD,32175,49,9,set_7478675,,,4854
bnk_7478676,7478676,1456,2010-01-01,DEBIT_CARD,16798,15,3,set_7478676,,,1474
bnk_7478678,7478678,3761,2010-01-01,DEBIT_CARD,92707,38,7,set_7478678,,,3806
bnk_7478681,7478681,6024,2010-01-01,CREDIT_CARD,78454,123,22,set_7478681,,,6169
bnk_7478682,7478682,1450,2010-01-01,DEBIT_CARD,87530,15,3,set_7478682,,,1468
bnk_7478683,7478683,1519,2010-01-01,DEBIT_CARD,39021,15,3,set_7478683,,,1537
bnk_7478684,7478684,820,2010-01-01,DEBIT_CARD,44682,8,1,set_7478684,,,829
bnk_7478685,7478685,3906,2010-01-01,CREDIT_CARD,27092,80,14,set_7478685,,,4000
bnk_7478686,7478686,3842,2010-01-01,CREDIT_CARD,7131,76,14,set_7478686,,,3811
bnk_7478687,7478687,155,2010-01-01,DEBIT_CARD,88646,2,0,set_7478687,,,157
bnk_7478689,7478689,1537,2010-01-01,CREDIT_CARD,75781,32,6,set_7478689,,,1575
bnk_7478691,7478691,4916,2010-01-01,CREDIT_CARD,75936,101,18,set_7478691,,,5035
bnk_7478692,7478692,8659,2010-01-01,CREDIT_CARD,20561,177,32,set_7478692,,,8868
bnk_7478693,7478693,183,2010-01-01,DEBIT_CARD,14528,2,0,set_7478693,,,185
bnk_7478694,7478694,9469,2010-01-01,DEBIT_CARD,88459,96,17,set_7478694,,,9582
bnk_7478695,7478695,9764,2010-01-01,CREDIT_CARD,27092,200,36,set_7478695,,,10000
bnk_7478696,7478696,3378,2010-01-01,DEBIT_CARD,58897,34,6,set_7478696,,,3418
bnk_7478698,7478698,10748,2010-01-01,CREDIT_CARD,75781,220,40,set_7478698,,,11008
bnk_7478700,7478700,7811,2010-01-01,CREDIT_CARD,27092,160,29,set_7478700,,,8000
bnk_7478701,7478701,7922,2010-01-01,CREDIT_CARD,35451,162,29,set_7478701,,,8113
bnk_7478702,7478702,5718,2010-01-01,DEBIT_CARD,78454,58,10,set_7478702,,,5786
bnk_7478705,7478705,1976,2010-01-01,DEBIT_CARD,27092,20,4,set_7478705,,,2000
bnk_7478706,7478706,3154,2010-01-01,CREDIT_CARD,53097,65,12,set_7478706,,,3231
bnk_7478707,7478707,809,2010-01-01,DEBIT_CARD,50783,7,1,set_7478707,,,747
bnk_7478709,7478709,216,2010-01-01,DEBIT_CARD,50783,2,0,set_7478709,,,218
bnk_7478710,7478710,2278,2010-01-01,DEBIT_CARD,41122,23,4,set_7478710,,,2305
bnk_7478712,7478712,4614,2010-01-01,DEBIT_CARD,75936,47,8,set_7478712,,,4669
bnk_7478715,7478715,190,2010-01-01,DEBIT_CARD,14528,2,0,set_7478715,,,192
bnk_7478716,7478716,1215,2010-01-01,DEBIT_CARD,22204,12,2,set_7478716,,,1229
bnk_7478717,7478717,523,2010-01-01,CREDIT_CARD,12332,11,2,set_7478717,,,536
bnk_7478718,7478718,2928,2010-01-01,DEBIT_CARD,81006,30,5,set_7478718,,,2963
bnk_7478719,7478719,8542,2010-01-01,DEBIT_CARD,61195,86,15,set_7478719,,,8643
bnk_7478720,7478720,2218,2010-01-01,CREDIT_CARD,18563,43,8,set_7478720,,,2133
bnk_7478721,7478721,3138,2010-01-01,DEBIT_CARD,59935,32,6,set_7478721,,,3176
bnk_7478722,7478722,2974,2010-01-01,DEBIT_CARD,98648,30,5,set_7478722,,,3009
bnk_7478723,7478723,14353,2010-01-01,DEBIT_CARD,60569,145,26,set_7478723,,,14524
bnk_7478725,7478725,113,2010-01-01,DEBIT_CARD,86438,1,0,set_7478725,,,114
bnk_7478726,7478726,7378,2010-01-01,DEBIT_CARD,10455,75,14,set_7478726,,,7468
bnk_7478727,7478727,1298,2010-01-01,CREDIT_CARD,18563,27,5,set_7478727,,,1331
bnk_7478728,7478728,5040,2010-01-01,DEBIT_CARD,59935,51,9,set_7478728,,,5100
bnk_7478729,7478729,5688,2010-01-01,DEBIT_CARD,22938,58,10,set_7478729,,,5756
bnk_7478731,7478731,21085,2010-01-01,DEBIT_CARD,5995,213,38,set_7478731,,,21336
bnk_7478732,7478732,4759,2010-01-01,DEBIT_CARD,59935,48,9,set_7478732,,,4816
bnk_7478733,7478733,3898,2010-01-01,DEBIT_CARD,17493,39,7,set_7478733,,,3944
bnk_7478734,7478734,9121,2010-01-01,CREDIT_CARD,56276,187,34,set_7478734,,,9342
bnk_7478735,7478735,4888,2010-01-01,CREDIT_CARD,16798,100,18,set_7478735,,,5006
bnk_7478736,7478736,8050,2010-01-01,DEBIT_CARD,59397,81,15,set_7478736,,,8146
bnk_7478737,7478737,1576,2010-01-01,DEBIT_CARD,61791,16,3,set_7478737,,,1595
bnk_7478738,7478738,4314,2010-01-01,DEBIT_CARD,78454,44,8,set_7478738,,,4366
bnk_7478739,7478739,4047,2010-01-01,CREDIT_CARD,30286,83,15,set_7478739,,,4145
bnk_7478740,7478740,118,2010-01-01,DEBIT_CARD,86438,1,0,set_7478740,,,119
bnk_7478741,7478741,3975,2010-01-01,CREDIT_CARD,75936,81,15,set_7478741,,,4071
bnk_7478743,7478743,1012,2010-01-01,DEBIT_CARD,18563,10,2,set_7478743,,,1024
bnk_7478746,7478746,1867,2010-01-01,CREDIT_CARD,30055,38,7,set_7478746,,,1912
bnk_7478747,7478747,5830,2010-01-01,DEBIT_CARD,56431,59,11,set_7478747,,,5900
bnk_7478749,7478749,5470,2010-01-01,DEBIT_CARD,75936,55,10,set_7478749,,,5535
bnk_7478750,7478750,7517,2010-01-01,DEBIT_CARD,75379,76,14,set_7478750,,,7607
bnk_7478751,7478751,2682,2010-01-01,CREDIT_CARD,82585,55,10,set_7478751,,,2747
bnk_7478752,7478752,4132,2010-01-01,CREDIT_CARD,34075,85,15,set_7478752,,,4232
bnk_7478753,7478753,1599,2010-01-01,DEBIT_CARD,72515,16,3,set_7478753,,,1618
bnk_7478755,7478755,5168,2010-01-01,DEBIT_CARD,71667,52,9,set_7478755,,,5229
bnk_7478756,7478756,5232,2010-01-01,DEBIT_CARD,99115,53,10,set_7478756,,,5295
bnk_7478757,7478757,4157,2010-01-01,DEBIT_CARD,96811,42,8,set_7478757,,,4207
bnk_7478758,7478758,13952,2010-01-01,DEBIT_CARD,17976,141,25,set_7478758,,,14118
bnk_7478759,7478759,8202,2010-01-01,DEBIT_CARD,59935,83,15,set_7478759,,,8300
bnk_7478760,7478760,5160,2010-01-01,CREDIT_CARD,2703,106,19,set_7478760,,,5285
bnk_7478762,7478762,26026,2010-01-01,CREDIT_CARD,60594,533,96,set_7478762,,,26655
bnk_7478763,7478763,239,2010-01-01,DEBIT_CARD,41137,2,0,set_7478763,,,241
bnk_7478764,7478764,3723,2010-01-01,DEBIT_CARD,99910,38,7,set_7478764,,,3768
bnk_7478765,7478765,3423,2010-01-01,CREDIT_CARD,89707,70,13,set_7478765,,,3506
bnk_7478766,7478766,3259,2010-01-01,DEBIT_CARD,64718,33,6,set_7478766,,,3298
bnk_7478767,7478767,2755,2010-01-01,DEBIT_CARD,39021,28,5,set_7478767,,,2788
bnk_7478769,7478769,5276,2010-01-01,DEBIT_CARD,50404,53,10,set_7478769,,,5339
bnk_7478770,7478770,7698,2010-01-01,DEBIT_CARD,35451,78,14,set_7478770,,,7790
bnk_7478771,7478771,3018,2010-01-01,CREDIT_CARD,6146,62,11,set_7478771,,,3091
bnk_7478772,7478772,2488,2010-01-01,DEBIT_CARD,34120,25,5,set_7478772,,,2518
bnk_7478773,7478773,2168,2010-01-01,CREDIT_CARD,1238,44,8,set_7478773,,,2220
bnk_7478774,7478774,1986,2010-01-01,DEBIT_CARD,75936,20,4,set_7478774,,,2010
bnk_7478775,7478775,2779,2010-01-01,DEBIT_CARD,39021,28,5,set_7478775,,,2812
bnk_7478775b,7478775,2779,2010-01-01,DEBIT_CARD,39021,28,5,set_7478775b,,,2812
bnk_7478776,7478776,1729,2010-01-01,DEBIT_CARD,16798,17,3,set_7478776,,,1749
bnk_7478777,7478777,2513,2010-01-01,CREDIT_CARD,60576,51,9,set_7478777,,,2573
bnk_7478780,7478780,7460,2010-01-01,DEBIT_CARD,19052,75,14,set_7478780,,,7549
bnk_7478781,7478781,4301,2010-01-01,CREDIT_CARD,45536,88,16,set_7478781,,,4405
bnk_7478782,7478782,4939,2010-01-01,DEBIT_CARD,34490,50,9,set_7478782,,,4998
bnk_7478784,7478784,3619,2010-01-01,DEBIT_CARD,15143,37,7,set_7478784,,,3663
bnk_7478786,7478786,2218,2010-01-01,DEBIT_CARD,22204,22,4,set_7478786,,,2150
bnk_7478787,7478787,6010,2010-01-01,CREDIT_CARD,64565,123,22,set_7478787,,,6155
bnk_7478788,7478788,3819,2010-01-01,CREDIT_CARD,61195,78,14,set_7478788,,,3911
bnk_7478790,7478790,5840,2010-01-01,DEBIT_CARD,50292,59,11,set_7478790,,,5910
bnk_7478791,7478791,3957,2010-01-01,CREDIT_CARD,61195,78,14,set_7478791,,,3911
bnk_7478792,7478792,4556,2010-01-01,DEBIT_CARD,78454,46,8,set_7478792,,,4610
bnk_7478794,7478794,919,2010-01-01,DEBIT_CARD,20561,9,2,set_7478794,,,930
bnk_7478795,7478795,5371,2010-01-01,DEBIT_CARD,44578,54,10,set_7478795,,,5435
bnk_7478796,7478796,1828,2010-01-01,DEBIT_CARD,32175,19,3,set_7478796,,,1850
bnk_7478797,7478797,4232,2010-01-01,DEBIT_CARD,44578,43,8,set_7478797,,,4283
bnk_7478798,7478798,10794,2010-01-01,DEBIT_CARD,69972,109,20,set_7478798,,,10923
bnk_7478799,7478799,7799,2010-01-01,DEBIT_CARD,50909,79,14,set_7478799,,,7892
bnk_7478800,7478800,123,2010-01-01,DEBIT_CARD,88646,1,0,set_7478800,,,124
bnk_7478801,7478801,9289,2010-01-01,DEBIT_CARD,26810,94,17,set_7478801,,,9400
bnk_7478802,7478802,324,2010-01-01,DEBIT_CARD,26810,3,1,set_7478802,,,328
bnk_7478803,7478803,6197,2010-01-01,DEBIT_CARD,2703,63,11,set_7478803,,,6271
bnk_7478804,7478804,18400,2010-01-01,DEBIT_CARD,30286,186,33,set_7478804,,,18619
bnk_7478805,7478805,2870,2010-01-01,DEBIT_CARD,53601,29,5,set_7478805,,,2904
bnk_7478805b,7478805,2870,2010-01-01,DEBIT_CARD,53601,29,5,set_7478805b,,,2904
bnk_7478806,7478806,6570,2010-01-01,DEBIT_CARD,69972,65,12,set_7478806,,,6507
bnk_7478807,7478807,6737,2010-01-01,CREDIT_CARD,61195,138,25,set_7478807,,,6900
bnk_7478808,7478808,7149,2010-01-01,CREDIT_CARD,41262,146,26,set_7478808,,,7321
bnk_7478809,7478809,10699,2010-01-01,DEBIT_CARD,75781,108,19,set_7478809,,,10826
bnk_7478810,7478810,140,2010-01-01,CREDIT_CARD,14528,3,1,set_7478810,,,144
bnk_7478811,7478811,1959,2010-01-01,CREDIT_CARD,26586,40,7,set_7478811,,,2006
bnk_7478812,7478812,4760,2010-01-01,DEBIT_CARD,55060,48,9,set_7478812,,,4817
bnk_7478813,7478813,1219,2010-01-01,CREDIT_CARD,87071,23,4,set_7478813,,,1142
bnk_7478814,7478814,4129,2010-01-01,CREDIT_CARD,75936,85,15,set_7478814,,,4229
bnk_7478815,7478815,7969,2010-01-01,DEBIT_CARD,27092,80,14,set_7478815,,,8000
bnk_7478816,7478816,18124,2010-01-01,DEBIT_CARD,60569,183,33,set_7478816,,,18340
bnk_7478817,7478817,12705,2010-01-01,DEBIT_CARD,93914,129,23,set_7478817,,,12857
bnk_7478818,7478818,6719,2010-01-01,CREDIT_CARD,77246,138,25,set_7478818,,,6882
bnk_7478819,7478819,3873,2010-01-01,CREDIT_CARD,1283,79,14,set_7478819,,,3966
bnk_7478821,7478821,7225,2010-01-01,CREDIT_CARD,61195,148,27,set_7478821,,,7400
bnk_7478821b,7478821,7225,2010-01-01,CREDIT_CARD,61195,148,27,set_7478821b,,,7400
bnk_7478822,7478822,9882,2010-01-01,DEBIT_CARD,27092,100,18,set_7478822,,,10000
bnk_7478824,7478824,5164,2010-01-01,DEBIT_CARD,1283,52,9,set_7478824,,,5225
bnk_7478824b,7478824,5164,2010-01-01,DEBIT_CARD,1283,52,9,set_7478824b,,,5225
bnk_7478825,7478825,491,2010-01-01,DEBIT_CARD,48411,5,1,set_7478825,,,497
bnk_7478826,7478826,1382,2010-01-01,DEBIT_CARD,99539,14,3,set_7478826,,,1399
bnk_7478827,7478827,1672,2010-01-01,DEBIT_CARD,6548,17,3,set_7478827,,,1692
bnk_7478830,7478830,1738,2010-01-01,DEBIT_CARD,16798,18,3,set_7478830,,,1759
bnk_7478831,7478831,4043,2010-01-01,CREDIT_CARD,25887,83,15,set_7478831,,,4141
bnk_7478832,7478832,13084,2010-01-01,DEBIT_CARD,80770,132,24,set_7478832,,,13240
bnk_7478833,7478833,2337,2010-01-01,CREDIT_CARD,78454,48,9,set_7478833,,,2394
bnk_7478834,7478834,40121,2010-01-01,CREDIT_CARD,56276,822,148,set_7478834,,,41091
bnk_7478836,7478836,791,2010-01-01,DEBIT_CARD,18563,8,1,set_7478836,,,800
bnk_7478837,7478837,11717,2010-01-01,CREDIT_CARD,27092,240,43,set_7478837,,,12000
bnk_7478840,7478840,4294,2010-01-01,DEBIT_CARD,55060,43,8,set_7478840,,,4345
bnk_7478841,7478841,5468,2010-01-01,CREDIT_CARD,59935,112,20,set_7478841,,,5600
bnk_7478842,7478842,1850,2010-01-01,DEBIT_CARD,59073,19,3,set_7478842,,,1872
bnk_7478843,7478843,7514,2010-01-01,DEBIT_CARD,50783,76,14,set_7478843,,,7604
bnk_7478844,7478844,2694,2010-01-01,DEBIT_CARD,39021,27,5,set_7478844,,,2726
bnk_7478844b,7478844,2694,2010-01-01,DEBIT_CARD,39021,27,5,set_7478844b,,,2726
bnk_7478845,7478845,5370,2010-01-01,DEBIT_CARD,25717,54,10,set_7478845,,,5434
bnk_7478846,7478846,1365,2010-01-01,DEBIT_CARD,99539,14,3,set_7478846,,,1382
bnk_7478847,7478847,9337,2010-01-01,DEBIT_CARD,84668,94,17,set_7478847,,,9448
bnk_7478848,7478848,6824,2010-01-01,DEBIT_CARD,59935,69,12,set_7478848,,,6905
bnk_7478849,7478849,7367,2010-01-01,DEBIT_CARD,22938,75,14,set_7478849,,,7456
bnk_7478850,7478850,1187,2010-01-01,DEBIT_CARD,41943,12,2,set_7478850,,,1201
bnk_7478851,7478851,5443,2010-01-01,DEBIT_CARD,70129,55,10,set_7478851,,,5508
bnk_7478852,7478852,3951,2010-01-01,DEBIT_CARD,3065,40,7,set_7478852,,,3998
bnk_7478853,7478853,4782,2010-01-01,DEBIT_CARD,25717,48,9,set_7478853,,,4753
bnk_7478854,7478854,5565,2010-01-01,CREDIT_CARD,50867,114,21,set_7478854,,,5700
bnk_7478855,7478855,14200,2010-01-01,DEBIT_CARD,73186,144,26,set_7478855,,,14370
bnk_7478856,7478856,1998,2010-01-01,CREDIT_CARD,92883,41,7,set_7478856,,,2046
bnk_7478857,7478857,1948,2010-01-01,DEBIT_CARD,82911,20,4,set_7478857,,,1972
bnk_7478859,7478859,2487,2010-01-01,DEBIT_CARD,45926,25,5,set_7478859,,,2517
bnk_7478860,7478860,5120,2010-01-01,CREDIT_CARD,59935,105,19,set_7478860,,,5244
bnk_7478861,7478861,759,2010-01-01,CREDIT_CARD,55060,16,3,set_7478861,,,778
bnk_7478862,7478862,4708,2010-01-01,CREDIT_CARD,50867,96,17,set_7478862,,,4821
bnk_7478863,7478863,14067,2010-01-01,DEBIT_CARD,36934,142,26,set_7478863,,,14235
bnk_7478865,7478865,7811,2010-01-01,CREDIT_CARD,27092,160,29,set_7478865,,,8000
bnk_7478866,7478866,3470,2010-01-01,DEBIT_CARD,98783,35,6,set_7478866,,,3511
bnk_7478867,7478867,2849,2010-01-01,DEBIT_CARD,44919,29,5,set_7478867,,,2883
bnk_7478868,7478868,2493,2010-01-01,DEBIT_CARD,69972,25,5,set_7478868,,,2523
bnk_7478870,7478870,2118,2010-01-01,CREDIT_CARD,18563,43,8,set_7478870,,,2169
bnk_7478872,7478872,5553,2010-01-01,DEBIT_CARD,51397,56,10,set_7478872,,,5619
bnk_7478874,7478874,1087,2010-01-01,DEBIT_CARD,75936,10,2,set_7478874,,,1040
bnk_7478875,7478875,8147,2010-01-01,DEBIT_CARD,92178,82,15,set_7478875,,,8244
bnk_7478877,7478877,3934,2010-01-01,DEBIT_CARD,59935,40,7,set_7478877,,,3981
bnk_7478879,7478879,194,2010-01-01,DEBIT_CARD,14528,2,0,set_7478879,,,196
bnk_7478882,7478882,2089,2010-01-01,DEBIT_CARD,86008,21,4,set_7478882,,,2115
bnk_7478883,7478883,5929,2010-01-01,DEBIT_CARD,59935,60,11,set_7478883,,,6000
bnk_7478886,7478886,7883,2010-01-01,CREDIT_CARD,35451,161,29,set_7478886,,,8073
bnk_7478887,7478887,8282,2010-01-01,CREDIT_CARD,19964,170,31,set_7478887,,,8483
bnk_7478888,7478888,213,2010-01-01,DEBIT_CARD,79239,2,0,set_7478888,,,215
bnk_7478889,7478889,7957,2010-01-01,CREDIT_CARD,30244,163,29,set_7478889,,,8149
bnk_7478890,7478890,4553,2010-01-01,CREDIT_CARD,25717,93,17,set_7478890,,,4663
bnk_7478891,7478891,4902,2010-01-01,DEBIT_CARD,35451,49,9,set_7478891,,,4901
bnk_7478892,7478892,2489,2010-01-01,DEBIT_CARD,9028,25,5,set_7478892,,,2519
bnk_7478893,7478893,2549,2010-01-01,DEBIT_CARD,75936,26,5,set_7478893,,,2580
bnk_7478894,7478894,4902,2010-01-01,DEBIT_CARD,17297,50,9,set_7478894,,,4961
bnk_7478896,7478896,2512,2010-01-01,DEBIT_CARD,75936,25,5,set_7478896,,,2542
bnk_7478897,7478897,4010,2010-01-01,DEBIT_CARD,45741,41,7,set_7478897,,,4058
bnk_7478900,7478900,3324,2010-01-01,DEBIT_CARD,41122,34,6,set_7478900,,,3364
bnk_7478901,7478901,3906,2010-01-01,CREDIT_CARD,27092,80,14,set_7478901,,,4000
bnk_7478903,7478903,4123,2010-01-01,DEBIT_CARD,35451,42,8,set_7478903,,,4173
bnk_7478904,7478904,423,2010-01-01,DEBIT_CARD,50783,4,1,set_7478904,,,428
bnk_7478906,7478906,38557,2010-01-01,DEBIT_CARD,31883,390,70,set_7478906,,,39017
bnk_7478907,7478907,14844,2010-01-01,DEBIT_CARD,48038,150,27,set_7478907,,,15021
bnk_7478908,7478908,1791,2010-01-01,DEBIT_CARD,75781,18,3,set_7478908,,,1812
bnk_7478909,7478909,2728,2010-01-01,DEBIT_CARD,80770,28,5,set_7478909,,,2761
bnk_7478911,7478911,2104,2010-01-01,DEBIT_CARD,98783,21,4,set_7478911,,,2129
bnk_7478912,7478912,10764,2010-01-01,DEBIT_CARD,87625,109,20,set_7478912,,,10893
bnk_7478914,7478914,10431,2010-01-01,DEBIT_CARD,48038,106,19,set_7478914,,,10556
bnk_7478916,7478916,5435,2010-01-01,DEBIT_CARD,59935,55,10,set_7478916,,,5500
bnk_7478917,7478917,2063,2010-01-01,DEBIT_CARD,41548,21,4,set_7478917,,,2088
bnk_7478918,7478918,3440,2010-01-01,CREDIT_CARD,69972,70,13,set_7478918,,,3523
bnk_7478919,7478919,9882,2010-01-01,DEBIT_CARD,27092,100,18,set_7478919,,,10000
bnk_7478920,7478920,8770,2010-01-01,DEBIT_CARD,20884,89,16,set_7478920,,,8876
bnk_7478921,7478921,21077,2010-01-01,CREDIT_CARD,51300,432,78,set_7478921,,,21587
bnk_7478923,7478923,11979,2010-01-01,DEBIT_CARD,53449,121,22,set_7478923,,,12122
bnk_7478925,7478925,649,2010-01-01,DEBIT_CARD,59935,7,1,set_7478925,,,657
bnk_7478927,7478927,261,2010-01-01,CREDIT_CARD,27076,5,1,set_7478927,,,267
bnk_7478928,7478928,7281,2010-01-01,DEBIT_CARD,84758,74,13,set_7478928,,,7368
bnk_7478929,7478929,1168,2010-01-01,CREDIT_CARD,69972,24,4,set_7478929,,,1196
bnk_7478930,7478930,9569,2010-01-01,CREDIT_CARD,61195,196,35,set_7478930,,,9800
bnk_7478931,7478931,3332,2010-01-01,DEBIT_CARD,90041,34,6,set_7478931,,,3372
bnk_7478933,7478933,11814,2010-01-01,DEBIT_CARD,84682,120,22,set_7478933,,,11956
bnk_7478935,7478935,6542,2010-01-01,CREDIT_CARD,61195,134,24,set_7478935,,,6700
bnk_7478937,7478937,4346,2010-01-01,CREDIT_CARD,61195,89,16,set_7478937,,,4451
bnk_7478938,7478938,1827,2010-01-01,DEBIT_CARD,16798,18,3,set_7478938,,,1848
bnk_7478939,7478939,686,2010-01-01,DEBIT_CARD,61482,7,1,set_7478939,,,694
bnk_7478943,7478943,1554,2010-01-01,CREDIT_CARD,14005,32,6,set_7478943,,,1592
bnk_7478945,7478945,4738,2010-01-01,DEBIT_CARD,40475,48,9,set_7478945,,,4795
bnk_7478946,7478946,5882,2010-01-01,DEBIT_CARD,44919,60,11,set_7478946,,,5953
bnk_7478948,7478948,6642,2010-01-01,DEBIT_CARD,25887,67,12,set_7478948,,,6721
bnk_7478949,7478949,6076,2010-01-01,DEBIT_CARD,20884,61,11,set_7478949,,,6085
bnk_7478950,7478950,3749,2010-01-01,DEBIT_CARD,45926,38,7,set_7478950,,,3794
bnk_7478951,7478951,4054,2010-01-01,DEBIT_CARD,25887,40,7,set_7478951,,,3976
bnk_7478952,7478952,2035,2010-01-01,CREDIT_CARD,59793,42,8,set_7478952,,,2085
bnk_7478953,7478953,4118,2010-01-01,DEBIT_CARD,31603,42,8,set_7478953,,,4168
bnk_7478954,7478954,1177,2010-01-01,CREDIT_CARD,77948,24,4,set_7478954,,,1205
bnk_7478955,7478955,9882,2010-01-01,DEBIT_CARD,27092,100,18,set_7478955,,,10000
bnk_7478956,7478956,1956,2010-01-01,DEBIT_CARD,100212,20,4,set_7478956,,,1980
bnk_7478957,7478957,5858,2010-01-01,CREDIT_CARD,43293,120,22,set_7478957,,,6000
bnk_7478960,7478960,1501,2010-01-01,DEBIT_CARD,82981,15,3,set_7478960,,,1519
bnk_7478961,7478961,2239,2010-01-01,DEBIT_CARD,75936,23,4,set_7478961,,,2266
bnk_7478962,7478962,7482,2010-01-01,CREDIT_CARD,75936,153,28,set_7478962,,,7663
bnk_7478963,7478963,1927,2010-01-01,DEBIT_CARD,75936,20,4,set_7478963,,,1951
bnk_7478965,7478965,206,2010-01-01,CREDIT_CARD,14528,4,1,set_7478965,,,211
bnk_7478967,7478967,8732,2010-01-01,DEBIT_CARD,70129,88,16,set_7478967,,,8836
bnk_7478968,7478968,11470,2010-01-01,CREDIT_CARD,69965,235,42,set_7478968,,,11747
bnk_7478969,7478969,8136,2010-01-01,CREDIT_CARD,75936,167,30,set_7478969,,,8333
bnk_7478970,7478970,5421,2010-01-01,CREDIT_CARD,13109,109,20,set_7478970,,,5466
bnk_7478971,7478971,3450,2010-01-01,DEBIT_CARD,91264,35,6,set_7478971,,,3491
bnk_7478973,7478973,1617,2010-01-01,DEBIT_CARD,18563,16,3,set_7478973,,,1636
bnk_7478974,7478974,3908,2010-01-01,CREDIT_CARD,61195,80,14,set_7478974,,,4002
bnk_7478975,7478975,1154,2010-01-01,DEBIT_CARD,39754,12,2,set_7478975,,,1168
bnk_7478976,7478976,449,2010-01-01,DEBIT_CARD,75781,5,1,set_7478976,,,455
bnk_7478977,7478977,5526,2010-01-01,DEBIT_CARD,25717,56,10,set_7478977,,,5592
bnk_7478978,7478978,5023,2010-01-01,DEBIT_CARD,32175,51,9,set_7478978,,,5083
bnk_7478979,7478979,552,2010-01-01,CREDIT_CARD,9126,11,2,set_7478979,,,565
bnk_7478980,7478980,492,2010-01-01,CREDIT_CARD,88699,10,2,set_7478980,,,504
bnk_7478981,7478981,57628,2010-01-01,DEBIT_CARD,34795,583,105,set_7478981,,,58316
bnk_7478982,7478982,4803,2010-01-01,DEBIT_CARD,97893,49,9,set_7478982,,,4861
bnk_7478983,7478983,5156,2010-01-01,DEBIT_CARD,18563,52,9,set_7478983,,,5217
bnk_7478985,7478985,23058,2010-01-01,CREDIT_CARD,43400,472,85,set_7478985,,,23615
bnk_7478987,7478987,91,2010-01-01,DEBIT_CARD,43293,1,0,set_7478987,,,92
bnk_7478988,7478988,7906,2010-01-01,DEBIT_CARD,27092,80,14,set_7478988,,,8000
bnk_7478989,7478989,1868,2010-01-01,DEBIT_CARD,39261,19,3,set_7478989,,,1890
bnk_7478990,7478990,2897,2010-01-01,DEBIT_CARD,15143,29,5,set_7478990,,,2931
bnk_7478991,7478991,5275,2010-01-01,CREDIT_CARD,43293,108,19,set_7478991,,,5402
bnk_7478993,7478993,2618,2010-01-01,CREDIT_CARD,64820,52,9,set_7478993,,,2597
bnk_7478994,7478994,7811,2010-01-01,CREDIT_CARD,27092,160,29,set_7478994,,,8000
bnk_7478995,7478995,10264,2010-01-01,CREDIT_CARD,10186,210,38,set_7478995,,,10512
bnk_7478996,7478996,9590,2010-01-01,DEBIT_CARD,50783,97,17,set_7478996,,,9704
bnk_7478997,7478997,25138,2010-01-01,CREDIT_CARD,3558,515,93,set_7478997,,,25746
bnk_7478998,7478998,3906,2010-01-01,CREDIT_CARD,27092,80,14,set_7478998,,,4000
bnk_7478999,7478999,2742,2010-01-01,DEBIT_CARD,96246,28,5,set_7478999,,,2775
bnk_7479000,7479000,96,2010-01-01,DEBIT_CARD,20561,1,0,set_7479000,,,97
bnk_7479001,7479001,1720,2010-01-01,DEBIT_CARD,83038,17,3,set_7479001,,,1740
bnk_7479002,7479002,3210,2010-01-01,DEBIT_CARD,87530,32,6,set_7479002,,,3248
bnk_7479003,7479003,3728,2010-01-01,DEBIT_CARD,2703,38,7,set_7479003,,,3773
bnk_7479004,7479004,4249,2010-01-01,DEBIT_CARD,30055,43,8,set_7479004,,,4300
bnk_7479006,7479006,7214,2010-01-01,DEBIT_CARD,59935,73,13,set_7479006,,,7300
bnk_7479007,7479007,3830,2010-01-01,CREDIT_CARD,75936,78,14,set_7479007,,,3922
bnk_7479010,7479010,1522,2010-01-01,DEBIT_CARD,19756,15,3,set_7479010,,,1540
bnk_7479011,7479011,11861,2010-01-01,CREDIT_CARD,34488,243,44,set_7479011,,,12148
bnk_7479012,7479012,1536,2010-01-01,CREDIT_CARD,93938,31,6,set_7479012,,,1573
bnk_7479013,7479013,655,2010-01-01,DEBIT_CARD,72388,7,1,set_7479013,,,663
bnk_7479015,7479015,1420,2010-01-01,DEBIT_CARD,41943,14,3,set_7479015,,,1437
bnk_7479016,7479016,1532,2010-01-01,DEBIT_CARD,19821,16,3,set_7479016,,,1551
bnk_7479017,7479017,1303,2010-01-01,DEBIT_CARD,89245,13,2,set_7479017,,,1318
bnk_7479019,7479019,4224,2010-01-01,CREDIT_CARD,25887,87,16,set_7479019,,,4327
bnk_7479020,7479020,2172,2010-01-01,DEBIT_CARD,13078,22,4,set_7479020,,,2198
bnk_7479021,7479021,1005,2010-01-01,DEBIT_CARD,61195,10,2,set_7479021,,,1017
bnk_7479022,7479022,23562,2010-01-01,DEBIT_CARD,66149,238,43,set_7479022,,,23843
bnk_7479023,7479023,3782,2010-01-01,CREDIT_CARD,31603,77,14,set_7479023,,,3873
bnk_7479024,7479024,5091,2010-01-01,DEBIT_CARD,22938,52,9,set_7479024,,,5152
bnk_7479025,7479025,4406,2010-01-01,CREDIT_CARD,19756,90,16,set_7479025,,,4512
bnk_7479026,7479026,6118,2010-01-01,CREDIT_CARD,44919,125,23,set_7479026,,,6266
bnk_7479027,7479027,5831,2010-01-01,CREDIT_CARD,92883,119,21,set_7479027,,,5971
bnk_7479029,7479029,2813,2010-01-01,CREDIT_CARD,91526,58,10,set_7479029,,,2881
bnk_7479031,7479031,1244,2010-01-01,DEBIT_CARD,75612,13,2,set_7479031,,,1259
bnk_7479032,7479032,941,2010-01-01,CREDIT_CARD,16798,19,3,set_7479032,,,963
bnk_7479034,7479034,18708,2010-01-01,DEBIT_CARD,59474,189,34,set_7479034,,,18931
bnk_7479035,7479035,2645,2010-01-01,DEBIT_CARD,98463,27,5,set_7479035,,,2677
bnk_7479036,7479036,4291,2010-01-01,DEBIT_CARD,55060,43,8,set_7479036,,,4342
bnk_7479039,7479039,3325,2010-01-01,DEBIT_CARD,75936,34,6,set_7479039,,,3365
bnk_7479041,7479041,3141,2010-01-01,DEBIT_CARD,25887,32,6,set_7479041,,,3179
bnk_7479042,7479042,2420,2010-01-01,DEBIT_CARD,91842,24,4,set_7479042,,,2448
bnk_7479043,7479043,6119,2010-01-01,DEBIT_CARD,69972,62,11,set_7479043,,,6192
bnk_7479044,7479044,3620,2010-01-01,DEBIT_CARD,39021,37,7,set_7479044,,,3664
bnk_7479045,7479045,212,2010-01-01,CREDIT_CARD,41260,4,1,set_7479045,,,217
bnk_7479046,7479046,1698,2010-01-01,DEBIT_CARD,35451,17,3,set_7479046,,,1718
bnk_7479048,7479048,10930,2010-01-01,DEBIT_CARD,98648,111,20,set_7479048,,,11061
bnk_7479049,7479049,6651,2010-01-01,DEBIT_CARD,79927,67,12,set_7479049,,,6730
bnk_7479050,7479050,14590,2010-01-01,DEBIT_CARD,89863,148,27,set_7479050,,,14765
bnk_7479051,7479051,7517,2010-01-01,DEBIT_CARD,59397,76,14,set_7479051,,,7607
bnk_7479052,7479052,2060,2010-01-01,DEBIT_CARD,14300,21,4,set_7479052,,,2085
bnk_7479053,7479053,20631,2010-01-01,DEBIT_CARD,41523,209,38,set_7479053,,,20878
bnk_7479054,7479054,7906,2010-01-01,DEBIT_CARD,27092,80,14,set_7479054,,,8000
bnk_7479055,7479055,4271,2010-01-01,DEBIT_CARD,39021,43,8,set_7479055,,,4322
bnk_7479056,7479056,3842,2010-01-01,DEBIT_CARD,69965,39,7,set_7479056,,,3888
bnk_7479057,7479057,9863,2010-01-01,CREDIT_CARD,73186,202,36,set_7479057,,,10101
bnk_7479058,7479058,4772,2010-01-01,DEBIT_CARD,10156,48,9,set_7479058,,,4829
bnk_7479059,7479059,147,2010-01-01,DEBIT_CARD,14528,1,0,set_7479059,,,148
bnk_7479060,7479060,3079,2010-01-01,CREDIT_CARD,18563,63,11,set_7479060,,,3154
bnk_7479062,7479062,1278,2010-01-01,DEBIT_CARD,17275,13,2,set_7479062,,,1293
bnk_7479063,7479063,3210,2010-01-01,DEBIT_CARD,48717,32,6,set_7479063,,,3248
bnk_7479064,7479064,1393,2010-01-01,DEBIT_CARD,18563,13,2,set_7479064,,,1303
bnk_7479065,7479065,7906,2010-01-01,DEBIT_CARD,27092,80,14,set_7479065,,,8000
bnk_7479067,7479067,4463,2010-01-01,DEBIT_CARD,25717,45,8,set_7479067,,,4516
bnk_7479068,7479068,5564,2010-01-01,DEBIT_CARD,35954,56,10,set_7479068,,,5630
bnk_7479070,7479070,6873,2010-01-01,DEBIT_CARD,98648,70,13,set_7479070,,,6956
bnk_7479071,7479071,17796,2010-01-01,CREDIT_CARD,22432,365,66,set_7479071,,,18227
bnk_7479072,7479072,2780,2010-01-01,DEBIT_CARD,35451,28,5,set_7479072,,,2813
bnk_7479074,7479074,3642,2010-01-01,DEBIT_CARD,96058,36,6,set_7479074,,,3595
bnk_7479075,7479075,3558,2010-01-01,DEBIT_CARD,3837,36,6,set_7479075,,,3600
bnk_7479076,7479076,1013,2010-01-01,CREDIT_CARD,7470,21,4,set_7479076,,,1038
bnk_7479077,7479077,11236,2010-01-01,CREDIT_CARD,32175,230,41,set_7479077,,,11507
bnk_7479078,7479078,3763,2010-01-01,CREDIT_CARD,50404,77,14,set_7479078,,,3854
bnk_7479079,7479079,11717,2010-01-01,CREDIT_CARD,27092,240,43,set_7479079,,,12000
bnk_7479080,7479080,1838,2010-01-01,DEBIT_CARD,16798,17,3,set_7479080,,,1713
bnk_7479081,7479081,2815,2010-01-01,CREDIT_CARD,39021,58,10,set_7479081,,,2883
bnk_7479082,7479082,9882,2010-01-01,DEBIT_CARD,27092,100,18,set_7479082,,,10000
bnk_7479083,7479083,4388,2010-01-01,CREDIT_CARD,23481,90,16,set_7479083,,,4494
bnk_7479084,7479084,1114,2010-01-01,DEBIT_CARD,40432,11,2,set_7479084,,,1127
bnk_7479085,7479085,3991,2010-01-01,CREDIT_CARD,61195,82,15,set_7479085,,,4088
bnk_7479086,7479086,7182,2010-01-01,DEBIT_CARD,20970,73,13,set_7479086,,,7268
bnk_7479087,7479087,1540,2010-01-01,DEBIT_CARD,50783,16,3,set_7479087,,,1559
bnk_7479088,7479088,9373,2010-01-01,CREDIT_CARD,61195,192,35,set_7479088,,,9600
bnk_7479089,7479089,10659,2010-01-01,CREDIT_CARD,57153,218,39,set_7479089,,,10916
bnk_7479090,7479090,26593,2010-01-01,DEBIT_CARD,52923,269,48,set_7479090,,,26910
bnk_7479091,7479091,5938,2010-01-01,DEBIT_CARD,59935,60,11,set_7479091,,,6009
bnk_7479092,7479092,2250,2010-01-01,DEBIT_CARD,19756,23,4,set_7479092,,,2277
bnk_7479094,7479094,5694,2010-01-01,CREDIT_CARD,37369,117,21,set_7479094,,,5832
bnk_7479095,7479095,1298,2010-01-01,CREDIT_CARD,50783,27,5,set_7479095,,,1330
bnk_7479096,7479096,5314,2010-01-01,DEBIT_CARD,20884,54,10,set_7479096,,,5378
bnk_7479097,7479097,6967,2010-01-01,DEBIT_CARD,24339,71,13,set_7479097,,,7051
bnk_7479098,7479098,2411,2010-01-01,DEBIT_CARD,41122,24,4,set_7479098,,,2440
bnk_7479099,7479099,2059,2010-01-01,CREDIT_CARD,59292,42,8,set_7479099,,,2109
bnk_7479100,7479100,1946,2010-01-01,DEBIT_CARD,16798,20,4,set_7479100,,,1970
bnk_7479101,7479101,3458,2010-01-01,DEBIT_CARD,39021,35,6,set_7479101,,,3499
bnk_7479102,7479102,118,2010-01-01,DEBIT_CARD,86438,1,0,set_7479102,,,119
bnk_7479104,7479104,5175,2010-01-01,CREDIT_CARD,43293,106,19,set_7479104,,,5300
bnk_7479105,7479105,428,2010-01-01,DEBIT_CARD,85247,4,1,set_7479105,,,433
bnk_7479106,7479106,2924,2010-01-01,DEBIT_CARD,39021,30,5,set_7479106,,,2959
bnk_7479107,7479107,3061,2010-01-01,CREDIT_CARD,92883,63,11,set_7479107,,,3135
bnk_7479108,7479108,4567,2010-01-01,CREDIT_CARD,43293,94,17,set_7479108,,,4678
bnk_7479109,7479109,2360,2010-01-01,CREDIT_CARD,2703,48,9,set_7479109,,,2417
bnk_7479110,7479110,6321,2010-01-01,DEBIT_CARD,88646,64,12,set_7479110,,,6397
bnk_7479112,7479112,2278,2010-01-01,DEBIT_CARD,39021,23,4,set_7479112,,,2305
bnk_7479113,7479113,1100,2010-01-01,DEBIT_CARD,61195,11,2,set_7479113,,,1113
bnk_7479114,7479114,3294,2010-01-01,DEBIT_CARD,15143,33,6,set_7479114,,,3333
bnk_7479115,7479115,2786,2010-01-01,DEBIT_CARD,3837,28,5,set_7479115,,,2819
bnk_7479117,7479117,6426,2010-01-01,DEBIT_CARD,18422,65,12,set_7479117,,,6503
bnk_7479119,7479119,29473,2010-01-01,DEBIT_CARD,51300,298,54,set_7479119,,,29825
bnk_7479120,7479120,1286,2010-01-01,DEBIT_CARD,59935,13,2,set_7479120,,,1301
bnk_7479122,7479122,905,2010-01-01,DEBIT_CARD,39261,9,2,set_7479122,,,916
bnk_7479123,7479123,3193,2010-01-01,CREDIT_CARD,39021,65,12,set_7479123,,,3270
bnk_7479124,7479124,3553,2010-01-01,DEBIT_CARD,11442,36,6,set_7479124,,,3595
bnk_7479125,7479125,3462,2010-01-01,DEBIT_CARD,19756,35,6,set_7479125,,,3503
bnk_7479126,7479126,4505,2010-01-01,DEBIT_CARD,17493,46,8,set_7479126,,,4559
bnk_7479127,7479127,1456,2010-01-01,DEBIT_CARD,10782,15,3,set_7479127,,,1475
bnk_7479128,7479128,2562,2010-01-01,CREDIT_CARD,15798,53,10,set_7479128,,,2625
bnk_7479129,7479129,179,2010-01-01,DEBIT_CARD,14528,2,0,set_7479129,,,181
bnk_7479130,7479130,5608,2010-01-01,DEBIT_CARD,43149,57,10,set_7479130,,,5675
bnk_7479131,7479131,3953,2010-01-01,DEBIT_CARD,27092,40,7,set_7479131,,,4000
bnk_7479132,7479132,7387,2010-01-01,DEBIT_CARD,44919,75,14,set_7479132,,,7476
bnk_7479135,7479135,3786,2010-01-01,DEBIT_CARD,25887,38,7,set_7479135,,,3831
bnk_7479136,7479136,7443,2010-01-01,DEBIT_CARD,81569,75,14,set_7479136,,,7532
bnk_7479137,7479137,2448,2010-01-01,DEBIT_CARD,71707,25,5,set_7479137,,,2478
bnk_7479138,7479138,13670,2010-01-01,CREDIT_CARD,27092,280,50,set_7479138,,,14000
bnk_7479139,7479139,273,2010-01-01,CREDIT_CARD,74659,6,1,set_7479139,,,280
bnk_7479140,7479140,5572,2010-01-01,CREDIT_CARD,78454,114,21,set_7479140,,,5707
bnk_7479142,7479142,2022,2010-01-01,DEBIT_CARD,45926,20,4,set_7479142,,,2046
bnk_7479143,7479143,6423,2010-01-01,DEBIT_CARD,61195,65,12,set_7479143,,,6500
bnk_7479144,7479144,4802,2010-01-01,DEBIT_CARD,91842,49,9,set_7479144,,,4860
bnk_7479145,7479145,2664,2010-01-01,DEBIT_CARD,88646,27,5,set_7479145,,,2696
bnk_7479147,7479147,358,2010-01-01,CREDIT_CARD,98648,7,1,set_7479147,,,366
bnk_7479149,7479149,3587,2010-01-01,DEBIT_CARD,85344,36,6,set_7479149,,,3629
bnk_7479150,7479150,6136,2010-01-01,DEBIT_CARD,25717,62,11,set_7479150,,,6209
bnk_7479152,7479152,871,2010-01-01,DEBIT_CARD,84155,9,2,set_7479152,,,882
bnk_7479153,7479153,8321,2010-01-01,CREDIT_CARD,25717,170,31,set_7479153,,,8522
bnk_7479154,7479154,8306,2010-01-01,CREDIT_CARD,32175,170,31,set_7479154,,,8507
bnk_7479155,7479155,1137,2010-01-01,CREDIT_CARD,61195,22,4,set_7479155,,,1082
bnk_7479156,7479156,5354,2010-01-01,CREDIT_CARD,25887,110,20,set_7479156,,,5484
bnk_7479157,7479157,10750,2010-01-01,DEBIT_CARD,95310,109,20,set_7479157,,,10879
bnk_7479158,7479158,3642,2010-01-01,DEBIT_CARD,19756,37,7,set_7479158,,,3686
bnk_7479159,7479159,5190,2010-01-01,CREDIT_CARD,59199,106,19,set_7479159,,,5315
bnk_7479159b,7479159,5190,2010-01-01,CREDIT_CARD,59199,106,19,set_7479159b,,,5315
bnk_7479160,7479160,3475,2010-01-01,CREDIT_CARD,75936,71,13,set_7479160,,,3559
bnk_7479161,7479161,8920,2010-01-01,DEBIT_CARD,75936,90,16,set_7479161,,,9026
bnk_7479162,7479162,2735,2010-01-01,CREDIT_CARD,19756,56,10,set_7479162,,,2801
bnk_7479163,7479163,4502,2010-01-01,DEBIT_CARD,10156,46,8,set_7479163,,,4556
bnk_7479164,7479164,1383,2010-01-01,DEBIT_CARD,28257,14,3,set_7479164,,,1400
bnk_7479165,7479165,3845,2010-01-01,DEBIT_CARD,93655,39,7,set_7479165,,,3891
bnk_7479166,7479166,15811,2010-01-01,DEBIT_CARD,27092,160,29,set_7479166,,,16000
bnk_7479167,7479167,33474,2010-01-01,DEBIT_CARD,23446,339,61,set_7479167,,,33874
bnk_7479168,7479168,3578,2010-01-01,CREDIT_CARD,50826,73,13,set_7479168,,,3664
bnk_7479170,7479170,7167,2010-01-01,DEBIT_CARD,44919,73,13,set_7479170,,,7252
bnk_7479172,7479172,5830,2010-01-01,DEBIT_CARD,59935,59,11,set_7479172,,,5900
bnk_7479175,7479175,11858,2010-01-01,DEBIT_CARD,27092,120,22,set_7479175,,,12000
bnk_7479176,7479176,3943,2010-01-01,DEBIT_CARD,35451,40,7,set_7479176,,,3990
bnk_7479177,7479177,3003,2010-01-01,DEBIT_CARD,13646,30,5,set_7479177,,,3038
bnk_7479178,7479178,1903,2010-01-01,DEBIT_CARD,32175,19,3,set_7479178,,,1851
bnk_7479179,7479179,5335,2010-01-01,CREDIT_CARD,44578,109,20,set_7479179,,,5465
bnk_7479181,7479181,5080,2010-01-01,DEBIT_CARD,39234,51,9,set_7479181,,,5140
bnk_7479182,7479182,199,2010-01-01,DEBIT_CARD,77479,2,0,set_7479182,,,201
bnk_7479183,7479183,2124,2010-01-01,DEBIT_CARD,44921,21,4,set_7479183,,,2149
bnk_7479184,7479184,4192,2010-01-01,DEBIT_CARD,69965,42,8,set_7479184,,,4242
bnk_7479185,7479185,4363,2010-01-01,DEBIT_CARD,78454,44,8,set_7479185,,,4415
bnk_7479186,7479186,3346,2010-01-01,DEBIT_CARD,30055,33,6,set_7479186,,,3309
bnk_7479187,7479187,361,2010-01-01,DEBIT_CARD,20884,4,1,set_7479187,,,366
bnk_7479188,7479188,1952,2010-01-01,CREDIT_CARD,15143,38,7,set_7479188,,,1890
bnk_7479189,7479189,6079,2010-01-01,DEBIT_CARD,11557,62,11,set_7479189,,,6152
bnk_7479190,7479190,8837,2010-01-01,CREDIT_CARD,75936,181,33,set_7479190,,,9051
bnk_7479192,7479192,5964,2010-01-01,DEBIT_CARD,30286,60,11,set_7479192,,,6035
bnk_7479193,7479193,1334,2010-01-01,DEBIT_CARD,30055,13,2,set_7479193,,,1349
bnk_7479195,7479195,4914,2010-01-01,CREDIT_CARD,17493,101,18,set_7479195,,,5032
bnk_7479196,7479196,3552,2010-01-01,DEBIT_CARD,13646,36,6,set_7479196,,,3594
bnk_7479197,7479197,2763,2010-01-01,CREDIT_CARD,3202,57,10,set_7479197,,,2830
bnk_7479198,7479198,7901,2010-01-01,DEBIT_CARD,68751,80,14,set_7479198,,,7995
bnk_7479199,7479199,5816,2010-01-01,DEBIT_CARD,92883,59,11,set_7479199,,,5886
bnk_7479200,7479200,852,2010-01-01,CREDIT_CARD,50783,17,3,set_7479200,,,872
bnk_7479201,7479201,292,2010-01-01,DEBIT_CARD,31495,3,1,set_7479201,,,296
bnk_7479202,7479202,4288,2010-01-01,DEBIT_CARD,69972,43,8,set_7479202,,,4339
bnk_7479203,7479203,4358,2010-01-01,CREDIT_CARD,34256,89,16,set_7479203,,,4463
bnk_7479204,7479204,5631,2010-01-01,DEBIT_CARD,56962,57,10,set_7479204,,,5698
bnk_7479205,7479205,1898,2010-01-01,DEBIT_CARD,50783,19,3,set_7479205,,,1920
bnk_7479206,7479206,1271,2010-01-01,DEBIT_CARD,41233,13,2,set_7479206,,,1286
bnk_7479207,7479207,3107,2010-01-01,DEBIT_CARD,50404,31,6,set_7479207,,,3144
bnk_7479208,7479208,1953,2010-01-01,CREDIT_CARD,27092,40,7,set_7479208,,,2000
bnk_7479209,7479209,6315,2010-01-01,CREDIT_CARD,73706,129,23,set_7479209,,,6467
bnk_7479210,7479210,6840,2010-01-01,DEBIT_CARD,68690,69,12,set_7479210,,,6921
bnk_7479212,7479212,1123,2010-01-01,DEBIT_CARD,51459,11,2,set_7479212,,,1136
bnk_7479213,7479213,6098,2010-01-01,CREDIT_CARD,48685,125,23,set_7479213,,,6246
bnk_7479214,7479214,50653,2010-01-01,DEBIT_CARD,16041,512,92,set_7479214,,,51188
bnk_7479215,7479215,1914,2010-01-01,DEBIT_CARD,39034,19,3,set_7479215,,,1936
bnk_7479216,7479216,3705,2010-01-01,DEBIT_CARD,55060,38,7,set_7479216,,,3750
bnk_7479218,7479218,3906,2010-01-01,CREDIT_CARD,27092,80,14,set_7479218,,,4000
bnk_7479220,7479220,5501,2010-01-01,DEBIT_CARD,18422,56,10,set_7479220,,,5567
bnk_7479221,7479221,1959,2010-01-01,CREDIT_CARD,16798,40,7,set_7479221,,,2007
bnk_7479222,7479222,3332,2010-01-01,DEBIT_CARD,67993,34,6,set_7479222,,,3372
bnk_7479223,7479223,2706,2010-01-01,DEBIT_CARD,19756,27,5,set_7479223,,,2738
bnk_7479224,7479224,3587,2010-01-01,DEBIT_CARD,27601,36,6,set_7479224,,,3629
bnk_7479225,7479225,2345,2010-01-01,CREDIT_CARD,16798,48,9,set_7479225,,,2402
bnk_7479227,7479227,4830,2010-01-01,DEBIT_CARD,22033,49,9,set_7479227,,,4888
bnk_7479228,7479228,17492,2010-01-01,DEBIT_CARD,98686,177,32,set_7479228,,,17701
bnk_7479229,7479229,5154,2010-01-01,CREDIT_CARD,25887,106,19,set_7479229,,,5279
bnk_7479230,7479230,2232,2010-01-01,CREDIT_CARD,86384,46,8,set_7479230,,,2286
bnk_7479231,7479231,5419,2010-01-01,DEBIT_CARD,18795,55,10,set_7479231,,,5484
bnk_7479232,7479232,909,2010-01-01,DEBIT_CARD,22938,9,2,set_7479232,,,920
bnk_7479233,7479233,698,2010-01-01,DEBIT_CARD,50981,7,1,set_7479233,,,706
bnk_7479235,7479235,1732,2010-01-01,DEBIT_CARD,94974,18,3,set_7479235,,,1753
bnk_7479236,7479236,4272,2010-01-01,CREDIT_CARD,84319,88,16,set_7479236,,,4376
bnk_7479237,7479237,4402,2010-01-01,CREDIT_CARD,36329,90,16,set_7479237,,,4508
bnk_7479238,7479238,5399,2010-01-01,DEBIT_CARD,44578,55,10,set_7479238,,,5464
bnk_7479239,7479239,3041,2010-01-01,CREDIT_CARD,50524,62,11,set_7479239,,,3114
bnk_7479240,7479240,7812,2010-01-01,CREDIT_CARD,25717,160,29,set_7479240,,,8001
bnk_7479241,7479241,4675,2010-01-01,CREDIT_CARD,69972,96,17,set_7479241,,,4788
bnk_7479242,7479242,2642,2010-01-01,DEBIT_CARD,99294,27,5,set_7479242,,,2674
bnk_7479243,7479243,9557,2010-01-01,CREDIT_CARD,59474,196,35,set_7479243,,,9788
bnk_7479244,7479244,855,2010-01-01,DEBIT_CARD,510,9,2,set_7479244,,,866
bnk_7479245,7479245,4414,2010-01-01,DEBIT_CARD,35451,45,8,set_7479245,,,4467
bnk_7479245b,7479245,4414,2010-01-01,DEBIT_CARD,35451,45,8,set_7479245b,,,4467
bnk_7479246,7479246,4083,2010-01-01,DEBIT_CARD,75559,41,7,set_7479246,,,4131
bnk_7479247,7479247,8806,2010-01-01,DEBIT_CARD,2374,89,16,set_7479247,,,8911
bnk_7479248,7479248,6789,2010-01-01,CREDIT_CARD,69972,139,25,set_7479248,,,6953
bnk_7479249,7479249,826,2010-01-01,DEBIT_CARD,70150,8,1,set_7479249,,,835
bnk_7479252,7479252,2537,2010-01-01,DEBIT_CARD,51483,26,5,set_7479252,,,2568
bnk_7479254,7479254,1636,2010-01-01,DEBIT_CARD,87914,17,3,set_7479254,,,1656
bnk_7479255,7479255,3281,2010-01-01,DEBIT_CARD,96883,33,6,set_7479255,,,3320
bnk_7479258,7479258,1235,2010-01-01,DEBIT_CARD,44211,12,2,set_7479258,,,1249
bnk_7479259,7479259,852,2010-01-01,DEBIT_CARD,76468,9,2,set_7479259,,,863
bnk_7479260,7479260,5421,2010-01-01,DEBIT_CARD,8365,55,10,set_7479260,,,5486
bnk_7479261,7479261,155,2010-01-01,DEBIT_CARD,16798,2,0,set_7479261,,,157
bnk_7479262,7479262,491,2010-01-01,DEBIT_CARD,60569,5,1,set_7479262,,,497
bnk_7479264,7479264,6430,2010-01-01,CREDIT_CARD,32164,132,24,set_7479264,,,6586
bnk_7479265,7479265,4582,2010-01-01,DEBIT_CARD,35451,46,8,set_7479265,,,4636
bnk_7479266,7479266,4028,2010-01-01,CREDIT_CARD,58408,83,15,set_7479266,,,4126
bnk_7479267,7479267,1773,2010-01-01,DEBIT_CARD,72812,18,3,set_7479267,,,1794
bnk_7479269,7479269,7811,2010-01-01,CREDIT_CARD,27092,160,29,set_7479269,,,8000
bnk_7479269b,7479269,7811,2010-01-01,CREDIT_CARD,27092,160,29,set_7479269b,,,8000
bnk_7479270,7479270,7087,2010-01-01,DEBIT_CARD,74061,71,13,set_7479270,,,7096
bnk_7479271,7479271,9882,2010-01-01,DEBIT_CARD,27092,100,18,set_7479271,,,10000
bnk_7479272,7479272,2311,2010-01-01,DEBIT_CARD,84554,23,4,set_7479272,,,2338
bnk_7479273,7479273,4087,2010-01-01,CREDIT_CARD,64008,84,15,set_7479273,,,4186
bnk_7479274,7479274,4666,2010-01-01,CREDIT_CARD,15143,96,17,set_7479274,,,4779
bnk_7479275,7479275,8099,2010-01-01,DEBIT_CARD,9932,82,15,set_7479275,,,8196
bnk_7479276,7479276,6047,2010-01-01,DEBIT_CARD,25887,61,11,set_7479276,,,6119
bnk_7479277,7479277,8970,2010-01-01,DEBIT_CARD,93030,91,16,set_7479277,,,9077
bnk_7479278,7479278,1691,2010-01-01,DEBIT_CARD,48906,17,3,set_7479278,,,1711
bnk_7479279,7479279,2247,2010-01-01,DEBIT_CARD,19756,23,4,set_7479279,,,2274
bnk_7479280,7479280,4633,2010-01-01,CREDIT_CARD,75936,92,17,set_7479280,,,4601
bnk_7479281,7479281,1392,2010-01-01,DEBIT_CARD,78454,14,3,set_7479281,,,1409
bnk_7479282,7479282,1442,2010-01-01,DEBIT_CARD,50783,15,3,set_7479282,,,1460
bnk_7479283,7479283,1101,2010-01-01,CREDIT_CARD,45907,23,4,set_7479283,,,1128
bnk_7479284,7479284,1169,2010-01-01,CREDIT_CARD,24229,24,4,set_7479284,,,1197
bnk_7479285,7479285,2621,2010-01-01,DEBIT_CARD,87531,27,5,set_7479285,,,2653
bnk_7479286,7479286,60,2010-01-01,CREDIT_CARD,14528,1,0,set_7479286,,,61
bnk_7479287,7479287,2560,2010-01-01,DEBIT_CARD,97046,26,5,set_7479287,,,2591
bnk_7479288,7479288,21664,2010-01-01,DEBIT_CARD,20561,219,39,set_7479288,,,21922
bnk_7479289,7479289,8239,2010-01-01,DEBIT_CARD,97009,83,15,set_7479289,,,8337
bnk_7479290,7479290,3266,2010-01-01,DEBIT_CARD,86149,33,6,set_7479290,,,3305
bnk_7479291,7479291,6472,2010-01-01,DEBIT_CARD,17493,66,12,set_7479291,,,6550
bnk_7479292,7479292,1727,2010-01-01,DEBIT_CARD,39261,17,3,set_7479292,,,1747
bnk_7479294,7479294,9569,2010-01-01,CREDIT_CARD,59935,196,35,set_7479294,,,9800
bnk_7479296,7479296,4983,2010-01-01,DEBIT_CARD,40437,50,9,set_7479296,,,5042
bnk_7479297,7479297,3901,2010-01-01,CREDIT_CARD,95855,80,14,set_7479297,,,3995
bnk_7479298,7479298,840,2010-01-01,DEBIT_CARD,35736,9,2,set_7479298,,,851
bnk_7479299,7479299,4296,2010-01-01,DEBIT_CARD,68690,43,8,set_7479299,,,4347
bnk_7479300,7479300,2872,2010-01-01,CREDIT_CARD,59935,59,11,set_7479300,,,2942
bnk_7479301,7479301,1384,2010-01-01,DEBIT_CARD,51898,14,3,set_7479301,,,1401
bnk_7479302,7479302,1644,2010-01-01,DEBIT_CARD,44561,17,3,set_7479302,,,1664
bnk_7479303,7479303,40501,2010-01-01,DEBIT_CARD,78644,410,74,set_7479303,,,40985
bnk_7479304,7479304,4655,2010-01-01,DEBIT_CARD,88646,47,8,set_7479304,,,4710
bnk_7479305,7479305,2507,2010-01-01,CREDIT_CARD,80770,51,9,set_7479305,,,2567
bnk_7479306,7479306,2751,2010-01-01,DEBIT_CARD,25717,28,5,set_7479306,,,2784
bnk_7479307,7479307,3994,2010-01-01,DEBIT_CARD,44919,40,7,set_7479307,,,4041
bnk_7479308,7479308,3544,2010-01-01,DEBIT_CARD,59452,36,6,set_7479308,,,3586
bnk_7479309,7479309,109,2010-01-01,DEBIT_CARD,14528,1,0,set_7479309,,,110
bnk_7479310,7479310,6347,2010-01-01,CREDIT_CARD,39991,130,23,set_7479310,,,6500
bnk_7479311,7479311,1603,2010-01-01,DEBIT_CARD,52788,16,3,set_7479311,,,1622
bnk_7479312,7479312,8537,2010-01-01,DEBIT_CARD,6871,86,15,set_7479312,,,8638
bnk_7479314,7479314,3342,2010-01-01,DEBIT_CARD,76920,34,6,set_7479314,,,3382
bnk_7479317,7479317,3554,2010-01-01,DEBIT_CARD,50332,36,6,set_7479317,,,3596
bnk_7479318,7479318,11,2010-01-01,DEBIT_CARD,14664,0,0,set_7479318,,,11
bnk_7479319,7479319,3310,2010-01-01,DEBIT_CARD,88646,33,6,set_7479319,,,3349
bnk_7479320,7479320,2910,2010-01-01,CREDIT_CARD,44578,60,11,set_7479320,,,2981
bnk_7479323,7479323,1053,2010-01-01,CREDIT_CARD,55528,22,4,set_7479323,,,1079
bnk_7479324,7479324,8299,2010-01-01,DEBIT_CARD,60569,84,15,set_7479324,,,8398
bnk_7479325,7479325,6197,2010-01-01,DEBIT_CARD,87625,63,11,set_7479325,,,6271
bnk_7479326,7479326,2512,2010-01-01,DEBIT_CARD,97046,25,5,set_7479326,,,2542
bnk_7479327,7479327,4324,2010-01-01,DEBIT_CARD,92883,44,8,set_7479327,,,4376
bnk_7479328,7479328,4157,2010-01-01,DEBIT_CARD,45021,42,8,set_7479328,,,4207
bnk_7479330,7479330,19026,2010-01-01,DEBIT_CARD,98686,193,35,set_7479330,,,19254
bnk_7479332,7479332,2014,2010-01-01,DEBIT_CARD,95541,20,4,set_7479332,,,2038
bnk_7479333,7479333,4152,2010-01-01,DEBIT_CARD,47588,42,8,set_7479333,,,4202
bnk_7479334,7479334,2099,2010-01-01,CREDIT_CARD,49198,43,8,set_7479334,,,2150
bnk_7479335,7479335,5712,2010-01-01,DEBIT_CARD,246,58,10,set_7479335,,,5780
bnk_7479336,7479336,6302,2010-01-01,CREDIT_CARD,97500,129,23,set_7479336,,,6454
bnk_7479337,7479337,4240,2010-01-01,DEBIT_CARD,10099,43,8,set_7479337,,,4291
bnk_7479338,7479338,6268,2010-01-01,DEBIT_CARD,69972,63,11,set_7479338,,,6342
bnk_7479339,7479339,5341,2010-01-01,DEBIT_CARD,47588,54,10,set_7479339,,,5404
bnk_7479340,7479340,7282,2010-01-01,DEBIT_CARD,69972,74,13,set_7479340,,,7369
bnk_7479341,7479341,7811,2010-01-01,CREDIT_CARD,27092,160,29,set_7479341,,,8000
bnk_7479342,7479342,5134,2010-01-01,CREDIT_CARD,55060,105,19,set_7479342,,,5258
bnk_7479343,7479343,594,2010-01-01,DEBIT_CARD,510,6,1,set_7479343,,,601
bnk_7479345,7479345,2514,2010-01-01,DEBIT_CARD,5048,24,4,set_7479345,,,2447
bnk_7479346,7479346,3486,2010-01-01,CREDIT_CARD,58408,71,13,set_7479346,,,3570
bnk_7479347,7479347,9366,2010-01-01,DEBIT_CARD,39021,95,17,set_7479347,,,9478
bnk_7479348,7479348,3854,2010-01-01,DEBIT_CARD,75936,39,7,set_7479348,,,3900
bnk_7479350,7479350,11182,2010-01-01,DEBIT_CARD,17848,113,20,set_7479350,,,11315
bnk_7479351,7479351,2028,2010-01-01,DEBIT_CARD,87351,21,4,set_7479351,,,2053
bnk_7479352,7479352,12465,2010-01-01,DEBIT_CARD,7777,126,23,set_7479352,,,12614
bnk_7479353,7479353,5080,2010-01-01,DEBIT_CARD,25887,51,9,set_7479353,,,5140
bnk_7479354,7479354,3484,2010-01-01,DEBIT_CARD,25887,35,6,set_7479354,,,3525
bnk_7479355,7479355,2645,2010-01-01,DEBIT_CARD,35451,27,5,set_7479355,,,2677
bnk_7479357,7479357,6827,2010-01-01,DEBIT_CARD,73186,69,12,set_7479357,,,6908
bnk_7479358,7479358,6419,2010-01-01,DEBIT_CARD,25887,65,12,set_7479358,,,6496
bnk_7479359,7479359,2635,2010-01-01,DEBIT_CARD,47043,27,5,set_7479359,,,2667
bnk_7479360,7479360,181,2010-01-01,DEBIT_CARD,86438,2,0,set_7479360,,,183
bnk_7479361,7479361,67596,2010-01-01,CREDIT_CARD,85600,1385,249,set_7479361,,,69230
bnk_7479362,7479362,1735,2010-01-01,DEBIT_CARD,89504,18,3,set_7479362,,,1756
bnk_7479363,7479363,1666,2010-01-01,DEBIT_CARD,86008,17,3,set_7479363,,,1686
bnk_7479365,7479365,1931,2010-01-01,CREDIT_CARD,55250,40,7,set_7479365,,,1978
bnk_7479366,7479366,4387,2010-01-01,CREDIT_CARD,78454,90,16,set_7479366,,,4493
bnk_7479368,7479368,7292,2010-01-01,DEBIT_CARD,25887,74,13,set_7479368,,,7379
bnk_7479369,7479369,120,2010-01-01,DEBIT_CARD,14528,1,0,set_7479369,,,121
bnk_7479370,7479370,163,2010-01-01,DEBIT_CARD,86438,2,0,set_7479370,,,165
bnk_7479371,7479371,5929,2010-01-01,DEBIT_CARD,43293,60,11,set_7479371,,,6000
bnk_7479372,7479372,26213,2010-01-01,DEBIT_CARD,50783,265,48,set_7479372,,,26526
bnk_7479373,7479373,7129,2010-01-01,DEBIT_CARD,80012,72,13,set_7479373,,,7214
bnk_7479374,7479374,9820,2010-01-01,CREDIT_CARD,27092,200,36,set_7479374,,,10000
bnk_7479375,7479375,2432,2010-01-01,DEBIT_CARD,94208,25,5,set_7479375,,,2462
bnk_7479376,7479376,164,2010-01-01,DEBIT_CARD,86438,2,0,set_7479376,,,166
bnk_7479377,7479377,11431,2010-01-01,CREDIT_CARD,44795,234,42,set_7479377,,,11707
bnk_7479378,7479378,4578,2010-01-01,CREDIT_CARD,58932,94,17,set_7479378,,,4689
bnk_7479378b,7479378,4578,2010-01-01,CREDIT_CARD,58932,94,17,set_7479378b,,,4689
bnk_7479380,7479380,9882,2010-01-01,DEBIT_CARD,27092,100,18,set_7479380,,,10000
bnk_7479381,7479381,3814,2010-01-01,CREDIT_CARD,78454,78,14,set_7479381,,,3906
bnk_7479382,7479382,2968,2010-01-01,DEBIT_CARD,32606,30,5,set_7479382,,,3003
bnk_7479383,7479383,5494,2010-01-01,DEBIT_CARD,75936,56,10,set_7479383,,,5560
bnk_7479384,7479384,2039,2010-01-01,DEBIT_CARD,15162,21,4,set_7479384,,,2064
bnk_7479385,7479385,2137,2010-01-01,DEBIT_CARD,48906,22,4,set_7479385,,,2163
bnk_7479386,7479386,1706,2010-01-01,DEBIT_CARD,36385,17,3,set_7479386,,,1726
bnk_7479387,7479387,1783,2010-01-01,DEBIT_CARD,32606,18,3,set_7479387,,,1804
bnk_7479388,7479388,3906,2010-01-01,CREDIT_CARD,27092,80,14,set_7479388,,,4000
bnk_7479389,7479389,3357,2010-01-01,CREDIT_CARD,14684,69,12,set_7479389,,,3438
bnk_7479390,7479390,3117,2010-01-01,DEBIT_CARD,20134,32,6,set_7479390,,,3155
bnk_7479391,7479391,3959,2010-01-01,DEBIT_CARD,15143,40,7,set_7479391,,,4006
bnk_7479393,7479393,6904,2010-01-01,DEBIT_CARD,43293,70,13,set_7479393,,,6987
bnk_7479394,7479394,11858,2010-01-01,DEBIT_CARD,27092,120,22,set_7479394,,,12000
bnk_7479395,7479395,10098,2010-01-01,CREDIT_CARD,17976,207,37,set_7479395,,,10342
bnk_7479396,7479396,3391,2010-01-01,DEBIT_CARD,19964,34,6,set_7479396,,,3431
bnk_7479397,7479397,410,2010-01-01,DEBIT_CARD,46284,4,1,set_7479397,,,415
bnk_7479398,7479398,1713,2010-01-01,DEBIT_CARD,56060,17,3,set_7479398,,,1733
bnk_7479399,7479399,3069,2010-01-01,DEBIT_CARD,16798,31,6,set_7479399,,,3106
bnk_7479400,7479400,5558,2010-01-01,DEBIT_CARD,50709,56,10,set_7479400,,,5624
bnk_7479403,7479403,58108,2010-01-01,DEBIT_CARD,55689,588,106,set_7479403,,,58802
bnk_7479404,7479404,8212,2010-01-01,DEBIT_CARD,67570,83,15,set_7479404,,,8310
bnk_7479405,7479405,993,2010-01-01,DEBIT_CARD,70326,10,2,set_7479405,,,1005
bnk_7479406,7479406,4760,2010-01-01,DEBIT_CARD,88646,48,9,set_7479406,,,4817
bnk_7479408,7479408,213,2010-01-01,DEBIT_CARD,75781,2,0,set_7479408,,,215
bnk_7479409,7479409,5686,2010-01-01,DEBIT_CARD,69972,58,10,set_7479409,,,5754
bnk_7479410,7479410,3906,2010-01-01,CREDIT_CARD,27092,80,14,set_7479410,,,4000
bnk_7479411,7479411,1388,2010-01-01,DEBIT_CARD,85247,14,3,set_7479411,,,1405
bnk_7479412,7479412,2830,2010-01-01,DEBIT_CARD,39021,29,5,set_7479412,,,2864
bnk_7479413,7479413,7632,2010-01-01,DEBIT_CARD,70129,77,14,set_7479413,,,7673
bnk_7479414,7479414,1423,2010-01-01,CREDIT_CARD,76630,29,5,set_7479414,,,1457
bnk_7479415,7479415,1261,2010-01-01,DEBIT_CARD,16798,13,2,set_7479415,,,1276
bnk_7479416,7479416,6338,2010-01-01,CREDIT_CARD,35557,130,23,set_7479416,,,6491
bnk_7479417,7479417,6928,2010-01-01,DEBIT_CARD,39021,70,13,set_7479417,,,7011
bnk_7479418,7479418,14826,2010-01-01,CREDIT_CARD,15426,304,55,set_7479418,,,15185
bnk_7479419,7479419,4608,2010-01-01,DEBIT_CARD,39021,47,8,set_7479419,,,4663
bnk_7479420,7479420,948,2010-01-01,DEBIT_CARD,53485,10,2,set_7479420,,,960
bnk_7479422,7479422,10280,2010-01-01,DEBIT_CARD,71883,104,19,set_7479422,,,10403
bnk_7479423,7479423,9563,2010-01-01,CREDIT_CARD,20561,196,35,set_7479423,,,9794
bnk_7479424,7479424,1222,2010-01-01,DEBIT_CARD,61195,12,2,set_7479424,,,1236
bnk_7479429,7479429,123,2010-01-01,CREDIT_CARD,75936,3,1,set_7479429,,,127
bnk_7479430,7479430,2138,2010-01-01,DEBIT_CARD,30130,22,4,set_7479430,,,2164
bnk_7479431,7479431,7355,2010-01-01,CREDIT_CARD,67570,151,27,set_7479431,,,7533
bnk_7479432,7479432,3906,2010-01-01,CREDIT_CARD,27092,80,14,set_7479432,,,4000
bnk_7479433,7479433,17,2010-01-01,CREDIT_CARD,75781,0,0,set_7479433,,,17
bnk_7479435,7479435,3845,2010-01-01,CREDIT_CARD,16798,79,14,set_7479435,,,3938
bnk_7479437,7479437,240,2010-01-01,DEBIT_CARD,25887,2,0,set_7479437,,,242
bnk_7479438,7479438,4061,2010-01-01,CREDIT_CARD,18563,83,15,set_7479438,,,4159
bnk_7479440,7479440,139,2010-01-01,DEBIT_CARD,56431,1,0,set_7479440,,,140
bnk_7479441,7479441,1568,2010-01-01,CREDIT_CARD,55250,32,6,set_7479441,,,1606
bnk_7479441b,7479441,1568,2010-01-01,CREDIT_CARD,55250,32,6,set_7479441b,,,1606
bnk_7479442,7479442,1079,2010-01-01,DEBIT_CARD,81833,11,2,set_7479442,,,1092
bnk_7479443,7479443,6609,2010-01-01,CREDIT_CARD,67570,135,24,set_7479443,,,6768
bnk_7479444,7479444,19,2010-01-01,DEBIT_CARD,90999,0,0,set_7479444,,,19
bnk_7479445,7479445,1977,2010-01-01,DEBIT_CARD,56060,20,4,set_7479445,,,2001
bnk_7479446,7479446,13786,2010-01-01,CREDIT_CARD,83240,282,51,set_7479446,,,14119
bnk_7479447,7479447,1452,2010-01-01,CREDIT_CARD,39261,30,5,set_7479447,,,1487
bnk_7479448,7479448,3156,2010-01-02,DEBIT_CARD,20519,32,6,set_7479448,,,3194
bnk_7479450,7479450,4525,2010-01-02,DEBIT_CARD,18563,46,8,set_7479450,,,4579
bnk_7479452,7479452,10132,2010-01-02,DEBIT_CARD,99370,103,19,set_7479452,,,10254
bnk_7479453,7479453,13835,2010-01-02,DEBIT_CARD,27092,140,25,set_7479453,,,14000
bnk_7479454,7479454,423,2010-01-02,CREDIT_CARD,20561,9,2,set_7479454,,,434
bnk_7479455,7479455,4831,2010-01-02,DEBIT_CARD,13051,49,9,set_7479455,,,4889
bnk_7479456,7479456,8204,2010-01-02,CREDIT_CARD,86410,168,30,set_7479456,,,8402
bnk_7479457,7479457,2522,2010-01-02,CREDIT_CARD,22204,52,9,set_7479457,,,2583
bnk_7479459,7479459,14335,2010-01-02,CREDIT_CARD,73186,294,53,set_7479459,,,14682
bnk_7479460,7479460,12852,2010-01-02,DEBIT_CARD,21772,130,23,set_7479460,,,13005
bnk_7479461,7479461,32867,2010-01-02,DEBIT_CARD,38958,333,60,set_7479461,,,33260
bnk_7479462,7479462,9882,2010-01-02,DEBIT_CARD,27092,100,18,set_7479462,,,10000
bnk_7479463,7479463,3780,2010-01-02,CREDIT_CARD,36500,77,14,set_7479463,,,3871
bnk_7479465,7479465,8202,2010-01-02,CREDIT_CARD,22204,168,30,set_7479465,,,8400
bnk_7479466,7479466,7618,2010-01-02,DEBIT_CARD,75781,77,14,set_7479466,,,7709
bnk_7479467,7479467,1801,2010-01-02,DEBIT_CARD,85247,18,3,set_7479467,,,1822
bnk_7479468,7479468,1733,2010-01-02,DEBIT_CARD,78603,18,3,set_7479468,,,1754
bnk_7479470,7479470,2923,2010-01-02,CREDIT_CARD,81759,60,11,set_7479470,,,2994
bnk_7479471,7479471,10863,2010-01-02,CREDIT_CARD,30286,223,40,set_7479471,,,11126
bnk_7479472,7479472,2683,2010-01-02,DEBIT_CARD,50404,27,5,set_7479472,,,2715
bnk_7479473,7479473,7811,2010-01-02,CREDIT_CARD,27092,160,29,set_7479473,,,8000
bnk_7479474,7479474,4396,2010-01-02,CREDIT_CARD,25759,90,16,set_7479474,,,4502
bnk_7479475,7479475,4193,2010-01-02,CREDIT_CARD,69956,86,15,set_7479475,,,4294
bnk_7479476,7479476,8597,2010-01-02,DEBIT_CARD,59935,87,16,set_7479476,,,8700
bnk_7479477,7479477,4674,2010-01-02,DEBIT_CARD,15143,47,8,set_7479477,,,4729
bnk_7479478,7479478,1054,2010-01-02,CREDIT_CARD,94437,22,4,set_7479478,,,1080
bnk_7479479,7479479,712,2010-01-02,DEBIT_CARD,39980,7,1,set_7479479,,,720
bnk_7479481,7479481,1484,2010-01-02,DEBIT_CARD,61195,15,3,set_7479481,,,1502
bnk_7479482,7479482,2903,2010-01-02,DEBIT_CARD,39021,29,5,set_7479482,,,2937
bnk_7479483,7479483,2980,2010-01-02,CREDIT_CARD,49279,61,11,set_7479483,,,3052
bnk_7479484,7479484,2931,2010-01-02,DEBIT_CARD,58215,30,5,set_7479484,,,2966
bnk_7479486,7479486,104,2010-01-02,CREDIT_CARD,43293,2,0,set_7479486,,,106
bnk_7479487,7479487,296,2010-01-02,CREDIT_CARD,23481,6,1,set_7479487,,,303
bnk_7479488,7479488,5103,2010-01-02,DEBIT_CARD,59935,52,9,set_7479488,,,5164
bnk_7479489,7479489,6652,2010-01-02,DEBIT_CARD,93812,67,12,set_7479489,,,6731
bnk_7479490,7479490,363,2010-01-02,DEBIT_CARD,59935,4,1,set_7479490,,,368
bnk_7479491,7479491,1694,2010-01-02,CREDIT_CARD,61195,32,6,set_7479491,,,1601
bnk_7479492,7479492,9569,2010-01-02,CREDIT_CARD,43293,196,35,set_7479492,,,9800
bnk_7479493,7479493,5239,2010-01-02,DEBIT_CARD,27310,53,10,set_7479493,,,5302
bnk_7479494,7479494,254,2010-01-02,DEBIT_CARD,18422,3,1,set_7479494,,,258
bnk_7479495,7479495,40693,2010-01-02,DEBIT_CARD,70129,412,74,set_7479495,,,41179
bnk_7479496,7479496,17751,2010-01-02,CREDIT_CARD,73186,364,66,set_7479496,,,18181
bnk_7479497,7479497,4134,2010-01-02,CREDIT_CARD,88945,85,15,set_7479497,,,4234
bnk_7479498,7479498,1764,2010-01-02,CREDIT_CARD,16798,36,6,set_7479498,,,1806
bnk_7479499,7479499,3208,2010-01-02,DEBIT_CARD,18563,32,6,set_7479499,,,3246
bnk_7479501,7479501,5713,2010-01-02,DEBIT_CARD,92408,58,10,set_7479501,,,5781
bnk_7479502,7479502,8160,2010-01-02,DEBIT_CARD,99370,83,15,set_7479502,,,8258
bnk_7479502b,7479502,8160,2010-01-02,DEBIT_CARD,99370,83,15,set_7479502b,,,8258
bnk_7479504,7479504,3352,2010-01-02,DEBIT_CARD,54850,34,6,set_7479504,,,3392
bnk_7479505,7479505,9845,2010-01-02,CREDIT_CARD,27092,200,36,set_7479505,,,10000
bnk_7479506,7479506,265,2010-01-02,CREDIT_CARD,14528,4,1,set_7479506,,,175
bnk_7479507,7479507,2657,2010-01-02,DEBIT_CARD,67615,27,5,set_7479507,,,2689
bnk_7479508,7479508,6762,2010-01-02,CREDIT_CARD,81536,139,25,set_7479508,,,6926
bnk_7479509,7479509,1065,2010-01-02,DEBIT_CARD,96049,11,2,set_7479509,,,1078
bnk_7479510,7479510,423,2010-01-02,DEBIT_CARD,22204,4,1,set_7479510,,,428
bnk_7479511,7479511,3489,2010-01-02,DEBIT_CARD,59935,35,6,set_7479511,,,3530
bnk_7479512,7479512,716,2010-01-02,DEBIT_CARD,23462,7,1,set_7479512,,,724
bnk_7479513,7479513,79101,2010-01-02,DEBIT_CARD,22792,800,144,set_7479513,,,80045
bnk_7479514,7479514,9684,2010-01-02,DEBIT_CARD,59935,98,18,set_7479514,,,9800
bnk_7479515,7479515,728,2010-01-02,DEBIT_CARD,23462,7,1,set_7479515,,,736
bnk_7479516,7479516,12090,2010-01-02,DEBIT_CARD,11468,122,22,set_7479516,,,12234
bnk_7479517,7479517,25389,2010-01-02,DEBIT_CARD,44851,257,46,set_7479517,,,25692
bnk_7479519,7479519,32283,2010-01-02,DEBIT_CARD,3558,327,59,set_7479519,,,32669
bnk_7479520,7479520,1976,2010-01-02,DEBIT_CARD,27092,20,4,set_7479520,,,2000
bnk_7479521,7479521,1040,2010-01-02,DEBIT_CARD,75781,11,2,set_7479521,,,1053
bnk_7479522,7479522,16220,2010-01-02,CREDIT_CARD,30006,332,60,set_7479522,,,16612
bnk_7479523,7479523,10607,2010-01-02,DEBIT_CARD,66610,107,19,set_7479523,,,10733
bnk_7479526,7479526,2629,2010-01-02,DEBIT_CARD,24053,27,5,set_7479526,,,2661
bnk_7479527,7479527,2400,2010-01-02,DEBIT_CARD,11468,24,4,set_7479527,,,2428
bnk_7479528,7479528,4543,2010-01-02,DEBIT_CARD,39114,46,8,set_7479528,,,4597
bnk_7479529,7479529,242,2010-01-02,CREDIT_CARD,20519,5,1,set_7479529,,,248
bnk_7479530,7479530,17,2010-01-02,DEBIT_CARD,59397,0,0,set_7479530,,,17
bnk_7479532,7479532,2611,2010-01-02,DEBIT_CARD,86953,26,5,set_7479532,,,2642
bnk_7479533,7479533,10235,2010-01-02,DEBIT_CARD,20561,104,19,set_7479533,,,10358
bnk_7479534,7479534,3122,2010-01-02,DEBIT_CARD,73186,31,6,set_7479534,,,3071
bnk_7479535,7479535,8401,2010-01-02,DEBIT_CARD,20561,85,15,set_7479535,,,8501
bnk_7479536,7479536,435,2010-01-02,DEBIT_CARD,23481,4,1,set_7479536,,,440
bnk_7479537,7479537,184,2010-01-02,DEBIT_CARD,22938,2,0,set_7479537,,,186
bnk_7479539,7479539,9711,2010-01-02,CREDIT_CARD,98648,199,36,set_7479539,,,9946
bnk_7479541,7479541,16265,2010-01-02,DEBIT_CARD,73186,165,30,set_7479541,,,16460
bnk_7479543,7479543,7986,2010-01-02,CREDIT_CARD,73186,162,29,set_7479543,,,8086
bnk_7479544,7479544,277,2010-01-02,CREDIT_CARD,35451,6,1,set_7479544,,,284
bnk_7479545,7479545,2616,2010-01-02,DEBIT_CARD,45389,26,5,set_7479545,,,2647
bnk_7479546,7479546,871,2010-01-02,DEBIT_CARD,93208,9,2,set_7479546,,,882
bnk_7479547,7479547,177,2010-01-02,DEBIT_CARD,5248,2,0,set_7479547,,,179
bnk_7479549,7479549,8452,2010-01-02,DEBIT_CARD,60569,86,15,set_7479549,,,8553
bnk_7479551,7479551,9537,2010-01-02,CREDIT_CARD,32868,195,35,set_7479551,,,9767
bnk_7479552,7479552,30268,2010-01-02,CREDIT_CARD,59474,620,112,set_7479552,,,31000
bnk_7479553,7479553,6563,2010-01-02,DEBIT_CARD,86410,66,12,set_7479553,,,6641
bnk_7479554,7479554,6765,2010-01-02,DEBIT_CARD,18215,68,12,set_7479554,,,6845
bnk_7479555,7479555,242,2010-01-02,CREDIT_CARD,78244,5,1,set_7479555,,,248
bnk_7479556,7479556,5743,2010-01-02,DEBIT_CARD,43642,58,10,set_7479556,,,5810
bnk_7479557,7479557,8316,2010-01-02,CREDIT_CARD,5355,170,31,set_7479557,,,8517
bnk_7479558,7479558,9882,2010-01-02,DEBIT_CARD,27092,100,18,set_7479558,,,10000
bnk_7479559,7479559,2177,2010-01-02,DEBIT_CARD,86410,22,4,set_7479559,,,2203
bnk_7479560,7479560,3309,2010-01-02,CREDIT_CARD,45907,68,12,set_7479560,,,3389
bnk_7479561,7479561,297,2010-01-02,CREDIT_CARD,43293,6,1,set_7479561,,,305
bnk_7479563,7479563,25656,2010-01-02,CREDIT_CARD,54850,526,95,set_7479563,,,26277
bnk_7479564,7479564,9622,2010-01-02,CREDIT_CARD,61641,197,35,set_7479564,,,9854
bnk_7479565,7479565,11858,2010-01-02,DEBIT_CARD,27092,120,22,set_7479565,,,12000
bnk_7479566,7479566,3701,2010-01-02,DEBIT_CARD,73186,37,7,set_7479566,,,3745
bnk_7479567,7479567,12065,2010-01-02,CREDIT_CARD,50783,247,44,set_7479567,,,12356
bnk_7479568,7479568,127,2010-01-02,DEBIT_CARD,58332,1,0,set_7479568,,,128
bnk_7479569,7479569,5703,2010-01-02,CREDIT_CARD,18257,117,21,set_7479569,,,5841
bnk_7479570,7479570,5810,2010-01-02,CREDIT_CARD,46284,119,21,set_7479570,,,5950
bnk_7479571,7479571,1618,2010-01-02,DEBIT_CARD,90379,16,3,set_7479571,,,1637
bnk_7479572,7479572,18192,2010-01-02,CREDIT_CARD,60569,371,67,set_7479572,,,18566
bnk_7479573,7479573,2631,2010-01-02,DEBIT_CARD,99104,27,5,set_7479573,,,2663
bnk_7479574,7479574,1378,2010-01-02,DEBIT_CARD,66044,13,2,set_7479574,,,1280
bnk_7479575,7479575,2123,2010-01-02,DEBIT_CARD,35451,21,4,set_7479575,,,2148
bnk_7479576,7479576,476,2010-01-02,DEBIT_CARD,47785,5,1,set_7479576,,,482
bnk_7479577,7479577,10108,2010-01-02,CREDIT_CARD,100058,207,37,set_7479577,,,10352
bnk_7479578,7479578,7884,2010-01-02,DEBIT_CARD,73186,80,14,set_7479578,,,7978
bnk_7479579,7479579,82404,2010-01-02,CREDIT_CARD,22792,1688,304,set_7479579,,,84396
bnk_7479581,7479581,4885,2010-01-02,DEBIT_CARD,59350,49,9,set_7479581,,,4943
bnk_7479582,7479582,11336,2010-01-02,DEBIT_CARD,5355,115,21,set_7479582,,,11472
bnk_7479583,7479583,15306,2010-01-02,DEBIT_CARD,710,155,28,set_7479583,,,15489
bnk_7479584,7479584,3573,2010-01-02,DEBIT_CARD,60569,36,6,set_7479584,,,3615
bnk_7479585,7479585,8025,2010-01-02,CREDIT_CARD,72733,164,30,set_7479585,,,8219
bnk_7479586,7479586,3689,2010-01-02,DEBIT_CARD,42465,37,7,set_7479586,,,3733
bnk_7479587,7479587,3508,2010-01-02,DEBIT_CARD,35001,36,6,set_7479587,,,3550
bnk_7479588,7479588,9671,2010-01-02,CREDIT_CARD,32175,198,36,set_7479588,,,9905
bnk_7479589,7479589,1150,2010-01-02,DEBIT_CARD,42465,12,2,set_7479589,,,1164
bnk_7479590,7479590,7729,2010-01-02,DEBIT_CARD,88459,78,14,set_7479590,,,7821
bnk_7479591,7479591,8322,2010-01-02,CREDIT_CARD,19964,170,31,set_7479591,,,8523
bnk_7479592,7479592,2906,2010-01-02,DEBIT_CARD,15143,29,5,set_7479592,,,2940
bnk_7479593,7479593,12712,2010-01-02,CREDIT_CARD,61195,260,47,set_7479593,,,13019
bnk_7479597,7479597,12354,2010-01-02,DEBIT_CARD,65108,125,23,set_7479597,,,12502
bnk_7479598,7479598,2496,2010-01-02,DEBIT_CARD,84320,25,5,set_7479598,,,2526
bnk_7479599,7479599,6356,2010-01-02,DEBIT_CARD,59457,63,11,set_7479599,,,6308
bnk_7479600,7479600,687,2010-01-02,DEBIT_CARD,5801,7,1,set_7479600,,,695
bnk_7479602,7479602,234,2010-01-02,CREDIT_CARD,10590,5,1,set_7479602,,,240
bnk_7479603,7479603,3680,2010-01-02,DEBIT_CARD,88503,37,7,set_7479603,,,3725
bnk_7479604,7479604,3245,2010-01-02,DEBIT_CARD,42465,33,6,set_7479604,,,3284
bnk_7479605,7479605,5858,2010-01-02,CREDIT_CARD,27092,120,22,set_7479605,,,6000
bnk_7479606,7479606,815,2010-01-02,DEBIT_CARD,46284,8,1,set_7479606,,,824
bnk_7479607,7479607,848,2010-01-02,CREDIT_CARD,82465,17,3,set_7479607,,,868
bnk_7479608,7479608,9522,2010-01-02,CREDIT_CARD,19964,195,35,set_7479608,,,9752
bnk_7479609,7479609,1307,2010-01-02,DEBIT_CARD,39261,13,2,set_7479609,,,1322
bnk_7479610,7479610,4062,2010-01-02,DEBIT_CARD,58808,41,7,set_7479610,,,4110
bnk_7479611,7479611,1205,2010-01-02,DEBIT_CARD,53693,12,2,set_7479611,,,1219
bnk_7479612,7479612,436,2010-01-02,DEBIT_CARD,78454,4,1,set_7479612,,,441
bnk_7479613,7479613,9882,2010-01-02,DEBIT_CARD,27092,100,18,set_7479613,,,10000
bnk_7479614,7479614,2174,2010-01-02,DEBIT_CARD,1238,22,4,set_7479614,,,2200
bnk_7479615,7479615,3373,2010-01-02,DEBIT_CARD,96759,34,6,set_7479615,,,3413
bnk_7479616,7479616,1581,2010-01-02,DEBIT_CARD,85247,16,3,set_7479616,,,1600
bnk_7479617,7479617,8048,2010-01-02,CREDIT_CARD,14620,163,29,set_7479617,,,8168
bnk_7479618,7479618,4018,2010-01-02,DEBIT_CARD,88503,41,7,set_7479618,,,4066
bnk_7479619,7479619,1268,2010-01-02,DEBIT_CARD,13161,13,2,set_7479619,,,1283
bnk_7479620,7479620,8667,2010-01-02,DEBIT_CARD,20884,88,16,set_7479620,,,8771
bnk_7479621,7479621,7822,2010-01-02,DEBIT_CARD,30157,79,14,set_7479621,,,7915
bnk_7479622,7479622,5472,2010-01-02,DEBIT_CARD,81477,55,10,set_7479622,,,5537
bnk_7479623,7479623,4694,2010-01-02,DEBIT_CARD,21189,47,8,set_7479623,,,4749
bnk_7479625,7479625,4570,2010-01-02,DEBIT_CARD,39021,46,8,set_7479625,,,4624
bnk_7479627,7479627,8093,2010-01-02,DEBIT_CARD,26810,82,15,set_7479627,,,8190
bnk_7479628,7479628,2864,2010-01-02,DEBIT_CARD,91128,29,5,set_7479628,,,2898
bnk_7479629,7479629,99,2010-01-02,CREDIT_CARD,86438,2,0,set_7479629,,,101
bnk_7479630,7479630,2612,2010-01-02,DEBIT_CARD,54693,26,5,set_7479630,,,2643
bnk_7479631,7479631,9535,2010-01-02,DEBIT_CARD,20645,96,17,set_7479631,,,9648
bnk_7479633,7479633,908,2010-01-02,DEBIT_CARD,76199,9,2,set_7479633,,,919
bnk_7479634,7479634,12596,2010-01-02,CREDIT_CARD,48919,258,46,set_7479634,,,12900
bnk_7479635,7479635,1128,2010-01-02,DEBIT_CARD,78454,11,2,set_7479635,,,1141
bnk_7479636,7479636,1005,2010-01-02,CREDIT_CARD,53326,21,4,set_7479636,,,1030
bnk_7479637,7479637,9523,2010-01-02,CREDIT_CARD,87530,195,35,set_7479637,,,9753
bnk_7479639,7479639,117,2010-01-02,DEBIT_CARD,22204,1,0,set_7479639,,,118
bnk_7479640,7479640,1633,2010-01-02,DEBIT_CARD,75195,17,3,set_7479640,,,1653
bnk_7479641,7479641,829,2010-01-02,DEBIT_CARD,8168,8,1,set_7479641,,,838
bnk_7479643,7479643,8553,2010-01-02,DEBIT_CARD,50783,87,16,set_7479643,,,8656
bnk_7479644,7479644,377,2010-01-02,DEBIT_CARD,75781,4,1,set_7479644,,,382
bnk_7479645,7479645,3128,2010-01-02,CREDIT_CARD,25012,64,12,set_7479645,,,3204
bnk_7479646,7479646,324,2010-01-02,DEBIT_CARD,44578,3,1,set_7479646,,,328
bnk_7479648,7479648,3816,2010-01-02,DEBIT_CARD,95986,39,7,set_7479648,,,3862
bnk_7479650,7479650,194,2010-01-02,DEBIT_CARD,4312,2,0,set_7479650,,,196
bnk_7479651,7479651,7049,2010-01-02,CREDIT_CARD,59025,144,26,set_7479651,,,7219
bnk_7479653,7479653,6324,2010-01-02,DEBIT_CARD,61195,64,12,set_7479653,,,6400
bnk_7479654,7479654,398,2010-01-02,DEBIT_CARD,39021,4,1,set_7479654,,,403
bnk_7479655,7479655,16226,2010-01-02,DEBIT_CARD,60349,164,30,set_7479655,,,16420
bnk_7479656,7479656,238,2010-01-02,DEBIT_CARD,59935,2,0,set_7479656,,,240
bnk_7479659,7479659,892,2010-01-02,DEBIT_CARD,69907,9,2,set_7479659,,,903
bnk_7479660,7479660,3361,2010-01-02,CREDIT_CARD,357,69,12,set_7479660,,,3442
bnk_7479661,7479661,9764,2010-01-02,CREDIT_CARD,27092,200,36,set_7479661,,,10000
bnk_7479664,7479664,5293,2010-01-02,DEBIT_CARD,61195,53,10,set_7479664,,,5257
bnk_7479665,7479665,6983,2010-01-02,DEBIT_CARD,12002,71,13,set_7479665,,,7067
bnk_7479666,7479666,3999,2010-01-02,DEBIT_CARD,39021,40,7,set_7479666,,,4046
bnk_7479667,7479667,569,2010-01-02,DEBIT_CARD,69122,5,1,set_7479667,,,525
bnk_7479668,7479668,7811,2010-01-02,CREDIT_CARD,27092,160,29,set_7479668,,,8000
bnk_7479670,7479670,2255,2010-01-02,DEBIT_CARD,32175,23,4,set_7479670,,,2282
bnk_7479671,7479671,8004,2010-01-02,DEBIT_CARD,41260,81,15,set_7479671,,,8100
bnk_7479672,7479672,1536,2010-01-02,DEBIT_CARD,18563,16,3,set_7479672,,,1555
bnk_7479673,7479673,153,2010-01-02,DEBIT_CARD,41806,2,0,set_7479673,,,155
bnk_7479674,7479674,1854,2010-01-02,CREDIT_CARD,20561,38,7,set_7479674,,,1899
bnk_7479674b,7479674,1854,2010-01-02,CREDIT_CARD,20561,38,7,set_7479674b,,,1899
bnk_7479675,7479675,3508,2010-01-02,DEBIT_CARD,43293,36,6,set_7479675,,,3550
bnk_7479676,7479676,2840,2010-01-02,DEBIT_CARD,18563,29,5,set_7479676,,,2874
bnk_7479677,7479677,154,2010-01-02,DEBIT_CARD,83271,2,0,set_7479677,,,156
bnk_7479678,7479678,5527,2010-01-02,DEBIT_CARD,17493,56,10,set_7479678,,,5593
bnk_7479680,7479680,8417,2010-01-02,CREDIT_CARD,20519,172,31,set_7479680,,,8620
bnk_7479683,7479683,725,2010-01-02,DEBIT_CARD,50783,7,1,set_7479683,,,733
bnk_7479684,7479684,290,2010-01-02,DEBIT_CARD,81363,3,1,set_7479684,,,294
bnk_7479685,7479685,6521,2010-01-02,DEBIT_CARD,59935,66,12,set_7479685,,,6600
bnk_7479686,7479686,8567,2010-01-02,CREDIT_CARD,50783,175,32,set_7479686,,,8774
bnk_7479687,7479687,265,2010-01-02,CREDIT_CARD,20519,5,1,set_7479687,,,271
bnk_7479688,7479688,1960,2010-01-02,DEBIT_CARD,50783,20,4,set_7479688,,,1984
bnk_7479689,7479689,4941,2010-01-02,DEBIT_CARD,43293,50,9,set_7479689,,,5000
bnk_7479690,7479690,10927,2010-01-02,DEBIT_CARD,59935,111,20,set_7479690,,,11058
bnk_7479690b,7479690,10927,2010-01-02,DEBIT_CARD,59935,111,20,set_7479690b,,,11058
bnk_7479692,7479692,1206,2010-01-02,DEBIT_CARD,75781,11,2,set_7479692,,,1104
bnk_7479693,7479693,126,2010-01-02,DEBIT_CARD,86438,1,0,set_7479693,,,127
bnk_7479694,7479694,1298,2010-01-02,DEBIT_CARD,60569,13,2,set_7479694,,,1313
bnk_7479695,7479695,488,2010-01-02,DEBIT_CARD,55060,5,1,set_7479695,,,494
bnk_7479696,7479696,72,2010-01-02,CREDIT_CARD,2026,1,0,set_7479696,,,73
bnk_7479699,7479699,3966,2010-01-02,DEBIT_CARD,39021,40,7,set_7479699,,,4013
bnk_7479700,7479700,742,2010-01-02,CREDIT_CARD,77179,15,3,set_7479700,,,760
bnk_7479701,7479701,429,2010-01-02,CREDIT_CARD,92883,9,2,set_7479701,,,440
bnk_7479702,7479702,2186,2010-01-02,DEBIT_CARD,41260,22,4,set_7479702,,,2212
bnk_7479703,7479703,2387,2010-01-02,CREDIT_CARD,39021,49,9,set_7479703,,,2445
bnk_7479704,7479704,3833,2010-01-02,DEBIT_CARD,75781,39,7,set_7479704,,,3879
bnk_7479705,7479705,7411,2010-01-02,DEBIT_CARD,43293,75,14,set_7479705,,,7500
bnk_7479705b,7479705,7411,2010-01-02,DEBIT_CARD,43293,75,14,set_7479705b,,,7500
bnk_7479707,7479707,5375,2010-01-02,DEBIT_CARD,66957,54,10,set_7479707,,,5439
bnk_7479708,7479708,507,2010-01-02,CREDIT_CARD,39021,10,2,set_7479708,,,519
bnk_7479709,7479709,1583,2010-01-02,CREDIT_CARD,63694,32,6,set_7479709,,,1620
bnk_7479710,7479710,359,2010-01-02,DEBIT_CARD,86058,4,1,set_7479710,,,364
bnk_7479711,7479711,3831,2010-01-02,DEBIT_CARD,43293,39,7,set_7479711,,,3877
bnk_7479711b,7479711,3831,2010-01-02,DEBIT_CARD,43293,39,7,set_7479711b,,,3877
bnk_7479712,7479712,239,2010-01-02,DEBIT_CARD,43293,2,0,set_7479712,,,241
bnk_7479713,7479713,2906,2010-01-02,DEBIT_CARD,39021,29,5,set_7479713,,,2939
bnk_7479714,7479714,4491,2010-01-02,DEBIT_CARD,57002,45,8,set_7479714,,,4544
bnk_7479715,7479715,13505,2010-01-02,CREDIT_CARD,60569,277,50,set_7479715,,,13832
bnk_7479717,7479717,4259,2010-01-02,CREDIT_CARD,90865,87,16,set_7479717,,,4362
bnk_7479718,7479718,226,2010-01-02,CREDIT_CARD,83229,5,1,set_7479718,,,232
bnk_7479720,7479720,3158,2010-01-02,CREDIT_CARD,39021,65,12,set_7479720,,,3235
bnk_7479721,7479721,4220,2010-01-02,CREDIT_CARD,85250,86,15,set_7479721,,,4321
bnk_7479723,7479723,3374,2010-01-02,DEBIT_CARD,32858,34,6,set_7479723,,,3414
bnk_7479725,7479725,708,2010-01-02,CREDIT_CARD,69685,15,3,set_7479725,,,726
bnk_7479727,7479727,2175,2010-01-02,CREDIT_CARD,91594,45,8,set_7479727,,,2228
bnk_7479728,7479728,181,2010-01-02,CREDIT_CARD,14528,4,1,set_7479728,,,186
bnk_7479729,7479729,2982,2010-01-02,DEBIT_CARD,20519,29,5,set_7479729,,,2913
bnk_7479730,7479730,634,2010-01-02,DEBIT_CARD,19122,5,1,set_7479730,,,539
bnk_7479731,7479731,19617,2010-01-02,CREDIT_CARD,27092,400,72,set_7479731,,,20000
bnk_7479732,7479732,2557,2010-01-02,DEBIT_CARD,16798,26,5,set_7479732,,,2588
bnk_7479733,7479733,4565,2010-01-02,CREDIT_CARD,68751,94,17,set_7479733,,,4676
bnk_7479734,7479734,2123,2010-01-02,CREDIT_CARD,18131,43,8,set_7479734,,,2174
bnk_7479734b,7479734,2123,2010-01-02,CREDIT_CARD,18131,43,8,set_7479734b,,,2174
bnk_7479735,7479735,2497,2010-01-02,DEBIT_CARD,20519,25,5,set_7479735,,,2527
bnk_7479736,7479736,21686,2010-01-02,DEBIT_CARD,60569,219,39,set_7479736,,,21944
bnk_7479737,7479737,4368,2010-01-02,DEBIT_CARD,15143,44,8,set_7479737,,,4420
bnk_7479738,7479738,435,2010-01-02,DEBIT_CARD,50783,4,1,set_7479738,,,440
bnk_7479741,7479741,1710,2010-01-02,DEBIT_CARD,24504,17,3,set_7479741,,,1730
bnk_7479742,7479742,1830,2010-01-02,DEBIT_CARD,52436,19,3,set_7479742,,,1852
bnk_7479743,7479743,16349,2010-01-02,DEBIT_CARD,61641,165,30,set_7479743,,,16544
bnk_7479745,7479745,375,2010-01-02,DEBIT_CARD,69972,4,1,set_7479745,,,380
bnk_7479746,7479746,192,2010-01-02,DEBIT_CARD,50783,2,0,set_7479746,,,194
bnk_7479747,7479747,9802,2010-01-02,CREDIT_CARD,21964,201,36,set_7479747,,,10039
bnk_7479748,7479748,5017,2010-01-02,DEBIT_CARD,87530,51,9,set_7479748,,,5077
bnk_7479751,7479751,637,2010-01-02,DEBIT_CARD,19964,6,1,set_7479751,,,644
bnk_7479752,7479752,2781,2010-01-02,DEBIT_CARD,86410,28,5,set_7479752,,,2814
bnk_7479753,7479753,6197,2010-01-02,DEBIT_CARD,29784,63,11,set_7479753,,,6271
bnk_7479754,7479754,342,2010-01-02,CREDIT_CARD,50783,7,1,set_7479754,,,350
bnk_7479755,7479755,12733,2010-01-02,DEBIT_CARD,87334,129,23,set_7479755,,,12885
bnk_7479756,7479756,174,2010-01-02,DEBIT_CARD,35451,2,0,set_7479756,,,176
bnk_7479757,7479757,9289,2010-01-02,DEBIT_CARD,22204,94,17,set_7479757,,,9400
bnk_7479758,7479758,607,2010-01-02,CREDIT_CARD,61195,12,2,set_7479758,,,621
bnk_7479759,7479759,2442,2010-01-02,DEBIT_CARD,39021,25,5,set_7479759,,,2472
bnk_7479760,7479760,9684,2010-01-02,DEBIT_CARD,59935,98,18,set_7479760,,,9800
bnk_7479763,7479763,17788,2010-01-02,DEBIT_CARD,27092,180,32,set_7479763,,,18000
bnk_7479763b,7479763,17788,2010-01-02,DEBIT_CARD,27092,180,32,set_7479763b,,,18000
bnk_7479764,7479764,407,2010-01-02,DEBIT_CARD,69122,4,1,set_7479764,,,412
bnk_7479766,7479766,828,2010-01-02,DEBIT_CARD,99381,8,1,set_7479766,,,837
bnk_7479767,7479767,28070,2010-01-02,DEBIT_CARD,67570,284,51,set_7479767,,,28405
bnk_7479768,7479768,5248,2010-01-02,CREDIT_CARD,19964,107,19,set_7479768,,,5374
bnk_7479769,7479769,1966,2010-01-02,DEBIT_CARD,50404,20,4,set_7479769,,,1990
bnk_7479770,7479770,1248,2010-01-02,DEBIT_CARD,83271,13,2,set_7479770,,,1264
bnk_7479771,7479771,5360,2010-01-02,CREDIT_CARD,83643,110,20,set_7479771,,,5490
bnk_7479772,7479772,393,2010-01-02,DEBIT_CARD,75936,4,1,set_7479772,,,398
bnk_7479773,7479773,1754,2010-01-02,DEBIT_CARD,39021,18,3,set_7479773,,,1775
bnk_7479774,7479774,1867,2010-01-02,DEBIT_CARD,60989,19,3,set_7479774,,,1889
bnk_7479775,7479775,11717,2010-01-02,CREDIT_CARD,27092,240,43,set_7479775,,,12000
bnk_7479776,7479776,35671,2010-01-02,CREDIT_CARD,32480,731,132,set_7479776,,,36534
bnk_7479777,7479777,7906,2010-01-02,DEBIT_CARD,27092,80,14,set_7479777,,,8000
bnk_7479779,7479779,7539,2010-01-02,CREDIT_CARD,83643,154,28,set_7479779,,,7721
bnk_7479781,7479781,5929,2010-01-02,DEBIT_CARD,27092,60,11,set_7479781,,,6000
bnk_7479782,7479782,92,2010-01-02,DEBIT_CARD,83271,1,0,set_7479782,,,93
bnk_7479783,7479783,3306,2010-01-02,DEBIT_CARD,34256,33,6,set_7479783,,,3345
bnk_7479784,7479784,6712,2010-01-02,DEBIT_CARD,18517,68,12,set_7479784,,,6792
bnk_7479784b,7479784,6712,2010-01-02,DEBIT_CARD,18517,68,12,set_7479784b,,,6792
bnk_7479785,7479785,1452,2010-01-02,DEBIT_CARD,18563,15,3,set_7479785,,,1470
bnk_7479786,7479786,308,2010-01-02,CREDIT_CARD,17493,6,1,set_7479786,,,315
bnk_7479787,7479787,1130,2010-01-02,CREDIT_CARD,26810,23,4,set_7479787,,,1157
bnk_7479788,7479788,9764,2010-01-02,CREDIT_CARD,27092,200,36,set_7479788,,,10000
bnk_7479789,7479789,860,2010-01-02,CREDIT_CARD,60569,15,3,set_7479789,,,761
bnk_7479790,7479790,180,2010-01-02,CREDIT_CARD,20519,4,1,set_7479790,,,185
bnk_7479791,7479791,920,2010-01-02,CREDIT_CARD,75781,19,3,set_7479791,,,942
bnk_7479792,7479792,1751,2010-01-02,CREDIT_CARD,86410,36,6,set_7479792,,,1792
bnk_7479793,7479793,12908,2010-01-02,CREDIT_CARD,92371,263,47,set_7479793,,,13135
bnk_7479794,7479794,4973,2010-01-02,DEBIT_CARD,22204,50,9,set_7479794,,,5032
bnk_7479797,7479797,2609,2010-01-02,CREDIT_CARD,20970,53,10,set_7479797,,,2672
bnk_7479798,7479798,4516,2010-01-02,CREDIT_CARD,73186,93,17,set_7479798,,,4626
bnk_7479798b,7479798,4516,2010-01-02,CREDIT_CARD,73186,93,17,set_7479798b,,,4626
bnk_7479799,7479799,6366,2010-01-02,DEBIT_CARD,59935,64,12,set_7479799,,,6442
bnk_7479800,7479800,6859,2010-01-02,DEBIT_CARD,20561,69,12,set_7479800,,,6941
bnk_7479801,7479801,3831,2010-01-02,DEBIT_CARD,15559,39,7,set_7479801,,,3877
bnk_7479802,7479802,783,2010-01-02,DEBIT_CARD,25118,8,1,set_7479802,,,792
bnk_7479803,7479803,613,2010-01-02,DEBIT_CARD,75781,6,1,set_7479803,,,620
bnk_7479803b,7479803,613,2010-01-02,DEBIT_CARD,75781,6,1,set_7479803b,,,620
bnk_7479804,7479804,3959,2010-01-02,DEBIT_CARD,50783,40,7,set_7479804,,,4006
bnk_7479806,7479806,326,2010-01-02,DEBIT_CARD,75781,3,1,set_7479806,,,330
bnk_7479807,7479807,1567,2010-01-02,CREDIT_CARD,37060,32,6,set_7479807,,,1605
bnk_7479808,7479808,7811,2010-01-02,CREDIT_CARD,27092,160,29,set_7479808,,,8000
bnk_7479809,7479809,7601,2010-01-02,DEBIT_CARD,32480,77,14,set_7479809,,,7692
bnk_7479810,7479810,9764,2010-01-02,CREDIT_CARD,27092,200,36,set_7479810,,,10000
bnk_7479811,7479811,8282,2010-01-02,DEBIT_CARD,48919,84,15,set_7479811,,,8381
bnk_7479811b,7479811,8282,2010-01-02,DEBIT_CARD,48919,84,15,set_7479811b,,,8381
bnk_7479812,7479812,1448,2010-01-02,DEBIT_CARD,15487,15,3,set_7479812,,,1466
bnk_7479813,7479813,4080,2010-01-02,CREDIT_CARD,60569,84,15,set_7479813,,,4179
bnk_7479814,7479814,9882,2010-01-02,DEBIT_CARD,27092,100,18,set_7479814,,,10000
bnk_7479816,7479816,17831,2010-01-02,DEBIT_CARD,54850,180,32,set_7479816,,,18043
bnk_7479817,7479817,206,2010-01-02,CREDIT_CARD,86438,2,0,set_7479817,,,81
bnk_7479820,7479820,4309,2010-01-02,DEBIT_CARD,89462,44,8,set_7479820,,,4361
bnk_7479821,7479821,1678,2010-01-02,DEBIT_CARD,47399,17,3,set_7479821,,,1698
bnk_7479822,7479822,7906,2010-01-02,DEBIT_CARD,27092,80,14,set_7479822,,,8000
bnk_7479823,7479823,18462,2010-01-02,CREDIT_CARD,7777,378,68,set_7479823,,,18908
bnk_7479824,7479824,257,2010-01-02,DEBIT_CARD,59935,3,1,set_7479824,,,261
bnk_7479825,7479825,3078,2010-01-02,DEBIT_CARD,90398,31,6,set_7479825,,,3115
bnk_7479827,7479827,5978,2010-01-02,DEBIT_CARD,66010,61,11,set_7479827,,,6050
bnk_7479830,7479830,112,2010-01-02,DEBIT_CARD,50783,1,0,set_7479830,,,113
bnk_7479832,7479832,8731,2010-01-02,DEBIT_CARD,26810,88,16,set_7479832,,,8835
bnk_7479833,7479833,210,2010-01-02,DEBIT_CARD,14528,2,0,set_7479833,,,212
bnk_7479835,7479835,288,2010-01-02,DEBIT_CARD,20561,3,1,set_7479835,,,292
bnk_7479836,7479836,5474,2010-01-02,DEBIT_CARD,68751,55,10,set_7479836,,,5539
bnk_7479837,7479837,163,2010-01-02,DEBIT_CARD,98648,2,0,set_7479837,,,165
bnk_7479838,7479838,236,2010-01-02,DEBIT_CARD,42047,2,0,set_7479838,,,238
bnk_7479839,7479839,887,2010-01-02,DEBIT_CARD,50933,9,2,set_7479839,,,898
bnk_7479841,7479841,374,2010-01-02,DEBIT_CARD,65551,4,1,set_7479841,,,379
bnk_7479842,7479842,2900,2010-01-02,DEBIT_CARD,39021,29,5,set_7479842,,,2934
bnk_7479843,7479843,4993,2010-01-02,DEBIT_CARD,39021,51,9,set_7479843,,,5053
bnk_7479844,7479844,3240,2010-01-02,DEBIT_CARD,10078,33,6,set_7479844,,,3279
bnk_7479845,7479845,114,2010-01-02,CREDIT_CARD,14528,2,0,set_7479845,,,116
bnk_7479847,7479847,6423,2010-01-02,DEBIT_CARD,41260,65,12,set_7479847,,,6500
bnk_7479848,7479848,11168,2010-01-02,DEBIT_CARD,77811,113,20,set_7479848,,,11301
bnk_7479850,7479850,3594,2010-01-02,CREDIT_CARD,50783,74,13,set_7479850,,,3681
bnk_7479851,7479851,5173,2010-01-02,DEBIT_CARD,61195,51,9,set_7479851,,,5100
bnk_7479852,7479852,624,2010-01-02,CREDIT_CARD,20561,11,2,set_7479852,,,555
bnk_7479854,7479854,4647,2010-01-02,CREDIT_CARD,50404,95,17,set_7479854,,,4759
bnk_7479855,7479855,5929,2010-01-02,DEBIT_CARD,27092,60,11,set_7479855,,,6000
bnk_7479857,7479857,13835,2010-01-02,DEBIT_CARD,27092,140,25,set_7479857,,,14000
bnk_7479858,7479858,4758,2010-01-02,DEBIT_CARD,81833,48,9,set_7479858,,,4815
bnk_7479859,7479859,332,2010-01-02,DEBIT_CARD,73844,3,1,set_7479859,,,336
bnk_7479860,7479860,8245,2010-01-02,DEBIT_CARD,32480,83,15,set_7479860,,,8343
bnk_7479860b,7479860,8245,2010-01-02,DEBIT_CARD,32480,83,15,set_7479860b,,,8343
bnk_7479861,7479861,2285,2010-01-02,DEBIT_CARD,50783,22,4,set_7479861,,,2171
bnk_7479862,7479862,5238,2010-01-02,CREDIT_CARD,68751,107,19,set_7479862,,,5364
bnk_7479864,7479864,4107,2010-01-02,DEBIT_CARD,39021,42,8,set_7479864,,,4158
bnk_7479865,7479865,2709,2010-01-02,CREDIT_CARD,27310,55,10,set_7479865,,,2774
bnk_7479866,7479866,1069,2010-01-02,CREDIT_CARD,2177,22,4,set_7479866,,,1095
bnk_7479867,7479867,6912,2010-01-02,DEBIT_CARD,61195,70,13,set_7479867,,,6995
bnk_7479868,7479868,2155,2010-01-02,CREDIT_CARD,26810,44,8,set_7479868,,,2207
bnk_7479869,7479869,5929,2010-01-02,DEBIT_CARD,26810,60,11,set_7479869,,,6000
bnk_7479870,7479870,512,2010-01-02,DEBIT_CARD,69735,5,1,set_7479870,,,518
bnk_7479871,7479871,154,2010-01-02,CREDIT_CARD,86438,3,1,set_7479871,,,157
bnk_7479873,7479873,11858,2010-01-02,DEBIT_CARD,27092,120,22,set_7479873,,,12000
bnk_7479874,7479874,4422,2010-01-02,DEBIT_CARD,96246,45,8,set_7479874,,,4475
bnk_7479876,7479876,8966,2010-01-02,CREDIT_CARD,68668,184,33,set_7479876,,,9183
bnk_7479877,7479877,11858,2010-01-02,DEBIT_CARD,27092,120,22,set_7479877,,,12000
bnk_7479880,7479880,352,2010-01-02,DEBIT_CARD,50783,4,1,set_7479880,,,357
bnk_7479881,7479881,148,2010-01-02,DEBIT_CARD,16798,2,0,set_7479881,,,150
bnk_7479882,7479882,9882,2010-01-02,DEBIT_CARD,27092,100,18,set_7479882,,,10000
bnk_7479883,7479883,3606,2010-01-02,DEBIT_CARD,41122,37,7,set_7479883,,,3650
bnk_7479884,7479884,3974,2010-01-02,DEBIT_CARD,39021,40,7,set_7479884,,,4021
bnk_7479885,7479885,930,2010-01-02,DEBIT_CARD,59397,9,2,set_7479885,,,941
bnk_7479886,7479886,9799,2010-01-02,DEBIT_CARD,14334,99,18,set_7479886,,,9916
bnk_7479888,7479888,370,2010-01-02,DEBIT_CARD,20519,4,1,set_7479888,,,375
bnk_7479889,7479889,13670,2010-01-02,CREDIT_CARD,27092,280,50,set_7479889,,,14000
bnk_7479890,7479890,2670,2010-01-02,DEBIT_CARD,38241,27,5,set_7479890,,,2702
bnk_7479891,7479891,7156,2010-01-02,DEBIT_CARD,31204,72,13,set_7479891,,,7241
bnk_7479892,7479892,4882,2010-01-02,CREDIT_CARD,26810,100,18,set_7479892,,,5000
bnk_7479893,7479893,5269,2010-01-02,CREDIT_CARD,32213,108,19,set_7479893,,,5396
bnk_7479893b,7479893,5269,2010-01-02,CREDIT_CARD,32213,108,19,set_7479893b,,,5396
bnk_7479894,7479894,3881,2010-01-02,DEBIT_CARD,86616,39,7,set_7479894,,,3927
bnk_7479895,7479895,3087,2010-01-02,DEBIT_CARD,69956,31,6,set_7479895,,,3124
bnk_7479896,7479896,7710,2010-01-02,DEBIT_CARD,19964,78,14,set_7479896,,,7802
bnk_7479897,7479897,412,2010-01-02,DEBIT_CARD,50783,4,1,set_7479897,,,417
bnk_7479898,7479898,7811,2010-01-02,CREDIT_CARD,27092,160,29,set_7479898,,,8000
bnk_7479899,7479899,44,2010-01-02,DEBIT_CARD,20519,0,0,set_7479899,,,44
bnk_7479902,7479902,1636,2010-01-02,DEBIT_CARD,50783,17,3,set_7479902,,,1656
bnk_7479904,7479904,2135,2010-01-02,DEBIT_CARD,89001,22,4,set_7479904,,,2161
bnk_7479905,7479905,1521,2010-01-02,CREDIT_CARD,24504,31,6,set_7479905,,,1558
bnk_7479906,7479906,2998,2010-01-02,CREDIT_CARD,59935,61,11,set_7479906,,,3070
bnk_7479907,7479907,208,2010-01-02,DEBIT_CARD,75781,2,0,set_7479907,,,210
bnk_7479909,7479909,3007,2010-01-02,DEBIT_CARD,39021,30,5,set_7479909,,,3042
bnk_7479910,7479910,4538,2010-01-02,DEBIT_CARD,11468,46,8,set_7479910,,,4592
bnk_7479911,7479911,103,2010-01-02,DEBIT_CARD,50783,1,0,set_7479911,,,104
bnk_7479912,7479912,627,2010-01-02,DEBIT_CARD,22204,6,1,set_7479912,,,634
bnk_7479913,7479913,6826,2010-01-02,DEBIT_CARD,59935,69,12,set_7479913,,,6907
bnk_7479914,7479914,10994,2010-01-02,CREDIT_CARD,17976,225,41,set_7479914,,,11260
bnk_7479915,7479915,6053,2010-01-02,DEBIT_CARD,41260,61,11,set_7479915,,,6125
bnk_7479916,7479916,17752,2010-01-02,CREDIT_CARD,98050,364,66,set_7479916,,,18183
bnk_7479918,7479918,7411,2010-01-02,DEBIT_CARD,59935,75,14,set_7479918,,,7500
bnk_7479919,7479919,6932,2010-01-02,CREDIT_CARD,59935,142,26,set_7479919,,,7100
bnk_7479920,7479920,20,2010-01-02,DEBIT_CARD,28395,0,0,set_7479920,,,20
bnk_7479921,7479921,2189,2010-01-02,CREDIT_CARD,39021,45,8,set_7479921,,,2242
bnk_7479922,7479922,1311,2010-01-02,CREDIT_CARD,81803,27,5,set_7479922,,,1343
bnk_7479923,7479923,1904,2010-01-02,DEBIT_CARD,88852,19,3,set_7479923,,,1926
bnk_7479923b,7479923,1904,2010-01-02,DEBIT_CARD,88852,19,3,set_7479923b,,,1926
bnk_7479925,7479925,3014,2010-01-02,DEBIT_CARD,39021,30,5,set_7479925,,,3049
bnk_7479928,7479928,1469,2010-01-02,DEBIT_CARD,8994,13,2,set_7479928,,,1345
bnk_7479931,7479931,6542,2010-01-02,CREDIT_CARD,22204,134,24,set_7479931,,,6700
bnk_7479932,7479932,9598,2010-01-02,DEBIT_CARD,19182,97,17,set_7479932,,,9712
bnk_7479933,7479933,1132,2010-01-02,CREDIT_CARD,81833,23,4,set_7479933,,,1160
bnk_7479935,7479935,2004,2010-01-02,CREDIT_CARD,82981,41,7,set_7479935,,,2052
bnk_7479936,7479936,1932,2010-01-02,DEBIT_CARD,22204,20,4,set_7479936,,,1956
bnk_7479938,7479938,15283,2010-01-02,DEBIT_CARD,60569,155,28,set_7479938,,,15466
bnk_7479939,7479939,242,2010-01-02,DEBIT_CARD,79847,2,0,set_7479939,,,244
bnk_7479940,7479940,484,2010-01-02,CREDIT_CARD,92883,10,2,set_7479940,,,496
bnk_7479941,7479941,2126,2010-01-02,DEBIT_CARD,50783,22,4,set_7479941,,,2151
bnk_7479942,7479942,3529,2010-01-02,DEBIT_CARD,53692,36,6,set_7479942,,,3571
bnk_7479943,7479943,2237,2010-01-02,CREDIT_CARD,39021,46,8,set_7479943,,,2291
bnk_7479946,7479946,147,2010-01-02,CREDIT_CARD,86438,3,1,set_7479946,,,151
bnk_7479947,7479947,8830,2010-01-02,DEBIT_CARD,60569,89,16,set_7479947,,,8935
bnk_7479948,7479948,2539,2010-01-02,DEBIT_CARD,45854,26,5,set_7479948,,,2570
bnk_7479949,7479949,2708,2010-01-02,CREDIT_CARD,39021,56,10,set_7479949,,,2775
bnk_7479951,7479951,5623,2010-01-02,DEBIT_CARD,86959,57,10,set_7479951,,,5690
bnk_7479952,7479952,292,2010-01-02,DEBIT_CARD,22204,3,1,set_7479952,,,296
bnk_7479953,7479953,2878,2010-01-02,CREDIT_CARD,61195,59,11,set_7479953,,,2948
bnk_7479954,7479954,5513,2010-01-02,DEBIT_CARD,78888,56,10,set_7479954,,,5579
bnk_7479955,7479955,1047,2010-01-02,DEBIT_CARD,46284,9,2,set_7479955,,,927
bnk_7479959,7479959,4342,2010-01-02,CREDIT_CARD,89069,89,16,set_7479959,,,4447
bnk_7479960,7479960,6011,2010-01-02,CREDIT_CARD,22204,123,22,set_7479960,,,6156
bnk_7479961,7479961,443,2010-01-02,DEBIT_CARD,87752,4,1,set_7479961,,,448
bnk_7479962,7479962,2889,2010-01-02,DEBIT_CARD,92566,29,5,set_7479962,,,2924
bnk_7479964,7479964,6444,2010-01-02,CREDIT_CARD,59935,132,24,set_7479964,,,6600
bnk_7479965,7479965,6346,2010-01-02,DEBIT_CARD,72351,64,12,set_7479965,,,6422
bnk_7479966,7479966,1869,2010-01-02,DEBIT_CARD,16798,19,3,set_7479966,,,1891
bnk_7479967,7479967,1664,2010-01-02,CREDIT_CARD,15143,34,6,set_7479967,,,1704
bnk_7479968,7479968,2615,2010-01-02,DEBIT_CARD,39021,26,5,set_7479968,,,2646
bnk_7479970,7479970,4563,2010-01-02,DEBIT_CARD,87535,46,8,set_7479970,,,4617
bnk_7479971,7479971,2883,2010-01-02,DEBIT_CARD,39021,29,5,set_7479971,,,2917
bnk_7479972,7479972,5387,2010-01-02,DEBIT_CARD,33592,55,10,set_7479972,,,5452
bnk_7479973,7479973,11805,2010-01-02,DEBIT_CARD,43503,119,21,set_7479973,,,11945
bnk_7479974,7479974,7708,2010-01-02,DEBIT_CARD,59935,78,14,set_7479974,,,7800
bnk_7479975,7479975,22,2010-01-02,DEBIT_CARD,75936,0,0,set_7479975,,,22
bnk_7479976,7479976,173,2010-01-02,CREDIT_CARD,64999,4,1,set_7479976,,,178
bnk_7479977,7479977,497,2010-01-02,DEBIT_CARD,46284,5,1,set_7479977,,,503
bnk_7479977b,7479977,497,2010-01-02,DEBIT_CARD,46284,5,1,set_7479977b,,,503
bnk_7479979,7479979,4452,2010-01-02,CREDIT_CARD,34490,91,16,set_7479979,,,4559
bnk_7479981,7479981,5190,2010-01-02,DEBIT_CARD,11468,53,10,set_7479981,,,5253
bnk_7479982,7479982,7323,2010-01-02,CREDIT_CARD,26810,150,27,set_7479982,,,7500
bnk_7479984,7479984,4041,2010-01-02,DEBIT_CARD,86410,41,7,set_7479984,,,4089
bnk_7479984b,7479984,4041,2010-01-02,DEBIT_CARD,86410,41,7,set_7479984b,,,4089
bnk_7479985,7479985,730,2010-01-02,DEBIT_CARD,7886,7,1,set_7479985,,,738
bnk_7479986,7479986,5038,2010-01-02,DEBIT_CARD,72351,50,9,set_7479986,,,5000
bnk_7479987,7479987,372,2010-01-02,DEBIT_CARD,75781,4,1,set_7479987,,,377
bnk_7479990,7479990,3903,2010-01-02,DEBIT_CARD,51749,40,7,set_7479990,,,3950
bnk_7479992,7479992,711,2010-01-02,CREDIT_CARD,88998,15,3,set_7479992,,,729
bnk_7479993,7479993,372,2010-01-02,DEBIT_CARD,14161,4,1,set_7479993,,,377
bnk_7479994,7479994,1302,2010-01-02,DEBIT_CARD,44578,13,2,set_7479994,,,1317
bnk_7479996,7479996,7016,2010-01-02,DEBIT_CARD,59935,71,13,set_7479996,,,7100
bnk_7479997,7479997,331,2010-01-02,DEBIT_CARD,75781,3,1,set_7479997,,,335
bnk_7479998,7479998,2155,2010-01-02,CREDIT_CARD,13646,44,8,set_7479998,,,2207
bnk_7479999,7479999,231,2010-01-02,CREDIT_CARD,27664,5,1,set_7479999,,,237
bnk_7480000,7480000,1893,2010-01-02,DEBIT_CARD,81833,19,3,set_7480000,,,1915
bnk_7480001,7480001,2344,2010-01-02,CREDIT_CARD,60569,48,9,set_7480001,,,2401
bnk_7480002,7480002,2869,2010-01-02,DEBIT_CARD,13523,29,5,set_7480002,,,2903
bnk_7480003,7480003,147,2010-01-02,DEBIT_CARD,14528,1,0,set_7480003,,,148
bnk_7480004,7480004,2021,2010-01-02,DEBIT_CARD,59935,19,3,set_7480004,,,1904
bnk_7480005,7480005,1005,2010-01-02,CREDIT_CARD,39021,21,4,set_7480005,,,1030
bnk_7480006,7480006,6054,2010-01-02,CREDIT_CARD,61195,124,22,set_7480006,,,6200
bnk_7480008,7480008,94,2010-01-02,DEBIT_CARD,50783,1,0,set_7480008,,,95
bnk_7480009,7480009,6394,2010-01-02,DEBIT_CARD,15143,65,12,set_7480009,,,6471
bnk_7480010,7480010,554,2010-01-02,DEBIT_CARD,22204,6,1,set_7480010,,,561
bnk_7480011,7480011,1232,2010-01-02,CREDIT_CARD,83480,25,5,set_7480011,,,1262
bnk_7480012,7480012,7198,2010-01-02,DEBIT_CARD,39021,73,13,set_7480012,,,7284
bnk_7480013,7480013,8568,2010-01-02,CREDIT_CARD,59935,176,32,set_7480013,,,8776
bnk_7480015,7480015,1777,2010-01-02,DEBIT_CARD,59935,18,3,set_7480015,,,1798
bnk_7480016,7480016,52,2010-01-02,DEBIT_CARD,14528,1,0,set_7480016,,,53
bnk_7480017,7480017,404,2010-01-02,DEBIT_CARD,75195,4,1,set_7480017,,,409
bnk_7480018,7480018,15622,2010-01-02,CREDIT_CARD,27092,320,58,set_7480018,,,16000
bnk_7480021,7480021,4377,2010-01-02,DEBIT_CARD,71476,44,8,set_7480021,,,4428
bnk_7480022,7480022,9044,2010-01-02,DEBIT_CARD,24823,92,17,set_7480022,,,9153
bnk_7480022b,7480022,9044,2010-01-02,DEBIT_CARD,24823,92,17,set_7480022b,,,9153
bnk_7480024,7480024,8762,2010-01-02,CREDIT_CARD,26810,179,32,set_7480024,,,8973
bnk_7480025,7480025,929,2010-01-02,CREDIT_CARD,16798,19,3,set_7480025,,,951
bnk_7480026,7480026,4849,2010-01-02,CREDIT_CARD,81536,99,18,set_7480026,,,4966
bnk_7480027,7480027,158,2010-01-02,CREDIT_CARD,49789,3,1,set_7480027,,,162
bnk_7480030,7480030,4720,2010-01-02,CREDIT_CARD,96049,97,17,set_7480030,,,4834
bnk_7480031,7480031,132,2010-01-02,DEBIT_CARD,60569,1,0,set_7480031,,,133
bnk_7480032,7480032,2579,2010-01-02,DEBIT_CARD,39261,26,5,set_7480032,,,2610
bnk_7480033,7480033,801,2010-01-02,CREDIT_CARD,30928,16,3,set_7480033,,,820
bnk_7480034,7480034,106,2010-01-02,DEBIT_CARD,86438,1,0,set_7480034,,,107
bnk_7480035,7480035,3191,2010-01-02,CREDIT_CARD,15143,65,12,set_7480035,,,3268
bnk_7480037,7480037,14173,2010-01-02,DEBIT_CARD,22848,143,26,set_7480037,,,14342
bnk_7480038,7480038,14897,2010-01-02,DEBIT_CARD,56276,151,27,set_7480038,,,15075
bnk_7480039,7480039,889,2010-01-02,CREDIT_CARD,47278,17,3,set_7480039,,,830
bnk_7480040,7480040,353,2010-01-02,DEBIT_CARD,22204,4,1,set_7480040,,,358
bnk_7480041,7480041,3056,2010-01-02,DEBIT_CARD,34256,31,6,set_7480041,,,3093
bnk_7480042,7480042,1949,2010-01-02,DEBIT_CARD,85731,20,4,set_7480042,,,1973
bnk_7480043,7480043,1399,2010-01-02,DEBIT_CARD,22204,14,3,set_7480043,,,1416
bnk_7480045,7480045,410,2010-01-02,DEBIT_CARD,30896,4,1,set_7480045,,,415
bnk_7480046,7480046,2630,2010-01-02,DEBIT_CARD,10756,27,5,set_7480046,,,2662
bnk_7480048,7480048,16514,2010-01-02,DEBIT_CARD,45251,167,30,set_7480048,,,16711
bnk_7480049,7480049,1792,2010-01-02,DEBIT_CARD,50783,18,3,set_7480049,,,1813
bnk_7480051,7480051,6157,2010-01-02,DEBIT_CARD,27212,62,11,set_7480051,,,6230
bnk_7480052,7480052,2680,2010-01-02,CREDIT_CARD,88852,55,10,set_7480052,,,2745
bnk_7480053,7480053,966,2010-01-02,CREDIT_CARD,61195,20,4,set_7480053,,,990
bnk_7480054,7480054,366,2010-01-02,DEBIT_CARD,20519,4,1,set_7480054,,,371
bnk_7480056,7480056,253,2010-01-02,DEBIT_CARD,9254,3,1,set_7480056,,,257
bnk_7480058,7480058,123,2010-01-02,DEBIT_CARD,50867,1,0,set_7480058,,,124
bnk_7480060,7480060,11717,2010-01-02,CREDIT_CARD,27092,240,43,set_7480060,,,12000
bnk_7480061,7480061,1017,2010-01-02,DEBIT_CARD,64523,10,2,set_7480061,,,1029
bnk_7480064,7480064,738,2010-01-02,DEBIT_CARD,50867,7,1,set_7480064,,,746
bnk_7480065,7480065,1818,2010-01-02,DEBIT_CARD,46284,18,3,set_7480065,,,1839
bnk_7480066,7480066,4866,2010-01-02,DEBIT_CARD,61195,49,9,set_7480066,,,4924
bnk_7480067,7480067,9843,2010-01-02,DEBIT_CARD,60569,98,18,set_7480067,,,9836
bnk_7480068,7480068,4657,2010-01-02,CREDIT_CARD,99370,95,17,set_7480068,,,4769
bnk_7480069,7480069,3320,2010-01-02,DEBIT_CARD,569,34,6,set_7480069,,,3360
bnk_7480070,7480070,4971,2010-01-02,CREDIT_CARD,59935,102,18,set_7480070,,,5091
bnk_7480071,7480071,9882,2010-01-02,DEBIT_CARD,27092,100,18,set_7480071,,,10000
bnk_7480072,7480072,97,2010-01-02,DEBIT_CARD,14528,1,0,set_7480072,,,98
bnk_7480073,7480073,165,2010-01-02,CREDIT_CARD,14528,3,1,set_7480073,,,169
bnk_7480074,7480074,793,2010-01-02,CREDIT_CARD,29455,16,3,set_7480074,,,812
bnk_7480075,7480075,4780,2010-01-02,DEBIT_CARD,26810,48,9,set_7480075,,,4837
bnk_7480076,7480076,1114,2010-01-02,DEBIT_CARD,6891,11,2,set_7480076,,,1127
bnk_7480077,7480077,2980,2010-01-02,CREDIT_CARD,77313,61,11,set_7480077,,,3052
bnk_7480078,7480078,2076,2010-01-02,DEBIT_CARD,39021,21,4,set_7480078,,,2101
bnk_7480081,7480081,6324,2010-01-02,DEBIT_CARD,26810,64,12,set_7480081,,,6400
bnk_7480086,7480086,304,2010-01-02,CREDIT_CARD,20519,6,1,set_7480086,,,311
bnk_7480087,7480087,2561,2010-01-02,DEBIT_CARD,39021,26,5,set_7480087,,,2592
bnk_7480089,7480089,7283,2010-01-02,DEBIT_CARD,39021,74,13,set_7480089,,,7370
bnk_7480090,7480090,5370,2010-01-02,CREDIT_CARD,59935,110,20,set_7480090,,,5500
bnk_7480091,7480091,142,2010-01-02,DEBIT_CARD,86438,1,0,set_7480091,,,143
bnk_7480092,7480092,13554,2010-01-02,DEBIT_CARD,75781,137,25,set_7480092,,,13716
bnk_7480093,7480093,2599,2010-01-02,DEBIT_CARD,86410,26,5,set_7480093,,,2630
bnk_7480094,7480094,3953,2010-01-02,DEBIT_CARD,27092,40,7,set_7480094,,,4000
bnk_7480095,7480095,29,2010-01-02,DEBIT_CARD,80256,0,0,set_7480095,,,29
bnk_7480096,7480096,486,2010-01-02,DEBIT_CARD,20519,5,1,set_7480096,,,492
bnk_7480097,7480097,6043,2010-01-02,DEBIT_CARD,63444,61,11,set_7480097,,,6115
bnk_7480098,7480098,1627,2010-01-02,DEBIT_CARD,81833,16,3,set_7480098,,,1646
bnk_7480099,7480099,9054,2010-01-02,CREDIT_CARD,26629,185,33,set_7480099,,,9272
bnk_7480100,7480100,3080,2010-01-02,DEBIT_CARD,24512,31,6,set_7480100,,,3117
bnk_7480101,7480101,2398,2010-01-02,DEBIT_CARD,30361,23,4,set_7480101,,,2327
bnk_7480103,7480103,21636,2010-01-02,DEBIT_CARD,73186,219,39,set_7480103,,,21894
bnk_7480104,7480104,21392,2010-01-02,DEBIT_CARD,75393,216,39,set_7480104,,,21647
bnk_7480106,7480106,2798,2010-01-02,CREDIT_CARD,24437,57,10,set_7480106,,,2865
bnk_7480107,7480107,831,2010-01-02,DEBIT_CARD,32519,8,1,set_7480107,,,840
bnk_7480108,7480108,2123,2010-01-02,DEBIT_CARD,36385,21,4,set_7480108,,,2075
bnk_7480109,7480109,387,2010-01-02,DEBIT_CARD,25887,3,1,set_7480109,,,265
bnk_7480110,7480110,312,2010-01-02,DEBIT_CARD,11055,3,1,set_7480110,,,316
bnk_7480111,7480111,1332,2010-01-02,CREDIT_CARD,68069,27,5,set_7480111,,,1364
bnk_7480112,7480112,3154,2010-01-02,DEBIT_CARD,98552,32,6,set_7480112,,,3192
bnk_7480113,7480113,1598,2010-01-02,DEBIT_CARD,4111,16,3,set_7480113,,,1617
bnk_7480115,7480115,3,2010-01-02,DEBIT_CARD,75781,0,0,set_7480115,,,3
bnk_7480116,7480116,3502,2010-01-02,CREDIT_CARD,95855,72,13,set_7480116,,,3587
bnk_7480117,7480117,981,2010-01-02,DEBIT_CARD,25717,10,2,set_7480117,,,993
bnk_7480118,7480118,2364,2010-01-02,DEBIT_CARD,96934,24,4,set_7480118,,,2392
bnk_7480119,7480119,8335,2010-01-02,CREDIT_CARD,48832,171,31,set_7480119,,,8537
bnk_7480120,7480120,4790,2010-01-02,DEBIT_CARD,34490,48,9,set_7480120,,,4847
bnk_7480121,7480121,8508,2010-01-02,DEBIT_CARD,26909,86,15,set_7480121,,,8609
bnk_7480123,7480123,14276,2010-01-02,CREDIT_CARD,7660,292,53,set_7480123,,,14621
bnk_7480123b,7480123,14276,2010-01-02,CREDIT_CARD,7660,292,53,set_7480123b,,,14621
bnk_7480124,7480124,16955,2010-01-02,CREDIT_CARD,93128,347,62,set_7480124,,,17364
bnk_7480125,7480125,791,2010-01-02,DEBIT_CARD,44657,8,1,set_7480125,,,800
bnk_7480126,7480126,4226,2010-01-02,DEBIT_CARD,41122,43,8,set_7480126,,,4277
bnk_7480127,7480127,1229,2010-01-02,CREDIT_CARD,60569,22,4,set_7480127,,,1114
bnk_7480128,7480128,9289,2010-01-02,DEBIT_CARD,59935,94,17,set_7480128,,,9400
bnk_7480129,7480129,8251,2010-01-02,DEBIT_CARD,23358,84,15,set_7480129,,,8350
bnk_7480130,7480130,11584,2010-01-02,DEBIT_CARD,89069,117,21,set_7480130,,,11722
bnk_7480131,7480131,2786,2010-01-02,DEBIT_CARD,25395,28,5,set_7480131,,,2819
bnk_7480132,7480132,6151,2010-01-02,CREDIT_CARD,61195,126,23,set_7480132,,,6300
bnk_7480133,7480133,424,2010-01-02,DEBIT_CARD,75781,4,1,set_7480133,,,429
bnk_7480134,7480134,8823,2010-01-02,CREDIT_CARD,32858,181,33,set_7480134,,,9037
bnk_7480137,7480137,4584,2010-01-02,DEBIT_CARD,87535,46,8,set_7480137,,,4638
bnk_7480138,7480138,3165,2010-01-02,DEBIT_CARD,81829,32,6,set_7480138,,,3203
bnk_7480141,7480141,175,2010-01-02,DEBIT_CARD,22938,2,0,set_7480141,,,177
bnk_7480142,7480142,5604,2010-01-02,CREDIT_CARD,9263,115,21,set_7480142,,,5740
bnk_7480143,7480143,5661,2010-01-02,DEBIT_CARD,59935,57,10,set_7480143,,,5728
bnk_7480144,7480144,5875,2010-01-02,DEBIT_CARD,60569,59,11,set_7480144,,,5945
bnk_7480145,7480145,6199,2010-01-02,DEBIT_CARD,54139,63,11,set_7480145,,,6273
bnk_7480146,7480146,1133,2010-01-02,DEBIT_CARD,60569,11,2,set_7480146,,,1146
bnk_7480148,7480148,5929,2010-01-02,DEBIT_CARD,27092,60,11,set_7480148,,,6000
bnk_7480149,7480149,3906,2010-01-02,DEBIT_CARD,67227,40,7,set_7480149,,,3953
bnk_7480151,7480151,5943,2010-01-02,CREDIT_CARD,42233,122,22,set_7480151,,,6087
bnk_7480152,7480152,27,2010-01-02,DEBIT_CARD,14528,0,0,set_7480152,,,27
bnk_7480153,7480153,18552,2010-01-02,DEBIT_CARD,10530,188,34,set_7480153,,,18774
bnk_7480153b,7480153,18552,2010-01-02,DEBIT_CARD,10530,188,34,set_7480153b,,,18774
bnk_7480154,7480154,584,2010-01-02,DEBIT_CARD,61195,6,1,set_7480154,,,591
bnk_7480155,7480155,8791,2010-01-02,DEBIT_CARD,75781,89,16,set_7480155,,,8896
bnk_7480156,7480156,650,2010-01-02,DEBIT_CARD,32361,7,1,set_7480156,,,658
bnk_7480157,7480157,9269,2010-01-02,CREDIT_CARD,88459,190,34,set_7480157,,,9493
bnk_7480158,7480158,5131,2010-01-02,CREDIT_CARD,30286,105,19,set_7480158,,,5255
bnk_7480159,7480159,4044,2010-01-02,CREDIT_CARD,59935,83,15,set_7480159,,,4142
bnk_7480160,7480160,5310,2010-01-02,CREDIT_CARD,32858,109,20,set_7480160,,,5439
bnk_7480161,7480161,705,2010-01-02,DEBIT_CARD,5760,7,1,set_7480161,,,713
bnk_7480162,7480162,7901,2010-01-02,DEBIT_CARD,22204,80,14,set_7480162,,,7995
bnk_7480163,7480163,6377,2010-01-02,DEBIT_CARD,81833,65,12,set_7480163,,,6454
bnk_7480163b,7480163,6377,2010-01-02,DEBIT_CARD,81833,65,12,set_7480163b,,,6454
bnk_7480164,7480164,333,2010-01-02,DEBIT_CARD,20519,3,1,set_7480164,,,337
bnk_7480165,7480165,1630,2010-01-02,DEBIT_CARD,18563,17,3,set_7480165,,,1650
bnk_7480166,7480166,202,2010-01-02,DEBIT_CARD,20519,2,0,set_7480166,,,204
bnk_7480167,7480167,8597,2010-01-02,DEBIT_CARD,26810,87,16,set_7480167,,,8700
bnk_7480168,7480168,2447,2010-01-02,DEBIT_CARD,48919,25,5,set_7480168,,,2477
bnk_7480170,7480170,23173,2010-01-02,CREDIT_CARD,56835,475,86,set_7480170,,,23734
bnk_7480171,7480171,4773,2010-01-02,DEBIT_CARD,86410,47,8,set_7480171,,,4701
bnk_7480172,7480172,493,2010-01-02,DEBIT_CARD,98374,5,1,set_7480172,,,499
bnk_7480173,7480173,7586,2010-01-02,DEBIT_CARD,88459,77,14,set_7480173,,,7678
bnk_7480176,7480176,5732,2010-01-02,DEBIT_CARD,43293,58,10,set_7480176,,,5800
bnk_7480177,7480177,1713,2010-01-02,CREDIT_CARD,37564,35,6,set_7480177,,,1754
bnk_7480178,7480178,1047,2010-01-02,DEBIT_CARD,20519,11,2,set_7480178,,,1060
bnk_7480179,7480179,9471,2010-01-02,CREDIT_CARD,59935,194,35,set_7480179,,,9700
bnk_7480180,7480180,3952,2010-01-02,DEBIT_CARD,13646,40,7,set_7480180,,,3999
bnk_7480181,7480181,296,2010-01-02,DEBIT_CARD,59397,3,1,set_7480181,,,300
bnk_7480182,7480182,5438,2010-01-02,DEBIT_CARD,26810,55,10,set_7480182,,,5503
bnk_7480184,7480184,7906,2010-01-02,DEBIT_CARD,27092,80,14,set_7480184,,,8000
bnk_7480185,7480185,1815,2010-01-02,DEBIT_CARD,88852,18,3,set_7480185,,,1836
bnk_7480188,7480188,186,2010-01-02,CREDIT_CARD,93214,4,1,set_7480188,,,191
bnk_7480189,7480189,230,2010-01-02,DEBIT_CARD,40278,2,0,set_7480189,,,232
bnk_7480190,7480190,931,2010-01-02,CREDIT_CARD,98374,19,3,set_7480190,,,953
bnk_7480191,7480191,835,2010-01-02,DEBIT_CARD,19964,8,1,set_7480191,,,844
bnk_7480192,7480192,2614,2010-01-02,DEBIT_CARD,16798,26,5,set_7480192,,,2645
bnk_7480193,7480193,1762,2010-01-02,CREDIT_CARD,39021,36,6,set_7480193,,,1804
bnk_7480195,7480195,225,2010-01-02,CREDIT_CARD,75781,5,1,set_7480195,,,231
bnk_7480196,7480196,3953,2010-01-02,DEBIT_CARD,27092,40,7,set_7480196,,,4000
bnk_7480197,7480197,7519,2010-01-02,CREDIT_CARD,96934,154,28,set_7480197,,,7701
bnk_7480200,7480200,5255,2010-01-02,DEBIT_CARD,36934,53,10,set_7480200,,,5318
bnk_7480201,7480201,49950,2010-01-02,DEBIT_CARD,99161,505,91,set_7480201,,,50546
bnk_7480202,7480202,885,2010-01-02,DEBIT_CARD,97871,9,2,set_7480202,,,896
bnk_7480203,7480203,1078,2010-01-02,CREDIT_CARD,69972,22,4,set_7480203,,,1104
bnk_7480204,7480204,1403,2010-01-02,DEBIT_CARD,48919,14,3,set_7480204,,,1420
bnk_7480205,7480205,2621,2010-01-02,DEBIT_CARD,20561,27,5,set_7480205,,,2653
bnk_7480206,7480206,2177,2010-01-02,CREDIT_CARD,9932,45,8,set_7480206,,,2230
bnk_7480207,7480207,6329,2010-01-02,CREDIT_CARD,28823,130,23,set_7480207,,,6482
bnk_7480209,7480209,1530,2010-01-02,DEBIT_CARD,83271,15,3,set_7480209,,,1549
bnk_7480210,7480210,3924,2010-01-02,DEBIT_CARD,39021,40,7,set_7480210,,,3971
bnk_7480211,7480211,51,2010-01-02,DEBIT_CARD,61579,1,0,set_7480211,,,52
bnk_7480212,7480212,776,2010-01-02,DEBIT_CARD,44578,8,1,set_7480212,,,785
bnk_7480213,7480213,2008,2010-01-02,CREDIT_CARD,75781,41,7,set_7480213,,,2056
bnk_7480214,7480214,784,2010-01-02,DEBIT_CARD,20519,8,1,set_7480214,,,793
bnk_7480216,7480216,2005,2010-01-02,DEBIT_CARD,43293,20,4,set_7480216,,,2029
bnk_7480218,7480218,44817,2010-01-02,CREDIT_CARD,77316,918,165,set_7480218,,,45900
bnk_7480219,7480219,1413,2010-01-02,DEBIT_CARD,20561,14,3,set_7480219,,,1430
bnk_7480220,7480220,1222,2010-01-02,DEBIT_CARD,17678,12,2,set_7480220,,,1236
bnk_7480221,7480221,1047,2010-01-02,DEBIT_CARD,26945,10,2,set_7480221,,,970
bnk_7480222,7480222,187,2010-01-02,DEBIT_CARD,86438,2,0,set_7480222,,,189
bnk_7480224,7480224,1490,2010-01-02,DEBIT_CARD,10792,15,3,set_7480224,,,1508
bnk_7480227,7480227,54840,2010-01-02,DEBIT_CARD,43422,555,100,set_7480227,,,55495
bnk_7480228,7480228,3177,2010-01-02,DEBIT_CARD,78757,32,6,set_7480228,,,3215
bnk_7480229,7480229,1245,2010-01-02,DEBIT_CARD,20561,13,2,set_7480229,,,1260
bnk_7480231,7480231,14902,2010-01-02,DEBIT_CARD,60569,151,27,set_7480231,,,15080
bnk_7480232,7480232,3071,2010-01-02,CREDIT_CARD,63683,63,11,set_7480232,,,3145
bnk_7480233,7480233,6241,2010-01-02,DEBIT_CARD,81833,63,11,set_7480233,,,6315
bnk_7480234,7480234,122,2010-01-02,CREDIT_CARD,59935,3,1,set_7480234,,,126
bnk_7480236,7480236,277,2010-01-02,DEBIT_CARD,61195,3,1,set_7480236,,,281
bnk_7480237,7480237,10707,2010-01-02,CREDIT_CARD,31707,219,39,set_7480237,,,10965
bnk_7480238,7480238,1159,2010-01-02,CREDIT_CARD,50783,24,4,set_7480238,,,1187
bnk_7480240,7480240,3604,2010-01-02,DEBIT_CARD,75781,36,6,set_7480240,,,3646
bnk_7480241,7480241,283,2010-01-02,CREDIT_CARD,57665,6,1,set_7480241,,,290
bnk_7480242,7480242,3898,2010-01-02,DEBIT_CARD,22204,39,7,set_7480242,,,3944
bnk_7480243,7480243,6953,2010-01-02,DEBIT_CARD,78534,70,13,set_7480243,,,7036
bnk_7480243b,7480243,6953,2010-01-02,DEBIT_CARD,78534,70,13,set_7480243b,,,7036
bnk_7480244,7480244,10924,2010-01-02,DEBIT_CARD,47960,111,20,set_7480244,,,11055
bnk_7480245,7480245,6819,2010-01-02,DEBIT_CARD,22204,69,12,set_7480245,,,6900
bnk_7480246,7480246,30326,2010-01-02,DEBIT_CARD,54850,307,55,set_7480246,,,30688
bnk_7480247,7480247,709,2010-01-02,DEBIT_CARD,75781,7,1,set_7480247,,,717
bnk_7480248,7480248,3523,2010-01-02,DEBIT_CARD,39021,36,6,set_7480248,,,3565
bnk_7480249,7480249,1230,2010-01-02,DEBIT_CARD,24504,12,2,set_7480249,,,1244
bnk_7480250,7480250,10442,2010-01-02,DEBIT_CARD,50783,106,19,set_7480250,,,10567
bnk_7480251,7480251,1648,2010-01-02,DEBIT_CARD,15143,17,3,set_7480251,,,1668
bnk_7480252,7480252,935,2010-01-02,DEBIT_CARD,69956,9,2,set_7480252,,,946
bnk_7480253,7480253,3451,2010-01-02,DEBIT_CARD,65392,35,6,set_7480253,,,3492
bnk_7480254,7480254,23757,2010-01-02,DEBIT_CARD,73186,240,43,set_7480254,,,24040
bnk_7480255,7480255,3436,2010-01-02,DEBIT_CARD,59935,35,6,set_7480255,,,3477
bnk_7480256,7480256,3896,2010-01-02,DEBIT_CARD,34490,39,7,set_7480256,,,3942
bnk_7480257,7480257,675,2010-01-02,CREDIT_CARD,47399,14,3,set_7480257,,,692
bnk_7480258,7480258,1640,2010-01-02,DEBIT_CARD,60569,17,3,set_7480258,,,1660
bnk_7480259,7480259,873,2010-01-02,DEBIT_CARD,61195,9,2,set_7480259,,,884
bnk_7480260,7480260,9388,2010-01-02,DEBIT_CARD,59935,95,17,set_7480260,,,9500
bnk_7480261,7480261,1332,2010-01-02,DEBIT_CARD,83480,13,2,set_7480261,,,1347
bnk_7480263,7480263,8474,2010-01-02,CREDIT_CARD,19964,174,31,set_7480263,,,8679
bnk_7480264,7480264,1863,2010-01-02,CREDIT_CARD,39021,38,7,set_7480264,,,1908
bnk_7480265,7480265,3274,2010-01-02,DEBIT_CARD,24823,33,6,set_7480265,,,3313
bnk_7480266,7480266,451,2010-01-02,DEBIT_CARD,46284,5,1,set_7480266,,,457
bnk_7480267,7480267,573,2010-01-02,DEBIT_CARD,75781,6,1,set_7480267,,,580
bnk_7480268,7480268,787,2010-01-02,DEBIT_CARD,51898,8,1,set_7480268,,,796
bnk_7480269,7480269,1894,2010-01-02,CREDIT_CARD,94123,36,6,set_7480269,,,1820
bnk_7480271,7480271,2218,2010-01-02,CREDIT_CARD,39021,45,8,set_7480271,,,2271
bnk_7480272,7480272,2985,2010-01-02,DEBIT_CARD,96246,30,5,set_7480272,,,3020
bnk_7480273,7480273,4758,2010-01-02,DEBIT_CARD,60569,48,9,set_7480273,,,4815
bnk_7480274,7480274,1609,2010-01-02,CREDIT_CARD,83480,33,6,set_7480274,,,1648
bnk_7480275,7480275,990,2010-01-02,DEBIT_CARD,50783,9,2,set_7480275,,,863
bnk_7480277,7480277,1917,2010-01-02,DEBIT_CARD,39021,19,3,set_7480277,,,1939
bnk_7480278,7480278,3544,2010-01-02,CREDIT_CARD,39021,73,13,set_7480278,,,3630
bnk_7480279,7480279,15622,2010-01-02,CREDIT_CARD,27092,320,58,set_7480279,,,16000
bnk_7480281,7480281,134,2010-01-02,DEBIT_CARD,14528,1,0,set_7480281,,,135
bnk_7480283,7480283,2672,2010-01-02,DEBIT_CARD,32606,27,5,set_7480283,,,2704
bnk_7480284,7480284,2712,2010-01-02,CREDIT_CARD,60569,56,10,set_7480284,,,2778
bnk_7480285,7480285,2567,2010-01-02,CREDIT_CARD,75781,53,10,set_7480285,,,2630
bnk_7480286,7480286,1286,2010-01-02,CREDIT_CARD,50783,26,5,set_7480286,,,1317
bnk_7480287,7480287,9899,2010-01-02,DEBIT_CARD,48919,100,18,set_7480287,,,10018
bnk_7480288,7480288,1709,2010-01-02,DEBIT_CARD,85268,17,3,set_7480288,,,1729
bnk_7480289,7480289,4204,2010-01-02,CREDIT_CARD,9932,86,15,set_7480289,,,4305
bnk_7480290,7480290,1922,2010-01-02,DEBIT_CARD,39021,19,3,set_7480290,,,1944
bnk_7480291,7480291,14181,2010-01-02,DEBIT_CARD,61195,144,26,set_7480291,,,14351
bnk_7480292,7480292,117,2010-01-02,DEBIT_CARD,14528,1,0,set_7480292,,,118
bnk_7480293,7480293,743,2010-01-02,DEBIT_CARD,1710,8,1,set_7480293,,,752
bnk_7480294,7480294,6075,2010-01-02,CREDIT_CARD,18215,124,22,set_7480294,,,6221
bnk_7480296,7480296,4469,2010-01-02,CREDIT_CARD,99370,92,17,set_7480296,,,4578
bnk_7480297,7480297,696,2010-01-02,DEBIT_CARD,59935,7,1,set_7480297,,,704
bnk_7480298,7480298,1423,2010-01-02,DEBIT_CARD,62410,14,3,set_7480298,,,1440
bnk_7480299,7480299,2192,2010-01-02,CREDIT_CARD,48919,45,8,set_7480299,,,2245
bnk_7480300,7480300,1002,2010-01-02,DEBIT_CARD,74648,10,2,set_7480300,,,1014
bnk_7480301,7480301,1279,2010-01-02,DEBIT_CARD,61195,13,2,set_7480301,,,1294
bnk_7480302,7480302,347,2010-01-02,DEBIT_CARD,61195,4,1,set_7480302,,,352
bnk_7480304,7480304,7431,2010-01-02,CREDIT_CARD,33435,152,27,set_7480304,,,7610
bnk_7480305,7480305,8092,2010-01-02,CREDIT_CARD,60569,166,30,set_7480305,,,8288
bnk_7480307,7480307,2075,2010-01-02,DEBIT_CARD,18563,21,4,set_7480307,,,2100
bnk_7480308,7480308,23,2010-01-02,DEBIT_CARD,14528,0,0,set_7480308,,,23
bnk_7480308b,7480308,23,2010-01-02,DEBIT_CARD,14528,0,0,set_7480308b,,,23
bnk_7480309,7480309,5862,2010-01-02,DEBIT_CARD,34256,59,11,set_7480309,,,5932
bnk_7480311,7480311,64,2010-01-02,CREDIT_CARD,14528,1,0,set_7480311,,,65
bnk_7480312,7480312,5929,2010-01-02,DEBIT_CARD,27092,60,11,set_7480312,,,6000
bnk_7480313,7480313,1768,2010-01-02,DEBIT_CARD,10054,18,3,set_7480313,,,1789
bnk_7480314,7480314,7907,2010-01-02,DEBIT_CARD,27092,80,14,set_7480314,,,8000
bnk_7480315,7480315,339,2010-01-02,DEBIT_CARD,46474,3,1,set_7480315,,,343
bnk_7480316,7480316,4669,2010-01-02,DEBIT_CARD,39021,47,8,set_7480316,,,4724
bnk_7480317,7480317,3479,2010-01-02,DEBIT_CARD,60569,35,6,set_7480317,,,3520
bnk_7480318,7480318,1814,2010-01-02,DEBIT_CARD,24504,18,3,set_7480318,,,1835
bnk_7480319,7480319,476,2010-01-02,CREDIT_CARD,50783,10,2,set_7480319,,,488
bnk_7480320,7480320,1434,2010-01-02,DEBIT_CARD,59397,15,3,set_7480320,,,1452
bnk_7480321,7480321,3787,2010-01-02,CREDIT_CARD,63683,78,14,set_7480321,,,3879
bnk_7480322,7480322,1725,2010-01-02,DEBIT_CARD,83271,17,3,set_7480322,,,1745
bnk_7480323,7480323,8614,2010-01-02,CREDIT_CARD,80449,176,32,set_7480323,,,8822
bnk_7480324,7480324,4942,2010-01-02,DEBIT_CARD,27310,50,9,set_7480324,,,5001
bnk_7480326,7480326,2810,2010-01-02,DEBIT_CARD,39021,28,5,set_7480326,,,2843
bnk_7480327,7480327,11717,2010-01-02,CREDIT_CARD,27092,240,43,set_7480327,,,12000
bnk_7480328,7480328,595,2010-01-02,DEBIT_CARD,75781,6,1,set_7480328,,,602
bnk_7480329,7480329,7906,2010-01-02,DEBIT_CARD,61195,80,14,set_7480329,,,8000
bnk_7480330,7480330,280,2010-01-02,DEBIT_CARD,41137,3,1,set_7480330,,,284
bnk_7480331,7480331,159,2010-01-02,DEBIT_CARD,2177,2,0,set_7480331,,,161
bnk_7480332,7480332,2771,2010-01-02,DEBIT_CARD,18563,28,5,set_7480332,,,2804
bnk_7480333,7480333,2759,2010-01-02,DEBIT_CARD,24823,28,5,set_7480333,,,2792
bnk_7480334,7480334,240,2010-01-02,DEBIT_CARD,75781,2,0,set_7480334,,,242
bnk_7480335,7480335,9764,2010-01-02,CREDIT_CARD,27092,200,36,set_7480335,,,10000
bnk_7480336,7480336,3540,2010-01-02,DEBIT_CARD,39021,36,6,set_7480336,,,3582
bnk_7480337,7480337,321,2010-01-02,DEBIT_CARD,17812,3,1,set_7480337,,,325
bnk_7480339,7480339,3479,2010-01-02,DEBIT_CARD,99256,35,6,set_7480339,,,3520
bnk_7480340,7480340,236,2010-01-02,DEBIT_CARD,14528,2,0,set_7480340,,,238
bnk_7480342,7480342,9882,2010-01-02,DEBIT_CARD,27092,100,18,set_7480342,,,10000
bnk_7480343,7480343,144,2010-01-02,DEBIT_CARD,40278,1,0,set_7480343,,,145
bnk_7480345,7480345,477,2010-01-02,DEBIT_CARD,69972,5,1,set_7480345,,,483
bnk_7480346,7480346,4806,2010-01-02,DEBIT_CARD,20561,49,9,set_7480346,,,4864
bnk_7480347,7480347,875,2010-01-02,CREDIT_CARD,14538,18,3,set_7480347,,,896
bnk_7480350,7480350,5387,2010-01-02,DEBIT_CARD,81833,55,10,set_7480350,,,5452
bnk_7480351,7480351,9373,2010-01-02,CREDIT_CARD,43293,192,35,set_7480351,,,9600
bnk_7480352,7480352,267,2010-01-02,DEBIT_CARD,75559,1,0,set_7480352,,,149
bnk_7480353,7480353,8257,2010-01-02,DEBIT_CARD,24977,84,15,set_7480353,,,8356
bnk_7480355,7480355,1925,2010-01-02,CREDIT_CARD,41122,39,7,set_7480355,,,1971
bnk_7480356,7480356,5101,2010-01-02,DEBIT_CARD,19496,52,9,set_7480356,,,5162
bnk_7480357,7480357,1509,2010-01-02,DEBIT_CARD,41122,15,3,set_7480357,,,1527
bnk_7480358,7480358,137784,2010-01-02,CREDIT_CARD,57386,2822,508,set_7480358,,,141114
bnk_7480360,7480360,2059,2010-01-02,DEBIT_CARD,18563,21,4,set_7480360,,,2084
bnk_7480361,7480361,415,2010-01-02,DEBIT_CARD,59935,4,1,set_7480361,,,420
bnk_7480362,7480362,597,2010-01-02,DEBIT_CARD,20519,6,1,set_7480362,,,604
bnk_7480363,7480363,7510,2010-01-02,DEBIT_CARD,43293,76,14,set_7480363,,,7600
bnk_7480364,7480364,128,2010-01-02,DEBIT_CARD,14528,1,0,set_7480364,,,129
bnk_7480365,7480365,3686,2010-01-02,DEBIT_CARD,48919,37,7,set_7480365,,,3730
bnk_7480366,7480366,1430,2010-01-02,DEBIT_CARD,83480,14,3,set_7480366,,,1447
bnk_7480367,7480367,1647,2010-01-02,CREDIT_CARD,75781,34,6,set_7480367,,,1687
bnk_7480368,7480368,357,2010-01-02,DEBIT_CARD,75938,4,1,set_7480368,,,362
bnk_7480369,7480369,1391,2010-01-02,DEBIT_CARD,64475,14,3,set_7480369,,,1408
bnk_7480371,7480371,47,2010-01-02,DEBIT_CARD,50783,0,0,set_7480371,,,47
bnk_7480372,7480372,4893,2010-01-02,DEBIT_CARD,43293,50,9,set_7480372,,,4952
bnk_7480373,7480373,533,2010-01-02,CREDIT_CARD,42043,11,2,set_7480373,,,546
bnk_7480374,7480374,3607,2010-01-02,CREDIT_CARD,82019,74,13,set_7480374,,,3694
bnk_7480375,7480375,982,2010-01-02,CREDIT_CARD,69972,20,4,set_7480375,,,1006
bnk_7480376,7480376,6272,2010-01-02,CREDIT_CARD,15143,128,23,set_7480376,,,6423
bnk_7480377,7480377,677,2010-01-02,DEBIT_CARD,75936,7,1,set_7480377,,,685
bnk_7480378,7480378,10195,2010-01-02,CREDIT_CARD,89829,209,38,set_7480378,,,10442
bnk_7480380,7480380,3262,2010-01-02,DEBIT_CARD,39021,33,6,set_7480380,,,3301
bnk_7480381,7480381,96,2010-01-02,DEBIT_CARD,86438,1,0,set_7480381,,,97
bnk_7480386,7480386,1223,2010-01-02,DEBIT_CARD,60569,12,2,set_7480386,,,1237
bnk_7480387,7480387,3388,2010-01-02,DEBIT_CARD,86823,34,6,set_7480387,,,3428
bnk_7480388,7480388,1382,2010-01-02,DEBIT_CARD,97287,14,3,set_7480388,,,1399
bnk_7480389,7480389,4213,2010-01-02,CREDIT_CARD,18215,86,15,set_7480389,,,4314
bnk_7480390,7480390,644,2010-01-02,DEBIT_CARD,10173,7,1,set_7480390,,,652
bnk_7480391,7480391,4407,2010-01-02,DEBIT_CARD,15143,45,8,set_7480391,,,4460
bnk_7480393,7480393,6495,2010-01-02,DEBIT_CARD,46474,66,12,set_7480393,,,6573
bnk_7480394,7480394,232,2010-01-02,DEBIT_CARD,43293,2,0,set_7480394,,,234
bnk_7480395,7480395,3495,2010-01-02,CREDIT_CARD,20561,72,13,set_7480395,,,3580
bnk_7480397,7480397,1140,2010-01-02,CREDIT_CARD,2358,23,4,set_7480397,,,1167
bnk_7480398,7480398,2777,2010-01-02,DEBIT_CARD,18563,28,5,set_7480398,,,2810
bnk_7480399,7480399,7729,2010-01-02,CREDIT_CARD,31883,158,28,set_7480399,,,7915
bnk_7480400,7480400,6055,2010-01-02,DEBIT_CARD,66010,61,11,set_7480400,,,6127
bnk_7480401,7480401,1127,2010-01-02,DEBIT_CARD,20561,11,2,set_7480401,,,1140
bnk_7480402,7480402,3673,2010-01-02,DEBIT_CARD,94123,37,7,set_7480402,,,3716
bnk_7480403,7480403,9213,2010-01-02,DEBIT_CARD,12382,93,17,set_7480403,,,9323
bnk_7480405,7480405,13670,2010-01-02,CREDIT_CARD,27092,280,50,set_7480405,,,14000
bnk_7480406,7480406,405,2010-01-02,DEBIT_CARD,68671,4,1,set_7480406,,,410
bnk_7480407,7480407,1418,2010-01-02,DEBIT_CARD,39261,14,3,set_7480407,,,1435
bnk_7480408,7480408,13506,2010-01-02,CREDIT_CARD,26238,277,50,set_7480408,,,13833
bnk_7480409,7480409,1366,2010-01-02,DEBIT_CARD,24504,14,3,set_7480409,,,1383
bnk_7480410,7480410,5787,2010-01-02,DEBIT_CARD,61195,59,11,set_7480410,,,5857
bnk_7480411,7480411,296,2010-01-02,CREDIT_CARD,14528,4,1,set_7480411,,,204
bnk_7480412,7480412,547,2010-01-02,DEBIT_CARD,60569,6,1,set_7480412,,,554
bnk_7480413,7480413,13518,2010-01-02,DEBIT_CARD,61195,137,25,set_7480413,,,13680
bnk_7480414,7480414,2863,2010-01-02,DEBIT_CARD,24504,29,5,set_7480414,,,2897
bnk_7480415,7480415,6929,2010-01-02,DEBIT_CARD,61195,70,13,set_7480415,,,7012
bnk_7480416,7480416,1015,2010-01-02,DEBIT_CARD,35123,10,2,set_7480416,,,1027
bnk_7480417,7480417,10355,2010-01-02,DEBIT_CARD,54850,105,19,set_7480417,,,10479
bnk_7480418,7480418,14852,2010-01-02,DEBIT_CARD,46284,150,27,set_7480418,,,15029
bnk_7480419,7480419,12166,2010-01-02,DEBIT_CARD,73186,123,22,set_7480419,,,12311
bnk_7480421,7480421,925,2010-01-02,DEBIT_CARD,29838,9,2,set_7480421,,,936
bnk_7480424,7480424,104,2010-01-02,CREDIT_CARD,14528,2,0,set_7480424,,,106
bnk_7480425,7480425,8153,2010-01-02,CREDIT_CARD,25805,167,30,set_7480425,,,8350
bnk_7480426,7480426,4593,2010-01-02,CREDIT_CARD,24823,93,17,set_7480426,,,4639
bnk_7480429,7480429,4147,2010-01-02,DEBIT_CARD,32514,42,8,set_7480429,,,4197
bnk_7480432,7480432,3128,2010-01-02,DEBIT_CARD,18563,32,6,set_7480432,,,3166
bnk_7480433,7480433,13914,2010-01-02,CREDIT_CARD,4802,285,51,set_7480433,,,14250
bnk_7480434,7480434,1192,2010-01-02,DEBIT_CARD,22204,12,2,set_7480434,,,1206
bnk_7480435,7480435,472,2010-01-02,DEBIT_CARD,50783,5,1,set_7480435,,,478
bnk_7480436,7480436,388,2010-01-02,CREDIT_CARD,75781,8,1,set_7480436,,,397
bnk_7480437,7480437,6359,2010-01-02,DEBIT_CARD,40475,64,12,set_7480437,,,6435
bnk_7480438,7480438,4087,2010-01-02,CREDIT_CARD,43293,84,15,set_7480438,,,4186
bnk_7480439,7480439,1639,2010-01-02,CREDIT_CARD,88459,34,6,set_7480439,,,1679
bnk_7480440,7480440,5858,2010-01-02,CREDIT_CARD,27092,120,22,set_7480440,,,6000
bnk_7480441,7480441,616,2010-01-02,DEBIT_CARD,75936,6,1,set_7480441,,,623
bnk_7480442,7480442,248,2010-01-02,DEBIT_CARD,47756,3,1,set_7480442,,,252
bnk_7480443,7480443,6028,2010-01-02,DEBIT_CARD,43293,61,11,set_7480443,,,6100
bnk_7480444,7480444,280,2010-01-02,DEBIT_CARD,25717,3,1,set_7480444,,,284
bnk_7480447,7480447,74,2010-01-02,CREDIT_CARD,25887,2,0,set_7480447,,,76
bnk_7480447b,7480447,74,2010-01-02,CREDIT_CARD,25887,2,0,set_7480447b,,,76
bnk_7480448,7480448,254,2010-01-02,CREDIT_CARD,61195,5,1,set_7480448,,,260
bnk_7480449,7480449,9586,2010-01-02,DEBIT_CARD,61195,97,17,set_7480449,,,9700
bnk_7480451,7480451,2416,2010-01-02,CREDIT_CARD,26909,49,9,set_7480451,,,2474
bnk_7480452,7480452,5362,2010-01-02,DEBIT_CARD,93035,54,10,set_7480452,,,5426
bnk_7480453,7480453,3039,2010-01-02,DEBIT_CARD,20519,31,6,set_7480453,,,3076
bnk_7480454,7480454,1446,2010-01-02,CREDIT_CARD,88998,30,5,set_7480454,,,1481
bnk_7480455,7480455,6523,2010-01-02,DEBIT_CARD,61195,66,12,set_7480455,,,6600
bnk_7480457,7480457,2167,2010-01-02,DEBIT_CARD,43293,22,4,set_7480457,,,2193
bnk_7480458,7480458,388,2010-01-02,DEBIT_CARD,75936,4,1,set_7480458,,,393
bnk_7480459,7480459,1854,2010-01-02,DEBIT_CARD,20519,19,3,set_7480459,,,1876
bnk_7480460,7480460,9672,2010-01-02,DEBIT_CARD,1162,98,18,set_7480460,,,9788
bnk_7480461,7480461,529,2010-01-02,CREDIT_CARD,86718,11,2,set_7480461,,,542
bnk_7480463,7480463,1148,2010-01-02,DEBIT_CARD,9932,12,2,set_7480463,,,1162
bnk_7480464,7480464,1312,2010-01-02,DEBIT_CARD,83229,13,2,set_7480464,,,1327
bnk_7480464b,7480464,1312,2010-01-02,DEBIT_CARD,83229,13,2,set_7480464b,,,1327
bnk_7480465,7480465,2916,2010-01-02,CREDIT_CARD,10054,60,11,set_7480465,,,2987
bnk_7480470,7480470,8202,2010-01-02,DEBIT_CARD,59935,83,15,set_7480470,,,8300
bnk_7480471,7480471,5012,2010-01-02,CREDIT_CARD,67858,103,19,set_7480471,,,5134
bnk_7480472,7480472,810,2010-01-02,DEBIT_CARD,60600,8,1,set_7480472,,,819
bnk_7480473,7480473,5748,2010-01-02,DEBIT_CARD,19964,58,10,set_7480473,,,5816
bnk_7480474,7480474,4843,2010-01-02,CREDIT_CARD,39021,99,18,set_7480474,,,4960
bnk_7480475,7480475,9586,2010-01-02,DEBIT_CARD,43293,97,17,set_7480475,,,9700
bnk_7480476,7480476,1157,2010-01-02,CREDIT_CARD,50783,24,4,set_7480476,,,1185
bnk_7480477,7480477,2121,2010-01-02,DEBIT_CARD,32858,21,4,set_7480477,,,2070
bnk_7480478,7480478,4949,2010-01-02,DEBIT_CARD,36586,50,9,set_7480478,,,5008
bnk_7480479,7480479,9726,2010-01-02,DEBIT_CARD,96787,98,18,set_7480479,,,9842
bnk_7480480,7480480,12459,2010-01-02,DEBIT_CARD,42779,126,23,set_7480480,,,12608
bnk_7480481,7480481,914,2010-01-02,DEBIT_CARD,48963,9,2,set_7480481,,,925
bnk_7480482,7480482,2318,2010-01-02,CREDIT_CARD,56076,47,8,set_7480482,,,2373
bnk_7480483,7480483,14296,2010-01-02,CREDIT_CARD,20830,293,53,set_7480483,,,14642
bnk_7480484,7480484,2254,2010-01-02,CREDIT_CARD,11468,46,8,set_7480484,,,2308
bnk_7480487,7480487,1169,2010-01-02,DEBIT_CARD,86410,12,2,set_7480487,,,1183
bnk_7480488,7480488,6310,2010-01-02,DEBIT_CARD,53990,64,12,set_7480488,,,6386
bnk_7480489,7480489,7864,2010-01-02,CREDIT_CARD,59935,159,29,set_7480489,,,7971
bnk_7480490,7480490,4243,2010-01-02,DEBIT_CARD,41184,43,8,set_7480490,,,4294
bnk_7480491,7480491,3343,2010-01-02,CREDIT_CARD,71667,68,12,set_7480491,,,3423
bnk_7480492,7480492,4022,2010-01-02,DEBIT_CARD,20519,41,7,set_7480492,,,4070
bnk_7480495,7480495,13365,2010-01-02,CREDIT_CARD,60569,274,49,set_7480495,,,13688
bnk_7480496,7480496,780,2010-01-02,CREDIT_CARD,16798,16,3,set_7480496,,,799
bnk_7480497,7480497,261,2010-01-02,CREDIT_CARD,75781,5,1,set_7480497,,,267
bnk_7480498,7480498,22070,2010-01-02,CREDIT_CARD,48379,452,81,set_7480498,,,22603
bnk_7480499,7480499,2185,2010-01-02,DEBIT_CARD,9932,22,4,set_7480499,,,2211
bnk_7480500,7480500,1399,2010-01-02,DEBIT_CARD,99340,14,3,set_7480500,,,1416
bnk_7480501,7480501,9858,2010-01-02,CREDIT_CARD,2177,202,36,set_7480501,,,10096
bnk_7480502,7480502,392,2010-01-02,DEBIT_CARD,50783,4,1,set_7480502,,,397
bnk_7480503,7480503,2355,2010-01-02,DEBIT_CARD,66428,24,4,set_7480503,,,2383
bnk_7480504,7480504,795,2010-01-02,DEBIT_CARD,30123,8,1,set_7480504,,,804
bnk_7480506,7480506,9882,2010-01-02,DEBIT_CARD,50867,100,18,set_7480506,,,10000
bnk_7480507,7480507,5025,2010-01-02,DEBIT_CARD,59935,51,9,set_7480507,,,5085
bnk_7480508,7480508,715,2010-01-02,DEBIT_CARD,20519,7,1,set_7480508,,,723
bnk_7480510,7480510,7026,2010-01-02,CREDIT_CARD,86410,144,26,set_7480510,,,7196
bnk_7480511,7480511,482,2010-01-02,DEBIT_CARD,94790,5,1,set_7480511,,,488
bnk_7480512,7480512,192,2010-01-02,DEBIT_CARD,43293,2,0,set_7480512,,,194
bnk_7480514,7480514,11122,2010-01-02,DEBIT_CARD,60569,112,20,set_7480514,,,11151
bnk_7480515,7480515,32,2010-01-02,CREDIT_CARD,59935,1,0,set_7480515,,,33
bnk_7480516,7480516,128,2010-01-02,CREDIT_CARD,4312,3,1,set_7480516,,,132
bnk_7480517,7480517,3607,2010-01-02,DEBIT_CARD,59935,37,7,set_7480517,,,3651
bnk_7480518,7480518,101,2010-01-02,DEBIT_CARD,88646,1,0,set_7480518,,,102
bnk_7480519,7480519,3591,2010-01-02,DEBIT_CARD,10173,35,6,set_7480519,,,3484
bnk_7480523,7480523,603,2010-01-02,DEBIT_CARD,20519,6,1,set_7480523,,,610
bnk_7480524,7480524,75691,2010-01-02,CREDIT_CARD,38489,1550,279,set_7480524,,,77520
bnk_7480525,7480525,95,2010-01-02,DEBIT_CARD,14528,1,0,set_7480525,,,96
bnk_7480526,7480526,930,2010-01-02,DEBIT_CARD,43143,9,2,set_7480526,,,941
bnk_7480528,7480528,381,2010-01-02,CREDIT_CARD,26810,8,1,set_7480528,,,389
bnk_7480529,7480529,1720,2010-01-02,CREDIT_CARD,88998,35,6,set_7480529,,,1761
bnk_7480530,7480530,880,2010-01-02,CREDIT_CARD,48919,17,3,set_7480530,,,841
bnk_7480531,7480531,2255,2010-01-02,DEBIT_CARD,53802,23,4,set_7480531,,,2281
bnk_7480532,7480532,2606,2010-01-02,DEBIT_CARD,20519,26,5,set_7480532,,,2637
bnk_7480533,7480533,857,2010-01-02,DEBIT_CARD,65551,9,2,set_7480533,,,868
bnk_7480534,7480534,361,2010-01-02,DEBIT_CARD,98374,4,1,set_7480534,,,366
bnk_7480535,7480535,1752,2010-01-02,CREDIT_CARD,34818,36,6,set_7480535,,,1794
bnk_7480536,7480536,911,2010-01-02,CREDIT_CARD,20519,19,3,set_7480536,,,933
bnk_7480537,7480537,1810,2010-01-02,DEBIT_CARD,86410,18,3,set_7480537,,,1831
bnk_7480538,7480538,2809,2010-01-02,CREDIT_CARD,94123,58,10,set_7480538,,,2877
bnk_7480539,7480539,1879,2010-01-02,DEBIT_CARD,50867,19,3,set_7480539,,,1901
bnk_7480540,7480540,330,2010-01-02,CREDIT_CARD,75936,5,1,set_7480540,,,232
bnk_7480543,7480543,3695,2010-01-02,DEBIT_CARD,50867,37,7,set_7480543,,,3739
bnk_7480544,7480544,441,2010-01-02,DEBIT_CARD,50783,3,1,set_7480544,,,333
bnk_7480547,7480547,8634,2010-01-02,DEBIT_CARD,61803,87,16,set_7480547,,,8737
bnk_7480550,7480550,3502,2010-01-02,CREDIT_CARD,15143,70,13,set_7480550,,,3484
bnk_7480551,7480551,2063,2010-01-02,DEBIT_CARD,60569,21,4,set_7480551,,,2088
bnk_7480552,7480552,2375,2010-01-02,DEBIT_CARD,20561,24,4,set_7480552,,,2403
bnk_7480553,7480553,108,2010-01-02,CREDIT_CARD,75781,2,0,set_7480553,,,110
bnk_7480555,7480555,622,2010-01-02,DEBIT_CARD,98374,6,1,set_7480555,,,629
bnk_7480557,7480557,9807,2010-01-02,CREDIT_CARD,48618,201,36,set_7480557,,,10044
bnk_7480558,7480558,4037,2010-01-02,CREDIT_CARD,88108,83,15,set_7480558,,,4135
bnk_7480559,7480559,15941,2010-01-02,DEBIT_CARD,37555,161,29,set_7480559,,,16131
bnk_7480560,7480560,9882,2010-01-02,DEBIT_CARD,27092,100,18,set_7480560,,,10000
bnk_7480561,7480561,875,2010-01-02,DEBIT_CARD,61195,9,2,set_7480561,,,886
bnk_7480562,7480562,9154,2010-01-02,DEBIT_CARD,37865,93,17,set_7480562,,,9264
bnk_7480563,7480563,852,2010-01-02,DEBIT_CARD,8021,9,2,set_7480563,,,863
bnk_7480566,7480566,5914,2010-01-02,DEBIT_CARD,62004,60,11,set_7480566,,,5985
bnk_7480567,7480567,8915,2010-01-02,CREDIT_CARD,59935,180,32,set_7480567,,,9000
bnk_7480568,7480568,1616,2010-01-02,DEBIT_CARD,39021,16,3,set_7480568,,,1635
bnk_7480569,7480569,6590,2010-01-02,DEBIT_CARD,43293,67,12,set_7480569,,,6669
bnk_7480571,7480571,13835,2010-01-02,DEBIT_CARD,27092,140,25,set_7480571,,,14000
bnk_7480572,7480572,5336,2010-01-02,DEBIT_CARD,59935,54,10,set_7480572,,,5400
bnk_7480574,7480574,3431,2010-01-02,CREDIT_CARD,69161,70,13,set_7480574,,,3514
bnk_7480576,7480576,3524,2010-01-02,DEBIT_CARD,75227,36,6,set_7480576,,,3566
bnk_7480579,7480579,1928,2010-01-02,DEBIT_CARD,41943,20,4,set_7480579,,,1952
bnk_7480580,7480580,748,2010-01-02,DEBIT_CARD,39953,8,1,set_7480580,,,757
bnk_7480581,7480581,4527,2010-01-02,CREDIT_CARD,97081,93,17,set_7480581,,,4637
bnk_7480582,7480582,111,2010-01-02,DEBIT_CARD,14528,1,0,set_7480582,,,112
bnk_7480583,7480583,4402,2010-01-02,DEBIT_CARD,81833,45,8,set_7480583,,,4455
bnk_7480584,7480584,2666,2010-01-02,DEBIT_CARD,75496,27,5,set_7480584,,,2698
bnk_7480585,7480585,806,2010-01-02,CREDIT_CARD,15731,17,3,set_7480585,,,826
bnk_7480586,7480586,2346,2010-01-02,DEBIT_CARD,19964,24,4,set_7480586,,,2374
bnk_7480588,7480588,1794,2010-01-02,DEBIT_CARD,16798,18,3,set_7480588,,,1815
bnk_7480589,7480589,8993,2010-01-02,DEBIT_CARD,61195,91,16,set_7480589,,,9100
bnk_7480590,7480590,3063,2010-01-02,CREDIT_CARD,41122,63,11,set_7480590,,,3137
bnk_7480591,7480591,2955,2010-01-02,DEBIT_CARD,9932,30,5,set_7480591,,,2990
bnk_7480592,7480592,11703,2010-01-02,DEBIT_CARD,81833,118,21,set_7480592,,,11842
bnk_7480593,7480593,2066,2010-01-02,DEBIT_CARD,60569,21,4,set_7480593,,,2091
bnk_7480594,7480594,1542,2010-01-02,DEBIT_CARD,45926,16,3,set_7480594,,,1561
bnk_7480596,7480596,959,2010-01-02,DEBIT_CARD,61195,10,2,set_7480596,,,971
bnk_7480597,7480597,5020,2010-01-02,CREDIT_CARD,13646,103,19,set_7480597,,,5142
bnk_7480600,7480600,6059,2010-01-02,CREDIT_CARD,32175,124,22,set_7480600,,,6205
bnk_7480603,7480603,18329,2010-01-02,CREDIT_CARD,81591,375,68,set_7480603,,,18772
bnk_7480604,7480604,1956,2010-01-02,DEBIT_CARD,61195,20,4,set_7480604,,,1980
bnk_7480606,7480606,8400,2010-01-02,DEBIT_CARD,50867,85,15,set_7480606,,,8500
bnk_7480607,7480607,4183,2010-01-02,DEBIT_CARD,58666,42,8,set_7480607,,,4233
bnk_7480608,7480608,876,2010-01-02,DEBIT_CARD,25887,9,2,set_7480608,,,887
bnk_7480609,7480609,9082,2010-01-02,CREDIT_CARD,26810,184,33,set_7480609,,,9200
bnk_7480611,7480611,729,2010-01-02,CREDIT_CARD,44919,15,3,set_7480611,,,747
bnk_7480612,7480612,1457,2010-01-02,DEBIT_CARD,55049,15,3,set_7480612,,,1475
bnk_7480613,7480613,6210,2010-01-02,DEBIT_CARD,19964,63,11,set_7480613,,,6284
bnk_7480614,7480614,394,2010-01-02,DEBIT_CARD,22204,4,1,set_7480614,,,399
bnk_7480617,7480617,7250,2010-01-02,DEBIT_CARD,75781,73,13,set_7480617,,,7336
bnk_7480618,7480618,10337,2010-01-02,DEBIT_CARD,60569,105,19,set_7480618,,,10461
bnk_7480619,7480619,10009,2010-01-02,DEBIT_CARD,27092,100,18,set_7480619,,,10000
bnk_7480620,7480620,10658,2010-01-02,CREDIT_CARD,75781,218,39,set_7480620,,,10916
bnk_7480622,7480622,7073,2010-01-02,CREDIT_CARD,17724,145,26,set_7480622,,,7244
bnk_7480623,7480623,5541,2010-01-02,CREDIT_CARD,26810,114,21,set_7480623,,,5676
bnk_7480624,7480624,1058,2010-01-02,CREDIT_CARD,98648,22,4,set_7480624,,,1084
bnk_7480626,7480626,503,2010-01-02,DEBIT_CARD,61195,5,1,set_7480626,,,509
bnk_7480627,7480627,4932,2010-01-02,CREDIT_CARD,39021,101,18,set_7480627,,,5051
bnk_7480629,7480629,11894,2010-01-02,CREDIT_CARD,73186,244,44,set_7480629,,,12182
bnk_7480630,7480630,1097,2010-01-02,DEBIT_CARD,50783,11,2,set_7480630,,,1110
bnk_7480632,7480632,1751,2010-01-02,DEBIT_CARD,75781,18,3,set_7480632,,,1772
bnk_7480634,7480634,3189,2010-01-02,DEBIT_CARD,16613,32,6,set_7480634,,,3227
bnk_7480635,7480635,2560,2010-01-02,DEBIT_CARD,78454,26,5,set_7480635,,,2591
bnk_7480636,7480636,614,2010-01-02,DEBIT_CARD,20561,6,1,set_7480636,,,621
bnk_7480637,7480637,175,2010-01-02,DEBIT_CARD,22204,2,0,set_7480637,,,177
bnk_7480638,7480638,13230,2010-01-02,DEBIT_CARD,20824,134,24,set_7480638,,,13388
bnk_7480639,7480639,8135,2010-01-02,DEBIT_CARD,32175,82,15,set_7480639,,,8232
bnk_7480640,7480640,3299,2010-01-02,CREDIT_CARD,75430,68,12,set_7480640,,,3379
bnk_7480643,7480643,12420,2010-01-02,CREDIT_CARD,81833,254,46,set_7480643,,,12720
bnk_7480647,7480647,248,2010-01-02,CREDIT_CARD,39021,5,1,set_7480647,,,254
bnk_7480650,7480650,6182,2010-01-02,DEBIT_CARD,60569,63,11,set_7480650,,,6256
bnk_7480651,7480651,5462,2010-01-02,CREDIT_CARD,34490,112,20,set_7480651,,,5594
bnk_7480653,7480653,929,2010-01-02,DEBIT_CARD,75781,9,2,set_7480653,,,940
bnk_7480654,7480654,8207,2010-01-02,DEBIT_CARD,22204,83,15,set_7480654,,,8305
bnk_7480656,7480656,3302,2010-01-02,CREDIT_CARD,7479,66,12,set_7480656,,,3324
bnk_7480657,7480657,9882,2010-01-02,DEBIT_CARD,27092,100,18,set_7480657,,,10000
bnk_7480658,7480658,843,2010-01-02,DEBIT_CARD,82810,9,2,set_7480658,,,854
bnk_7480659,7480659,1168,2010-01-02,DEBIT_CARD,28632,12,2,set_7480659,,,1182
bnk_7480660,7480660,747,2010-01-02,DEBIT_CARD,87071,8,1,set_7480660,,,756
bnk_7480661,7480661,6253,2010-01-02,DEBIT_CARD,32175,63,11,set_7480661,,,6256
bnk_7480663,7480663,7227,2010-01-02,DEBIT_CARD,53227,72,13,set_7480663,,,7198
bnk_7480665,7480665,7380,2010-01-02,CREDIT_CARD,99370,151,27,set_7480665,,,7558
bnk_7480666,7480666,521,2010-01-02,CREDIT_CARD,43889,11,2,set_7480666,,,534
bnk_7480667,7480667,955,2010-01-02,DEBIT_CARD,4125,9,2,set_7480667,,,851
bnk_7480668,7480668,9419,2010-01-02,CREDIT_CARD,29103,193,35,set_7480668,,,9647
bnk_7480669,7480669,45,2010-01-02,DEBIT_CARD,14528,0,0,set_7480669,,,45
bnk_7480670,7480670,1180,2010-01-02,DEBIT_CARD,13067,12,2,set_7480670,,,1194
bnk_7480671,7480671,150,2010-01-02,CREDIT_CARD,92290,3,1,set_7480671,,,154
bnk_7480672,7480672,2480,2010-01-02,DEBIT_CARD,61195,25,5,set_7480672,,,2510
bnk_7480673,7480673,68,2010-01-02,CREDIT_CARD,83480,1,0,set_7480673,,,69
bnk_7480674,7480674,2190,2010-01-02,DEBIT_CARD,50867,22,4,set_7480674,,,2216
bnk_7480675,7480675,4664,2010-01-02,DEBIT_CARD,60569,47,8,set_7480675,,,4719
bnk_7480676,7480676,3209,2010-01-02,DEBIT_CARD,20519,32,6,set_7480676,,,3247
bnk_7480677,7480677,16865,2010-01-02,DEBIT_CARD,95646,171,31,set_7480677,,,17067
bnk_7480679,7480679,1063,2010-01-02,DEBIT_CARD,2017,10,2,set_7480679,,,977
bnk_7480680,7480680,2000,2010-01-02,DEBIT_CARD,81034,20,4,set_7480680,,,2024
bnk_7480681,7480681,1115,2010-01-02,DEBIT_CARD,50867,11,2,set_7480681,,,1128
bnk_7480682,7480682,241,2010-01-02,CREDIT_CARD,75781,5,1,set_7480682,,,247
bnk_7480683,7480683,2351,2010-01-02,DEBIT_CARD,2703,24,4,set_7480683,,,2379
bnk_7480685,7480685,150,2010-01-02,DEBIT_CARD,99444,2,0,set_7480685,,,152
bnk_7480686,7480686,1246,2010-01-02,CREDIT_CARD,40965,26,5,set_7480686,,,1277
bnk_7480687,7480687,5929,2010-01-02,DEBIT_CARD,27092,60,11,set_7480687,,,6000
bnk_7480688,7480688,5435,2010-01-02,DEBIT_CARD,22204,55,10,set_7480688,,,5500
bnk_7480690,7480690,4952,2010-01-02,CREDIT_CARD,43293,101,18,set_7480690,,,5071
bnk_7480689,7480689,4980,2010-01-02,CREDIT_CARD,43293,102,18,set_7480689,,,5100
bnk_7480691,7480691,2662,2010-01-02,DEBIT_CARD,61195,27,5,set_7480691,,,2694
bnk_7480695,7480695,1976,2010-01-02,DEBIT_CARD,27092,20,4,set_7480695,,,2000
bnk_7480697,7480697,8265,2010-01-02,DEBIT_CARD,11468,84,15,set_7480697,,,8364
bnk_7480699,7480699,20183,2010-01-02,CREDIT_CARD,81591,413,74,set_7480699,,,20670
bnk_7480700,7480700,8699,2010-01-02,DEBIT_CARD,32175,88,16,set_7480700,,,8803
bnk_7480702,7480702,4762,2010-01-02,DEBIT_CARD,60569,48,9,set_7480702,,,4818
bnk_7480703,7480703,6965,2010-01-02,CREDIT_CARD,28636,143,26,set_7480703,,,7134
bnk_7480705,7480705,9232,2010-01-02,DEBIT_CARD,75781,93,17,set_7480705,,,9342
bnk_7480706,7480706,1725,2010-01-02,DEBIT_CARD,75781,17,3,set_7480706,,,1745
bnk_7480707,7480707,180,2010-01-02,DEBIT_CARD,20561,2,0,set_7480707,,,182
bnk_7480708,7480708,1909,2010-01-02,CREDIT_CARD,16798,39,7,set_7480708,,,1955
bnk_7480709,7480709,11605,2010-01-02,CREDIT_CARD,54850,238,43,set_7480709,,,11886
bnk_7480710,7480710,5331,2010-01-02,CREDIT_CARD,26909,109,20,set_7480710,,,5460
bnk_7480711,7480711,270,2010-01-02,DEBIT_CARD,75936,3,1,set_7480711,,,274
bnk_7480712,7480712,1115,2010-01-02,CREDIT_CARD,75781,23,4,set_7480712,,,1142
bnk_7480713,7480713,2024,2010-01-02,DEBIT_CARD,16798,21,4,set_7480713,,,2050
bnk_7480714,7480714,2782,2010-01-02,CREDIT_CARD,94123,57,10,set_7480714,,,2849
bnk_7480715,7480715,21473,2010-01-02,CREDIT_CARD,20561,440,79,set_7480715,,,21992
bnk_7480716,7480716,291,2010-01-02,DEBIT_CARD,98374,2,0,set_7480716,,,189
bnk_7480718,7480718,142,2010-01-02,CREDIT_CARD,14528,3,1,set_7480718,,,146
bnk_7480719,7480719,1842,2010-01-02,DEBIT_CARD,18215,19,3,set_7480719,,,1864
bnk_7480720,7480720,4536,2010-01-02,DEBIT_CARD,75781,46,8,set_7480720,,,4590
bnk_7480721,7480721,2227,2010-01-02,DEBIT_CARD,60569,23,4,set_7480721,,,2254
bnk_7480725,7480725,638,2010-01-02,CREDIT_CARD,21873,13,2,set_7480725,,,653
bnk_7480726,7480726,13014,2010-01-02,DEBIT_CARD,81833,132,24,set_7480726,,,13170
bnk_7480728,7480728,2978,2010-01-02,DEBIT_CARD,78454,30,5,set_7480728,,,3013
bnk_7480730,7480730,1531,2010-01-02,CREDIT_CARD,2177,31,6,set_7480730,,,1568
bnk_7480731,7480731,894,2010-01-02,DEBIT_CARD,18563,9,2,set_7480731,,,905
bnk_7480733,7480733,2558,2010-01-02,DEBIT_CARD,24823,26,5,set_7480733,,,2589
bnk_7480734,7480734,154,2010-01-02,DEBIT_CARD,14528,2,0,set_7480734,,,156
bnk_7480736,7480736,2880,2010-01-02,DEBIT_CARD,75237,29,5,set_7480736,,,2914
bnk_7480736b,7480736,2880,2010-01-02,DEBIT_CARD,75237,29,5,set_7480736b,,,2914
bnk_7480737,7480737,93,2010-01-02,DEBIT_CARD,86438,1,0,set_7480737,,,94
bnk_7480741,7480741,3165,2010-01-02,DEBIT_CARD,87133,32,6,set_7480741,,,3203
bnk_7480742,7480742,1227,2010-01-02,CREDIT_CARD,25717,25,5,set_7480742,,,1257
bnk_7480743,7480743,560,2010-01-02,DEBIT_CARD,45926,6,1,set_7480743,,,567
bnk_7480744,7480744,14892,2010-01-02,DEBIT_CARD,61641,151,27,set_7480744,,,15070
bnk_7480745,7480745,1409,2010-01-02,DEBIT_CARD,3216,14,3,set_7480745,,,1426
bnk_7480746,7480746,609,2010-01-02,CREDIT_CARD,32175,12,2,set_7480746,,,623
bnk_7480747,7480747,10533,2010-01-02,DEBIT_CARD,60569,107,19,set_7480747,,,10659
bnk_7480748,7480748,6669,2010-01-02,CREDIT_CARD,20561,137,25,set_7480748,,,6831
bnk_7480749,7480749,11858,2010-01-02,DEBIT_CARD,27092,120,22,set_7480749,,,12000
bnk_7480750,7480750,2147,2010-01-02,DEBIT_CARD,3847,22,4,set_7480750,,,2173
bnk_7480751,7480751,1303,2010-01-02,DEBIT_CARD,8192,13,2,set_7480751,,,1318
bnk_7480752,7480752,289,2010-01-02,CREDIT_CARD,61195,6,1,set_7480752,,,296
bnk_7480753,7480753,5449,2010-01-02,CREDIT_CARD,30960,112,20,set_7480753,,,5581
bnk_7480754,7480754,2222,2010-01-02,DEBIT_CARD,44578,22,4,set_7480754,,,2248
bnk_7480755,7480755,29731,2010-01-02,CREDIT_CARD,7777,609,110,set_7480755,,,30450
bnk_7480756,7480756,938,2010-01-02,DEBIT_CARD,10213,9,2,set_7480756,,,949
bnk_7480757,7480757,1129,2010-01-02,DEBIT_CARD,22204,11,2,set_7480757,,,1142
bnk_7480758,7480758,992,2010-01-02,DEBIT_CARD,77183,10,2,set_7480758,,,1004
bnk_7480759,7480759,918,2010-01-02,CREDIT_CARD,35451,19,3,set_7480759,,,940
bnk_7480760,7480760,1549,2010-01-02,CREDIT_CARD,99397,32,6,set_7480760,,,1587
bnk_7480761,7480761,4926,2010-01-02,DEBIT_CARD,86616,50,9,set_7480761,,,4985
bnk_7480762,7480762,1235,2010-01-02,DEBIT_CARD,75781,12,2,set_7480762,,,1249
bnk_7480763,7480763,1110,2010-01-02,DEBIT_CARD,44578,11,2,set_7480763,,,1123
bnk_7480763b,7480763,1110,2010-01-02,DEBIT_CARD,44578,11,2,set_7480763b,,,1123
bnk_7480764,7480764,813,2010-01-02,DEBIT_CARD,35451,8,1,set_7480764,,,822
bnk_7480764b,7480764,813,2010-01-02,DEBIT_CARD,35451,8,1,set_7480764b,,,822
bnk_7480765,7480765,9882,2010-01-02,DEBIT_CARD,27092,100,18,set_7480765,,,10000
bnk_7480766,7480766,102502,2010-01-02,DEBIT_CARD,49814,1037,187,set_7480766,,,103726
bnk_7480767,7480767,3930,2010-01-02,DEBIT_CARD,61217,40,7,set_7480767,,,3977
bnk_7480768,7480768,112,2010-01-02,DEBIT_CARD,1509,1,0,set_7480768,,,113
bnk_7480770,7480770,10491,2010-01-02,DEBIT_CARD,81660,106,19,set_7480770,,,10616
bnk_7480771,7480771,3550,2010-01-02,CREDIT_CARD,6822,73,13,set_7480771,,,3636
bnk_7480772,7480772,946,2010-01-02,CREDIT_CARD,54752,19,3,set_7480772,,,968
bnk_7480773,7480773,1468,2010-01-02,DEBIT_CARD,11468,15,3,set_7480773,,,1486
bnk_7480774,7480774,1893,2010-01-02,DEBIT_CARD,85247,19,3,set_7480774,,,1915
bnk_7480775,7480775,8799,2010-01-02,DEBIT_CARD,79927,89,16,set_7480775,,,8904
bnk_7480776,7480776,3517,2010-01-02,CREDIT_CARD,86410,72,13,set_7480776,,,3602
bnk_7480777,7480777,4451,2010-01-02,CREDIT_CARD,39021,91,16,set_7480777,,,4558
bnk_7480778,7480778,4379,2010-01-02,DEBIT_CARD,60569,44,8,set_7480778,,,4431
bnk_7480780,7480780,106594,2010-01-02,CREDIT_CARD,35503,2183,393,set_7480780,,,109170
bnk_7480781,7480781,3841,2010-01-02,CREDIT_CARD,29974,79,14,set_7480781,,,3934
bnk_7480782,7480782,12992,2010-01-02,DEBIT_CARD,6165,131,24,set_7480782,,,13147
bnk_7480783,7480783,3072,2010-01-02,DEBIT_CARD,90505,31,6,set_7480783,,,3109
bnk_7480784,7480784,2087,2010-01-02,CREDIT_CARD,34702,43,8,set_7480784,,,2138
bnk_7480785,7480785,1476,2010-01-02,DEBIT_CARD,15715,15,3,set_7480785,,,1494
bnk_7480786,7480786,13139,2010-01-02,CREDIT_CARD,6134,269,48,set_7480786,,,13456
bnk_7480788,7480788,856,2010-01-02,CREDIT_CARD,12029,18,3,set_7480788,,,877
bnk_7480789,7480789,10378,2010-01-02,CREDIT_CARD,98374,213,38,set_7480789,,,10629
bnk_7480790,7480790,1189,2010-01-02,DEBIT_CARD,2611,12,2,set_7480790,,,1203
bnk_7480791,7480791,769,2010-01-02,DEBIT_CARD,45580,8,1,set_7480791,,,778
bnk_7480792,7480792,4481,2010-01-02,DEBIT_CARD,95759,45,8,set_7480792,,,4534
bnk_7480793,7480793,188,2010-01-02,CREDIT_CARD,55416,2,0,set_7480793,,,106
bnk_7480794,7480794,1615,2010-01-02,CREDIT_CARD,61195,33,6,set_7480794,,,1654
bnk_7480795,7480795,7097,2010-01-02,DEBIT_CARD,60569,72,13,set_7480795,,,7182
bnk_7480796,7480796,2012,2010-01-02,DEBIT_CARD,39261,20,4,set_7480796,,,2036
bnk_7480797,7480797,219,2010-01-02,DEBIT_CARD,25717,2,0,set_7480797,,,221
bnk_7480798,7480798,9764,2010-01-02,CREDIT_CARD,27092,200,36,set_7480798,,,10000
bnk_7480799,7480799,1964,2010-01-02,CREDIT_CARD,51329,40,7,set_7480799,,,2011
bnk_7480800,7480800,1792,2010-01-02,DEBIT_CARD,18563,18,3,set_7480800,,,1813
bnk_7480801,7480801,2679,2010-01-02,DEBIT_CARD,11901,27,5,set_7480801,,,2711
bnk_7480802,7480802,3288,2010-01-02,CREDIT_CARD,16798,67,12,set_7480802,,,3367
bnk_7480803,7480803,724,2010-01-02,DEBIT_CARD,92542,7,1,set_7480803,,,732
bnk_7480804,7480804,2531,2010-01-02,CREDIT_CARD,42332,52,9,set_7480804,,,2592
bnk_7480806,7480806,9296,2010-01-02,DEBIT_CARD,48919,94,17,set_7480806,,,9407
bnk_7480807,7480807,3138,2010-01-02,DEBIT_CARD,5299,32,6,set_7480807,,,3176
bnk_7480808,7480808,2195,2010-01-02,DEBIT_CARD,22204,21,4,set_7480808,,,2140
bnk_7480809,7480809,1402,2010-01-02,DEBIT_CARD,61195,14,3,set_7480809,,,1419
bnk_7480810,7480810,1582,2010-01-02,CREDIT_CARD,88646,32,6,set_7480810,,,1620
bnk_7480811,7480811,3153,2010-01-02,DEBIT_CARD,87625,32,6,set_7480811,,,3191
bnk_7480812,7480812,1254,2010-01-02,DEBIT_CARD,42784,13,2,set_7480812,,,1269
bnk_7480813,7480813,7757,2010-01-02,DEBIT_CARD,68751,79,14,set_7480813,,,7850
bnk_7480814,7480814,8652,2010-01-02,CREDIT_CARD,86410,177,32,set_7480814,,,8861
bnk_7480816,7480816,14765,2010-01-02,DEBIT_CARD,37387,149,27,set_7480816,,,14941
bnk_7480817,7480817,6666,2010-01-02,CREDIT_CARD,75781,137,25,set_7480817,,,6828
bnk_7480818,7480818,292,2010-01-02,CREDIT_CARD,75781,6,1,set_7480818,,,299
bnk_7480819,7480819,3760,2010-01-02,DEBIT_CARD,32901,38,7,set_7480819,,,3805
bnk_7480820,7480820,12789,2010-01-02,CREDIT_CARD,60569,262,47,set_7480820,,,13098
bnk_7480821,7480821,2915,2010-01-02,CREDIT_CARD,85988,60,11,set_7480821,,,2986
bnk_7480822,7480822,2074,2010-01-02,CREDIT_CARD,88459,43,8,set_7480822,,,2125
bnk_7480823,7480823,8603,2010-01-02,DEBIT_CARD,79050,87,16,set_7480823,,,8706
bnk_7480824,7480824,1243,2010-01-02,DEBIT_CARD,44796,13,2,set_7480824,,,1258
bnk_7480825,7480825,5084,2010-01-02,DEBIT_CARD,31022,51,9,set_7480825,,,5144
bnk_7480827,7480827,121,2010-01-02,CREDIT_CARD,14528,3,1,set_7480827,,,125
bnk_7480828,7480828,2258,2010-01-02,CREDIT_CARD,66428,46,8,set_7480828,,,2312
bnk_7480829,7480829,583,2010-01-02,CREDIT_CARD,88646,12,2,set_7480829,,,597
bnk_7480831,7480831,5237,2010-01-02,DEBIT_CARD,26810,53,10,set_7480831,,,5300
bnk_7480834,7480834,4524,2010-01-02,DEBIT_CARD,59292,46,8,set_7480834,,,4578
bnk_7480835,7480835,1333,2010-01-02,DEBIT_CARD,75936,14,3,set_7480835,,,1351
bnk_7480836,7480836,892,2010-01-02,CREDIT_CARD,58989,18,3,set_7480836,,,913
bnk_7480837,7480837,2707,2010-01-02,DEBIT_CARD,25887,27,5,set_7480837,,,2739
bnk_7480838,7480838,1594,2010-01-02,DEBIT_CARD,9932,16,3,set_7480838,,,1613
bnk_7480839,7480839,9140,2010-01-02,DEBIT_CARD,48919,92,17,set_7480839,,,9249
bnk_7480840,7480840,17563,2010-01-02,DEBIT_CARD,17976,178,32,set_7480840,,,17773
bnk_7480841,7480841,1795,2010-01-02,DEBIT_CARD,67950,18,3,set_7480841,,,1816
bnk_7480842,7480842,696,2010-01-02,DEBIT_CARD,63812,7,1,set_7480842,,,704
bnk_7480843,7480843,5016,2010-01-02,CREDIT_CARD,50404,103,19,set_7480843,,,5138
bnk_7480844,7480844,1210,2010-01-02,DEBIT_CARD,14636,12,2,set_7480844,,,1224
bnk_7480845,7480845,3769,2010-01-02,DEBIT_CARD,72351,38,7,set_7480845,,,3814
bnk_7480846,7480846,3150,2010-01-02,DEBIT_CARD,60569,32,6,set_7480846,,,3188
bnk_7480847,7480847,6138,2010-01-02,DEBIT_CARD,20561,62,11,set_7480847,,,6211
bnk_7480848,7480848,536,2010-01-02,DEBIT_CARD,32193,5,1,set_7480848,,,542
bnk_7480849,7480849,1406,2010-01-02,CREDIT_CARD,21536,29,5,set_7480849,,,1440
bnk_7480851,7480851,4363,2010-01-02,DEBIT_CARD,67570,44,8,set_7480851,,,4415
bnk_7480852,7480852,4496,2010-01-02,CREDIT_CARD,60569,92,17,set_7480852,,,4605
bnk_7480853,7480853,2677,2010-01-02,CREDIT_CARD,59397,55,10,set_7480853,,,2742
bnk_7480854,7480854,7767,2010-01-02,DEBIT_CARD,18443,79,14,set_7480854,,,7860
bnk_7480855,7480855,765,2010-01-02,CREDIT_CARD,51961,16,3,set_7480855,,,784
bnk_7480856,7480856,1420,2010-01-02,CREDIT_CARD,87937,29,5,set_7480856,,,1454
bnk_7480857,7480857,627,2010-01-02,DEBIT_CARD,59935,6,1,set_7480857,,,634
bnk_7480858,7480858,1762,2010-01-02,DEBIT_CARD,18289,18,3,set_7480858,,,1783
bnk_7480859,7480859,3415,2010-01-02,DEBIT_CARD,13646,35,6,set_7480859,,,3456
bnk_7480861,7480861,30418,2010-01-02,CREDIT_CARD,16041,623,112,set_7480861,,,31153
bnk_7480862,7480862,5043,2010-01-02,DEBIT_CARD,73186,51,9,set_7480862,,,5103
bnk_7480865,7480865,1687,2010-01-02,DEBIT_CARD,75781,17,3,set_7480865,,,1707
bnk_7480866,7480866,4511,2010-01-02,DEBIT_CARD,34488,46,8,set_7480866,,,4565
bnk_7480867,7480867,5855,2010-01-02,DEBIT_CARD,71038,59,11,set_7480867,,,5925
bnk_7480868,7480868,5522,2010-01-02,DEBIT_CARD,22204,55,10,set_7480868,,,5500
bnk_7480869,7480869,7811,2010-01-02,CREDIT_CARD,27092,160,29,set_7480869,,,8000
bnk_7480870,7480870,2013,2010-01-02,DEBIT_CARD,75936,20,4,set_7480870,,,2037
bnk_7480871,7480871,4125,2010-01-02,DEBIT_CARD,11468,42,8,set_7480871,,,4175
bnk_7480872,7480872,397,2010-01-02,DEBIT_CARD,46127,4,1,set_7480872,,,402
bnk_7480873,7480873,4784,2010-01-02,DEBIT_CARD,41122,48,9,set_7480873,,,4841
bnk_7480873b,7480873,4784,2010-01-02,DEBIT_CARD,41122,48,9,set_7480873b,,,4841
bnk_7480875,7480875,11717,2010-01-02,CREDIT_CARD,27092,240,43,set_7480875,,,12000
bnk_7480876,7480876,181,2010-01-02,DEBIT_CARD,16798,2,0,set_7480876,,,183
bnk_7480878,7480878,14255,2010-01-02,CREDIT_CARD,59148,292,53,set_7480878,,,14600
bnk_7480879,7480879,6790,2010-01-02,CREDIT_CARD,39021,139,25,set_7480879,,,6954
bnk_7480880,7480880,8836,2010-01-02,CREDIT_CARD,60569,181,33,set_7480880,,,9050
bnk_7480882,7480882,481,2010-01-02,DEBIT_CARD,72926,5,1,set_7480882,,,487
bnk_7480884,7480884,984,2010-01-02,DEBIT_CARD,26810,10,2,set_7480884,,,996
bnk_7480885,7480885,7719,2010-01-02,DEBIT_CARD,30286,78,14,set_7480885,,,7811
bnk_7480886,7480886,9276,2010-01-02,CREDIT_CARD,68671,190,34,set_7480886,,,9500
bnk_7480887,7480887,6726,2010-01-02,DEBIT_CARD,61791,68,12,set_7480887,,,6806
bnk_7480888,7480888,872,2010-01-02,DEBIT_CARD,12829,9,2,set_7480888,,,883
bnk_7480889,7480889,575,2010-01-02,DEBIT_CARD,22484,6,1,set_7480889,,,582
bnk_7480890,7480890,535,2010-01-02,DEBIT_CARD,22938,5,1,set_7480890,,,541
bnk_7480891,7480891,4610,2010-01-02,DEBIT_CARD,11559,47,8,set_7480891,,,4665
bnk_7480892,7480892,10570,2010-01-02,CREDIT_CARD,51793,217,39,set_7480892,,,10826
bnk_7480893,7480893,163,2010-01-02,DEBIT_CARD,98345,2,0,set_7480893,,,165
bnk_7480895,7480895,948,2010-01-02,CREDIT_CARD,61195,19,3,set_7480895,,,970
bnk_7480896,7480896,1198,2010-01-02,CREDIT_CARD,25887,25,5,set_7480896,,,1228
bnk_7480897,7480897,157,2010-01-02,DEBIT_CARD,50783,2,0,set_7480897,,,159
bnk_7480898,7480898,3257,2010-01-02,DEBIT_CARD,20519,33,6,set_7480898,,,3296
bnk_7480899,7480899,1928,2010-01-02,DEBIT_CARD,35451,20,4,set_7480899,,,1952
bnk_7480900,7480900,38,2010-01-02,DEBIT_CARD,14528,0,0,set_7480900,,,38
bnk_7480901,7480901,3953,2010-01-02,DEBIT_CARD,27092,40,7,set_7480901,,,4000
bnk_7480902,7480902,1453,2010-01-02,DEBIT_CARD,75781,15,3,set_7480902,,,1471
bnk_7480903,7480903,157,2010-01-02,DEBIT_CARD,25887,2,0,set_7480903,,,159
bnk_7480904,7480904,1518,2010-01-02,DEBIT_CARD,50783,15,3,set_7480904,,,1536
bnk_7480906,7480906,10398,2010-01-02,CREDIT_CARD,2177,213,38,set_7480906,,,10649
bnk_7480907,7480907,14640,2010-01-02,DEBIT_CARD,61709,148,27,set_7480907,,,14815
bnk_7480908,7480908,1800,2010-01-02,CREDIT_CARD,23329,37,7,set_7480908,,,1844
bnk_7480909,7480909,3953,2010-01-02,DEBIT_CARD,27092,40,7,set_7480909,,,4000
bnk_7480910,7480910,90,2010-01-02,CREDIT_CARD,43741,2,0,set_7480910,,,91
bnk_7480911,7480911,5392,2010-01-02,CREDIT_CARD,79410,110,20,set_7480911,,,5522
bnk_7480911b,7480911,5392,2010-01-02,CREDIT_CARD,79410,110,20,set_7480911b,,,5522
bnk_7480912,7480912,871,2010-01-02,DEBIT_CARD,55060,9,2,set_7480912,,,882
bnk_7480913,7480913,7949,2010-01-02,CREDIT_CARD,61806,163,29,set_7480913,,,8141
bnk_7480914,7480914,5626,2010-01-02,DEBIT_CARD,26810,57,10,set_7480914,,,5693
bnk_7480915,7480915,966,2010-01-02,DEBIT_CARD,59397,10,2,set_7480915,,,978
bnk_7480916,7480916,14257,2010-01-02,CREDIT_CARD,61641,289,52,set_7480916,,,14464
bnk_7480917,7480917,856,2010-01-02,DEBIT_CARD,55416,9,2,set_7480917,,,867
bnk_7480918,7480918,161,2010-01-02,DEBIT_CARD,14528,1,0,set_7480918,,,109
bnk_7480919,7480919,3063,2010-01-02,CREDIT_CARD,59397,63,11,set_7480919,,,3137
bnk_7480920,7480920,1681,2010-01-02,DEBIT_CARD,60569,17,3,set_7480920,,,1701
bnk_7480922,7480922,7811,2010-01-02,CREDIT_CARD,27092,160,29,set_7480922,,,8000
bnk_7480923,7480923,6155,2010-01-02,CREDIT_CARD,68671,126,23,set_7480923,,,6304
bnk_7480924,7480924,1610,2010-01-02,CREDIT_CARD,18563,33,6,set_7480924,,,1649
bnk_7480925,7480925,7275,2010-01-02,DEBIT_CARD,61195,74,13,set_7480925,,,7362
bnk_7480929,7480929,2545,2010-01-02,DEBIT_CARD,93332,26,5,set_7480929,,,2576
bnk_7480930,7480930,3421,2010-01-02,CREDIT_CARD,34490,69,12,set_7480930,,,3446
bnk_7480932,7480932,2304,2010-01-02,DEBIT_CARD,41983,23,4,set_7480932,,,2331
bnk_7480933,7480933,4673,2010-01-02,DEBIT_CARD,22204,47,8,set_7480933,,,4728
bnk_7480934,7480934,18124,2010-01-02,CREDIT_CARD,73186,371,67,set_7480934,,,18562
bnk_7480935,7480935,2856,2010-01-02,DEBIT_CARD,88852,29,5,set_7480935,,,2890
bnk_7480937,7480937,7409,2010-01-02,CREDIT_CARD,3822,152,27,set_7480937,,,7588
bnk_7480938,7480938,1364,2010-01-02,DEBIT_CARD,90222,14,3,set_7480938,,,1381
bnk_7480939,7480939,7149,2010-01-02,CREDIT_CARD,32175,146,26,set_7480939,,,7321
bnk_7480941,7480941,783,2010-01-02,CREDIT_CARD,75781,16,3,set_7480941,,,802
bnk_7480942,7480942,5801,2010-01-02,CREDIT_CARD,32858,119,21,set_7480942,,,5941
bnk_7480943,7480943,7916,2010-01-02,CREDIT_CARD,60580,162,29,set_7480943,,,8107
bnk_7480944,7480944,9882,2010-01-02,DEBIT_CARD,27092,100,18,set_7480944,,,10000
bnk_7480946,7480946,2123,2010-01-02,CREDIT_CARD,38697,43,8,set_7480946,,,2174
bnk_7480948,7480948,9093,2010-01-02,DEBIT_CARD,48795,92,17,set_7480948,,,9202
bnk_7480949,7480949,3449,2010-01-02,CREDIT_CARD,60569,71,13,set_7480949,,,3533
bnk_7480951,7480951,1716,2010-01-02,CREDIT_CARD,59292,35,6,set_7480951,,,1757
bnk_7480952,7480952,8690,2010-01-02,CREDIT_CARD,43293,178,32,set_7480952,,,8900
bnk_7480953,7480953,7811,2010-01-02,CREDIT_CARD,27092,160,29,set_7480953,,,8000
bnk_7480954,7480954,1169,2010-01-02,DEBIT_CARD,9932,12,2,set_7480954,,,1183
bnk_7480955,7480955,9079,2010-01-02,CREDIT_CARD,61195,186,33,set_7480955,,,9298
bnk_7480956,7480956,10163,2010-01-02,CREDIT_CARD,60569,208,37,set_7480956,,,10408
bnk_7480957,7480957,1423,2010-01-02,DEBIT_CARD,69972,14,3,set_7480957,,,1440
bnk_7480958,7480958,19966,2010-01-02,DEBIT_CARD,19363,202,36,set_7480958,,,20204
bnk_7480960,7480960,9882,2010-01-02,DEBIT_CARD,27092,100,18,set_7480960,,,10000
bnk_7480960b,7480960,9882,2010-01-02,DEBIT_CARD,27092,100,18,set_7480960b,,,10000
bnk_7480961,7480961,1535,2010-01-02,DEBIT_CARD,86959,16,3,set_7480961,,,1554
bnk_7480962,7480962,16698,2010-01-02,DEBIT_CARD,81175,169,30,set_7480962,,,16897
bnk_7480963,7480963,6423,2010-01-02,DEBIT_CARD,59935,65,12,set_7480963,,,6500
bnk_7480964,7480964,1591,2010-01-02,DEBIT_CARD,25887,16,3,set_7480964,,,1610
bnk_7480965,7480965,4135,2010-01-02,DEBIT_CARD,90548,42,8,set_7480965,,,4185
bnk_7480966,7480966,5858,2010-01-02,CREDIT_CARD,27092,120,22,set_7480966,,,6000
bnk_7480967,7480967,9764,2010-01-02,CREDIT_CARD,27092,200,36,set_7480967,,,10000
bnk_7480968,7480968,197,2010-01-02,DEBIT_CARD,68450,2,0,set_7480968,,,199
bnk_7480971,7480971,3012,2010-01-02,CREDIT_CARD,43293,62,11,set_7480971,,,3085
bnk_7480972,7480972,5519,2010-01-02,CREDIT_CARD,39021,113,20,set_7480972,,,5652
bnk_7480973,7480973,648,2010-01-02,CREDIT_CARD,8555,13,2,set_7480973,,,663
bnk_7480974,7480974,9766,2010-01-02,CREDIT_CARD,44887,200,36,set_7480974,,,10002
bnk_7480976,7480976,9061,2010-01-02,DEBIT_CARD,17613,92,17,set_7480976,,,9170
bnk_7480977,7480977,3227,2010-01-02,CREDIT_CARD,98721,66,12,set_7480977,,,3305
bnk_7480977b,7480977,3227,2010-01-02,CREDIT_CARD,98721,66,12,set_7480977b,,,3305
bnk_7480979,7480979,6378,2010-01-02,DEBIT_CARD,13646,65,12,set_7480979,,,6455
bnk_7480980,7480980,5663,2010-01-02,CREDIT_CARD,59935,116,21,set_7480980,,,5800
bnk_7480981,7480981,1317,2010-01-02,DEBIT_CARD,59935,13,2,set_7480981,,,1332
bnk_7480982,7480982,82,2010-01-02,DEBIT_CARD,83271,1,0,set_7480982,,,83
bnk_7480983,7480983,3481,2010-01-02,DEBIT_CARD,73186,35,6,set_7480983,,,3522
bnk_7480984,7480984,39,2010-01-02,DEBIT_CARD,86438,0,0,set_7480984,,,39
bnk_7480985,7480985,7549,2010-01-02,CREDIT_CARD,16041,155,28,set_7480985,,,7732
bnk_7480987,7480987,1311,2010-01-02,DEBIT_CARD,75781,13,2,set_7480987,,,1326
bnk_7480988,7480988,817,2010-01-02,DEBIT_CARD,23098,8,1,set_7480988,,,826
bnk_7480989,7480989,1032,2010-01-02,DEBIT_CARD,30170,10,2,set_7480989,,,1044
bnk_7480991,7480991,42789,2010-01-02,DEBIT_CARD,41523,433,78,set_7480991,,,43300
bnk_7480992,7480992,540,2010-01-02,DEBIT_CARD,60569,5,1,set_7480992,,,546
bnk_7480993,7480993,2365,2010-01-02,DEBIT_CARD,41983,24,4,set_7480993,,,2393
bnk_7480995,7480995,834,2010-01-02,DEBIT_CARD,13097,8,1,set_7480995,,,843
bnk_7480996,7480996,2171,2010-01-02,CREDIT_CARD,18563,44,8,set_7480996,,,2223
bnk_7480997,7480997,1513,2010-01-02,CREDIT_CARD,45926,31,6,set_7480997,,,1550
bnk_7480999,7480999,3906,2010-01-02,CREDIT_CARD,27092,80,14,set_7480999,,,4000
bnk_7481000,7481000,864,2010-01-02,DEBIT_CARD,75936,9,2,set_7481000,,,875
bnk_7481001,7481001,5292,2010-01-02,DEBIT_CARD,82981,54,10,set_7481001,,,5356
bnk_7481002,7481002,1816,2010-01-02,CREDIT_CARD,57414,37,7,set_7481002,,,1860
bnk_7481003,7481003,4006,2010-01-02,CREDIT_CARD,27092,80,14,set_7481003,,,4000
bnk_7481004,7481004,162,2010-01-02,DEBIT_CARD,46284,2,0,set_7481004,,,164
bnk_7481005,7481005,1271,2010-01-02,DEBIT_CARD,83480,13,2,set_7481005,,,1286
bnk_7481006,7481006,4701,2010-01-02,DEBIT_CARD,10930,48,9,set_7481006,,,4758
bnk_7481007,7481007,743,2010-01-02,CREDIT_CARD,22204,15,3,set_7481007,,,761
bnk_7481008,7481008,177,2010-01-02,DEBIT_CARD,75781,2,0,set_7481008,,,179
bnk_7481009,7481009,2657,2010-01-02,DEBIT_CARD,83480,27,5,set_7481009,,,2689
bnk_7481010,7481010,37646,2010-01-02,CREDIT_CARD,26276,771,139,set_7481010,,,38556
bnk_7481012,7481012,2065,2010-01-02,DEBIT_CARD,59062,21,4,set_7481012,,,2090
bnk_7481014,7481014,3997,2010-01-02,DEBIT_CARD,39785,40,7,set_7481014,,,4044
bnk_7481015,7481015,2204,2010-01-02,DEBIT_CARD,75781,22,4,set_7481015,,,2230
bnk_7481017,7481017,516,2010-01-02,DEBIT_CARD,59935,5,1,set_7481017,,,522
bnk_7481018,7481018,1128,2010-01-02,CREDIT_CARD,87819,23,4,set_7481018,,,1155
bnk_7481020,7481020,456,2010-01-02,CREDIT_CARD,78052,9,2,set_7481020,,,467
bnk_7481021,7481021,3080,2010-01-02,DEBIT_CARD,24823,31,6,set_7481021,,,3117
bnk_7481023,7481023,148,2010-01-02,DEBIT_CARD,14528,2,0,set_7481023,,,150
bnk_7481024,7481024,6266,2010-01-02,DEBIT_CARD,15338,63,11,set_7481024,,,6340
bnk_7481025,7481025,1119,2010-01-02,DEBIT_CARD,35451,11,2,set_7481025,,,1132
bnk_7481026,7481026,4035,2010-01-02,CREDIT_CARD,9044,83,15,set_7481026,,,4133
bnk_7481027,7481027,4275,2010-01-02,DEBIT_CARD,602,43,8,set_7481027,,,4326
bnk_7481030,7481030,1768,2010-01-02,DEBIT_CARD,24504,18,3,set_7481030,,,1789
bnk_7481032,7481032,2666,2010-01-02,DEBIT_CARD,60569,27,5,set_7481032,,,2698
bnk_7481034,7481034,1731,2010-01-02,DEBIT_CARD,30123,18,3,set_7481034,,,1752
bnk_7481035,7481035,8983,2010-01-02,CREDIT_CARD,61195,184,33,set_7481035,,,9200
bnk_7481036,7481036,1345,2010-01-02,DEBIT_CARD,26810,14,3,set_7481036,,,1362
bnk_7481037,7481037,2952,2010-01-02,DEBIT_CARD,82395,30,5,set_7481037,,,2987
bnk_7481038,7481038,4674,2010-01-02,DEBIT_CARD,73186,47,8,set_7481038,,,4729
bnk_7481039,7481039,18442,2010-01-02,DEBIT_CARD,57477,187,34,set_7481039,,,18663
bnk_7481040,7481040,2197,2010-01-02,DEBIT_CARD,39021,22,4,set_7481040,,,2223
bnk_7481041,7481041,7836,2010-01-02,CREDIT_CARD,17724,161,29,set_7481041,,,8026
bnk_7481042,7481042,6056,2010-01-02,CREDIT_CARD,43293,124,22,set_7481042,,,6202
bnk_7481043,7481043,231,2010-01-02,DEBIT_CARD,14528,2,0,set_7481043,,,233
bnk_7481044,7481044,3500,2010-01-02,DEBIT_CARD,9932,35,6,set_7481044,,,3541
bnk_7481045,7481045,16474,2010-01-02,DEBIT_CARD,5863,167,30,set_7481045,,,16671
bnk_7481045b,7481045,16474,2010-01-02,DEBIT_CARD,5863,167,30,set_7481045b,,,16671
bnk_7481046,7481046,3298,2010-01-02,CREDIT_CARD,61195,68,12,set_7481046,,,3378
bnk_7481048,7481048,3165,2010-01-02,CREDIT_CARD,59935,65,12,set_7481048,,,3242
bnk_7481050,7481050,4019,2010-01-02,DEBIT_CARD,91128,41,7,set_7481050,,,4067
bnk_7481051,7481051,708,2010-01-02,DEBIT_CARD,61195,7,1,set_7481051,,,716
bnk_7481052,7481052,1131,2010-01-02,DEBIT_CARD,23358,11,2,set_7481052,,,1144
bnk_7481054,7481054,5363,2010-01-02,CREDIT_CARD,9245,110,20,set_7481054,,,5493
bnk_7481055,7481055,114,2010-01-02,DEBIT_CARD,14528,1,0,set_7481055,,,115
bnk_7481056,7481056,1342,2010-01-02,CREDIT_CARD,75781,28,5,set_7481056,,,1375
bnk_7481058,7481058,5816,2010-01-02,DEBIT_CARD,34490,59,11,set_7481058,,,5886
bnk_7481059,7481059,19724,2010-01-02,DEBIT_CARD,73186,200,36,set_7481059,,,19960
bnk_7481061,7481061,2655,2010-01-02,CREDIT_CARD,61929,52,9,set_7481061,,,2597
bnk_7481062,7481062,713,2010-01-02,DEBIT_CARD,75936,7,1,set_7481062,,,721
bnk_7481063,7481063,7127,2010-01-02,DEBIT_CARD,2177,72,13,set_7481063,,,7212
bnk_7481064,7481064,132,2010-01-02,CREDIT_CARD,14528,3,1,set_7481064,,,136
bnk_7481065,7481065,1574,2010-01-02,CREDIT_CARD,75792,32,6,set_7481065,,,1612
bnk_7481066,7481066,3165,2010-01-02,CREDIT_CARD,59935,65,12,set_7481066,,,3242
bnk_7481067,7481067,1327,2010-01-02,DEBIT_CARD,50783,13,2,set_7481067,,,1282
bnk_7481068,7481068,6907,2010-01-02,CREDIT_CARD,52935,142,26,set_7481068,,,7075
bnk_7481070,7481070,6347,2010-01-02,CREDIT_CARD,43293,130,23,set_7481070,,,6500
bnk_7481071,7481071,9081,2010-01-02,CREDIT_CARD,59935,186,33,set_7481071,,,9300
bnk_7481072,7481072,1306,2010-01-02,CREDIT_CARD,22204,27,5,set_7481072,,,1338
bnk_7481073,7481073,807,2010-01-02,DEBIT_CARD,20561,8,1,set_7481073,,,816
bnk_7481074,7481074,1184,2010-01-02,DEBIT_CARD,45926,12,2,set_7481074,,,1198
bnk_7481076,7481076,5643,2010-01-02,DEBIT_CARD,60569,57,10,set_7481076,,,5710
bnk_7481077,7481077,336,2010-01-02,CREDIT_CARD,717,7,1,set_7481077,,,344
bnk_7481078,7481078,193,2010-01-02,DEBIT_CARD,61842,2,0,set_7481078,,,195
bnk_7481080,7481080,109,2010-01-02,DEBIT_CARD,14528,1,0,set_7481080,,,110
bnk_7481082,7481082,4577,2010-01-02,DEBIT_CARD,89069,46,8,set_7481082,,,4631
bnk_7481082b,7481082,4577,2010-01-02,DEBIT_CARD,89069,46,8,set_7481082b,,,4631
bnk_7481084,7481084,4084,2010-01-02,DEBIT_CARD,98705,41,7,set_7481084,,,4132
bnk_7481085,7481085,16572,2010-01-02,CREDIT_CARD,79927,339,61,set_7481085,,,16972
bnk_7481086,7481086,1335,2010-01-02,DEBIT_CARD,48919,14,3,set_7481086,,,1352
bnk_7481088,7481088,5676,2010-01-02,CREDIT_CARD,22204,116,21,set_7481088,,,5813
bnk_7481089,7481089,7249,2010-01-02,CREDIT_CARD,33781,149,27,set_7481089,,,7425
bnk_7481090,7481090,878,2010-01-02,DEBIT_CARD,33526,9,2,set_7481090,,,889
bnk_7481091,7481091,1202,2010-01-02,CREDIT_CARD,97503,25,5,set_7481091,,,1232
bnk_7481092,7481092,10639,2010-01-02,DEBIT_CARD,53572,108,19,set_7481092,,,10766
bnk_7481093,7481093,781,2010-01-02,DEBIT_CARD,52205,8,1,set_7481093,,,790
bnk_7481094,7481094,3480,2010-01-02,DEBIT_CARD,49459,35,6,set_7481094,,,3521
bnk_7481095,7481095,3162,2010-01-02,CREDIT_CARD,39021,65,12,set_7481095,,,3239
bnk_7481096,7481096,786,2010-01-02,DEBIT_CARD,64306,8,1,set_7481096,,,795
bnk_7481097,7481097,1679,2010-01-02,CREDIT_CARD,42245,34,6,set_7481097,,,1719
bnk_7481098,7481098,2212,2010-01-02,DEBIT_CARD,79463,22,4,set_7481098,,,2238
bnk_7481099,7481099,985,2010-01-02,CREDIT_CARD,44578,20,4,set_7481099,,,1009
bnk_7481100,7481100,1264,2010-01-02,DEBIT_CARD,75936,13,2,set_7481100,,,1279
bnk_7481101,7481101,9882,2010-01-02,DEBIT_CARD,27092,100,18,set_7481101,,,10000
bnk_7481102,7481102,8309,2010-01-02,DEBIT_CARD,60569,84,15,set_7481102,,,8408
bnk_7481104,7481104,1033,2010-01-02,DEBIT_CARD,61195,10,2,set_7481104,,,1045
bnk_7481106,7481106,34785,2010-01-02,DEBIT_CARD,16790,352,63,set_7481106,,,35200
bnk_7481107,7481107,9881,2010-01-02,DEBIT_CARD,27092,100,18,set_7481107,,,10000
bnk_7481108,7481108,8194,2010-01-02,DEBIT_CARD,50234,83,15,set_7481108,,,8292
bnk_7481109,7481109,414,2010-01-02,CREDIT_CARD,65164,8,1,set_7481109,,,423
bnk_7481111,7481111,1631,2010-01-02,DEBIT_CARD,50783,17,3,set_7481111,,,1651
bnk_7481112,7481112,1155,2010-01-02,DEBIT_CARD,93466,12,2,set_7481112,,,1169
bnk_7481113,7481113,8482,2010-01-02,CREDIT_CARD,61195,174,31,set_7481113,,,8687
bnk_7481114,7481114,5000,2010-01-02,CREDIT_CARD,60569,102,18,set_7481114,,,5120
bnk_7481116,7481116,48,2010-01-02,DEBIT_CARD,86438,0,0,set_7481116,,,48
bnk_7481117,7481117,9677,2010-01-02,CREDIT_CARD,50783,198,36,set_7481117,,,9911
bnk_7481118,7481118,2994,2010-01-02,CREDIT_CARD,84241,61,11,set_7481118,,,3066
bnk_7481119,7481119,4084,2010-01-02,DEBIT_CARD,75735,41,7,set_7481119,,,4132
bnk_7481120,7481120,3827,2010-01-02,CREDIT_CARD,62382,78,14,set_7481120,,,3919
bnk_7481122,7481122,840,2010-01-02,DEBIT_CARD,50783,9,2,set_7481122,,,851
bnk_7481123,7481123,5726,2010-01-02,DEBIT_CARD,71211,58,10,set_7481123,,,5794
bnk_7481124,7481124,4909,2010-01-02,CREDIT_CARD,39021,101,18,set_7481124,,,5028
bnk_7481125,7481125,1243,2010-01-02,DEBIT_CARD,59397,13,2,set_7481125,,,1258
bnk_7481126,7481126,7707,2010-01-02,CREDIT_CARD,99370,158,28,set_7481126,,,7893
bnk_7481127,7481127,10871,2010-01-02,DEBIT_CARD,7710,110,20,set_7481127,,,11001
bnk_7481129,7481129,1589,2010-01-02,DEBIT_CARD,76930,16,3,set_7481129,,,1608
bnk_7481130,7481130,5237,2010-01-02,DEBIT_CARD,43293,53,10,set_7481130,,,5300
bnk_7481131,7481131,7906,2010-01-02,DEBIT_CARD,27092,80,14,set_7481131,,,8000
bnk_7481132,7481132,7303,2010-01-02,DEBIT_CARD,61195,74,13,set_7481132,,,7390
bnk_7481133,7481133,9882,2010-01-02,DEBIT_CARD,27092,100,18,set_7481133,,,10000
bnk_7481134,7481134,5760,2010-01-02,DEBIT_CARD,14538,58,10,set_7481134,,,5828
bnk_7481135,7481135,9764,2010-01-02,CREDIT_CARD,27092,200,36,set_7481135,,,10000
bnk_7481136,7481136,9564,2010-01-02,DEBIT_CARD,43293,97,17,set_7481136,,,9678
bnk_7481137,7481137,4263,2010-01-02,DEBIT_CARD,88459,43,8,set_7481137,,,4314
bnk_7481138,7481138,2699,2010-01-02,DEBIT_CARD,86410,27,5,set_7481138,,,2731
bnk_7481140,7481140,7708,2010-01-02,DEBIT_CARD,22204,78,14,set_7481140,,,7800
bnk_7481141,7481141,2267,2010-01-02,CREDIT_CARD,32858,46,8,set_7481141,,,2321
bnk_7481142,7481142,2481,2010-01-02,DEBIT_CARD,23481,25,5,set_7481142,,,2511
bnk_7481143,7481143,777,2010-01-02,DEBIT_CARD,59397,8,1,set_7481143,,,786
bnk_7481144,7481144,5633,2010-01-02,DEBIT_CARD,43293,57,10,set_7481144,,,5700
bnk_7481145,7481145,4723,2010-01-02,DEBIT_CARD,43293,48,9,set_7481145,,,4780
bnk_7481146,7481146,17450,2010-01-02,CREDIT_CARD,79050,357,64,set_7481146,,,17871
bnk_7481147,7481147,1222,2010-01-02,DEBIT_CARD,20561,12,2,set_7481147,,,1236
bnk_7481148,7481148,1653,2010-01-02,DEBIT_CARD,48685,17,3,set_7481148,,,1673
bnk_7481149,7481149,576,2010-01-02,DEBIT_CARD,39688,6,1,set_7481149,,,583
bnk_7481150,7481150,7566,2010-01-02,CREDIT_CARD,86942,155,28,set_7481150,,,7749
bnk_7481151,7481151,10030,2010-01-02,DEBIT_CARD,75781,100,18,set_7481151,,,10018
bnk_7481152,7481152,838,2010-01-02,DEBIT_CARD,78680,8,1,set_7481152,,,847
bnk_7481153,7481153,1975,2010-01-02,DEBIT_CARD,16798,20,4,set_7481153,,,1999
bnk_7481155,7481155,803,2010-01-02,DEBIT_CARD,35451,8,1,set_7481155,,,812
bnk_7481156,7481156,13416,2010-01-02,DEBIT_CARD,79050,136,24,set_7481156,,,13576
bnk_7481157,7481157,10986,2010-01-02,CREDIT_CARD,61195,225,41,set_7481157,,,11252
bnk_7481158,7481158,4882,2010-01-02,CREDIT_CARD,22204,100,18,set_7481158,,,5000
bnk_7481159,7481159,8700,2010-01-02,DEBIT_CARD,46163,88,16,set_7481159,,,8804
bnk_7481160,7481160,13231,2010-01-02,CREDIT_CARD,32480,271,49,set_7481160,,,13551
bnk_7481161,7481161,5151,2010-01-02,DEBIT_CARD,81410,52,9,set_7481161,,,5212
bnk_7481162,7481162,2004,2010-01-02,DEBIT_CARD,16798,20,4,set_7481162,,,2028
bnk_7481163,7481163,3499,2010-01-02,CREDIT_CARD,1565,72,13,set_7481163,,,3584
bnk_7481164,7481164,3699,2010-01-02,DEBIT_CARD,84773,37,7,set_7481164,,,3743
bnk_7481165,7481165,3254,2010-01-02,DEBIT_CARD,9932,33,6,set_7481165,,,3293
bnk_7481166,7481166,7513,2010-01-02,DEBIT_CARD,48919,76,14,set_7481166,,,7603
bnk_7481167,7481167,6874,2010-01-02,CREDIT_CARD,83318,141,25,set_7481167,,,7040
bnk_7481169,7481169,1059,2010-01-02,CREDIT_CARD,75936,22,4,set_7481169,,,1085
bnk_7481170,7481170,850,2010-01-02,DEBIT_CARD,94443,9,2,set_7481170,,,861
bnk_7481171,7481171,7836,2010-01-02,CREDIT_CARD,11468,161,29,set_7481171,,,8026
bnk_7481172,7481172,6535,2010-01-02,DEBIT_CARD,22204,66,12,set_7481172,,,6613
bnk_7481173,7481173,3807,2010-01-02,DEBIT_CARD,88459,39,7,set_7481173,,,3853
bnk_7481174,7481174,1080,2010-01-02,CREDIT_CARD,51961,22,4,set_7481174,,,1106
bnk_7481175,7481175,15597,2010-01-02,CREDIT_CARD,65843,319,57,set_7481175,,,15973
bnk_7481176,7481176,1747,2010-01-02,DEBIT_CARD,20561,18,3,set_7481176,,,1768
bnk_7481177,7481177,11897,2010-01-02,DEBIT_CARD,60569,120,22,set_7481177,,,12039
bnk_7481178,7481178,989,2010-01-02,DEBIT_CARD,50783,10,2,set_7481178,,,1001
bnk_7481180,7481180,14617,2010-01-02,DEBIT_CARD,20561,148,27,set_7481180,,,14792
bnk_7481181,7481181,676,2010-01-02,DEBIT_CARD,50783,7,1,set_7481181,,,684
bnk_7481183,7481183,25267,2010-01-02,CREDIT_CARD,55555,518,93,set_7481183,,,25878
bnk_7481184,7481184,3767,2010-01-02,DEBIT_CARD,16798,38,7,set_7481184,,,3812
bnk_7481186,7481186,4344,2010-01-02,CREDIT_CARD,88238,89,16,set_7481186,,,4449
bnk_7481187,7481187,338,2010-01-02,DEBIT_CARD,19947,3,1,set_7481187,,,342
bnk_7481188,7481188,1038,2010-01-02,DEBIT_CARD,75781,11,2,set_7481188,,,1051
bnk_7481190,7481190,790,2010-01-02,DEBIT_CARD,2085,8,1,set_7481190,,,799
bnk_7481191,7481191,1276,2010-01-02,CREDIT_CARD,21810,26,5,set_7481191,,,1307
bnk_7481192,7481192,6483,2010-01-02,CREDIT_CARD,48919,130,23,set_7481192,,,6494
bnk_7481194,7481194,8496,2010-01-02,DEBIT_CARD,59935,86,15,set_7481194,,,8597
bnk_7481195,7481195,8715,2010-01-02,DEBIT_CARD,60569,88,16,set_7481195,,,8819
bnk_7481196,7481196,6303,2010-01-02,CREDIT_CARD,18215,129,23,set_7481196,,,6455
bnk_7481198,7481198,9457,2010-01-02,DEBIT_CARD,73186,96,17,set_7481198,,,9570
bnk_7481198b,7481198,9457,2010-01-02,DEBIT_CARD,73186,96,17,set_7481198b,,,9570
bnk_7481199,7481199,8503,2010-01-02,CREDIT_CARD,60569,174,31,set_7481199,,,8708
bnk_7481199b,7481199,8503,2010-01-02,CREDIT_CARD,60569,174,31,set_7481199b,,,8708
bnk_7481200,7481200,3906,2010-01-02,CREDIT_CARD,27092,80,14,set_7481200,,,4000
bnk_7481200b,7481200,3906,2010-01-02,CREDIT_CARD,27092,80,14,set_7481200b,,,4000
bnk_7481201,7481201,1334,2010-01-02,DEBIT_CARD,61195,13,2,set_7481201,,,1349
bnk_7481202,7481202,11503,2010-01-02,CREDIT_CARD,569,236,42,set_7481202,,,11781
bnk_7481204,7481204,5098,2010-01-02,DEBIT_CARD,46965,50,9,set_7481204,,,5013
bnk_7481205,7481205,3951,2010-01-02,DEBIT_CARD,88459,40,7,set_7481205,,,3998
bnk_7481206,7481206,9066,2010-01-02,DEBIT_CARD,59935,92,17,set_7481206,,,9175
bnk_7481207,7481207,1664,2010-01-02,CREDIT_CARD,26603,34,6,set_7481207,,,1704
bnk_7481208,7481208,1782,2010-01-02,DEBIT_CARD,99323,18,3,set_7481208,,,1803
bnk_7481209,7481209,4238,2010-01-02,DEBIT_CARD,50783,43,8,set_7481209,,,4289
bnk_7481211,7481211,17575,2010-01-02,CREDIT_CARD,27092,360,65,set_7481211,,,18000
bnk_7481211b,7481211,17575,2010-01-02,CREDIT_CARD,27092,360,65,set_7481211b,,,18000
bnk_7481212,7481212,1610,2010-01-02,DEBIT_CARD,14614,16,3,set_7481212,,,1629
bnk_7481213,7481213,12107,2010-01-02,CREDIT_CARD,33752,248,45,set_7481213,,,12400
bnk_7481214,7481214,74,2010-01-02,DEBIT_CARD,14528,1,0,set_7481214,,,75
bnk_7481215,7481215,6290,2010-01-02,DEBIT_CARD,31893,64,12,set_7481215,,,6366
bnk_7481216,7481216,21320,2010-01-02,DEBIT_CARD,50461,216,39,set_7481216,,,21575
bnk_7481217,7481217,11026,2010-01-02,CREDIT_CARD,79050,226,41,set_7481217,,,11293
bnk_7481219,7481219,11858,2010-01-02,DEBIT_CARD,27092,120,22,set_7481219,,,12000
bnk_7481220,7481220,4334,2010-01-02,CREDIT_CARD,48919,89,16,set_7481220,,,4439
bnk_7481221,7481221,2518,2010-01-02,CREDIT_CARD,19964,50,9,set_7481221,,,2515
bnk_7481223,7481223,831,2010-01-02,DEBIT_CARD,62860,8,1,set_7481223,,,840
bnk_7481225,7481225,4535,2010-01-02,DEBIT_CARD,20561,46,8,set_7481225,,,4589
bnk_7481226,7481226,5453,2010-01-02,CREDIT_CARD,26909,112,20,set_7481226,,,5585
bnk_7481227,7481227,5040,2010-01-02,DEBIT_CARD,22204,51,9,set_7481227,,,5100
bnk_7481228,7481228,2885,2010-01-02,DEBIT_CARD,42484,29,5,set_7481228,,,2919
bnk_7481230,7481230,6976,2010-01-02,CREDIT_CARD,530,143,26,set_7481230,,,7145
bnk_7481231,7481231,3272,2010-01-02,DEBIT_CARD,39021,33,6,set_7481231,,,3311
bnk_7481233,7481233,8224,2010-01-02,DEBIT_CARD,19964,83,15,set_7481233,,,8322
bnk_7481234,7481234,10941,2010-01-02,DEBIT_CARD,54850,111,20,set_7481234,,,11072
bnk_7481235,7481235,1477,2010-01-02,DEBIT_CARD,75013,15,3,set_7481235,,,1495
bnk_7481236,7481236,1709,2010-01-02,DEBIT_CARD,35451,17,3,set_7481236,,,1729
bnk_7481237,7481237,4824,2010-01-02,CREDIT_CARD,60569,99,18,set_7481237,,,4941
bnk_7481238,7481238,1568,2010-01-02,DEBIT_CARD,55222,14,3,set_7481238,,,1439
bnk_7481239,7481239,2423,2010-01-02,CREDIT_CARD,60569,50,9,set_7481239,,,2482
bnk_7481240,7481240,15118,2010-01-02,CREDIT_CARD,71883,310,56,set_7481240,,,15484
bnk_7481241,7481241,2183,2010-01-02,DEBIT_CARD,19821,22,4,set_7481241,,,2209
bnk_7481242,7481242,994,2010-01-02,DEBIT_CARD,46284,10,2,set_7481242,,,1006
bnk_7481243,7481243,767,2010-01-02,DEBIT_CARD,9254,8,1,set_7481243,,,776
bnk_7481244,7481244,1054,2010-01-02,DEBIT_CARD,85247,11,2,set_7481244,,,1067
bnk_7481245,7481245,2256,2010-01-02,DEBIT_CARD,69972,23,4,set_7481245,,,2283
bnk_7481246,7481246,2233,2010-01-02,DEBIT_CARD,18419,23,4,set_7481246,,,2260
bnk_7481247,7481247,92,2010-01-02,DEBIT_CARD,17493,1,0,set_7481247,,,93
bnk_7481248,7481248,5992,2010-01-02,DEBIT_CARD,31893,61,11,set_7481248,,,6064
bnk_7481250,7481250,1209,2010-01-02,DEBIT_CARD,46284,12,2,set_7481250,,,1223
bnk_7481250b,7481250,1209,2010-01-02,DEBIT_CARD,46284,12,2,set_7481250b,,,1223
bnk_7481251,7481251,1380,2010-01-02,CREDIT_CARD,60569,28,5,set_7481251,,,1413
bnk_7481252,7481252,5357,2010-01-02,CREDIT_CARD,11468,110,20,set_7481252,,,5487
bnk_7481253,7481253,5241,2010-01-02,CREDIT_CARD,46965,107,19,set_7481253,,,5367
bnk_7481258,7481258,3289,2010-01-02,CREDIT_CARD,2177,67,12,set_7481258,,,3368
bnk_7481261,7481261,3622,2010-01-02,CREDIT_CARD,48919,74,13,set_7481261,,,3709
bnk_7481262,7481262,5858,2010-01-02,CREDIT_CARD,27092,120,22,set_7481262,,,6000
bnk_7481263,7481263,1906,2010-01-02,DEBIT_CARD,50783,19,3,set_7481263,,,1928
bnk_7481264,7481264,7906,2010-01-02,DEBIT_CARD,27092,80,14,set_7481264,,,8000
bnk_7481265,7481265,9148,2010-01-02,DEBIT_CARD,14451,93,17,set_7481265,,,9258
bnk_7481266,7481266,8303,2010-01-02,DEBIT_CARD,39768,84,15,set_7481266,,,8402
bnk_7481267,7481267,768,2010-01-02,DEBIT_CARD,13149,8,1,set_7481267,,,777
bnk_7481269,7481269,1204,2010-01-02,DEBIT_CARD,75936,12,2,set_7481269,,,1218
bnk_7481270,7481270,2297,2010-01-02,DEBIT_CARD,22204,23,4,set_7481270,,,2324
bnk_7481271,7481271,2106,2010-01-02,DEBIT_CARD,16798,21,4,set_7481271,,,2131
bnk_7481272,7481272,9882,2010-01-02,DEBIT_CARD,27092,100,18,set_7481272,,,10000
bnk_7481274,7481274,859,2010-01-02,DEBIT_CARD,45926,9,2,set_7481274,,,870
bnk_7481276,7481276,1891,2010-01-02,DEBIT_CARD,75781,19,3,set_7481276,,,1913
bnk_7481278,7481278,896,2010-01-02,CREDIT_CARD,26810,18,3,set_7481278,,,917
bnk_7481279,7481279,10764,2010-01-02,DEBIT_CARD,18131,109,20,set_7481279,,,10893
bnk_7481280,7481280,1446,2010-01-02,DEBIT_CARD,59935,15,3,set_7481280,,,1464
bnk_7481280b,7481280,1446,2010-01-02,DEBIT_CARD,59935,15,3,set_7481280b,,,1464
bnk_7481281,7481281,21099,2010-01-02,CREDIT_CARD,76210,432,78,set_7481281,,,21609
bnk_7481284,7481284,7061,2010-01-02,DEBIT_CARD,20561,71,13,set_7481284,,,7145
bnk_7481285,7481285,167,2010-01-02,DEBIT_CARD,62001,2,0,set_7481285,,,169
bnk_7481286,7481286,1247,2010-01-02,CREDIT_CARD,47222,26,5,set_7481286,,,1278
bnk_7481287,7481287,5929,2010-01-02,DEBIT_CARD,27092,60,11,set_7481287,,,6000
bnk_7481288,7481288,9783,2010-01-02,DEBIT_CARD,59935,99,18,set_7481288,,,9900
bnk_7481289,7481289,6403,2010-01-02,DEBIT_CARD,20561,65,12,set_7481289,,,6480
bnk_7481290,7481290,2231,2010-01-02,DEBIT_CARD,16798,23,4,set_7481290,,,2258
bnk_7481291,7481291,1817,2010-01-02,DEBIT_CARD,26909,18,3,set_7481291,,,1838
bnk_7481292,7481292,905,2010-01-02,DEBIT_CARD,83480,9,2,set_7481292,,,916
bnk_7481293,7481293,1250,2010-01-02,DEBIT_CARD,43606,13,2,set_7481293,,,1265
bnk_7481294,7481294,6525,2010-01-02,DEBIT_CARD,46284,66,12,set_7481294,,,6603
bnk_7481295,7481295,6107,2010-01-02,DEBIT_CARD,70129,62,11,set_7481295,,,6180
bnk_7481297,7481297,8696,2010-01-02,DEBIT_CARD,59935,88,16,set_7481297,,,8800
bnk_7481299,7481299,4765,2010-01-02,DEBIT_CARD,65112,48,9,set_7481299,,,4822
bnk_7481300,7481300,281,2010-01-02,DEBIT_CARD,75936,3,1,set_7481300,,,285
bnk_7481300b,7481300,281,2010-01-02,DEBIT_CARD,75936,3,1,set_7481300b,,,285
bnk_7481301,7481301,1317,2010-01-02,CREDIT_CARD,75936,27,5,set_7481301,,,1349
bnk_7481302,7481302,1061,2010-01-02,DEBIT_CARD,61195,11,2,set_7481302,,,1074
bnk_7481304,7481304,1569,2010-01-02,DEBIT_CARD,36170,16,3,set_7481304,,,1589
bnk_7481306,7481306,4927,2010-01-02,DEBIT_CARD,36934,49,9,set_7481306,,,4888
bnk_7481307,7481307,1197,2010-01-02,CREDIT_CARD,22204,25,5,set_7481307,,,1227
bnk_7481308,7481308,8594,2010-01-02,CREDIT_CARD,19964,176,32,set_7481308,,,8802
bnk_7481309,7481309,1279,2010-01-02,CREDIT_CARD,49789,26,5,set_7481309,,,1310
bnk_7481310,7481310,2603,2010-01-02,DEBIT_CARD,39021,26,5,set_7481310,,,2634
bnk_7481311,7481311,11222,2010-01-02,DEBIT_CARD,60569,114,21,set_7481311,,,11357
bnk_7481312,7481312,5929,2010-01-02,DEBIT_CARD,27092,60,11,set_7481312,,,6000
bnk_7481313,7481313,1992,2010-01-02,DEBIT_CARD,88852,20,4,set_7481313,,,2016
bnk_7481314,7481314,5461,2010-01-02,DEBIT_CARD,31893,55,10,set_7481314,,,5526
bnk_7481315,7481315,9586,2010-01-02,DEBIT_CARD,59935,97,17,set_7481315,,,9700
bnk_7481317,7481317,438,2010-01-02,CREDIT_CARD,53894,9,2,set_7481317,,,449
bnk_7481318,7481318,427,2010-01-02,CREDIT_CARD,65164,9,2,set_7481318,,,438
bnk_7481319,7481319,9864,2010-01-02,DEBIT_CARD,22204,100,18,set_7481319,,,9982
bnk_7481320,7481320,909,2010-01-02,DEBIT_CARD,81833,9,2,set_7481320,,,920
bnk_7481321,7481321,3017,2010-01-02,DEBIT_CARD,61078,31,6,set_7481321,,,3054
bnk_7481322,7481322,410,2010-01-02,CREDIT_CARD,20134,8,1,set_7481322,,,419
bnk_7481323,7481323,1338,2010-01-02,DEBIT_CARD,2085,14,3,set_7481323,,,1355
bnk_7481325,7481325,951,2010-01-02,DEBIT_CARD,87531,10,2,set_7481325,,,963
bnk_7481326,7481326,7005,2010-01-02,CREDIT_CARD,60569,143,26,set_7481326,,,7174
bnk_7481329,7481329,1323,2010-01-02,DEBIT_CARD,75936,13,2,set_7481329,,,1338
bnk_7481330,7481330,4091,2010-01-02,CREDIT_CARD,26943,84,15,set_7481330,,,4190
bnk_7481331,7481331,6911,2010-01-02,DEBIT_CARD,32175,70,13,set_7481331,,,6994
bnk_7481332,7481332,6567,2010-01-02,CREDIT_CARD,4439,135,24,set_7481332,,,6726
bnk_7481335,7481335,773,2010-01-02,DEBIT_CARD,26262,6,1,set_7481335,,,637
bnk_7481336,7481336,12247,2010-01-02,CREDIT_CARD,15167,251,45,set_7481336,,,12543
bnk_7481337,7481337,263,2010-01-02,CREDIT_CARD,59935,4,1,set_7481337,,,189
bnk_7481339,7481339,801,2010-01-02,DEBIT_CARD,68671,8,1,set_7481339,,,810
bnk_7481340,7481340,620,2010-01-02,DEBIT_CARD,69956,6,1,set_7481340,,,627
bnk_7481341,7481341,13015,2010-01-02,CREDIT_CARD,55528,267,48,set_7481341,,,13330
bnk_7481342,7481342,9143,2010-01-02,DEBIT_CARD,17976,93,17,set_7481342,,,9253
bnk_7481343,7481343,15641,2010-01-02,DEBIT_CARD,7146,158,28,set_7481343,,,15827
bnk_7481345,7481345,3557,2010-01-02,DEBIT_CARD,60569,35,6,set_7481345,,,3502
bnk_7481346,7481346,4754,2010-01-02,DEBIT_CARD,43293,48,9,set_7481346,,,4811
bnk_7481347,7481347,4424,2010-01-02,DEBIT_CARD,26909,45,8,set_7481347,,,4477
bnk_7481348,7481348,1034,2010-01-02,DEBIT_CARD,47278,10,2,set_7481348,,,1046
bnk_7481349,7481349,5427,2010-01-02,DEBIT_CARD,33668,55,10,set_7481349,,,5492
bnk_7481351,7481351,2901,2010-01-02,CREDIT_CARD,61195,59,11,set_7481351,,,2971
bnk_7481352,7481352,4942,2010-01-02,CREDIT_CARD,93159,101,18,set_7481352,,,5061
bnk_7481353,7481353,154,2010-01-02,DEBIT_CARD,14528,2,0,set_7481353,,,156
bnk_7481354,7481354,635,2010-01-02,DEBIT_CARD,24504,6,1,set_7481354,,,642
bnk_7481355,7481355,9235,2010-01-02,DEBIT_CARD,75781,93,17,set_7481355,,,9345
bnk_7481356,7481356,5094,2010-01-02,DEBIT_CARD,71904,52,9,set_7481356,,,5155
bnk_7481357,7481357,2581,2010-01-02,DEBIT_CARD,39021,26,5,set_7481357,,,2613
bnk_7481358,7481358,1163,2010-01-02,DEBIT_CARD,58526,12,2,set_7481358,,,1177
bnk_7481361,7481361,10603,2010-01-02,CREDIT_CARD,46284,217,39,set_7481361,,,10859
bnk_7481362,7481362,8301,2010-01-02,DEBIT_CARD,22204,84,15,set_7481362,,,8400
bnk_7481366,7481366,21390,2010-01-02,DEBIT_CARD,12155,216,39,set_7481366,,,21645
bnk_7481367,7481367,1108,2010-01-02,CREDIT_CARD,13473,23,4,set_7481367,,,1135
bnk_7481368,7481368,7708,2010-01-02,DEBIT_CARD,59935,78,14,set_7481368,,,7800
bnk_7481370,7481370,6302,2010-01-02,CREDIT_CARD,13646,129,23,set_7481370,,,6454
bnk_7481372,7481372,3910,2010-01-02,CREDIT_CARD,41122,80,14,set_7481372,,,4004
bnk_7481375,7481375,818,2010-01-02,DEBIT_CARD,50867,8,1,set_7481375,,,827
bnk_7481376,7481376,5054,2010-01-02,DEBIT_CARD,60569,51,9,set_7481376,,,5063
bnk_7481377,7481377,1008,2010-01-02,DEBIT_CARD,27364,10,2,set_7481377,,,1020
bnk_7481379,7481379,14500,2010-01-02,DEBIT_CARD,16763,147,26,set_7481379,,,14673
bnk_7481380,7481380,4479,2010-01-02,DEBIT_CARD,63740,45,8,set_7481380,,,4532
bnk_7481383,7481383,23132,2010-01-02,CREDIT_CARD,48618,474,85,set_7481383,,,23692
bnk_7481386,7481386,5929,2010-01-02,DEBIT_CARD,27092,60,11,set_7481386,,,6000
bnk_7481387,7481387,13716,2010-01-02,DEBIT_CARD,85811,139,25,set_7481387,,,13880
bnk_7481389,7481389,3565,2010-01-02,DEBIT_CARD,39021,36,6,set_7481389,,,3607
bnk_7481391,7481391,1729,2010-01-02,CREDIT_CARD,86718,35,6,set_7481391,,,1770
bnk_7481392,7481392,1257,2010-01-02,CREDIT_CARD,91325,26,5,set_7481392,,,1288
bnk_7481393,7481393,205,2010-01-02,DEBIT_CARD,3985,2,0,set_7481393,,,207
bnk_7481394,7481394,1223,2010-01-02,DEBIT_CARD,43606,12,2,set_7481394,,,1238
bnk_7481395,7481395,2261,2010-01-02,DEBIT_CARD,91453,23,4,set_7481395,,,2288
bnk_7481397,7481397,7128,2010-01-02,CREDIT_CARD,59935,146,26,set_7481397,,,7300
bnk_7481398,7481398,2013,2010-01-02,DEBIT_CARD,7280,20,4,set_7481398,,,2037
bnk_7481399,7481399,1324,2010-01-02,DEBIT_CARD,83480,13,2,set_7481399,,,1338
bnk_7481400,7481400,3604,2010-01-02,DEBIT_CARD,39021,36,6,set_7481400,,,3646
bnk_7481401,7481401,5198,2010-01-02,CREDIT_CARD,13646,106,19,set_7481401,,,5323
bnk_7481402,7481402,2862,2010-01-02,DEBIT_CARD,78282,29,5,set_7481402,,,2896
bnk_7481403,7481403,5858,2010-01-02,CREDIT_CARD,27092,120,22,set_7481403,,,6000
bnk_7481404,7481404,5722,2010-01-02,CREDIT_CARD,61195,117,21,set_7481404,,,5860
bnk_7481405,7481405,14971,2010-01-02,DEBIT_CARD,59935,151,27,set_7481405,,,15149
bnk_7481406,7481406,1764,2010-01-02,DEBIT_CARD,57874,18,3,set_7481406,,,1785
bnk_7481409,7481409,3629,2010-01-02,DEBIT_CARD,52884,37,7,set_7481409,,,3673
bnk_7481410,7481410,7510,2010-01-02,DEBIT_CARD,43293,76,14,set_7481410,,,7600
bnk_7481411,7481411,6621,2010-01-02,DEBIT_CARD,22204,67,12,set_7481411,,,6700
bnk_7481412,7481412,5803,2010-01-02,DEBIT_CARD,22204,59,11,set_7481412,,,5873
bnk_7481414,7481414,2493,2010-01-02,DEBIT_CARD,88922,25,5,set_7481414,,,2523
bnk_7481415,7481415,16793,2010-01-02,DEBIT_CARD,96529,170,31,set_7481415,,,16994
bnk_7481416,7481416,8885,2010-01-02,CREDIT_CARD,61195,182,33,set_7481416,,,9100
bnk_7481417,7481417,11858,2010-01-02,DEBIT_CARD,27092,120,22,set_7481417,,,12000
bnk_7481419,7481419,2226,2010-01-02,DEBIT_CARD,39021,23,4,set_7481419,,,2253
bnk_7481420,7481420,121,2010-01-02,DEBIT_CARD,86438,1,0,set_7481420,,,122
bnk_7481421,7481421,2748,2010-01-02,DEBIT_CARD,31741,27,5,set_7481421,,,2658
bnk_7481422,7481422,1735,2010-01-02,DEBIT_CARD,77668,18,3,set_7481422,,,1756
bnk_7481423,7481423,11107,2010-01-02,DEBIT_CARD,60636,112,20,set_7481423,,,11239
bnk_7481424,7481424,13979,2010-01-02,DEBIT_CARD,48919,141,25,set_7481424,,,14145
bnk_7481425,7481425,7382,2010-01-02,DEBIT_CARD,22204,75,14,set_7481425,,,7471
bnk_7481426,7481426,9882,2010-01-02,DEBIT_CARD,27092,100,18,set_7481426,,,10000
bnk_7481428,7481428,15217,2010-01-02,CREDIT_CARD,60569,312,56,set_7481428,,,15585
bnk_7481429,7481429,1482,2010-01-02,CREDIT_CARD,83271,30,5,set_7481429,,,1517
bnk_7481430,7481430,6594,2010-01-02,DEBIT_CARD,40404,67,12,set_7481430,,,6673
bnk_7481431,7481431,4937,2010-01-02,DEBIT_CARD,18563,50,9,set_7481431,,,4996
bnk_7481432,7481432,5308,2010-01-02,CREDIT_CARD,86439,109,20,set_7481432,,,5437
bnk_7481433,7481433,4139,2010-01-02,DEBIT_CARD,39021,42,8,set_7481433,,,4189
bnk_7481434,7481434,1760,2010-01-02,DEBIT_CARD,12614,18,3,set_7481434,,,1781
bnk_7481435,7481435,330,2010-01-02,DEBIT_CARD,20561,3,1,set_7481435,,,334
bnk_7481436,7481436,150,2010-01-02,CREDIT_CARD,75936,3,1,set_7481436,,,154
bnk_7481437,7481437,801,2010-01-02,DEBIT_CARD,51486,8,1,set_7481437,,,810
bnk_7481437b,7481437,801,2010-01-02,DEBIT_CARD,51486,8,1,set_7481437b,,,810
bnk_7481438,7481438,1057,2010-01-02,DEBIT_CARD,1710,11,2,set_7481438,,,1070
bnk_7481439,7481439,3552,2010-01-02,CREDIT_CARD,39021,73,13,set_7481439,,,3638
bnk_7481440,7481440,1144,2010-01-02,CREDIT_CARD,98374,23,4,set_7481440,,,1171
bnk_7481441,7481441,2045,2010-01-02,DEBIT_CARD,43293,21,4,set_7481441,,,2070
bnk_7481442,7481442,1938,2010-01-02,DEBIT_CARD,7933,20,4,set_7481442,,,1962
bnk_7481444,7481444,2021,2010-01-02,CREDIT_CARD,83271,41,7,set_7481444,,,2069
bnk_7481445,7481445,1759,2010-01-02,DEBIT_CARD,83480,18,3,set_7481445,,,1780
bnk_7481448,7481448,2462,2010-01-02,CREDIT_CARD,60569,50,9,set_7481448,,,2521
bnk_7481450,7481450,9289,2010-01-02,DEBIT_CARD,43293,94,17,set_7481450,,,9400
bnk_7481451,7481451,5274,2010-01-02,DEBIT_CARD,60569,53,10,set_7481451,,,5337
bnk_7481452,7481452,4587,2010-01-02,DEBIT_CARD,2414,46,8,set_7481452,,,4641
bnk_7481454,7481454,15964,2010-01-02,DEBIT_CARD,61641,162,29,set_7481454,,,16155
bnk_7481457,7481457,4752,2010-01-02,DEBIT_CARD,19756,48,9,set_7481457,,,4810
bnk_7481459,7481459,8149,2010-01-02,DEBIT_CARD,81833,82,15,set_7481459,,,8246
bnk_7481461,7481461,7530,2010-01-02,DEBIT_CARD,32175,76,14,set_7481461,,,7620
bnk_7481462,7481462,2907,2010-01-02,CREDIT_CARD,48919,57,10,set_7481462,,,2837
bnk_7481464,7481464,9882,2010-01-02,DEBIT_CARD,43293,100,18,set_7481464,,,10000
bnk_7481465,7481465,955,2010-01-02,DEBIT_CARD,75781,10,2,set_7481465,,,967
bnk_7481466,7481466,30003,2010-01-02,CREDIT_CARD,73186,615,111,set_7481466,,,30729
bnk_7481467,7481467,4920,2010-01-02,DEBIT_CARD,16798,50,9,set_7481467,,,4979
bnk_7481468,7481468,109,2010-01-02,CREDIT_CARD,14528,2,0,set_7481468,,,111
bnk_7481469,7481469,7906,2010-01-02,DEBIT_CARD,27092,80,14,set_7481469,,,8000
bnk_7481470,7481470,2747,2010-01-02,CREDIT_CARD,99370,56,10,set_7481470,,,2813
bnk_7481471,7481471,3089,2010-01-02,CREDIT_CARD,73186,63,11,set_7481471,,,3163
bnk_7481473,7481473,4941,2010-01-02,DEBIT_CARD,22204,50,9,set_7481473,,,5000
bnk_7481474,7481474,4713,2010-01-02,DEBIT_CARD,36934,48,9,set_7481474,,,4770
bnk_7481475,7481475,1249,2010-01-02,CREDIT_CARD,82046,26,5,set_7481475,,,1280
bnk_7481480,7481480,1500,2010-01-02,DEBIT_CARD,24504,15,3,set_7481480,,,1518
bnk_7481482,7481482,1693,2010-01-02,CREDIT_CARD,71348,35,6,set_7481482,,,1734
bnk_7481483,7481483,7906,2010-01-02,DEBIT_CARD,27092,80,14,set_7481483,,,8000
bnk_7481484,7481484,4334,2010-01-02,DEBIT_CARD,23202,44,8,set_7481484,,,4386
bnk_7481486,7481486,16973,2010-01-02,CREDIT_CARD,20561,348,63,set_7481486,,,17384
bnk_7481487,7481487,494,2010-01-02,DEBIT_CARD,56041,5,1,set_7481487,,,500
bnk_7481488,7481488,4081,2010-01-02,DEBIT_CARD,11468,41,7,set_7481488,,,4129
bnk_7481489,7481489,13835,2010-01-02,DEBIT_CARD,27092,140,25,set_7481489,,,14000
bnk_7481490,7481490,2612,2010-01-02,DEBIT_CARD,39021,26,5,set_7481490,,,2643
bnk_7481491,7481491,1819,2010-01-02,CREDIT_CARD,24823,37,7,set_7481491,,,1863
bnk_7481492,7481492,3906,2010-01-02,CREDIT_CARD,27092,80,14,set_7481492,,,4000
bnk_7481493,7481493,46,2010-01-02,DEBIT_CARD,61195,0,0,set_7481493,,,46
bnk_7481494,7481494,3174,2010-01-02,DEBIT_CARD,15143,32,6,set_7481494,,,3212
bnk_7481495,7481495,3448,2010-01-02,DEBIT_CARD,81436,34,6,set_7481495,,,3397
bnk_7481496,7481496,2035,2010-01-02,DEBIT_CARD,82981,21,4,set_7481496,,,2060
bnk_7481497,7481497,6226,2010-01-02,DEBIT_CARD,22204,63,11,set_7481497,,,6300
bnk_7481498,7481498,1902,2010-01-02,CREDIT_CARD,18014,39,7,set_7481498,,,1948
bnk_7481499,7481499,12631,2010-01-02,DEBIT_CARD,50783,128,23,set_7481499,,,12782
bnk_7481500,7481500,12190,2010-01-02,DEBIT_CARD,73186,123,22,set_7481500,,,12335
bnk_7481502,7481502,6779,2010-01-02,DEBIT_CARD,20561,69,12,set_7481502,,,6860
bnk_7481503,7481503,4324,2010-01-02,CREDIT_CARD,46474,89,16,set_7481503,,,4429
bnk_7481504,7481504,1395,2010-01-02,CREDIT_CARD,36392,29,5,set_7481504,,,1429
bnk_7481505,7481505,5929,2010-01-02,DEBIT_CARD,27092,60,11,set_7481505,,,6000
bnk_7481507,7481507,1834,2010-01-02,DEBIT_CARD,50783,19,3,set_7481507,,,1856
bnk_7481508,7481508,14853,2010-01-02,DEBIT_CARD,22204,150,27,set_7481508,,,15030
bnk_7481510,7481510,130,2010-01-02,DEBIT_CARD,86438,1,0,set_7481510,,,131
bnk_7481509,7481509,7937,2010-01-02,DEBIT_CARD,45122,80,14,set_7481509,,,8031
bnk_7481511,7481511,1841,2010-01-02,DEBIT_CARD,83271,19,3,set_7481511,,,1863
bnk_7481512,7481512,2710,2010-01-02,DEBIT_CARD,83480,27,5,set_7481512,,,2742
bnk_7481513,7481513,1302,2010-01-02,CREDIT_CARD,22465,27,5,set_7481513,,,1334
bnk_7481514,7481514,2783,2010-01-02,CREDIT_CARD,59148,57,10,set_7481514,,,2850
bnk_7481515,7481515,785,2010-01-02,DEBIT_CARD,44234,8,1,set_7481515,,,794
bnk_7481516,7481516,20385,2010-01-02,CREDIT_CARD,31893,418,75,set_7481516,,,20878
bnk_7481518,7481518,4692,2010-01-02,DEBIT_CARD,50371,47,8,set_7481518,,,4747
bnk_7481519,7481519,2091,2010-01-02,DEBIT_CARD,68436,21,4,set_7481519,,,2116
bnk_7481520,7481520,8006,2010-01-02,CREDIT_CARD,26810,164,30,set_7481520,,,8200
bnk_7481521,7481521,11869,2010-01-02,DEBIT_CARD,88374,120,22,set_7481521,,,12011
bnk_7481522,7481522,762,2010-01-02,CREDIT_CARD,20561,16,3,set_7481522,,,781
bnk_7481523,7481523,1279,2010-01-02,DEBIT_CARD,39261,13,2,set_7481523,,,1294
bnk_7481524,7481524,5533,2010-01-02,DEBIT_CARD,46965,56,10,set_7481524,,,5599
bnk_7481524b,7481524,5533,2010-01-02,DEBIT_CARD,46965,56,10,set_7481524b,,,5599
bnk_7481525,7481525,7500,2010-01-02,DEBIT_CARD,22204,76,14,set_7481525,,,7590
bnk_7481526,7481526,1313,2010-01-02,DEBIT_CARD,83480,13,2,set_7481526,,,1328
bnk_7481527,7481527,5929,2010-01-02,DEBIT_CARD,27092,60,11,set_7481527,,,6000
bnk_7481528,7481528,72,2010-01-02,DEBIT_CARD,14528,1,0,set_7481528,,,73
bnk_7481529,7481529,1428,2010-01-02,DEBIT_CARD,83480,14,3,set_7481529,,,1445
bnk_7481530,7481530,2784,2010-01-02,DEBIT_CARD,85519,28,5,set_7481530,,,2817
bnk_7481531,7481531,3364,2010-01-02,CREDIT_CARD,78860,69,12,set_7481531,,,3445
bnk_7481532,7481532,3437,2010-01-02,CREDIT_CARD,34490,70,13,set_7481532,,,3520
bnk_7481534,7481534,5336,2010-01-02,DEBIT_CARD,59935,54,10,set_7481534,,,5400
bnk_7481535,7481535,12382,2010-01-02,DEBIT_CARD,6755,125,23,set_7481535,,,12530
bnk_7481536,7481536,1453,2010-01-02,DEBIT_CARD,83480,15,3,set_7481536,,,1471
bnk_7481537,7481537,1343,2010-01-02,DEBIT_CARD,32858,14,3,set_7481537,,,1360
bnk_7481538,7481538,1416,2010-01-02,CREDIT_CARD,6478,29,5,set_7481538,,,1450
bnk_7481539,7481539,3656,2010-01-02,DEBIT_CARD,16798,37,7,set_7481539,,,3700
bnk_7481540,7481540,453,2010-01-02,CREDIT_CARD,39261,9,2,set_7481540,,,464
bnk_7481541,7481541,3107,2010-01-02,DEBIT_CARD,15143,31,6,set_7481541,,,3144
bnk_7481542,7481542,1111,2010-01-02,DEBIT_CARD,3170,11,2,set_7481542,,,1124
bnk_7481543,7481543,848,2010-01-02,CREDIT_CARD,83480,17,3,set_7481543,,,868
bnk_7481544,7481544,15620,2010-01-02,CREDIT_CARD,78644,320,58,set_7481544,,,15998
bnk_7481546,7481546,396,2010-01-02,CREDIT_CARD,88459,8,1,set_7481546,,,405
bnk_7481548,7481548,9764,2010-01-02,CREDIT_CARD,27092,200,36,set_7481548,,,10000
bnk_7481549,7481549,12104,2010-01-02,DEBIT_CARD,18131,122,22,set_7481549,,,12248
bnk_7481550,7481550,2464,2010-01-02,CREDIT_CARD,98214,50,9,set_7481550,,,2523
bnk_7481551,7481551,4537,2010-01-02,DEBIT_CARD,43293,46,8,set_7481551,,,4591
bnk_7481553,7481553,13529,2010-01-02,DEBIT_CARD,80310,137,25,set_7481553,,,13691
bnk_7481554,7481554,157,2010-01-02,DEBIT_CARD,14528,2,0,set_7481554,,,159
bnk_7481555,7481555,1280,2010-01-02,DEBIT_CARD,50783,13,2,set_7481555,,,1295
bnk_7481556,7481556,14738,2010-01-02,DEBIT_CARD,15167,149,27,set_7481556,,,14914
bnk_7481557,7481557,9764,2010-01-02,CREDIT_CARD,27092,200,36,set_7481557,,,10000
bnk_7481558,7481558,4810,2010-01-02,DEBIT_CARD,25641,49,9,set_7481558,,,4868
bnk_7481559,7481559,1382,2010-01-02,DEBIT_CARD,83271,14,3,set_7481559,,,1399
bnk_7481560,7481560,6569,2010-01-02,DEBIT_CARD,72841,66,12,set_7481560,,,6647
bnk_7481561,7481561,11717,2010-01-02,CREDIT_CARD,27092,240,43,set_7481561,,,12000
bnk_7481562,7481562,3443,2010-01-02,DEBIT_CARD,27601,35,6,set_7481562,,,3484
bnk_7481563,7481563,6108,2010-01-02,CREDIT_CARD,61195,125,23,set_7481563,,,6256
bnk_7481564,7481564,1354,2010-01-02,DEBIT_CARD,98514,14,3,set_7481564,,,1371
bnk_7481565,7481565,1887,2010-01-02,CREDIT_CARD,15143,39,7,set_7481565,,,1933
bnk_7481566,7481566,10178,2010-01-02,DEBIT_CARD,22204,103,19,set_7481566,,,10300
bnk_7481567,7481567,2737,2010-01-02,CREDIT_CARD,92657,56,10,set_7481567,,,2803
bnk_7481568,7481568,9882,2010-01-02,DEBIT_CARD,27092,100,18,set_7481568,,,10000
bnk_7481569,7481569,383,2010-01-02,DEBIT_CARD,88059,4,1,set_7481569,,,388
bnk_7481571,7481571,7708,2010-01-02,DEBIT_CARD,59935,78,14,set_7481571,,,7800
bnk_7481572,7481572,3386,2010-01-02,CREDIT_CARD,32858,67,12,set_7481572,,,3359
bnk_7481573,7481573,9076,2010-01-02,CREDIT_CARD,75781,186,33,set_7481573,,,9295
bnk_7481574,7481574,4165,2010-01-02,DEBIT_CARD,89069,42,8,set_7481574,,,4215
bnk_7481575,7481575,4993,2010-01-02,DEBIT_CARD,2703,51,9,set_7481575,,,5053
bnk_7481576,7481576,259,2010-01-02,DEBIT_CARD,2638,3,1,set_7481576,,,263
bnk_7481577,7481577,4885,2010-01-02,CREDIT_CARD,80816,100,18,set_7481577,,,5003
bnk_7481578,7481578,12557,2010-01-02,DEBIT_CARD,73025,127,23,set_7481578,,,12707
bnk_7481580,7481580,5150,2010-01-02,DEBIT_CARD,59935,52,9,set_7481580,,,5211
bnk_7481581,7481581,3769,2010-01-02,DEBIT_CARD,59935,38,7,set_7481581,,,3814
bnk_7481582,7481582,1284,2010-01-02,DEBIT_CARD,83480,12,2,set_7481582,,,1242
bnk_7481583,7481583,5117,2010-01-02,CREDIT_CARD,41044,105,19,set_7481583,,,5241
bnk_7481583b,7481583,5117,2010-01-02,CREDIT_CARD,41044,105,19,set_7481583b,,,5241
bnk_7481585,7481585,2459,2010-01-02,DEBIT_CARD,92014,25,5,set_7481585,,,2490
bnk_7481587,7481587,7156,2010-01-02,DEBIT_CARD,32175,72,13,set_7481587,,,7241
bnk_7481588,7481588,3738,2010-01-02,CREDIT_CARD,26810,77,14,set_7481588,,,3829
bnk_7481589,7481589,4884,2010-01-02,DEBIT_CARD,19964,49,9,set_7481589,,,4942
bnk_7481590,7481590,3812,2010-01-02,DEBIT_CARD,20561,39,7,set_7481590,,,3858
bnk_7481591,7481591,3692,2010-01-02,DEBIT_CARD,11468,37,7,set_7481591,,,3736
bnk_7481592,7481592,3614,2010-01-02,DEBIT_CARD,60569,37,7,set_7481592,,,3658
bnk_7481593,7481593,15622,2010-01-02,CREDIT_CARD,27092,320,58,set_7481593,,,16000
bnk_7481594,7481594,8724,2010-01-02,DEBIT_CARD,50783,88,16,set_7481594,,,8828
bnk_7481595,7481595,761,2010-01-02,DEBIT_CARD,92165,8,1,set_7481595,,,770
bnk_7481596,7481596,10695,2010-01-02,CREDIT_CARD,17976,219,39,set_7481596,,,10953
bnk_7481598,7481598,4507,2010-01-02,DEBIT_CARD,81833,46,8,set_7481598,,,4561
bnk_7481599,7481599,4680,2010-01-02,DEBIT_CARD,15143,47,8,set_7481599,,,4735
bnk_7481600,7481600,597,2010-01-02,CREDIT_CARD,14532,12,2,set_7481600,,,611
bnk_7481601,7481601,5140,2010-01-02,DEBIT_CARD,43251,52,9,set_7481601,,,5201
bnk_7481602,7481602,1017,2010-01-02,CREDIT_CARD,39261,21,4,set_7481602,,,1042
bnk_7481602b,7481602,1017,2010-01-02,CREDIT_CARD,39261,21,4,set_7481602b,,,1042
bnk_7481604,7481604,5375,2010-01-02,DEBIT_CARD,24823,54,10,set_7481604,,,5439
bnk_7481605,7481605,5230,2010-01-02,DEBIT_CARD,73186,53,10,set_7481605,,,5293
bnk_7481606,7481606,5745,2010-01-02,DEBIT_CARD,84195,58,10,set_7481606,,,5813
bnk_7481608,7481608,4316,2010-01-02,CREDIT_CARD,41122,88,16,set_7481608,,,4420
bnk_7481609,7481609,4508,2010-01-02,DEBIT_CARD,86410,46,8,set_7481609,,,4562
bnk_7481610,7481610,12422,2010-01-02,DEBIT_CARD,18215,126,23,set_7481610,,,12571
bnk_7481611,7481611,7023,2010-01-02,DEBIT_CARD,67570,71,13,set_7481611,,,7107
bnk_7481612,7481612,863,2010-01-02,CREDIT_CARD,28395,18,3,set_7481612,,,884
bnk_7481613,7481613,5774,2010-01-02,CREDIT_CARD,54850,118,21,set_7481613,,,5913
bnk_7481614,7481614,7475,2010-01-02,CREDIT_CARD,43293,153,28,set_7481614,,,7656
bnk_7481615,7481615,2473,2010-01-02,DEBIT_CARD,22204,25,5,set_7481615,,,2503
bnk_7481617,7481617,102,2010-01-02,CREDIT_CARD,14528,2,0,set_7481617,,,104
bnk_7481618,7481618,1505,2010-01-02,DEBIT_CARD,762,15,3,set_7481618,,,1523
bnk_7481619,7481619,4923,2010-01-02,CREDIT_CARD,39021,101,18,set_7481619,,,5042
bnk_7481621,7481621,2519,2010-01-02,DEBIT_CARD,9932,26,5,set_7481621,,,2550
bnk_7481623,7481623,2694,2010-01-02,CREDIT_CARD,89069,55,10,set_7481623,,,2759
bnk_7481624,7481624,1837,2010-01-02,DEBIT_CARD,83271,19,3,set_7481624,,,1859
bnk_7481628,7481628,1151,2010-01-02,DEBIT_CARD,24504,12,2,set_7481628,,,1165
bnk_7481629,7481629,5201,2010-01-02,DEBIT_CARD,85519,53,10,set_7481629,,,5264
bnk_7481630,7481630,3778,2010-01-02,DEBIT_CARD,1967,38,7,set_7481630,,,3823
bnk_7481631,7481631,3127,2010-01-02,DEBIT_CARD,68177,32,6,set_7481631,,,3165
bnk_7481632,7481632,4321,2010-01-02,DEBIT_CARD,11468,44,8,set_7481632,,,4373
bnk_7481633,7481633,14217,2010-01-02,CREDIT_CARD,2177,291,52,set_7481633,,,14560
bnk_7481634,7481634,4257,2010-01-02,DEBIT_CARD,34256,43,8,set_7481634,,,4308
bnk_7481635,7481635,2322,2010-01-02,DEBIT_CARD,26810,23,4,set_7481635,,,2349
bnk_7481636,7481636,7844,2010-01-02,DEBIT_CARD,24847,79,14,set_7481636,,,7937
bnk_7481638,7481638,1047,2010-01-02,DEBIT_CARD,46284,11,2,set_7481638,,,1060
bnk_7481640,7481640,821,2010-01-02,DEBIT_CARD,20561,8,1,set_7481640,,,830
bnk_7481641,7481641,7815,2010-01-02,CREDIT_CARD,27583,160,29,set_7481641,,,8004
bnk_7481642,7481642,2649,2010-01-02,DEBIT_CARD,91194,27,5,set_7481642,,,2681
bnk_7481644,7481644,1336,2010-01-02,CREDIT_CARD,83271,27,5,set_7481644,,,1368
bnk_7481645,7481645,12198,2010-01-02,DEBIT_CARD,27583,123,22,set_7481645,,,12343
bnk_7481646,7481646,3183,2010-01-02,DEBIT_CARD,39021,32,6,set_7481646,,,3221
bnk_7481647,7481647,678,2010-01-02,DEBIT_CARD,69216,6,1,set_7481647,,,618
bnk_7481648,7481648,140,2010-01-02,DEBIT_CARD,86438,1,0,set_7481648,,,141
bnk_7481649,7481649,10040,2010-01-02,CREDIT_CARD,8253,203,37,set_7481649,,,10165
bnk_7481650,7481650,963,2010-01-02,CREDIT_CARD,83271,20,4,set_7481650,,,987
bnk_7481651,7481651,12087,2010-01-02,CREDIT_CARD,24891,248,45,set_7481651,,,12380
bnk_7481652,7481652,11858,2010-01-02,DEBIT_CARD,27092,120,22,set_7481652,,,12000
bnk_7481653,7481653,3694,2010-01-02,DEBIT_CARD,20519,37,7,set_7481653,,,3738
bnk_7481654,7481654,13834,2010-01-02,DEBIT_CARD,27092,140,25,set_7481654,,,14000
bnk_7481655,7481655,1520,2010-01-02,DEBIT_CARD,88998,15,3,set_7481655,,,1538
bnk_7481656,7481656,2319,2010-01-02,CREDIT_CARD,39021,48,9,set_7481656,,,2376
bnk_7481657,7481657,2787,2010-01-02,DEBIT_CARD,15143,28,5,set_7481657,,,2820
bnk_7481658,7481658,9425,2010-01-02,DEBIT_CARD,49789,95,17,set_7481658,,,9537
bnk_7481659,7481659,3120,2010-01-02,DEBIT_CARD,7129,32,6,set_7481659,,,3158
bnk_7481660,7481660,1659,2010-01-02,CREDIT_CARD,24504,34,6,set_7481660,,,1699
bnk_7481662,7481662,635,2010-01-02,DEBIT_CARD,20561,6,1,set_7481662,,,642
bnk_7481663,7481663,4400,2010-01-02,DEBIT_CARD,60569,45,8,set_7481663,,,4453
bnk_7481665,7481665,5898,2010-01-02,DEBIT_CARD,60569,60,11,set_7481665,,,5969
bnk_7481666,7481666,983,2010-01-02,DEBIT_CARD,23974,10,2,set_7481666,,,995
bnk_7481667,7481667,743,2010-01-02,CREDIT_CARD,22938,15,3,set_7481667,,,761
bnk_7481668,7481668,6819,2010-01-02,DEBIT_CARD,61195,69,12,set_7481668,,,6900
bnk_7481669,7481669,1350,2010-01-02,CREDIT_CARD,83480,28,5,set_7481669,,,1383
bnk_7481670,7481670,2934,2010-01-02,DEBIT_CARD,32858,30,5,set_7481670,,,2969
bnk_7481671,7481671,1081,2010-01-02,DEBIT_CARD,46878,11,2,set_7481671,,,1094
bnk_7481672,7481672,5111,2010-01-02,DEBIT_CARD,41260,52,9,set_7481672,,,5172
bnk_7481673,7481673,2113,2010-01-02,DEBIT_CARD,82981,21,4,set_7481673,,,2138
bnk_7481674,7481674,1735,2010-01-02,CREDIT_CARD,43293,34,6,set_7481674,,,1678
bnk_7481675,7481675,774,2010-01-02,DEBIT_CARD,14045,8,1,set_7481675,,,783
bnk_7481676,7481676,104,2010-01-02,CREDIT_CARD,14528,2,0,set_7481676,,,106
bnk_7481677,7481677,5370,2010-01-02,CREDIT_CARD,43293,110,20,set_7481677,,,5500
bnk_7481678,7481678,5801,2010-01-02,DEBIT_CARD,86410,59,11,set_7481678,,,5871
bnk_7481680,7481680,8578,2010-01-02,DEBIT_CARD,85537,87,16,set_7481680,,,8681
bnk_7481681,7481681,10342,2010-01-02,CREDIT_CARD,34872,212,38,set_7481681,,,10592
bnk_7481682,7481682,7983,2010-01-02,DEBIT_CARD,86410,81,15,set_7481682,,,8079
bnk_7481683,7481683,239,2010-01-02,DEBIT_CARD,61195,2,0,set_7481683,,,241
bnk_7481686,7481686,24373,2010-01-02,CREDIT_CARD,83391,499,90,set_7481686,,,24962
bnk_7481687,7481687,9882,2010-01-02,DEBIT_CARD,27092,100,18,set_7481687,,,10000
bnk_7481688,7481688,2482,2010-01-02,CREDIT_CARD,18563,51,9,set_7481688,,,2542
bnk_7481690,7481690,6450,2010-01-02,DEBIT_CARD,48919,65,12,set_7481690,,,6527
bnk_7481694,7481694,120,2010-01-02,DEBIT_CARD,75781,1,0,set_7481694,,,121
bnk_7481695,7481695,9684,2010-01-02,DEBIT_CARD,22204,98,18,set_7481695,,,9800
bnk_7481696,7481696,5025,2010-01-02,DEBIT_CARD,39021,51,9,set_7481696,,,5085
bnk_7481697,7481697,5766,2010-01-02,DEBIT_CARD,75357,58,10,set_7481697,,,5834
bnk_7481698,7481698,5192,2010-01-02,DEBIT_CARD,85315,53,10,set_7481698,,,5255
bnk_7481699,7481699,23134,2010-01-02,DEBIT_CARD,86959,234,42,set_7481699,,,23410
bnk_7481700,7481700,3003,2010-01-02,CREDIT_CARD,5518,62,11,set_7481700,,,3076
bnk_7481701,7481701,4446,2010-01-02,DEBIT_CARD,39021,45,8,set_7481701,,,4499
bnk_7481702,7481702,3804,2010-01-02,DEBIT_CARD,61195,38,7,set_7481702,,,3849
bnk_7481703,7481703,5929,2010-01-02,DEBIT_CARD,27092,60,11,set_7481703,,,6000
bnk_7481704,7481704,9882,2010-01-02,DEBIT_CARD,27092,100,18,set_7481704,,,10000
bnk_7481705,7481705,2026,2010-01-02,CREDIT_CARD,70927,41,7,set_7481705,,,2074
bnk_7481706,7481706,7811,2010-01-02,CREDIT_CARD,43293,160,29,set_7481706,,,8000
bnk_7481708,7481708,4073,2010-01-02,CREDIT_CARD,18183,83,15,set_7481708,,,4171
bnk_7481709,7481709,5265,2010-01-02,DEBIT_CARD,24823,52,9,set_7481709,,,5178
bnk_7481710,7481710,9837,2010-01-02,CREDIT_CARD,39021,201,36,set_7481710,,,10074
bnk_7481711,7481711,289,2010-01-02,DEBIT_CARD,19964,3,1,set_7481711,,,293
bnk_7481713,7481713,1393,2010-01-02,DEBIT_CARD,74146,14,3,set_7481713,,,1410
bnk_7481714,7481714,1520,2010-01-02,DEBIT_CARD,39261,15,3,set_7481714,,,1538
bnk_7481715,7481715,536,2010-01-02,CREDIT_CARD,50783,11,2,set_7481715,,,549
bnk_7481716,7481716,1664,2010-01-02,DEBIT_CARD,83480,16,3,set_7481716,,,1587
bnk_7481717,7481717,11646,2010-01-02,DEBIT_CARD,56276,118,21,set_7481717,,,11785
bnk_7481718,7481718,7708,2010-01-02,DEBIT_CARD,59935,78,14,set_7481718,,,7800
bnk_7481719,7481719,1514,2010-01-02,DEBIT_CARD,15143,15,3,set_7481719,,,1532
bnk_7481720,7481720,10402,2010-01-02,DEBIT_CARD,54850,105,19,set_7481720,,,10526
bnk_7481722,7481722,879,2010-01-02,CREDIT_CARD,99370,18,3,set_7481722,,,900
bnk_7481723,7481723,8295,2010-01-02,DEBIT_CARD,52100,84,15,set_7481723,,,8394
bnk_7481724,7481724,17575,2010-01-02,CREDIT_CARD,27092,360,65,set_7481724,,,18000
bnk_7481725,7481725,2796,2010-01-02,CREDIT_CARD,46417,57,10,set_7481725,,,2863
bnk_7481727,7481727,2793,2010-01-02,CREDIT_CARD,39021,57,10,set_7481727,,,2860
bnk_7481728,7481728,226,2010-01-02,DEBIT_CARD,19964,2,0,set_7481728,,,228
bnk_7481730,7481730,7954,2010-01-02,DEBIT_CARD,59935,80,14,set_7481730,,,8048
bnk_7481731,7481731,11699,2010-01-02,CREDIT_CARD,33820,239,43,set_7481731,,,11929
bnk_7481733,7481733,4071,2010-01-02,DEBIT_CARD,22204,41,7,set_7481733,,,4119
bnk_7481735,7481735,9132,2010-01-02,DEBIT_CARD,48919,92,17,set_7481735,,,9241
bnk_7481736,7481736,1739,2010-01-02,DEBIT_CARD,24504,18,3,set_7481736,,,1760
bnk_7481737,7481737,2828,2010-01-02,DEBIT_CARD,67570,29,5,set_7481737,,,2862
bnk_7481738,7481738,2717,2010-01-02,DEBIT_CARD,63683,27,5,set_7481738,,,2749
bnk_7481739,7481739,10413,2010-01-02,CREDIT_CARD,75781,213,38,set_7481739,,,10664
bnk_7481740,7481740,1356,2010-01-02,CREDIT_CARD,48919,28,5,set_7481740,,,1389
bnk_7481741,7481741,1574,2010-01-02,DEBIT_CARD,83480,16,3,set_7481741,,,1593
bnk_7481742,7481742,5106,2010-01-02,DEBIT_CARD,41122,52,9,set_7481742,,,5167
bnk_7481743,7481743,5929,2010-01-02,DEBIT_CARD,27092,60,11,set_7481743,,,6000
bnk_7481744,7481744,12,2010-01-02,DEBIT_CARD,14528,0,0,set_7481744,,,12
bnk_7481745,7481745,2892,2010-01-02,DEBIT_CARD,38602,28,5,set_7481745,,,2839
bnk_7481746,7481746,839,2010-01-02,DEBIT_CARD,61520,9,2,set_7481746,,,850
bnk_7481747,7481747,17562,2010-01-02,DEBIT_CARD,74934,177,32,set_7481747,,,17700
bnk_7481749,7481749,852,2010-01-02,DEBIT_CARD,61195,9,2,set_7481749,,,863
bnk_7481753,7481753,3344,2010-01-02,DEBIT_CARD,20519,34,6,set_7481753,,,3384
bnk_7481754,7481754,6635,2010-01-02,DEBIT_CARD,60569,67,12,set_7481754,,,6714
bnk_7481755,7481755,1411,2010-01-02,DEBIT_CARD,45832,14,3,set_7481755,,,1428
bnk_7481757,7481757,2354,2010-01-02,CREDIT_CARD,18563,48,9,set_7481757,,,2411
bnk_7481758,7481758,1806,2010-01-02,CREDIT_CARD,22204,37,7,set_7481758,,,1850
bnk_7481759,7481759,1324,2010-01-02,CREDIT_CARD,75781,27,5,set_7481759,,,1356
bnk_7481760,7481760,2979,2010-01-02,DEBIT_CARD,1967,30,5,set_7481760,,,3014
bnk_7481762,7481762,2044,2010-01-02,DEBIT_CARD,75781,21,4,set_7481762,,,2069
bnk_7481763,7481763,13165,2010-01-02,DEBIT_CARD,59474,133,24,set_7481763,,,13322
bnk_7481764,7481764,1420,2010-01-02,DEBIT_CARD,83480,14,3,set_7481764,,,1437
bnk_7481765,7481765,7221,2010-01-02,DEBIT_CARD,79439,73,13,set_7481765,,,7307
bnk_7481767,7481767,8434,2010-01-02,DEBIT_CARD,9744,85,15,set_7481767,,,8534
bnk_7481768,7481768,1756,2010-01-02,DEBIT_CARD,98455,18,3,set_7481768,,,1777
bnk_7481769,7481769,3845,2010-01-02,DEBIT_CARD,66886,39,7,set_7481769,,,3891
bnk_7481770,7481770,13027,2010-01-02,DEBIT_CARD,37972,132,24,set_7481770,,,13183
bnk_7481771,7481771,4397,2010-01-02,DEBIT_CARD,94223,44,8,set_7481771,,,4448
bnk_7481772,7481772,1894,2010-01-02,DEBIT_CARD,96795,19,3,set_7481772,,,1916
bnk_7481774,7481774,753,2010-01-02,CREDIT_CARD,69956,15,3,set_7481774,,,771
bnk_7481775,7481775,6084,2010-01-02,DEBIT_CARD,20561,62,11,set_7481775,,,6157
bnk_7481776,7481776,539,2010-01-02,DEBIT_CARD,20561,5,1,set_7481776,,,545
bnk_7481777,7481777,10507,2010-01-02,DEBIT_CARD,9056,106,19,set_7481777,,,10632
bnk_7481778,7481778,11966,2010-01-02,DEBIT_CARD,54850,121,22,set_7481778,,,12109
bnk_7481779,7481779,1965,2010-01-02,CREDIT_CARD,83480,40,7,set_7481779,,,2012
bnk_7481781,7481781,5858,2010-01-02,CREDIT_CARD,27092,120,22,set_7481781,,,6000
bnk_7481782,7481782,3159,2010-01-02,DEBIT_CARD,66428,32,6,set_7481782,,,3197
bnk_7481783,7481783,7749,2010-01-02,DEBIT_CARD,89949,78,14,set_7481783,,,7841
bnk_7481785,7481785,4806,2010-01-02,DEBIT_CARD,20519,49,9,set_7481785,,,4864
bnk_7481790,7481790,3033,2010-01-02,DEBIT_CARD,32858,31,6,set_7481790,,,3070
bnk_7481791,7481791,8636,2010-01-02,DEBIT_CARD,9932,87,16,set_7481791,,,8739
bnk_7481792,7481792,96,2010-01-02,CREDIT_CARD,14528,2,0,set_7481792,,,98
bnk_7481793,7481793,2884,2010-01-02,DEBIT_CARD,89069,28,5,set_7481793,,,2820
bnk_7481796,7481796,225,2010-01-02,DEBIT_CARD,50783,2,0,set_7481796,,,227
bnk_7481797,7481797,1971,2010-01-02,CREDIT_CARD,60569,40,7,set_7481797,,,2018
bnk_7481799,7481799,7906,2010-01-02,DEBIT_CARD,27092,80,14,set_7481799,,,8000
bnk_7481800,7481800,12855,2010-01-02,DEBIT_CARD,55521,129,23,set_7481800,,,12869
bnk_7481802,7481802,3304,2010-01-02,DEBIT_CARD,11468,33,6,set_7481802,,,3343
bnk_7481803,7481803,2188,2010-01-02,DEBIT_CARD,83480,22,4,set_7481803,,,2214
bnk_7481804,7481804,6529,2010-01-02,CREDIT_CARD,32098,134,24,set_7481804,,,6687
bnk_7481805,7481805,26196,2010-01-02,DEBIT_CARD,32858,265,48,set_7481805,,,26509
bnk_7481808,7481808,24109,2010-01-02,DEBIT_CARD,73186,244,44,set_7481808,,,24397
bnk_7481809,7481809,11791,2010-01-02,DEBIT_CARD,37681,119,21,set_7481809,,,11931
bnk_7481810,7481810,4274,2010-01-02,DEBIT_CARD,9932,43,8,set_7481810,,,4325
bnk_7481811,7481811,2973,2010-01-02,DEBIT_CARD,1631,30,5,set_7481811,,,3008
bnk_7481812,7481812,4632,2010-01-02,CREDIT_CARD,34490,95,17,set_7481812,,,4744
bnk_7481814,7481814,8758,2010-01-02,DEBIT_CARD,75781,89,16,set_7481814,,,8863
bnk_7481816,7481816,1235,2010-01-02,DEBIT_CARD,60569,12,2,set_7481816,,,1249
bnk_7481817,7481817,7817,2010-01-02,DEBIT_CARD,26810,79,14,set_7481817,,,7910
bnk_7481818,7481818,1646,2010-01-02,DEBIT_CARD,22204,17,3,set_7481818,,,1666
bnk_7481819,7481819,2270,2010-01-02,CREDIT_CARD,81833,47,8,set_7481819,,,2325
bnk_7481820,7481820,1044,2010-01-02,DEBIT_CARD,44917,11,2,set_7481820,,,1057
bnk_7481821,7481821,4346,2010-01-02,CREDIT_CARD,89069,89,16,set_7481821,,,4451
bnk_7481822,7481822,3986,2010-01-02,DEBIT_CARD,32858,40,7,set_7481822,,,4033
bnk_7481823,7481823,9058,2010-01-02,DEBIT_CARD,20561,92,17,set_7481823,,,9167
bnk_7481824,7481824,4024,2010-01-02,DEBIT_CARD,32675,41,7,set_7481824,,,4072
bnk_7481825,7481825,847,2010-01-02,DEBIT_CARD,64619,9,2,set_7481825,,,858
bnk_7481826,7481826,4820,2010-01-02,CREDIT_CARD,52100,99,18,set_7481826,,,4937
bnk_7481827,7481827,7030,2010-01-02,CREDIT_CARD,61195,144,26,set_7481827,,,7200
bnk_7481828,7481828,1024,2010-01-02,CREDIT_CARD,48919,21,4,set_7481828,,,1049
bnk_7481829,7481829,630,2010-01-02,DEBIT_CARD,22204,6,1,set_7481829,,,637
bnk_7481830,7481830,2147,2010-01-02,DEBIT_CARD,26810,22,4,set_7481830,,,2173
bnk_7481830b,7481830,2147,2010-01-02,DEBIT_CARD,26810,22,4,set_7481830b,,,2173
bnk_7481831,7481831,14827,2010-01-02,CREDIT_CARD,33311,304,55,set_7481831,,,15186
bnk_7481832,7481832,7906,2010-01-02,DEBIT_CARD,59935,80,14,set_7481832,,,8000
bnk_7481834,7481834,5054,2010-01-02,DEBIT_CARD,19964,51,9,set_7481834,,,5114
bnk_7481836,7481836,2554,2010-01-02,DEBIT_CARD,20540,26,5,set_7481836,,,2585
bnk_7481837,7481837,90,2010-01-02,CREDIT_CARD,86438,2,0,set_7481837,,,92
bnk_7481839,7481839,4359,2010-01-02,CREDIT_CARD,61195,89,16,set_7481839,,,4464
bnk_7481840,7481840,2435,2010-01-02,DEBIT_CARD,24504,25,5,set_7481840,,,2465
bnk_7481841,7481841,203,2010-01-02,DEBIT_CARD,77483,2,0,set_7481841,,,205
bnk_7481842,7481842,5190,2010-01-02,DEBIT_CARD,39021,53,10,set_7481842,,,5253
bnk_7481846,7481846,209,2010-01-02,DEBIT_CARD,18563,2,0,set_7481846,,,211
bnk_7481848,7481848,2257,2010-01-02,DEBIT_CARD,16798,23,4,set_7481848,,,2284
bnk_7481849,7481849,658,2010-01-02,CREDIT_CARD,4596,11,2,set_7481849,,,534
bnk_7481850,7481850,8397,2010-01-02,CREDIT_CARD,61195,172,31,set_7481850,,,8600
bnk_7481851,7481851,4836,2010-01-02,CREDIT_CARD,61195,99,18,set_7481851,,,4953
bnk_7481852,7481852,4417,2010-01-02,DEBIT_CARD,34488,45,8,set_7481852,,,4471
bnk_7481853,7481853,3356,2010-01-02,DEBIT_CARD,39021,34,6,set_7481853,,,3396
bnk_7481854,7481854,20877,2010-01-02,CREDIT_CARD,54850,428,77,set_7481854,,,21382
bnk_7481855,7481855,1219,2010-01-02,DEBIT_CARD,44578,12,2,set_7481855,,,1233
bnk_7481857,7481857,203,2010-01-02,DEBIT_CARD,75781,2,0,set_7481857,,,205
bnk_7481858,7481858,169,2010-01-02,DEBIT_CARD,86003,2,0,set_7481858,,,171
bnk_7481859,7481859,4876,2010-01-02,DEBIT_CARD,59586,49,9,set_7481859,,,4934
bnk_7481860,7481860,6358,2010-01-02,DEBIT_CARD,86410,64,12,set_7481860,,,6434
bnk_7481861,7481861,3116,2010-01-02,DEBIT_CARD,24437,32,6,set_7481861,,,3154
bnk_7481862,7481862,4757,2010-01-02,DEBIT_CARD,59935,48,9,set_7481862,,,4814
bnk_7481862b,7481862,4757,2010-01-02,DEBIT_CARD,59935,48,9,set_7481862b,,,4814
bnk_7481863,7481863,2699,2010-01-02,DEBIT_CARD,39021,27,5,set_7481863,,,2731
bnk_7481864,7481864,5075,2010-01-02,DEBIT_CARD,86410,51,9,set_7481864,,,5135
bnk_7481865,7481865,3858,2010-01-02,DEBIT_CARD,54197,39,7,set_7481865,,,3904
bnk_7481866,7481866,125,2010-01-02,CREDIT_CARD,20561,3,1,set_7481866,,,129
bnk_7481867,7481867,5402,2010-01-02,CREDIT_CARD,42298,111,20,set_7481867,,,5533
bnk_7481868,7481868,3379,2010-01-02,DEBIT_CARD,76850,34,6,set_7481868,,,3419
bnk_7481869,7481869,2295,2010-01-02,DEBIT_CARD,39021,23,4,set_7481869,,,2322
bnk_7481871,7481871,2801,2010-01-02,DEBIT_CARD,26909,28,5,set_7481871,,,2834
bnk_7481873,7481873,192,2010-01-02,CREDIT_CARD,15762,4,1,set_7481873,,,197
bnk_7481875,7481875,270,2010-01-02,CREDIT_CARD,50783,6,1,set_7481875,,,277
bnk_7481877,7481877,3198,2010-01-02,DEBIT_CARD,9919,32,6,set_7481877,,,3236
bnk_7481878,7481878,738,2010-01-02,DEBIT_CARD,15143,7,1,set_7481878,,,746
bnk_7481880,7481880,2341,2010-01-02,DEBIT_CARD,60569,24,4,set_7481880,,,2369
bnk_7481881,7481881,3557,2010-01-02,DEBIT_CARD,41184,36,6,set_7481881,,,3599
bnk_7481882,7481882,3914,2010-01-02,CREDIT_CARD,12197,80,14,set_7481882,,,4008
bnk_7481883,7481883,11310,2010-01-02,CREDIT_CARD,61195,232,42,set_7481883,,,11584
bnk_7481885,7481885,8778,2010-01-02,DEBIT_CARD,73342,89,16,set_7481885,,,8883
bnk_7481887,7481887,6786,2010-01-02,DEBIT_CARD,31893,69,12,set_7481887,,,6867
bnk_7481888,7481888,1118,2010-01-02,DEBIT_CARD,17493,11,2,set_7481888,,,1131
bnk_7481889,7481889,894,2010-01-02,DEBIT_CARD,22204,9,2,set_7481889,,,905
bnk_7481890,7481890,16964,2010-01-02,CREDIT_CARD,10388,348,63,set_7481890,,,17375
bnk_7481891,7481891,17666,2010-01-02,DEBIT_CARD,42051,179,32,set_7481891,,,17877
bnk_7481892,7481892,3677,2010-01-02,DEBIT_CARD,37420,37,7,set_7481892,,,3721
bnk_7481893,7481893,116,2010-01-02,DEBIT_CARD,60569,1,0,set_7481893,,,117
bnk_7481894,7481894,5320,2010-01-02,DEBIT_CARD,50783,54,10,set_7481894,,,5384
bnk_7481896,7481896,1607,2010-01-02,DEBIT_CARD,86410,16,3,set_7481896,,,1626
bnk_7481899,7481899,8197,2010-01-02,DEBIT_CARD,19964,82,15,set_7481899,,,8170
bnk_7481900,7481900,4713,2010-01-02,CREDIT_CARD,93583,97,17,set_7481900,,,4827
bnk_7481902,7481902,5964,2010-01-02,DEBIT_CARD,20561,60,11,set_7481902,,,6035
bnk_7481903,7481903,9764,2010-01-02,CREDIT_CARD,27092,200,36,set_7481903,,,10000
bnk_7481905,7481905,2281,2010-01-02,DEBIT_CARD,92741,23,4,set_7481905,,,2308
bnk_7481906,7481906,5791,2010-01-02,DEBIT_CARD,26810,59,11,set_7481906,,,5861
bnk_7481907,7481907,4097,2010-01-02,CREDIT_CARD,32858,84,15,set_7481907,,,4196
bnk_7481908,7481908,2315,2010-01-02,DEBIT_CARD,95169,23,4,set_7481908,,,2342
bnk_7481910,7481910,143,2010-01-02,DEBIT_CARD,14528,1,0,set_7481910,,,144
bnk_7481911,7481911,2932,2010-01-02,DEBIT_CARD,61195,30,5,set_7481911,,,2968
bnk_7481912,7481912,5989,2010-01-02,DEBIT_CARD,86616,61,11,set_7481912,,,6061
bnk_7481913,7481913,2339,2010-01-02,CREDIT_CARD,16798,48,9,set_7481913,,,2396
bnk_7481914,7481914,12186,2010-01-02,CREDIT_CARD,63494,250,45,set_7481914,,,12481
bnk_7481915,7481915,13879,2010-01-02,DEBIT_CARD,9296,140,25,set_7481915,,,14044
bnk_7481916,7481916,27373,2010-01-02,DEBIT_CARD,41523,277,50,set_7481916,,,27700
bnk_7481917,7481917,1186,2010-01-02,CREDIT_CARD,75781,24,4,set_7481917,,,1214
bnk_7481918,7481918,3906,2010-01-02,CREDIT_CARD,27092,80,14,set_7481918,,,4000
bnk_7481919,7481919,1330,2010-01-02,DEBIT_CARD,26810,13,2,set_7481919,,,1345
bnk_7481919b,7481919,1330,2010-01-02,DEBIT_CARD,26810,13,2,set_7481919b,,,1345
bnk_7481920,7481920,4794,2010-01-02,CREDIT_CARD,4213,98,18,set_7481920,,,4910
bnk_7481921,7481921,3987,2010-01-02,DEBIT_CARD,89069,40,7,set_7481921,,,4034
bnk_7481922,7481922,15530,2010-01-02,DEBIT_CARD,86959,157,28,set_7481922,,,15715
bnk_7481925,7481925,4268,2010-01-02,CREDIT_CARD,49789,87,16,set_7481925,,,4371
bnk_7481926,7481926,2859,2010-01-02,DEBIT_CARD,60569,29,5,set_7481926,,,2893
bnk_7481927,7481927,5929,2010-01-02,DEBIT_CARD,27092,60,11,set_7481927,,,6000
bnk_7481928,7481928,9472,2010-01-02,DEBIT_CARD,11468,96,17,set_7481928,,,9585
bnk_7481929,7481929,2714,2010-01-02,DEBIT_CARD,45928,27,5,set_7481929,,,2746
bnk_7481931,7481931,3098,2010-01-02,DEBIT_CARD,22204,31,6,set_7481931,,,3135
bnk_7481932,7481932,864,2010-01-02,CREDIT_CARD,100021,18,3,set_7481932,,,885
bnk_7481933,7481933,4018,2010-01-02,DEBIT_CARD,20561,39,7,set_7481933,,,3920
bnk_7481934,7481934,65,2010-01-02,DEBIT_CARD,14528,1,0,set_7481934,,,66
bnk_7481935,7481935,7313,2010-01-02,DEBIT_CARD,22204,74,13,set_7481935,,,7400
bnk_7481936,7481936,4467,2010-01-02,DEBIT_CARD,45989,45,8,set_7481936,,,4520
bnk_7481937,7481937,4385,2010-01-02,DEBIT_CARD,85251,44,8,set_7481937,,,4437
bnk_7481940,7481940,5929,2010-01-02,DEBIT_CARD,27092,60,11,set_7481940,,,6000
bnk_7481942,7481942,16625,2010-01-02,CREDIT_CARD,68983,341,61,set_7481942,,,17027
bnk_7481943,7481943,3346,2010-01-02,CREDIT_CARD,81833,69,12,set_7481943,,,3427
bnk_7481944,7481944,472,2010-01-02,DEBIT_CARD,83271,5,1,set_7481944,,,478
bnk_7481945,7481945,6542,2010-01-02,CREDIT_CARD,61195,134,24,set_7481945,,,6700
bnk_7481947,7481947,4305,2010-01-02,DEBIT_CARD,61195,42,8,set_7481947,,,4208
bnk_7481946,7481946,8004,2010-01-02,DEBIT_CARD,61195,81,15,set_7481946,,,8100
bnk_7481948,7481948,7763,2010-01-02,DEBIT_CARD,9932,79,14,set_7481948,,,7856
bnk_7481949,7481949,887,2010-01-02,DEBIT_CARD,61195,9,2,set_7481949,,,898
bnk_7481950,7481950,1065,2010-01-02,CREDIT_CARD,55528,22,4,set_7481950,,,1091
bnk_7481951,7481951,2543,2010-01-02,DEBIT_CARD,65698,26,5,set_7481951,,,2574
bnk_7481952,7481952,7906,2010-01-02,DEBIT_CARD,61195,80,14,set_7481952,,,8000
bnk_7481954,7481954,114,2010-01-02,CREDIT_CARD,14528,2,0,set_7481954,,,116
bnk_7481955,7481955,1308,2010-01-02,DEBIT_CARD,1344,13,2,set_7481955,,,1323
bnk_7481956,7481956,343,2010-01-02,DEBIT_CARD,52106,3,1,set_7481956,,,347
bnk_7481957,7481957,4502,2010-01-02,CREDIT_CARD,60569,92,17,set_7481957,,,4611
bnk_7481958,7481958,2556,2010-01-02,DEBIT_CARD,66428,26,5,set_7481958,,,2587
bnk_7481959,7481959,1712,2010-01-02,DEBIT_CARD,20519,17,3,set_7481959,,,1732
bnk_7481960,7481960,144,2010-01-02,CREDIT_CARD,14528,3,1,set_7481960,,,148
bnk_7481962,7481962,6060,2010-01-02,CREDIT_CARD,39021,124,22,set_7481962,,,6206
bnk_7481961,7481961,7459,2010-01-02,CREDIT_CARD,39021,153,28,set_7481961,,,7640
bnk_7481963,7481963,5536,2010-01-02,CREDIT_CARD,75781,113,20,set_7481963,,,5669
bnk_7481964,7481964,220,2010-01-02,DEBIT_CARD,14528,2,0,set_7481964,,,222
bnk_7481966,7481966,531,2010-01-02,DEBIT_CARD,64347,5,1,set_7481966,,,537
bnk_7481967,7481967,3595,2010-01-02,DEBIT_CARD,2344,36,6,set_7481967,,,3637
bnk_7481969,7481969,1233,2010-01-02,DEBIT_CARD,83271,12,2,set_7481969,,,1247
bnk_7481970,7481970,11717,2010-01-02,CREDIT_CARD,27092,240,43,set_7481970,,,12000
bnk_7481971,7481971,821,2010-01-02,CREDIT_CARD,20561,17,3,set_7481971,,,841
bnk_7481972,7481972,10990,2010-01-02,DEBIT_CARD,57998,111,20,set_7481972,,,11121
bnk_7481973,7481973,10520,2010-01-02,CREDIT_CARD,80770,216,39,set_7481973,,,10775
bnk_7481974,7481974,2178,2010-01-02,CREDIT_CARD,81922,45,8,set_7481974,,,2231
bnk_7481975,7481975,8369,2010-01-02,DEBIT_CARD,19964,85,15,set_7481975,,,8469
bnk_7481976,7481976,6953,2010-01-02,CREDIT_CARD,67167,142,26,set_7481976,,,7121
bnk_7481977,7481977,294,2010-01-02,CREDIT_CARD,30928,6,1,set_7481977,,,301
bnk_7481980,7481980,3466,2010-01-02,CREDIT_CARD,39021,71,13,set_7481980,,,3550
bnk_7481981,7481981,4158,2010-01-02,CREDIT_CARD,77509,85,15,set_7481981,,,4258
bnk_7481982,7481982,10110,2010-01-02,DEBIT_CARD,1218,102,18,set_7481982,,,10230
bnk_7481984,7481984,8620,2010-01-02,CREDIT_CARD,32087,177,32,set_7481984,,,8829
bnk_7481985,7481985,1729,2010-01-02,DEBIT_CARD,83480,18,3,set_7481985,,,1750
bnk_7481986,7481986,3540,2010-01-02,DEBIT_CARD,85059,36,6,set_7481986,,,3582
bnk_7481987,7481987,54,2010-01-02,DEBIT_CARD,14528,1,0,set_7481987,,,55
bnk_7481988,7481988,828,2010-01-02,DEBIT_CARD,46284,8,1,set_7481988,,,837
bnk_7481990,7481990,6423,2010-01-02,DEBIT_CARD,43293,65,12,set_7481990,,,6500
bnk_7481991,7481991,3567,2010-01-02,DEBIT_CARD,39021,35,6,set_7481991,,,3530
bnk_7481992,7481992,2589,2010-01-02,DEBIT_CARD,18563,25,5,set_7481992,,,2500
bnk_7481993,7481993,1402,2010-01-02,DEBIT_CARD,17930,14,3,set_7481993,,,1419
bnk_7481994,7481994,4712,2010-01-02,DEBIT_CARD,60569,48,9,set_7481994,,,4769
bnk_7481996,7481996,252,2010-01-02,DEBIT_CARD,61195,2,0,set_7481996,,,180
bnk_7481997,7481997,3933,2010-01-02,DEBIT_CARD,43293,39,7,set_7481997,,,3875
bnk_7481998,7481998,2227,2010-01-02,DEBIT_CARD,59350,23,4,set_7481998,,,2254
bnk_7481998b,7481998,2227,2010-01-02,DEBIT_CARD,59350,23,4,set_7481998b,,,2254
bnk_7481999,7481999,1432,2010-01-02,DEBIT_CARD,18563,14,3,set_7481999,,,1449
bnk_7482000,7482000,1852,2010-01-02,DEBIT_CARD,47399,18,3,set_7482000,,,1788
bnk_7482001,7482001,5235,2010-01-02,DEBIT_CARD,74931,52,9,set_7482001,,,5202
bnk_7482002,7482002,3906,2010-01-02,CREDIT_CARD,27092,80,14,set_7482002,,,4000
bnk_7482003,7482003,984,2010-01-02,DEBIT_CARD,75781,10,2,set_7482003,,,996
bnk_7482004,7482004,7663,2010-01-02,CREDIT_CARD,22204,157,28,set_7482004,,,7848
bnk_7482005,7482005,36210,2010-01-02,CREDIT_CARD,4802,742,134,set_7482005,,,37086
bnk_7482005b,7482005,36210,2010-01-02,CREDIT_CARD,4802,742,134,set_7482005b,,,37086
bnk_7482007,7482007,1641,2010-01-02,DEBIT_CARD,78940,17,3,set_7482007,,,1661
bnk_7482008,7482008,1458,2010-01-02,CREDIT_CARD,70801,30,5,set_7482008,,,1493
bnk_7482009,7482009,116,2010-01-02,DEBIT_CARD,14528,1,0,set_7482009,,,117
bnk_7482010,7482010,3059,2010-01-02,DEBIT_CARD,85376,31,6,set_7482010,,,3096
bnk_7482011,7482011,918,2010-01-02,CREDIT_CARD,35123,19,3,set_7482011,,,940
bnk_7482013,7482013,11469,2010-01-02,CREDIT_CARD,60569,235,42,set_7482013,,,11746
bnk_7482014,7482014,2192,2010-01-02,DEBIT_CARD,88280,21,4,set_7482014,,,2148
bnk_7482015,7482015,14345,2010-01-02,CREDIT_CARD,27865,294,53,set_7482015,,,14692
bnk_7482016,7482016,1731,2010-01-02,DEBIT_CARD,69972,18,3,set_7482016,,,1752
bnk_7482016b,7482016,1731,2010-01-02,DEBIT_CARD,69972,18,3,set_7482016b,,,1752
bnk_7482017,7482017,8548,2010-01-02,DEBIT_CARD,37882,87,16,set_7482017,,,8651
bnk_7482018,7482018,1534,2010-01-02,DEBIT_CARD,59935,16,3,set_7482018,,,1553
bnk_7482020,7482020,8447,2010-01-02,DEBIT_CARD,61195,85,15,set_7482020,,,8547
bnk_7482021,7482021,3628,2010-01-02,DEBIT_CARD,69956,37,7,set_7482021,,,3672
bnk_7482023,7482023,9390,2010-01-02,CREDIT_CARD,28395,192,35,set_7482023,,,9617
bnk_7482024,7482024,5664,2010-01-02,DEBIT_CARD,36934,57,10,set_7482024,,,5731
bnk_7482026,7482026,6264,2010-01-02,DEBIT_CARD,61195,62,11,set_7482026,,,6200
bnk_7482027,7482027,113,2010-01-02,DEBIT_CARD,14528,1,0,set_7482027,,,114
bnk_7482028,7482028,307,2010-01-02,CREDIT_CARD,50783,6,1,set_7482028,,,314
bnk_7482029,7482029,6226,2010-01-02,DEBIT_CARD,59935,63,11,set_7482029,,,6300
bnk_7482032,7482032,3272,2010-01-02,DEBIT_CARD,81833,33,6,set_7482032,,,3311
bnk_7482034,7482034,3461,2010-01-02,DEBIT_CARD,98123,35,6,set_7482034,,,3502
bnk_7482035,7482035,2325,2010-01-02,DEBIT_CARD,75781,24,4,set_7482035,,,2353
bnk_7482036,7482036,42,2010-01-02,CREDIT_CARD,14528,1,0,set_7482036,,,43
bnk_7482037,7482037,6703,2010-01-02,CREDIT_CARD,72585,137,25,set_7482037,,,6865
bnk_7482039,7482039,3953,2010-01-02,DEBIT_CARD,27092,40,7,set_7482039,,,4000
bnk_7482040,7482040,4015,2010-01-02,DEBIT_CARD,88459,41,7,set_7482040,,,4063
bnk_7482042,7482042,2856,2010-01-02,DEBIT_CARD,18563,29,5,set_7482042,,,2890
bnk_7482043,7482043,124,2010-01-02,DEBIT_CARD,91325,1,0,set_7482043,,,125
bnk_7482044,7482044,1079,2010-01-02,DEBIT_CARD,47399,11,2,set_7482044,,,1092
bnk_7482045,7482045,3966,2010-01-02,CREDIT_CARD,87312,81,15,set_7482045,,,4062
bnk_7482046,7482046,3020,2010-01-02,CREDIT_CARD,60569,62,11,set_7482046,,,3093
bnk_7482047,7482047,1277,2010-01-02,DEBIT_CARD,39261,13,2,set_7482047,,,1292
bnk_7482049,7482049,4847,2010-01-02,CREDIT_CARD,68671,99,18,set_7482049,,,4964
bnk_7482050,7482050,20908,2010-01-02,CREDIT_CARD,48013,428,77,set_7482050,,,21413
bnk_7482051,7482051,10158,2010-01-02,CREDIT_CARD,81833,208,37,set_7482051,,,10403
bnk_7482052,7482052,5649,2010-01-02,DEBIT_CARD,71667,57,10,set_7482052,,,5716
bnk_7482053,7482053,2885,2010-01-02,DEBIT_CARD,13523,29,5,set_7482053,,,2919
bnk_7482054,7482054,5034,2010-01-02,DEBIT_CARD,96246,51,9,set_7482054,,,5094
bnk_7482055,7482055,36959,2010-01-02,DEBIT_CARD,3558,374,67,set_7482055,,,37400
bnk_7482056,7482056,8592,2010-01-02,CREDIT_CARD,30928,176,32,set_7482056,,,8800
bnk_7482057,7482057,1402,2010-01-02,CREDIT_CARD,18563,29,5,set_7482057,,,1436
bnk_7482060,7482060,126,2010-01-02,DEBIT_CARD,14528,1,0,set_7482060,,,127
bnk_7482061,7482061,1940,2010-01-02,DEBIT_CARD,55250,20,4,set_7482061,,,1964
bnk_7482062,7482062,2958,2010-01-02,DEBIT_CARD,88459,29,5,set_7482062,,,2903
bnk_7482063,7482063,864,2010-01-02,DEBIT_CARD,77572,9,2,set_7482063,,,875
bnk_7482064,7482064,10634,2010-01-02,DEBIT_CARD,9638,108,19,set_7482064,,,10761
bnk_7482065,7482065,6840,2010-01-02,CREDIT_CARD,76639,140,25,set_7482065,,,7005
bnk_7482066,7482066,309,2010-01-02,CREDIT_CARD,59935,6,1,set_7482066,,,316
bnk_7482067,7482067,2290,2010-01-02,DEBIT_CARD,68671,23,4,set_7482067,,,2317
bnk_7482068,7482068,2047,2010-01-02,DEBIT_CARD,59935,21,4,set_7482068,,,2072
bnk_7482069,7482069,5236,2010-01-02,CREDIT_CARD,26810,107,19,set_7482069,,,5362
bnk_7482070,7482070,1687,2010-01-02,DEBIT_CARD,9932,17,3,set_7482070,,,1707
bnk_7482071,7482071,1304,2010-01-02,DEBIT_CARD,59935,13,2,set_7482071,,,1319
bnk_7482073,7482073,11167,2010-01-02,DEBIT_CARD,83229,113,20,set_7482073,,,11300
bnk_7482074,7482074,1174,2010-01-02,CREDIT_CARD,24504,22,4,set_7482074,,,1113
bnk_7482075,7482075,1174,2010-01-02,DEBIT_CARD,474,12,2,set_7482075,,,1188
bnk_7482076,7482076,11026,2010-01-02,DEBIT_CARD,41122,112,20,set_7482076,,,11158
bnk_7482077,7482077,356,2010-01-02,DEBIT_CARD,68335,4,1,set_7482077,,,361
bnk_7482078,7482078,983,2010-01-02,CREDIT_CARD,16751,20,4,set_7482078,,,1007
bnk_7482079,7482079,1874,2010-01-02,DEBIT_CARD,18563,19,3,set_7482079,,,1896
bnk_7482080,7482080,5399,2010-01-02,CREDIT_CARD,99370,111,20,set_7482080,,,5530
bnk_7482081,7482081,8931,2010-01-02,CREDIT_CARD,60569,183,33,set_7482081,,,9147
bnk_7482082,7482082,22089,2010-01-02,DEBIT_CARD,89949,224,40,set_7482082,,,22353
bnk_7482083,7482083,5559,2010-01-02,CREDIT_CARD,98648,114,21,set_7482083,,,5694
bnk_7482084,7482084,2497,2010-01-02,CREDIT_CARD,69956,51,9,set_7482084,,,2557
bnk_7482085,7482085,2453,2010-01-02,CREDIT_CARD,37421,50,9,set_7482085,,,2512
bnk_7482085b,7482085,2453,2010-01-02,CREDIT_CARD,37421,50,9,set_7482085b,,,2512
bnk_7482087,7482087,4883,2010-01-02,DEBIT_CARD,59935,49,9,set_7482087,,,4941
bnk_7482088,7482088,16138,2010-01-02,DEBIT_CARD,48238,163,29,set_7482088,,,16330
bnk_7482089,7482089,3181,2010-01-02,DEBIT_CARD,20519,32,6,set_7482089,,,3219
bnk_7482090,7482090,23820,2010-01-02,DEBIT_CARD,27092,240,43,set_7482090,,,24000
bnk_7482092,7482092,7126,2010-01-02,CREDIT_CARD,88459,146,26,set_7482092,,,7298
bnk_7482093,7482093,5210,2010-01-02,DEBIT_CARD,75781,53,10,set_7482093,,,5273
bnk_7482095,7482095,17844,2010-01-02,CREDIT_CARD,20561,366,66,set_7482095,,,18276
bnk_7482096,7482096,174,2010-01-02,DEBIT_CARD,14528,2,0,set_7482096,,,176
bnk_7482098,7482098,166,2010-01-02,DEBIT_CARD,14528,1,0,set_7482098,,,70
bnk_7482099,7482099,13597,2010-01-02,DEBIT_CARD,79927,138,25,set_7482099,,,13760
bnk_7482101,7482101,1785,2010-01-02,DEBIT_CARD,39021,18,3,set_7482101,,,1806
bnk_7482102,7482102,89,2010-01-02,DEBIT_CARD,14528,1,0,set_7482102,,,90
bnk_7482103,7482103,11708,2010-01-02,DEBIT_CARD,17976,118,21,set_7482103,,,11847
bnk_7482104,7482104,9882,2010-01-02,DEBIT_CARD,27092,100,18,set_7482104,,,10000
bnk_7482105,7482105,7969,2010-01-02,DEBIT_CARD,60569,81,15,set_7482105,,,8065
bnk_7482107,7482107,3436,2010-01-02,CREDIT_CARD,50867,70,13,set_7482107,,,3519
bnk_7482107b,7482107,3436,2010-01-02,CREDIT_CARD,50867,70,13,set_7482107b,,,3519
bnk_7482108,7482108,5929,2010-01-02,DEBIT_CARD,27092,60,11,set_7482108,,,6000
bnk_7482109,7482109,5162,2010-01-02,DEBIT_CARD,86959,52,9,set_7482109,,,5223
bnk_7482110,7482110,2601,2010-01-02,DEBIT_CARD,54850,26,5,set_7482110,,,2632
bnk_7482111,7482111,5799,2010-01-02,DEBIT_CARD,60569,58,10,set_7482111,,,5773
bnk_7482113,7482113,3911,2010-01-02,DEBIT_CARD,73186,40,7,set_7482113,,,3958
bnk_7482114,7482114,1031,2010-01-02,CREDIT_CARD,24504,21,4,set_7482114,,,1056
bnk_7482115,7482115,20863,2010-01-02,DEBIT_CARD,20468,211,38,set_7482115,,,21112
bnk_7482116,7482116,1470,2010-01-02,DEBIT_CARD,50783,15,3,set_7482116,,,1488
bnk_7482117,7482117,13691,2010-01-02,DEBIT_CARD,12076,139,25,set_7482117,,,13855
bnk_7482120,7482120,7030,2010-01-02,CREDIT_CARD,50867,144,26,set_7482120,,,7200
bnk_7482122,7482122,9333,2010-01-02,CREDIT_CARD,75936,191,34,set_7482122,,,9558
bnk_7482123,7482123,18194,2010-01-02,CREDIT_CARD,2793,373,67,set_7482123,,,18634
bnk_7482124,7482124,5565,2010-01-02,CREDIT_CARD,26810,114,21,set_7482124,,,5700
bnk_7482125,7482125,7023,2010-01-02,DEBIT_CARD,89705,71,13,set_7482125,,,7107
bnk_7482126,7482126,6908,2010-01-02,CREDIT_CARD,81833,141,25,set_7482126,,,7074
bnk_7482127,7482127,13367,2010-01-02,CREDIT_CARD,61641,274,49,set_7482127,,,13690
bnk_7482128,7482128,119,2010-01-02,DEBIT_CARD,14528,1,0,set_7482128,,,120
bnk_7482129,7482129,5796,2010-01-02,DEBIT_CARD,2331,59,11,set_7482129,,,5866
bnk_7482131,7482131,2345,2010-01-02,DEBIT_CARD,18563,24,4,set_7482131,,,2373
bnk_7482131b,7482131,2345,2010-01-02,DEBIT_CARD,18563,24,4,set_7482131b,,,2373
bnk_7482132,7482132,3701,2010-01-02,CREDIT_CARD,39021,76,14,set_7482132,,,3791
bnk_7482133,7482133,11901,2010-01-02,DEBIT_CARD,81833,120,22,set_7482133,,,12044
bnk_7482134,7482134,6206,2010-01-02,CREDIT_CARD,94958,127,23,set_7482134,,,6356
bnk_7482135,7482135,1435,2010-01-02,CREDIT_CARD,68705,29,5,set_7482135,,,1469
bnk_7482137,7482137,1778,2010-01-02,CREDIT_CARD,93938,36,6,set_7482137,,,1820
bnk_7482138,7482138,583,2010-01-02,DEBIT_CARD,16798,6,1,set_7482138,,,590
bnk_7482139,7482139,3286,2010-01-02,DEBIT_CARD,30055,33,6,set_7482139,,,3325
bnk_7482140,7482140,7850,2010-01-02,DEBIT_CARD,86737,79,14,set_7482140,,,7943
bnk_7482141,7482141,1255,2010-01-02,CREDIT_CARD,88093,26,5,set_7482141,,,1286
bnk_7482142,7482142,2766,2010-01-02,CREDIT_CARD,99697,57,10,set_7482142,,,2833
bnk_7482145,7482145,953,2010-01-02,DEBIT_CARD,43732,8,1,set_7482145,,,817
bnk_7482148,7482148,2253,2010-01-02,CREDIT_CARD,39021,46,8,set_7482148,,,2307
bnk_7482149,7482149,57,2010-01-02,DEBIT_CARD,14528,1,0,set_7482149,,,58
bnk_7482150,7482150,6527,2010-01-02,DEBIT_CARD,77020,66,12,set_7482150,,,6605
bnk_7482151,7482151,9954,2010-01-02,CREDIT_CARD,73186,204,37,set_7482151,,,10195
bnk_7482152,7482152,8103,2010-01-02,DEBIT_CARD,68671,82,15,set_7482152,,,8200
bnk_7482153,7482153,4745,2010-01-02,DEBIT_CARD,60644,48,9,set_7482153,,,4802
bnk_7482154,7482154,1553,2010-01-02,DEBIT_CARD,24504,16,3,set_7482154,,,1572
bnk_7482155,7482155,788,2010-01-02,DEBIT_CARD,50783,8,1,set_7482155,,,797
bnk_7482155b,7482155,788,2010-01-02,DEBIT_CARD,50783,8,1,set_7482155b,,,797
bnk_7482156,7482156,1010,2010-01-02,DEBIT_CARD,81833,9,2,set_7482156,,,898
bnk_7482157,7482157,12765,2010-01-02,DEBIT_CARD,60569,129,23,set_7482157,,,12917
bnk_7482158,7482158,4954,2010-01-02,CREDIT_CARD,32175,101,18,set_7482158,,,5073
bnk_7482159,7482159,350,2010-01-02,DEBIT_CARD,90865,4,1,set_7482159,,,355
bnk_7482161,7482161,3663,2010-01-02,DEBIT_CARD,36934,37,7,set_7482161,,,3707
bnk_7482164,7482164,6764,2010-01-02,CREDIT_CARD,20561,139,25,set_7482164,,,6928
bnk_7482165,7482165,3012,2010-01-02,DEBIT_CARD,64954,30,5,set_7482165,,,3047
bnk_7482167,7482167,5139,2010-01-02,DEBIT_CARD,59935,52,9,set_7482167,,,5200
bnk_7482169,7482169,3515,2010-01-02,DEBIT_CARD,75781,36,6,set_7482169,,,3557
bnk_7482170,7482170,7811,2010-01-02,CREDIT_CARD,27092,160,29,set_7482170,,,8000
bnk_7482171,7482171,214,2010-01-02,DEBIT_CARD,14528,1,0,set_7482171,,,76
bnk_7482172,7482172,31622,2010-01-02,DEBIT_CARD,27092,320,58,set_7482172,,,32000
bnk_7482173,7482173,8172,2010-01-02,DEBIT_CARD,75380,83,15,set_7482173,,,8270
bnk_7482174,7482174,11944,2010-01-02,CREDIT_CARD,26810,245,44,set_7482174,,,12233
bnk_7482176,7482176,2130,2010-01-02,DEBIT_CARD,34390,22,4,set_7482176,,,2156
bnk_7482177,7482177,9080,2010-01-02,DEBIT_CARD,59935,91,16,set_7482177,,,9100
bnk_7482178,7482178,1520,2010-01-02,DEBIT_CARD,25887,15,3,set_7482178,,,1538
bnk_7482181,7482181,11858,2010-01-02,DEBIT_CARD,27092,120,22,set_7482181,,,12000
bnk_7482182,7482182,5349,2010-01-02,CREDIT_CARD,20561,110,20,set_7482182,,,5479
bnk_7482183,7482183,3137,2010-01-02,DEBIT_CARD,32606,31,6,set_7482183,,,3084
bnk_7482184,7482184,2039,2010-01-02,DEBIT_CARD,54773,21,4,set_7482184,,,2064
bnk_7482185,7482185,134,2010-01-02,DEBIT_CARD,96490,1,0,set_7482185,,,135
bnk_7482186,7482186,8798,2010-01-02,DEBIT_CARD,7821,89,16,set_7482186,,,8903
bnk_7482187,7482187,3682,2010-01-02,DEBIT_CARD,99173,37,7,set_7482187,,,3726
bnk_7482188,7482188,4228,2010-01-02,DEBIT_CARD,75936,43,8,set_7482188,,,4279
bnk_7482189,7482189,4349,2010-01-02,DEBIT_CARD,19957,44,8,set_7482189,,,4401
bnk_7482190,7482190,2858,2010-01-02,DEBIT_CARD,50783,29,5,set_7482190,,,2892
bnk_7482191,7482191,2360,2010-01-02,CREDIT_CARD,15143,48,9,set_7482191,,,2417
bnk_7482192,7482192,2009,2010-01-02,DEBIT_CARD,86410,20,4,set_7482192,,,2033
bnk_7482193,7482193,5302,2010-01-02,CREDIT_CARD,16798,109,20,set_7482193,,,5431
bnk_7482193b,7482193,5302,2010-01-02,CREDIT_CARD,16798,109,20,set_7482193b,,,5431
bnk_7482194,7482194,9705,2010-01-02,DEBIT_CARD,75936,98,18,set_7482194,,,9821
bnk_7482195,7482195,4651,2010-01-02,CREDIT_CARD,50867,95,17,set_7482195,,,4764
bnk_7482196,7482196,7074,2010-01-02,DEBIT_CARD,3183,72,13,set_7482196,,,7159
bnk_7482197,7482197,15882,2010-01-02,CREDIT_CARD,30286,325,59,set_7482197,,,16266
bnk_7482198,7482198,215,2010-01-02,DEBIT_CARD,86438,2,0,set_7482198,,,217
bnk_7482199,7482199,1216,2010-01-02,DEBIT_CARD,10875,12,2,set_7482199,,,1230
bnk_7482200,7482200,6090,2010-01-02,CREDIT_CARD,25887,125,23,set_7482200,,,6238
bnk_7482202,7482202,19775,2010-01-02,DEBIT_CARD,72139,200,36,set_7482202,,,20011
bnk_7482203,7482203,1852,2010-01-02,CREDIT_CARD,35451,38,7,set_7482203,,,1897
bnk_7482204,7482204,4937,2010-01-02,DEBIT_CARD,75936,50,9,set_7482204,,,4996
bnk_7482206,7482206,4257,2010-01-02,DEBIT_CARD,28913,43,8,set_7482206,,,4308
bnk_7482208,7482208,8350,2010-01-02,DEBIT_CARD,43293,84,15,set_7482208,,,8449
bnk_7482209,7482209,296,2010-01-02,DEBIT_CARD,60569,3,1,set_7482209,,,300
bnk_7482210,7482210,9722,2010-01-02,DEBIT_CARD,61195,98,18,set_7482210,,,9838
bnk_7482210b,7482210,9722,2010-01-02,DEBIT_CARD,61195,98,18,set_7482210b,,,9838
bnk_7482211,7482211,626,2010-01-02,CREDIT_CARD,32606,13,2,set_7482211,,,641
bnk_7482213,7482213,1830,2010-01-02,DEBIT_CARD,89069,18,3,set_7482213,,,1759
bnk_7482214,7482214,2291,2010-01-02,DEBIT_CARD,20519,23,4,set_7482214,,,2318
bnk_7482215,7482215,8799,2010-01-02,DEBIT_CARD,31893,89,16,set_7482215,,,8904
bnk_7482216,7482216,34945,2010-01-02,DEBIT_CARD,38035,354,64,set_7482216,,,35363
bnk_7482217,7482217,9684,2010-01-02,DEBIT_CARD,61195,98,18,set_7482217,,,9800
bnk_7482222,7482222,10943,2010-01-02,CREDIT_CARD,30286,224,40,set_7482222,,,11207
bnk_7482223,7482223,95,2010-01-02,DEBIT_CARD,14528,1,0,set_7482223,,,96
bnk_7482223b,7482223,95,2010-01-02,DEBIT_CARD,14528,1,0,set_7482223b,,,96
bnk_7482224,7482224,8579,2010-01-02,CREDIT_CARD,92883,176,32,set_7482224,,,8787
bnk_7482225,7482225,1545,2010-01-02,DEBIT_CARD,78680,16,3,set_7482225,,,1564
bnk_7482226,7482226,825,2010-01-02,DEBIT_CARD,25000,8,1,set_7482226,,,834
bnk_7482230,7482230,3306,2010-01-02,CREDIT_CARD,15143,68,12,set_7482230,,,3386
bnk_7482231,7482231,4752,2010-01-02,CREDIT_CARD,78454,97,17,set_7482231,,,4866
bnk_7482232,7482232,808,2010-01-02,CREDIT_CARD,61195,17,3,set_7482232,,,828
bnk_7482233,7482233,11858,2010-01-02,DEBIT_CARD,27092,120,22,set_7482233,,,12000
bnk_7482234,7482234,2024,2010-01-02,CREDIT_CARD,16798,41,7,set_7482234,,,2072
bnk_7482236,7482236,1174,2010-01-02,DEBIT_CARD,54603,12,2,set_7482236,,,1188
bnk_7482238,7482238,5229,2010-01-02,DEBIT_CARD,35315,53,10,set_7482238,,,5292
bnk_7482239,7482239,16128,2010-01-02,DEBIT_CARD,54850,163,29,set_7482239,,,16320
bnk_7482240,7482240,5687,2010-01-02,CREDIT_CARD,96188,117,21,set_7482240,,,5825
bnk_7482241,7482241,4188,2010-01-02,DEBIT_CARD,83011,42,8,set_7482241,,,4239
bnk_7482243,7482243,7128,2010-01-02,DEBIT_CARD,98648,72,13,set_7482243,,,7213
bnk_7482244,7482244,1766,2010-01-02,DEBIT_CARD,50939,18,3,set_7482244,,,1787
bnk_7482246,7482246,4275,2010-01-02,DEBIT_CARD,11947,43,8,set_7482246,,,4326
bnk_7482247,7482247,348,2010-01-02,DEBIT_CARD,18563,4,1,set_7482247,,,353
bnk_7482248,7482248,4095,2010-01-02,DEBIT_CARD,39021,41,7,set_7482248,,,4144
bnk_7482249,7482249,20510,2010-01-02,DEBIT_CARD,51300,206,37,set_7482249,,,20624
bnk_7482250,7482250,6193,2010-01-02,DEBIT_CARD,10126,63,11,set_7482250,,,6267
bnk_7482251,7482251,5947,2010-01-02,DEBIT_CARD,17493,60,11,set_7482251,,,6018
bnk_7482252,7482252,9882,2010-01-02,DEBIT_CARD,27092,100,18,set_7482252,,,10000
bnk_7482253,7482253,232,2010-01-02,CREDIT_CARD,18563,5,1,set_7482253,,,238
bnk_7482254,7482254,1800,2010-01-02,CREDIT_CARD,38324,37,7,set_7482254,,,1844
bnk_7482255,7482255,5929,2010-01-02,DEBIT_CARD,27092,60,11,set_7482255,,,6000
bnk_7482257,7482257,7716,2010-01-02,DEBIT_CARD,60569,78,14,set_7482257,,,7808
bnk_7482258,7482258,4495,2010-01-02,DEBIT_CARD,75936,45,8,set_7482258,,,4548
bnk_7482260,7482260,3497,2010-01-02,CREDIT_CARD,44700,72,13,set_7482260,,,3583
bnk_7482261,7482261,8788,2010-01-02,CREDIT_CARD,50867,180,32,set_7482261,,,9000
bnk_7482262,7482262,1227,2010-01-02,DEBIT_CARD,61195,12,2,set_7482262,,,1241
bnk_7482263,7482263,2988,2010-01-02,DEBIT_CARD,8813,30,5,set_7482263,,,3023
bnk_7482264,7482264,1953,2010-01-02,CREDIT_CARD,27092,40,7,set_7482264,,,2000
bnk_7482265,7482265,371,2010-01-02,CREDIT_CARD,48919,8,1,set_7482265,,,380
bnk_7482267,7482267,9289,2010-01-02,DEBIT_CARD,43293,94,17,set_7482267,,,9400
bnk_7482268,7482268,608,2010-01-02,DEBIT_CARD,42128,6,1,set_7482268,,,615
bnk_7482269,7482269,6306,2010-01-02,CREDIT_CARD,98648,129,23,set_7482269,,,6458
bnk_7482271,7482271,2944,2010-01-02,DEBIT_CARD,30055,30,5,set_7482271,,,2979
bnk_7482272,7482272,9438,2010-01-02,DEBIT_CARD,45926,96,17,set_7482272,,,9551
bnk_7482273,7482273,1254,2010-01-02,DEBIT_CARD,48618,13,2,set_7482273,,,1269
bnk_7482274,7482274,5644,2010-01-02,DEBIT_CARD,88728,57,10,set_7482274,,,5711
bnk_7482276,7482276,4230,2010-01-02,CREDIT_CARD,30055,87,16,set_7482276,,,4333
bnk_7482277,7482277,1338,2010-01-02,CREDIT_CARD,97448,26,5,set_7482277,,,1288
bnk_7482278,7482278,4614,2010-01-02,DEBIT_CARD,88552,47,8,set_7482278,,,4669
bnk_7482280,7482280,4703,2010-01-02,DEBIT_CARD,63314,48,9,set_7482280,,,4760
bnk_7482281,7482281,6569,2010-01-02,DEBIT_CARD,13523,66,12,set_7482281,,,6647
bnk_7482282,7482282,2647,2010-01-02,CREDIT_CARD,16566,54,10,set_7482282,,,2711
bnk_7482283,7482283,1595,2010-01-02,DEBIT_CARD,27274,16,3,set_7482283,,,1614
bnk_7482284,7482284,5849,2010-01-02,DEBIT_CARD,23481,59,11,set_7482284,,,5919
bnk_7482285,7482285,4301,2010-01-02,CREDIT_CARD,88646,88,16,set_7482285,,,4405
bnk_7482286,7482286,704,2010-01-02,DEBIT_CARD,43293,7,1,set_7482286,,,712
bnk_7482287,7482287,2226,2010-01-02,DEBIT_CARD,90250,23,4,set_7482287,,,2253
bnk_7482288,7482288,2467,2010-01-02,DEBIT_CARD,2703,25,5,set_7482288,,,2497
bnk_7482289,7482289,217,2010-01-02,DEBIT_CARD,56678,2,0,set_7482289,,,219
bnk_7482290,7482290,2100,2010-01-02,DEBIT_CARD,18563,21,4,set_7482290,,,2125
bnk_7482292,7482292,15066,2010-01-02,CREDIT_CARD,79927,309,56,set_7482292,,,15431
bnk_7482293,7482293,4872,2010-01-02,CREDIT_CARD,81567,100,18,set_7482293,,,4990
bnk_7482295,7482295,754,2010-01-02,DEBIT_CARD,75781,8,1,set_7482295,,,763
bnk_7482296,7482296,2525,2010-01-02,DEBIT_CARD,5865,26,5,set_7482296,,,2556
bnk_7482297,7482297,8341,2010-01-02,DEBIT_CARD,88105,84,15,set_7482297,,,8440
bnk_7482299,7482299,4183,2010-01-02,CREDIT_CARD,81215,86,15,set_7482299,,,4284
bnk_7482301,7482301,13835,2010-01-02,DEBIT_CARD,27092,140,25,set_7482301,,,14000
bnk_7482303,7482303,1460,2010-01-02,DEBIT_CARD,50404,15,3,set_7482303,,,1478
bnk_7482304,7482304,17113,2010-01-02,DEBIT_CARD,9932,173,31,set_7482304,,,17317
bnk_7482305,7482305,10037,2010-01-02,DEBIT_CARD,60569,102,18,set_7482305,,,10157
bnk_7482306,7482306,12282,2010-01-02,DEBIT_CARD,3558,124,22,set_7482306,,,12428
bnk_7482308,7482308,5154,2010-01-02,DEBIT_CARD,73760,52,9,set_7482308,,,5215
bnk_7482309,7482309,7443,2010-01-02,DEBIT_CARD,61746,75,14,set_7482309,,,7532
bnk_7482310,7482310,3071,2010-01-02,CREDIT_CARD,25887,63,11,set_7482310,,,3145
bnk_7482311,7482311,1489,2010-01-02,DEBIT_CARD,50783,15,3,set_7482311,,,1507
bnk_7482312,7482312,460,2010-01-02,DEBIT_CARD,50783,5,1,set_7482312,,,466
bnk_7482313,7482313,2290,2010-01-02,DEBIT_CARD,99173,23,4,set_7482313,,,2317
bnk_7482314,7482314,5509,2010-01-02,DEBIT_CARD,44578,56,10,set_7482314,,,5575
bnk_7482315,7482315,4341,2010-01-02,CREDIT_CARD,89069,89,16,set_7482315,,,4446
bnk_7482316,7482316,3946,2010-01-02,DEBIT_CARD,32606,40,7,set_7482316,,,3993
bnk_7482317,7482317,2453,2010-01-02,CREDIT_CARD,30055,49,9,set_7482317,,,2456
bnk_7482318,7482318,1591,2010-01-02,CREDIT_CARD,91295,33,6,set_7482318,,,1630
bnk_7482319,7482319,8246,2010-01-02,DEBIT_CARD,92883,83,15,set_7482319,,,8344
bnk_7482321,7482321,2989,2010-01-02,CREDIT_CARD,23866,61,11,set_7482321,,,3061
bnk_7482322,7482322,4995,2010-01-02,DEBIT_CARD,59397,51,9,set_7482322,,,5055
bnk_7482325,7482325,3687,2010-01-02,DEBIT_CARD,7131,37,7,set_7482325,,,3731
bnk_7482326,7482326,1587,2010-01-02,DEBIT_CARD,16798,16,3,set_7482326,,,1606
bnk_7482328,7482328,5352,2010-01-02,DEBIT_CARD,39324,54,10,set_7482328,,,5416
bnk_7482329,7482329,4745,2010-01-02,DEBIT_CARD,14451,48,9,set_7482329,,,4802
bnk_7482329b,7482329,4745,2010-01-02,DEBIT_CARD,14451,48,9,set_7482329b,,,4802
bnk_7482330,7482330,9383,2010-01-02,DEBIT_CARD,25887,95,17,set_7482330,,,9495
bnk_7482331,7482331,3155,2010-01-02,CREDIT_CARD,50743,65,12,set_7482331,,,3232
bnk_7482332,7482332,5215,2010-01-02,DEBIT_CARD,30132,53,10,set_7482332,,,5278
bnk_7482333,7482333,7313,2010-01-02,DEBIT_CARD,43293,74,13,set_7482333,,,7400
bnk_7482333b,7482333,7313,2010-01-02,DEBIT_CARD,43293,74,13,set_7482333b,,,7400
bnk_7482334,7482334,9913,2010-01-02,DEBIT_CARD,21739,100,18,set_7482334,,,10031
bnk_7482336,7482336,1653,2010-01-02,DEBIT_CARD,48919,17,3,set_7482336,,,1673
bnk_7482337,7482337,2737,2010-01-02,DEBIT_CARD,2703,28,5,set_7482337,,,2770
bnk_7482338,7482338,2345,2010-01-02,DEBIT_CARD,73311,24,4,set_7482338,,,2373
bnk_7482339,7482339,4575,2010-01-02,DEBIT_CARD,20519,46,8,set_7482339,,,4629
bnk_7482340,7482340,9957,2010-01-02,DEBIT_CARD,60569,101,18,set_7482340,,,10076
bnk_7482341,7482341,1356,2010-01-02,DEBIT_CARD,41260,14,3,set_7482341,,,1373
bnk_7482343,7482343,4885,2010-01-02,DEBIT_CARD,98374,49,9,set_7482343,,,4943
bnk_7482344,7482344,2367,2010-01-02,CREDIT_CARD,35451,48,9,set_7482344,,,2424
bnk_7482345,7482345,2030,2010-01-02,CREDIT_CARD,98374,42,8,set_7482345,,,2080
bnk_7482346,7482346,924,2010-01-02,DEBIT_CARD,87593,9,2,set_7482346,,,935
bnk_7482347,7482347,11018,2010-01-02,DEBIT_CARD,40464,111,20,set_7482347,,,11149
bnk_7482348,7482348,4340,2010-01-02,DEBIT_CARD,12014,44,8,set_7482348,,,4392
bnk_7482350,7482350,3306,2010-01-02,DEBIT_CARD,26810,33,6,set_7482350,,,3345
bnk_7482353,7482353,9260,2010-01-02,DEBIT_CARD,48144,94,17,set_7482353,,,9371
bnk_7482354,7482354,4368,2010-01-02,DEBIT_CARD,22584,44,8,set_7482354,,,4420
bnk_7482356,7482356,737,2010-01-02,DEBIT_CARD,21739,7,1,set_7482356,,,745
bnk_7482357,7482357,2612,2010-01-02,DEBIT_CARD,5865,26,5,set_7482357,,,2643
bnk_7482358,7482358,2205,2010-01-02,DEBIT_CARD,59350,22,4,set_7482358,,,2231
bnk_7482360,7482360,7924,2010-01-02,DEBIT_CARD,50783,80,14,set_7482360,,,8018
bnk_7482362,7482362,4764,2010-01-02,DEBIT_CARD,22204,48,9,set_7482362,,,4821
bnk_7482363,7482363,3643,2010-01-02,DEBIT_CARD,59397,37,7,set_7482363,,,3687
bnk_7482364,7482364,13670,2010-01-02,CREDIT_CARD,27092,280,50,set_7482364,,,14000
bnk_7482365,7482365,6084,2010-01-02,CREDIT_CARD,59935,125,23,set_7482365,,,6232
bnk_7482366,7482366,765,2010-01-02,CREDIT_CARD,47399,16,3,set_7482366,,,784
bnk_7482367,7482367,659,2010-01-02,DEBIT_CARD,80526,7,1,set_7482367,,,667
bnk_7482370,7482370,1673,2010-01-02,DEBIT_CARD,65835,17,3,set_7482370,,,1693
bnk_7482371,7482371,18381,2010-01-02,DEBIT_CARD,3558,186,33,set_7482371,,,18600
bnk_7482372,7482372,3413,2010-01-02,DEBIT_CARD,45926,35,6,set_7482372,,,3454
bnk_7482373,7482373,1073,2010-01-02,DEBIT_CARD,77071,11,2,set_7482373,,,1086
bnk_7482374,7482374,4934,2010-01-02,DEBIT_CARD,20561,50,9,set_7482374,,,4993
bnk_7482375,7482375,732,2010-01-02,DEBIT_CARD,32858,7,1,set_7482375,,,740
bnk_7482376,7482376,7002,2010-01-02,DEBIT_CARD,56428,71,13,set_7482376,,,7086
bnk_7482378,7482378,4433,2010-01-02,DEBIT_CARD,92883,45,8,set_7482378,,,4486
bnk_7482379,7482379,1503,2010-01-02,DEBIT_CARD,48028,15,3,set_7482379,,,1521
bnk_7482380,7482380,7807,2010-01-02,DEBIT_CARD,26810,79,14,set_7482380,,,7900
bnk_7482381,7482381,2137,2010-01-02,DEBIT_CARD,56296,22,4,set_7482381,,,2163
bnk_7482382,7482382,6569,2010-01-02,DEBIT_CARD,79050,66,12,set_7482382,,,6647
bnk_7482384,7482384,1896,2010-01-02,DEBIT_CARD,23801,19,3,set_7482384,,,1918
bnk_7482385,7482385,4268,2010-01-02,DEBIT_CARD,25887,43,8,set_7482385,,,4319
bnk_7482386,7482386,5761,2010-01-02,CREDIT_CARD,59935,118,21,set_7482386,,,5900
bnk_7482387,7482387,5231,2010-01-02,DEBIT_CARD,67825,53,10,set_7482387,,,5294
bnk_7482388,7482388,4091,2010-01-02,CREDIT_CARD,30055,84,15,set_7482388,,,4190
bnk_7482389,7482389,3824,2010-01-02,CREDIT_CARD,23146,78,14,set_7482389,,,3916
bnk_7482390,7482390,2374,2010-01-02,DEBIT_CARD,30055,24,4,set_7482390,,,2402
bnk_7482391,7482391,14,2010-01-02,DEBIT_CARD,87625,0,0,set_7482391,,,14
bnk_7482392,7482392,3106,2010-01-02,DEBIT_CARD,55060,31,6,set_7482392,,,3143
bnk_7482393,7482393,11717,2010-01-02,CREDIT_CARD,27092,240,43,set_7482393,,,12000
bnk_7482394,7482394,4845,2010-01-02,DEBIT_CARD,23274,49,9,set_7482394,,,4903
bnk_7482395,7482395,16700,2010-01-02,DEBIT_CARD,73186,169,30,set_7482395,,,16899
bnk_7482396,7482396,6148,2010-01-02,CREDIT_CARD,81841,126,23,set_7482396,,,6297
bnk_7482398,7482398,4045,2010-01-02,CREDIT_CARD,18563,83,15,set_7482398,,,4143
bnk_7482399,7482399,8983,2010-01-02,DEBIT_CARD,83229,91,16,set_7482399,,,9090
bnk_7482400,7482400,5399,2010-01-02,DEBIT_CARD,11468,54,10,set_7482400,,,5410
bnk_7482401,7482401,2167,2010-01-02,CREDIT_CARD,68008,44,8,set_7482401,,,2219
bnk_7482402,7482402,1357,2010-01-02,CREDIT_CARD,21739,28,5,set_7482402,,,1390
bnk_7482403,7482403,1785,2010-01-02,CREDIT_CARD,76599,37,7,set_7482403,,,1829
bnk_7482404,7482404,3084,2010-01-02,CREDIT_CARD,82585,63,11,set_7482404,,,3158
bnk_7482405,7482405,1976,2010-01-02,DEBIT_CARD,27092,20,4,set_7482405,,,2000
bnk_7482409,7482409,14450,2010-01-02,DEBIT_CARD,44795,146,26,set_7482409,,,14622
bnk_7482410,7482410,108,2010-01-02,CREDIT_CARD,14528,2,0,set_7482410,,,110
bnk_7482411,7482411,3327,2010-01-02,DEBIT_CARD,27395,34,6,set_7482411,,,3367
bnk_7482412,7482412,10477,2010-01-02,DEBIT_CARD,9932,106,19,set_7482412,,,10602
bnk_7482413,7482413,9289,2010-01-02,DEBIT_CARD,22204,94,17,set_7482413,,,9400
bnk_7482414,7482414,3321,2010-01-02,CREDIT_CARD,75781,68,12,set_7482414,,,3401
bnk_7482416,7482416,10454,2010-01-02,DEBIT_CARD,9932,106,19,set_7482416,,,10579
bnk_7482419,7482419,27768,2010-01-02,DEBIT_CARD,39991,281,51,set_7482419,,,28100
bnk_7482420,7482420,7906,2010-01-02,DEBIT_CARD,27092,80,14,set_7482420,,,8000
bnk_7482421,7482421,21374,2010-01-02,DEBIT_CARD,68685,216,39,set_7482421,,,21630
bnk_7482422,7482422,12037,2010-01-02,DEBIT_CARD,50783,122,22,set_7482422,,,12181
bnk_7482423,7482423,8554,2010-01-02,DEBIT_CARD,16790,87,16,set_7482423,,,8657
bnk_7482424,7482424,1646,2010-01-02,DEBIT_CARD,44682,17,3,set_7482424,,,1666
bnk_7482425,7482425,6537,2010-01-02,DEBIT_CARD,60569,66,12,set_7482425,,,6615
bnk_7482427,7482427,4685,2010-01-02,DEBIT_CARD,87625,47,8,set_7482427,,,4740
bnk_7482428,7482428,7523,2010-01-02,DEBIT_CARD,75936,76,14,set_7482428,,,7613
bnk_7482429,7482429,4080,2010-01-02,DEBIT_CARD,99118,41,7,set_7482429,,,4128
bnk_7482430,7482430,3979,2010-01-02,DEBIT_CARD,75936,40,7,set_7482430,,,4026
bnk_7482431,7482431,1273,2010-01-02,CREDIT_CARD,60569,26,5,set_7482431,,,1304
bnk_7482433,7482433,3558,2010-01-02,DEBIT_CARD,56041,36,6,set_7482433,,,3600
bnk_7482434,7482434,6704,2010-01-02,CREDIT_CARD,54773,137,25,set_7482434,,,6866
bnk_7482435,7482435,1452,2010-01-02,DEBIT_CARD,61791,15,3,set_7482435,,,1470
bnk_7482436,7482436,4934,2010-01-02,CREDIT_CARD,48919,101,18,set_7482436,,,5053
bnk_7482437,7482437,2518,2010-01-02,DEBIT_CARD,45926,25,5,set_7482437,,,2548
bnk_7482438,7482438,204,2010-01-02,DEBIT_CARD,14528,2,0,set_7482438,,,206
bnk_7482439,7482439,121,2010-01-02,CREDIT_CARD,88459,2,0,set_7482439,,,123
bnk_7482440,7482440,10392,2010-01-02,DEBIT_CARD,48919,105,19,set_7482440,,,10516
bnk_7482441,7482441,9764,2010-01-02,CREDIT_CARD,27092,200,36,set_7482441,,,10000
bnk_7482442,7482442,878,2010-01-02,DEBIT_CARD,94208,9,2,set_7482442,,,889
bnk_7482444,7482444,4816,2010-01-02,DEBIT_CARD,12635,49,9,set_7482444,,,4874
bnk_7482446,7482446,8236,2010-01-02,CREDIT_CARD,35451,166,30,set_7482446,,,8296
bnk_7482447,7482447,1196,2010-01-02,DEBIT_CARD,50783,12,2,set_7482447,,,1210
bnk_7482448,7482448,11717,2010-01-02,CREDIT_CARD,27092,240,43,set_7482448,,,12000
bnk_7482449,7482449,8167,2010-01-02,CREDIT_CARD,12014,167,30,set_7482449,,,8364
bnk_7482451,7482451,1842,2010-01-02,DEBIT_CARD,96310,19,3,set_7482451,,,1864
bnk_7482453,7482453,94,2010-01-02,DEBIT_CARD,60569,1,0,set_7482453,,,95
bnk_7482455,7482455,646,2010-01-02,DEBIT_CARD,85247,7,1,set_7482455,,,654
bnk_7482456,7482456,5570,2010-01-02,DEBIT_CARD,26909,56,10,set_7482456,,,5636
bnk_7482457,7482457,383,2010-01-02,DEBIT_CARD,16798,4,1,set_7482457,,,388
bnk_7482459,7482459,1769,2010-01-02,CREDIT_CARD,61195,36,6,set_7482459,,,1811
bnk_7482460,7482460,5513,2010-01-02,CREDIT_CARD,17493,113,20,set_7482460,,,5646
bnk_7482461,7482461,3356,2010-01-02,DEBIT_CARD,69972,34,6,set_7482461,,,3396
bnk_7482462,7482462,307,2010-01-02,DEBIT_CARD,35451,3,1,set_7482462,,,311
bnk_7482463,7482463,2575,2010-01-02,CREDIT_CARD,96883,53,10,set_7482463,,,2638
bnk_7482465,7482465,7820,2010-01-02,DEBIT_CARD,46284,79,14,set_7482465,,,7913
bnk_7482466,7482466,4848,2010-01-02,DEBIT_CARD,78287,48,9,set_7482466,,,4808
bnk_7482468,7482468,7906,2010-01-02,DEBIT_CARD,27092,80,14,set_7482468,,,8000
bnk_7482469,7482469,1569,2010-01-02,DEBIT_CARD,39021,16,3,set_7482469,,,1588
bnk_7482470,7482470,4635,2010-01-02,CREDIT_CARD,20561,95,17,set_7482470,,,4747
bnk_7482472,7482472,786,2010-01-02,DEBIT_CARD,29209,8,1,set_7482472,,,795
bnk_7482474,7482474,2973,2010-01-02,CREDIT_CARD,98648,61,11,set_7482474,,,3045
bnk_7482475,7482475,7302,2010-01-02,CREDIT_CARD,59397,150,27,set_7482475,,,7479
bnk_7482476,7482476,2680,2010-01-02,CREDIT_CARD,99370,55,10,set_7482476,,,2745
bnk_7482479,7482479,5237,2010-01-02,DEBIT_CARD,56431,53,10,set_7482479,,,5300
bnk_7482478,7482478,4715,2010-01-02,DEBIT_CARD,44578,48,9,set_7482478,,,4772
bnk_7482480,7482480,2141,2010-01-02,DEBIT_CARD,56431,22,4,set_7482480,,,2167
bnk_7482481,7482481,5464,2010-01-02,CREDIT_CARD,57133,112,20,set_7482481,,,5596
bnk_7482482,7482482,10000,2010-01-02,DEBIT_CARD,55290,101,18,set_7482482,,,10119
bnk_7482484,7482484,1727,2010-01-02,DEBIT_CARD,50783,17,3,set_7482484,,,1747
bnk_7482485,7482485,11690,2010-01-02,CREDIT_CARD,75781,239,43,set_7482485,,,11972
bnk_7482487,7482487,2845,2010-01-02,DEBIT_CARD,81006,29,5,set_7482487,,,2879
bnk_7482488,7482488,2352,2010-01-02,CREDIT_CARD,22938,48,9,set_7482488,,,2409
bnk_7482490,7482490,2284,2010-01-02,CREDIT_CARD,18563,47,8,set_7482490,,,2339
bnk_7482491,7482491,5325,2010-01-02,DEBIT_CARD,30286,54,10,set_7482491,,,5389
bnk_7482492,7482492,3571,2010-01-02,DEBIT_CARD,39021,36,6,set_7482492,,,3613
bnk_7482493,7482493,4613,2010-01-02,DEBIT_CARD,69490,47,8,set_7482493,,,4668
bnk_7482494,7482494,247,2010-01-02,DEBIT_CARD,14528,2,0,set_7482494,,,249
bnk_7482498,7482498,3814,2010-01-02,DEBIT_CARD,41122,39,7,set_7482498,,,3860
bnk_7482498b,7482498,3814,2010-01-02,DEBIT_CARD,41122,39,7,set_7482498b,,,3860
bnk_7482499,7482499,3235,2010-01-02,DEBIT_CARD,37752,32,6,set_7482499,,,3185
bnk_7482500,7482500,1286,2010-01-02,DEBIT_CARD,31893,13,2,set_7482500,,,1301
bnk_7482501,7482501,4945,2010-01-02,DEBIT_CARD,11468,50,9,set_7482501,,,5004
bnk_7482502,7482502,1369,2010-01-02,CREDIT_CARD,34256,28,5,set_7482502,,,1402
bnk_7482503,7482503,5572,2010-01-02,DEBIT_CARD,78287,56,10,set_7482503,,,5638
bnk_7482504,7482504,7307,2010-01-02,CREDIT_CARD,98374,150,27,set_7482504,,,7483
bnk_7482505,7482505,5550,2010-01-02,CREDIT_CARD,77246,114,21,set_7482505,,,5685
bnk_7482506,7482506,114,2010-01-02,DEBIT_CARD,60569,1,0,set_7482506,,,115
bnk_7482507,7482507,691,2010-01-02,CREDIT_CARD,34256,14,3,set_7482507,,,708
bnk_7482508,7482508,8186,2010-01-02,CREDIT_CARD,73186,168,30,set_7482508,,,8384
bnk_7482509,7482509,962,2010-01-02,DEBIT_CARD,22204,9,2,set_7482509,,,870
bnk_7482510,7482510,2516,2010-01-02,DEBIT_CARD,39021,25,5,set_7482510,,,2546
bnk_7482513,7482513,6014,2010-01-02,CREDIT_CARD,87625,123,22,set_7482513,,,6159
bnk_7482514,7482514,304,2010-01-02,DEBIT_CARD,32355,3,1,set_7482514,,,308
bnk_7482516,7482516,911,2010-01-02,DEBIT_CARD,68952,9,2,set_7482516,,,923
bnk_7482517,7482517,4531,2010-01-02,DEBIT_CARD,51944,46,8,set_7482517,,,4585
bnk_7482518,7482518,4294,2010-01-02,DEBIT_CARD,72515,42,8,set_7482518,,,4245
bnk_7482519,7482519,3772,2010-01-02,DEBIT_CARD,71361,38,7,set_7482519,,,3817
bnk_7482520,7482520,3975,2010-01-02,DEBIT_CARD,16798,40,7,set_7482520,,,4022
bnk_7482521,7482521,9140,2010-01-02,DEBIT_CARD,31883,93,17,set_7482521,,,9251
bnk_7482523,7482523,2220,2010-01-02,DEBIT_CARD,64718,22,4,set_7482523,,,2246
bnk_7482524,7482524,7404,2010-01-02,CREDIT_CARD,69972,152,27,set_7482524,,,7583
bnk_7482525,7482525,9144,2010-01-02,CREDIT_CARD,28323,187,34,set_7482525,,,9365
bnk_7482526,7482526,6915,2010-01-02,DEBIT_CARD,42636,70,13,set_7482526,,,6998
bnk_7482527,7482527,7678,2010-01-02,DEBIT_CARD,75781,78,14,set_7482527,,,7770
bnk_7482530,7482530,1337,2010-01-02,CREDIT_CARD,28407,27,5,set_7482530,,,1369
bnk_7482531,7482531,3209,2010-01-02,CREDIT_CARD,50404,66,12,set_7482531,,,3287
bnk_7482532,7482532,3180,2010-01-02,DEBIT_CARD,44578,32,6,set_7482532,,,3218
bnk_7482535,7482535,183,2010-01-02,DEBIT_CARD,59935,2,0,set_7482535,,,185
bnk_7482536,7482536,4214,2010-01-02,DEBIT_CARD,86616,43,8,set_7482536,,,4265
bnk_7482537,7482537,5975,2010-01-02,DEBIT_CARD,42142,60,11,set_7482537,,,6046
bnk_7482539,7482539,1441,2010-01-02,CREDIT_CARD,68765,30,5,set_7482539,,,1476
bnk_7482540,7482540,163,2010-01-02,DEBIT_CARD,45926,2,0,set_7482540,,,165
bnk_7482541,7482541,556,2010-01-02,DEBIT_CARD,32606,6,1,set_7482541,,,563
bnk_7482542,7482542,7906,2010-01-02,DEBIT_CARD,59935,80,14,set_7482542,,,8000
bnk_7482543,7482543,1019,2010-01-02,DEBIT_CARD,19756,10,2,set_7482543,,,1031
bnk_7482545,7482545,369,2010-01-02,DEBIT_CARD,26810,4,1,set_7482545,,,374
bnk_7482546,7482546,4564,2010-01-02,CREDIT_CARD,19756,93,17,set_7482546,,,4674
bnk_7482547,7482547,2342,2010-01-02,CREDIT_CARD,9028,48,9,set_7482547,,,2399
bnk_7482548,7482548,963,2010-01-02,DEBIT_CARD,12029,10,2,set_7482548,,,975
bnk_7482549,7482549,2754,2010-01-02,DEBIT_CARD,17959,28,5,set_7482549,,,2787
bnk_7482551,7482551,4978,2010-01-02,CREDIT_CARD,17493,102,18,set_7482551,,,5098
bnk_7482552,7482552,12,2010-01-02,DEBIT_CARD,14528,0,0,set_7482552,,,12
bnk_7482553,7482553,7906,2010-01-02,DEBIT_CARD,27092,80,14,set_7482553,,,8000
bnk_7482554,7482554,2919,2010-01-02,CREDIT_CARD,81536,60,11,set_7482554,,,2990
bnk_7482556,7482556,5534,2010-01-02,DEBIT_CARD,61398,56,10,set_7482556,,,5600
bnk_7482557,7482557,3037,2010-01-02,DEBIT_CARD,11468,31,6,set_7482557,,,3074
bnk_7482558,7482558,7906,2010-01-02,DEBIT_CARD,27092,80,14,set_7482558,,,8000
bnk_7482559,7482559,6834,2010-01-02,CREDIT_CARD,44919,140,25,set_7482559,,,6999
bnk_7482560,7482560,14172,2010-01-02,DEBIT_CARD,54850,143,26,set_7482560,,,14341
bnk_7482561,7482561,219,2010-01-02,CREDIT_CARD,60569,4,1,set_7482561,,,224
bnk_7482562,7482562,4072,2010-01-02,DEBIT_CARD,44919,41,7,set_7482562,,,4121
bnk_7482563,7482563,4461,2010-01-02,DEBIT_CARD,86410,45,8,set_7482563,,,4514
bnk_7482564,7482564,2626,2010-01-02,CREDIT_CARD,40726,54,10,set_7482564,,,2690
bnk_7482565,7482565,9478,2010-01-02,DEBIT_CARD,22204,96,17,set_7482565,,,9591
bnk_7482566,7482566,15811,2010-01-02,DEBIT_CARD,27092,160,29,set_7482566,,,16000
bnk_7482568,7482568,886,2010-01-02,DEBIT_CARD,89263,9,2,set_7482568,,,897
bnk_7482569,7482569,26079,2010-01-02,DEBIT_CARD,72813,264,48,set_7482569,,,26391
bnk_7482570,7482570,6831,2010-01-02,DEBIT_CARD,20884,69,12,set_7482570,,,6912
bnk_7482572,7482572,3740,2010-01-02,DEBIT_CARD,13646,38,7,set_7482572,,,3785
bnk_7482573,7482573,11764,2010-01-02,DEBIT_CARD,57212,119,21,set_7482573,,,11904
bnk_7482574,7482574,1914,2010-01-02,DEBIT_CARD,59350,19,3,set_7482574,,,1936
bnk_7482575,7482575,2129,2010-01-02,CREDIT_CARD,16798,44,8,set_7482575,,,2181
bnk_7482576,7482576,3911,2010-01-02,CREDIT_CARD,34256,80,14,set_7482576,,,4005
bnk_7482577,7482577,5205,2010-01-02,DEBIT_CARD,41122,53,10,set_7482577,,,5268
bnk_7482578,7482578,2963,2010-01-02,DEBIT_CARD,50783,30,5,set_7482578,,,2998
bnk_7482580,7482580,1561,2010-01-02,DEBIT_CARD,55060,15,3,set_7482580,,,1515
bnk_7482581,7482581,6820,2010-01-02,CREDIT_CARD,60569,140,25,set_7482581,,,6985
bnk_7482582,7482582,1312,2010-01-02,DEBIT_CARD,41943,13,2,set_7482582,,,1327
bnk_7482584,7482584,2301,2010-01-02,DEBIT_CARD,18563,22,4,set_7482584,,,2199
bnk_7482585,7482585,3377,2010-01-02,DEBIT_CARD,35451,33,6,set_7482585,,,3329
bnk_7482586,7482586,6830,2010-01-02,DEBIT_CARD,48919,69,12,set_7482586,,,6911
bnk_7482587,7482587,4539,2010-01-02,DEBIT_CARD,11468,46,8,set_7482587,,,4593
bnk_7482588,7482588,14971,2010-01-02,DEBIT_CARD,60569,151,27,set_7482588,,,15149
bnk_7482589,7482589,5382,2010-01-02,CREDIT_CARD,34488,110,20,set_7482589,,,5512
bnk_7482590,7482590,2402,2010-01-02,DEBIT_CARD,59787,24,4,set_7482590,,,2430
bnk_7482592,7482592,3137,2010-01-02,DEBIT_CARD,50966,32,6,set_7482592,,,3175
bnk_7482595,7482595,6568,2010-01-02,CREDIT_CARD,53566,135,24,set_7482595,,,6727
bnk_7482596,7482596,959,2010-01-02,DEBIT_CARD,54041,10,2,set_7482596,,,971
bnk_7482598,7482598,670,2010-01-02,DEBIT_CARD,320,7,1,set_7482598,,,678
bnk_7482599,7482599,5996,2010-01-02,DEBIT_CARD,24558,60,11,set_7482599,,,5983
bnk_7482601,7482601,3185,2010-01-02,DEBIT_CARD,41217,32,6,set_7482601,,,3223
bnk_7482603,7482603,1570,2010-01-02,DEBIT_CARD,99539,16,3,set_7482603,,,1589
bnk_7482604,7482604,2636,2010-01-02,CREDIT_CARD,32606,54,10,set_7482604,,,2700
bnk_7482605,7482605,140,2010-01-02,DEBIT_CARD,86438,1,0,set_7482605,,,141
bnk_7482607,7482607,10554,2010-01-02,CREDIT_CARD,44795,216,39,set_7482607,,,10809
bnk_7482608,7482608,2727,2010-01-02,CREDIT_CARD,21461,56,10,set_7482608,,,2793
bnk_7482609,7482609,3368,2010-01-02,DEBIT_CARD,48451,34,6,set_7482609,,,3408
bnk_7482610,7482610,6184,2010-01-02,DEBIT_CARD,21355,63,11,set_7482610,,,6258
bnk_7482611,7482611,2371,2010-01-02,CREDIT_CARD,3364,49,9,set_7482611,,,2429
bnk_7482613,7482613,284,2010-01-02,DEBIT_CARD,27076,3,1,set_7482613,,,288
bnk_7482615,7482615,13488,2010-01-02,CREDIT_CARD,69965,276,50,set_7482615,,,13814
bnk_7482616,7482616,5880,2010-01-02,DEBIT_CARD,30055,60,11,set_7482616,,,5951
bnk_7482617,7482617,2991,2010-01-02,DEBIT_CARD,32858,30,5,set_7482617,,,3026
bnk_7482618,7482618,5306,2010-01-02,DEBIT_CARD,36934,54,10,set_7482618,,,5370
bnk_7482619,7482619,8377,2010-01-02,CREDIT_CARD,22938,172,31,set_7482619,,,8580
bnk_7482620,7482620,3256,2010-01-02,DEBIT_CARD,78454,33,6,set_7482620,,,3294
bnk_7482621,7482621,2142,2010-01-02,DEBIT_CARD,77684,22,4,set_7482621,,,2168
bnk_7482622,7482622,10399,2010-01-02,CREDIT_CARD,22204,213,38,set_7482622,,,10650
bnk_7482623,7482623,11319,2010-01-02,DEBIT_CARD,22204,114,21,set_7482623,,,11403
bnk_7482624,7482624,8745,2010-01-02,CREDIT_CARD,40475,179,32,set_7482624,,,8957
bnk_7482627,7482627,2433,2010-01-02,CREDIT_CARD,19756,50,9,set_7482627,,,2492
bnk_7482628,7482628,18176,2010-01-02,DEBIT_CARD,63467,184,33,set_7482628,,,18393
bnk_7482630,7482630,10337,2010-01-02,DEBIT_CARD,35451,105,19,set_7482630,,,10461
bnk_7482631,7482631,3746,2010-01-02,CREDIT_CARD,90041,74,13,set_7482631,,,3708
bnk_7482632,7482632,8105,2010-01-02,CREDIT_CARD,25887,166,30,set_7482632,,,8301
bnk_7482633,7482633,2632,2010-01-02,DEBIT_CARD,60569,27,5,set_7482633,,,2665
bnk_7482634,7482634,4892,2010-01-02,CREDIT_CARD,95855,100,18,set_7482634,,,5010
bnk_7482635,7482635,2064,2010-01-02,DEBIT_CARD,27092,20,4,set_7482635,,,2000
bnk_7482637,7482637,5858,2010-01-02,CREDIT_CARD,27092,120,22,set_7482637,,,6000
bnk_7482638,7482638,542,2010-01-02,CREDIT_CARD,88699,11,2,set_7482638,,,555
bnk_7482639,7482639,2086,2010-01-02,DEBIT_CARD,31603,20,4,set_7482639,,,1996
bnk_7482640,7482640,79,2010-01-02,DEBIT_CARD,22204,1,0,set_7482640,,,80
bnk_7482641,7482641,9051,2010-01-02,CREDIT_CARD,24141,185,33,set_7482641,,,9269
bnk_7482643,7482643,7571,2010-01-02,DEBIT_CARD,22938,77,14,set_7482643,,,7662
bnk_7482644,7482644,3524,2010-01-02,CREDIT_CARD,96246,72,13,set_7482644,,,3609
bnk_7482646,7482646,8932,2010-01-02,DEBIT_CARD,20884,90,16,set_7482646,,,9038
bnk_7482646b,7482646,8932,2010-01-02,DEBIT_CARD,20884,90,16,set_7482646b,,,9038
bnk_7482647,7482647,5994,2010-01-02,CREDIT_CARD,54850,123,22,set_7482647,,,6139
bnk_7482648,7482648,1139,2010-01-02,CREDIT_CARD,92746,23,4,set_7482648,,,1166
bnk_7482649,7482649,5569,2010-01-02,DEBIT_CARD,32175,56,10,set_7482649,,,5635
bnk_7482650,7482650,2768,2010-01-02,DEBIT_CARD,34490,28,5,set_7482650,,,2801
bnk_7482651,7482651,533,2010-01-02,DEBIT_CARD,56431,5,1,set_7482651,,,539
bnk_7482652,7482652,1426,2010-01-02,CREDIT_CARD,14005,29,5,set_7482652,,,1460
bnk_7482653,7482653,3025,2010-01-02,DEBIT_CARD,43702,31,6,set_7482653,,,3062
bnk_7482655,7482655,3611,2010-01-02,DEBIT_CARD,92156,37,7,set_7482655,,,3655
bnk_7482656,7482656,5590,2010-01-02,DEBIT_CARD,25887,57,10,set_7482656,,,5657
bnk_7482657,7482657,1206,2010-01-02,DEBIT_CARD,99539,12,2,set_7482657,,,1220
bnk_7482658,7482658,4336,2010-01-02,DEBIT_CARD,76593,44,8,set_7482658,,,4388
bnk_7482659,7482659,13670,2010-01-02,CREDIT_CARD,27092,280,50,set_7482659,,,14000
bnk_7482660,7482660,1773,2010-01-02,DEBIT_CARD,85792,18,3,set_7482660,,,1794
bnk_7482662,7482662,4014,2010-01-02,DEBIT_CARD,32606,41,7,set_7482662,,,4062
bnk_7482663,7482663,2856,2010-01-02,DEBIT_CARD,72606,29,5,set_7482663,,,2890
bnk_7482667,7482667,2492,2010-01-02,CREDIT_CARD,18563,51,9,set_7482667,,,2552
bnk_7482668,7482668,18167,2010-01-02,CREDIT_CARD,73186,372,67,set_7482668,,,18606
bnk_7482670,7482670,4360,2010-01-02,CREDIT_CARD,75936,89,16,set_7482670,,,4465
bnk_7482671,7482671,5674,2010-01-02,CREDIT_CARD,75936,116,21,set_7482671,,,5811
bnk_7482671b,7482671,5674,2010-01-02,CREDIT_CARD,75936,116,21,set_7482671b,,,5811
bnk_7482673,7482673,6205,2010-01-02,DEBIT_CARD,87266,63,11,set_7482673,,,6279
bnk_7482674,7482674,13670,2010-01-02,CREDIT_CARD,27092,280,50,set_7482674,,,14000
bnk_7482675,7482675,2613,2010-01-02,CREDIT_CARD,9932,54,10,set_7482675,,,2677
bnk_7482676,7482676,7982,2010-01-02,DEBIT_CARD,60569,81,15,set_7482676,,,8078
bnk_7482677,7482677,2551,2010-01-02,DEBIT_CARD,69956,26,5,set_7482677,,,2582
bnk_7482678,7482678,1294,2010-01-02,DEBIT_CARD,30055,13,2,set_7482678,,,1309
bnk_7482679,7482679,7680,2010-01-02,DEBIT_CARD,3915,78,14,set_7482679,,,7772
bnk_7482681,7482681,5028,2010-01-02,DEBIT_CARD,25887,51,9,set_7482681,,,5088
bnk_7482682,7482682,1854,2010-01-02,DEBIT_CARD,43702,19,3,set_7482682,,,1876
bnk_7482683,7482683,3447,2010-01-02,DEBIT_CARD,55060,35,6,set_7482683,,,3488
bnk_7482684,7482684,470,2010-01-02,DEBIT_CARD,48919,5,1,set_7482684,,,476
bnk_7482685,7482685,3734,2010-01-02,DEBIT_CARD,42858,38,7,set_7482685,,,3779
bnk_7482686,7482686,6163,2010-01-02,DEBIT_CARD,75936,62,11,set_7482686,,,6236
bnk_7482687,7482687,2665,2010-01-02,DEBIT_CARD,75936,27,5,set_7482687,,,2697
bnk_7482690,7482690,5510,2010-01-02,DEBIT_CARD,75936,56,10,set_7482690,,,5576
bnk_7482691,7482691,1358,2010-01-02,DEBIT_CARD,39261,14,3,set_7482691,,,1375
bnk_7482692,7482692,20727,2010-01-02,DEBIT_CARD,95371,210,38,set_7482692,,,20975
bnk_7482693,7482693,8463,2010-01-02,CREDIT_CARD,82499,173,31,set_7482693,,,8667
bnk_7482694,7482694,7111,2010-01-02,DEBIT_CARD,46476,72,13,set_7482694,,,7196
bnk_7482698,7482698,3061,2010-01-02,DEBIT_CARD,18563,31,6,set_7482698,,,3098
bnk_7482699,7482699,1671,2010-01-02,DEBIT_CARD,16798,17,3,set_7482699,,,1691
bnk_7482700,7482700,2847,2010-01-02,DEBIT_CARD,11468,29,5,set_7482700,,,2881
bnk_7482701,7482701,2591,2010-01-02,CREDIT_CARD,2314,53,10,set_7482701,,,2654
bnk_7482703,7482703,3994,2010-01-02,DEBIT_CARD,48919,40,7,set_7482703,,,4041
bnk_7482705,7482705,5085,2010-01-02,DEBIT_CARD,96042,51,9,set_7482705,,,5146
bnk_7482706,7482706,7047,2010-01-02,DEBIT_CARD,73186,71,13,set_7482706,,,7131
bnk_7482707,7482707,2479,2010-01-02,CREDIT_CARD,60569,51,9,set_7482707,,,2539
bnk_7482708,7482708,6894,2010-01-02,DEBIT_CARD,73186,70,13,set_7482708,,,6977
bnk_7482709,7482709,243,2010-01-02,DEBIT_CARD,75781,2,0,set_7482709,,,245
bnk_7482710,7482710,2449,2010-01-02,DEBIT_CARD,75936,25,5,set_7482710,,,2479
bnk_7482711,7482711,15837,2010-01-02,DEBIT_CARD,60569,159,29,set_7482711,,,15890
bnk_7482712,7482712,2730,2010-01-02,DEBIT_CARD,16798,28,5,set_7482712,,,2763
bnk_7482714,7482714,8115,2010-01-02,CREDIT_CARD,50292,166,30,set_7482714,,,8311
bnk_7482715,7482715,4682,2010-01-02,CREDIT_CARD,21881,96,17,set_7482715,,,4795
bnk_7482716,7482716,1495,2010-01-02,DEBIT_CARD,39754,15,3,set_7482716,,,1513
bnk_7482717,7482717,4830,2010-01-02,DEBIT_CARD,10244,49,9,set_7482717,,,4888
bnk_7482718,7482718,239,2010-01-02,CREDIT_CARD,49906,5,1,set_7482718,,,245
bnk_7482720,7482720,2219,2010-01-02,DEBIT_CARD,2177,22,4,set_7482720,,,2245
bnk_7482721,7482721,4074,2010-01-02,DEBIT_CARD,27092,40,7,set_7482721,,,4000
bnk_7482722,7482722,20224,2010-01-02,CREDIT_CARD,75062,414,75,set_7482722,,,20713
bnk_7482723,7482723,2337,2010-01-02,CREDIT_CARD,83480,45,8,set_7482723,,,2247
bnk_7482724,7482724,1634,2010-01-02,CREDIT_CARD,39021,33,6,set_7482724,,,1673
bnk_7482725,7482725,811,2010-01-02,DEBIT_CARD,18563,8,1,set_7482725,,,820
bnk_7482726,7482726,5505,2010-01-02,CREDIT_CARD,40336,113,20,set_7482726,,,5638
bnk_7482727,7482727,1641,2010-01-02,CREDIT_CARD,40726,34,6,set_7482727,,,1681
bnk_7482728,7482728,1613,2010-01-02,CREDIT_CARD,34488,33,6,set_7482728,,,1652
bnk_7482729,7482729,5106,2010-01-02,CREDIT_CARD,13109,105,19,set_7482729,,,5230
bnk_7482730,7482730,6249,2010-01-02,DEBIT_CARD,16798,63,11,set_7482730,,,6323
bnk_7482731,7482731,3271,2010-01-02,DEBIT_CARD,11442,33,6,set_7482731,,,3310
bnk_7482732,7482732,1141,2010-01-02,DEBIT_CARD,89245,12,2,set_7482732,,,1155
bnk_7482733,7482733,288,2010-01-02,CREDIT_CARD,86438,6,1,set_7482733,,,295
bnk_7482734,7482734,3719,2010-01-02,DEBIT_CARD,64755,38,7,set_7482734,,,3764
bnk_7482735,7482735,883,2010-01-02,DEBIT_CARD,9932,9,2,set_7482735,,,894
bnk_7482736,7482736,7811,2010-01-02,CREDIT_CARD,27092,160,29,set_7482736,,,8000
bnk_7482737,7482737,7029,2010-01-02,DEBIT_CARD,86410,71,13,set_7482737,,,7113
bnk_7482738,7482738,11858,2010-01-02,DEBIT_CARD,27092,120,22,set_7482738,,,12000
bnk_7482739,7482739,7411,2010-01-02,DEBIT_CARD,59935,75,14,set_7482739,,,7500
bnk_7482740,7482740,2685,2010-01-02,DEBIT_CARD,25887,27,5,set_7482740,,,2717
bnk_7482741,7482741,6157,2010-01-02,DEBIT_CARD,44919,62,11,set_7482741,,,6230
bnk_7482743,7482743,4092,2010-01-02,CREDIT_CARD,51961,84,15,set_7482743,,,4191
bnk_7482745,7482745,1359,2010-01-02,CREDIT_CARD,21562,28,5,set_7482745,,,1392
bnk_7482746,7482746,1361,2010-01-02,CREDIT_CARD,77668,28,5,set_7482746,,,1394
bnk_7482747,7482747,1849,2010-01-02,DEBIT_CARD,10782,19,3,set_7482747,,,1871
bnk_7482748,7482748,5815,2010-01-02,DEBIT_CARD,92883,59,11,set_7482748,,,5885
bnk_7482749,7482749,1790,2010-01-02,DEBIT_CARD,95485,18,3,set_7482749,,,1811
bnk_7482750,7482750,948,2010-01-02,DEBIT_CARD,59935,10,2,set_7482750,,,960
bnk_7482751,7482751,389,2010-01-02,DEBIT_CARD,75936,3,1,set_7482751,,,331
bnk_7482753,7482753,7906,2010-01-02,DEBIT_CARD,27092,80,14,set_7482753,,,8000
bnk_7482753b,7482753,7906,2010-01-02,DEBIT_CARD,27092,80,14,set_7482753b,,,8000
bnk_7482754,7482754,3542,2010-01-02,CREDIT_CARD,43293,73,13,set_7482754,,,3628
bnk_7482755,7482755,1344,2010-01-02,DEBIT_CARD,85247,14,3,set_7482755,,,1361
bnk_7482759,7482759,2103,2010-01-02,DEBIT_CARD,46965,21,4,set_7482759,,,2128
bnk_7482760,7482760,9567,2010-01-02,DEBIT_CARD,80770,97,17,set_7482760,,,9681
bnk_7482761,7482761,1276,2010-01-02,DEBIT_CARD,18215,13,2,set_7482761,,,1291
bnk_7482762,7482762,10623,2010-01-02,DEBIT_CARD,95310,107,19,set_7482762,,,10749
bnk_7482762b,7482762,10623,2010-01-02,DEBIT_CARD,95310,107,19,set_7482762b,,,10749
bnk_7482763,7482763,1408,2010-01-02,DEBIT_CARD,8044,14,3,set_7482763,,,1425
bnk_7482764,7482764,4749,2010-01-02,DEBIT_CARD,32606,48,9,set_7482764,,,4806
bnk_7482765,7482765,6831,2010-01-02,DEBIT_CARD,69972,69,12,set_7482765,,,6912
bnk_7482766,7482766,3076,2010-01-02,DEBIT_CARD,19756,31,6,set_7482766,,,3113
bnk_7482767,7482767,1767,2010-01-02,DEBIT_CARD,59292,18,3,set_7482767,,,1788
bnk_7482768,7482768,11717,2010-01-02,CREDIT_CARD,27092,240,43,set_7482768,,,12000
bnk_7482769,7482769,3579,2010-01-02,CREDIT_CARD,87625,73,13,set_7482769,,,3665
bnk_7482771,7482771,9666,2010-01-02,CREDIT_CARD,43293,198,36,set_7482771,,,9900
bnk_7482772,7482772,6438,2010-01-02,DEBIT_CARD,60569,65,12,set_7482772,,,6515
bnk_7482773,7482773,3330,2010-01-02,CREDIT_CARD,39021,68,12,set_7482773,,,3410
bnk_7482774,7482774,1772,2010-01-02,CREDIT_CARD,8863,36,6,set_7482774,,,1814
bnk_7482775,7482775,3895,2010-01-02,CREDIT_CARD,41122,80,14,set_7482775,,,3989
bnk_7482776,7482776,3300,2010-01-02,DEBIT_CARD,59935,33,6,set_7482776,,,3339
bnk_7482777,7482777,586,2010-01-02,CREDIT_CARD,60569,12,2,set_7482777,,,600
bnk_7482778,7482778,1606,2010-01-02,DEBIT_CARD,85247,16,3,set_7482778,,,1625
bnk_7482779,7482779,6403,2010-01-02,DEBIT_CARD,92191,65,12,set_7482779,,,6480
bnk_7482780,7482780,1916,2010-01-02,CREDIT_CARD,16798,39,7,set_7482780,,,1962
bnk_7482781,7482781,3638,2010-01-02,DEBIT_CARD,32606,37,7,set_7482781,,,3682
bnk_7482782,7482782,1122,2010-01-02,CREDIT_CARD,61195,23,4,set_7482782,,,1149
bnk_7482783,7482783,5261,2010-01-02,DEBIT_CARD,69972,53,10,set_7482783,,,5324
bnk_7482784,7482784,12538,2010-01-02,DEBIT_CARD,82981,127,23,set_7482784,,,12688
bnk_7482786,7482786,3521,2010-01-02,DEBIT_CARD,91842,36,6,set_7482786,,,3563
bnk_7482787,7482787,3355,2010-01-02,DEBIT_CARD,12042,34,6,set_7482787,,,3395
bnk_7482787b,7482787,3355,2010-01-02,DEBIT_CARD,12042,34,6,set_7482787b,,,3395
bnk_7482788,7482788,146,2010-01-02,DEBIT_CARD,67339,1,0,set_7482788,,,147
bnk_7482789,7482789,8202,2010-01-02,DEBIT_CARD,59935,83,15,set_7482789,,,8300
bnk_7482790,7482790,2601,2010-01-02,DEBIT_CARD,50783,26,5,set_7482790,,,2632
bnk_7482791,7482791,18458,2010-01-02,CREDIT_CARD,81833,378,68,set_7482791,,,18904
bnk_7482792,7482792,2380,2010-01-02,CREDIT_CARD,13646,49,9,set_7482792,,,2438
bnk_7482793,7482793,3013,2010-01-02,DEBIT_CARD,70031,30,5,set_7482793,,,3048
bnk_7482797,7482797,138,2010-01-02,DEBIT_CARD,86438,1,0,set_7482797,,,139
bnk_7482798,7482798,5046,2010-01-02,DEBIT_CARD,44919,51,9,set_7482798,,,5106
bnk_7482799,7482799,3276,2010-01-02,DEBIT_CARD,32606,33,6,set_7482799,,,3315
bnk_7482800,7482800,5543,2010-01-02,DEBIT_CARD,89069,55,10,set_7482800,,,5536
bnk_7482801,7482801,3906,2010-01-02,CREDIT_CARD,27092,80,14,set_7482801,,,4000
bnk_7482802,7482802,1941,2010-01-02,DEBIT_CARD,41904,20,4,set_7482802,,,1965
bnk_7482803,7482803,4112,2010-01-02,DEBIT_CARD,25717,42,8,set_7482803,,,4162
bnk_7482804,7482804,338,2010-01-02,DEBIT_CARD,22938,3,1,set_7482804,,,286
bnk_7482805,7482805,2955,2010-01-02,DEBIT_CARD,81263,30,5,set_7482805,,,2990
bnk_7482806,7482806,1622,2010-01-02,DEBIT_CARD,18563,16,3,set_7482806,,,1641
bnk_7482807,7482807,1336,2010-01-02,DEBIT_CARD,58168,14,3,set_7482807,,,1353
bnk_7482808,7482808,3028,2010-01-02,DEBIT_CARD,8863,31,6,set_7482808,,,3065
bnk_7482809,7482809,1953,2010-01-02,CREDIT_CARD,27092,40,7,set_7482809,,,2000
bnk_7482810,7482810,8658,2010-01-02,DEBIT_CARD,2374,88,16,set_7482810,,,8762
bnk_7482811,7482811,5830,2010-01-02,DEBIT_CARD,41260,59,11,set_7482811,,,5900
bnk_7482812,7482812,3680,2010-01-02,DEBIT_CARD,50404,37,7,set_7482812,,,3724
bnk_7482813,7482813,2633,2010-01-02,DEBIT_CARD,30055,27,5,set_7482813,,,2665
bnk_7482814,7482814,1570,2010-01-02,CREDIT_CARD,60569,32,6,set_7482814,,,1608
bnk_7482815,7482815,3679,2010-01-02,DEBIT_CARD,16798,37,7,set_7482815,,,3723
bnk_7482816,7482816,8954,2010-01-02,DEBIT_CARD,256,91,16,set_7482816,,,9061
bnk_7482817,7482817,1129,2010-01-02,DEBIT_CARD,19756,11,2,set_7482817,,,1142
bnk_7482818,7482818,1976,2010-01-02,DEBIT_CARD,27092,20,4,set_7482818,,,2000
bnk_7482819,7482819,86,2010-01-02,DEBIT_CARD,14528,1,0,set_7482819,,,87
bnk_7482820,7482820,9218,2010-01-02,DEBIT_CARD,60569,93,17,set_7482820,,,9328
bnk_7482821,7482821,2408,2010-01-02,CREDIT_CARD,50783,49,9,set_7482821,,,2466
bnk_7482822,7482822,2293,2010-01-02,DEBIT_CARD,30055,23,4,set_7482822,,,2320
bnk_7482823,7482823,6593,2010-01-02,CREDIT_CARD,75936,135,24,set_7482823,,,6752
bnk_7482824,7482824,1204,2010-01-02,CREDIT_CARD,45788,25,5,set_7482824,,,1234
bnk_7482825,7482825,214,2010-01-02,CREDIT_CARD,22204,4,1,set_7482825,,,219
bnk_7482826,7482826,2564,2010-01-02,CREDIT_CARD,46746,53,10,set_7482826,,,2627
bnk_7482827,7482827,1191,2010-01-02,CREDIT_CARD,68477,24,4,set_7482827,,,1219
bnk_7482831,7482831,5987,2010-01-02,DEBIT_CARD,44578,61,11,set_7482831,,,6059
bnk_7482832,7482832,2104,2010-01-02,DEBIT_CARD,38602,21,4,set_7482832,,,2129
bnk_7482833,7482833,2002,2010-01-02,DEBIT_CARD,45928,20,4,set_7482833,,,2026
bnk_7482834,7482834,3779,2010-01-02,DEBIT_CARD,41260,38,7,set_7482834,,,3824
bnk_7482838,7482838,973,2010-01-02,DEBIT_CARD,9932,10,2,set_7482838,,,985
bnk_7482839,7482839,49957,2010-01-02,CREDIT_CARD,18001,1022,184,set_7482839,,,51080
bnk_7482841,7482841,629,2010-01-02,CREDIT_CARD,36974,13,2,set_7482841,,,644
bnk_7482842,7482842,3945,2010-01-02,CREDIT_CARD,55060,81,15,set_7482842,,,4041
bnk_7482843,7482843,1780,2010-01-02,DEBIT_CARD,20231,18,3,set_7482843,,,1801
bnk_7482844,7482844,5434,2010-01-02,DEBIT_CARD,99370,55,10,set_7482844,,,5499
bnk_7482845,7482845,1939,2010-01-02,DEBIT_CARD,94974,20,4,set_7482845,,,1963
bnk_7482846,7482846,82741,2010-01-02,DEBIT_CARD,68977,837,151,set_7482846,,,83729
bnk_7482847,7482847,12641,2010-01-02,CREDIT_CARD,38276,259,47,set_7482847,,,12947
bnk_7482848,7482848,20699,2010-01-02,DEBIT_CARD,30286,209,38,set_7482848,,,20946
bnk_7482849,7482849,5335,2010-01-02,DEBIT_CARD,67570,54,10,set_7482849,,,5399
bnk_7482850,7482850,16857,2010-01-02,DEBIT_CARD,73186,171,31,set_7482850,,,17059
bnk_7482851,7482851,13396,2010-01-02,DEBIT_CARD,78454,136,24,set_7482851,,,13556
bnk_7482852,7482852,2350,2010-01-02,DEBIT_CARD,20231,24,4,set_7482852,,,2378
bnk_7482854,7482854,1988,2010-01-02,CREDIT_CARD,93394,41,7,set_7482854,,,2036
bnk_7482855,7482855,21098,2010-01-02,DEBIT_CARD,8050,213,38,set_7482855,,,21349
bnk_7482856,7482856,3972,2010-01-02,CREDIT_CARD,60569,81,15,set_7482856,,,4068
bnk_7482856b,7482856,3972,2010-01-02,CREDIT_CARD,60569,81,15,set_7482856b,,,4068
bnk_7482857,7482857,12337,2010-01-02,DEBIT_CARD,78621,125,23,set_7482857,,,12485
bnk_7482858,7482858,1273,2010-01-02,CREDIT_CARD,50783,26,5,set_7482858,,,1304
bnk_7482859,7482859,11798,2010-01-02,DEBIT_CARD,89509,119,21,set_7482859,,,11938
bnk_7482860,7482860,5621,2010-01-02,DEBIT_CARD,48685,57,10,set_7482860,,,5688
bnk_7482861,7482861,523,2010-01-02,DEBIT_CARD,20561,5,1,set_7482861,,,475
bnk_7482862,7482862,3141,2010-01-02,DEBIT_CARD,22204,32,6,set_7482862,,,3179
bnk_7482863,7482863,9568,2010-01-02,DEBIT_CARD,60569,97,17,set_7482863,,,9682
bnk_7482866,7482866,3592,2010-01-02,CREDIT_CARD,97046,74,13,set_7482866,,,3679
bnk_7482867,7482867,1611,2010-01-02,DEBIT_CARD,60658,16,3,set_7482867,,,1561
bnk_7482868,7482868,15278,2010-01-02,CREDIT_CARD,62697,313,56,set_7482868,,,15647
bnk_7482870,7482870,2156,2010-01-02,DEBIT_CARD,81703,22,4,set_7482870,,,2182
bnk_7482871,7482871,2877,2010-01-02,DEBIT_CARD,19756,29,5,set_7482871,,,2911
bnk_7482872,7482872,2601,2010-01-02,DEBIT_CARD,75936,26,5,set_7482872,,,2632
bnk_7482873,7482873,4754,2010-01-02,CREDIT_CARD,25390,97,17,set_7482873,,,4868
bnk_7482874,7482874,35353,2010-01-02,CREDIT_CARD,25054,724,130,set_7482874,,,36207
bnk_7482875,7482875,2388,2010-01-02,DEBIT_CARD,30055,24,4,set_7482875,,,2416
bnk_7482876,7482876,13178,2010-01-02,DEBIT_CARD,63701,133,24,set_7482876,,,13335
bnk_7482877,7482877,5929,2010-01-02,DEBIT_CARD,27092,60,11,set_7482877,,,6000
bnk_7482878,7482878,59,2010-01-02,DEBIT_CARD,14528,1,0,set_7482878,,,60
bnk_7482880,7482880,859,2010-01-02,DEBIT_CARD,16798,9,2,set_7482880,,,870
bnk_7482881,7482881,1029,2010-01-02,DEBIT_CARD,44578,10,2,set_7482881,,,1041
bnk_7482883,7482883,4299,2010-01-02,DEBIT_CARD,32606,44,8,set_7482883,,,4351
bnk_7482885,7482885,35680,2010-01-02,DEBIT_CARD,30037,361,65,set_7482885,,,36106
bnk_7482884,7482884,24084,2010-01-02,DEBIT_CARD,30037,244,44,set_7482884,,,24372
bnk_7482887,7482887,9882,2010-01-02,DEBIT_CARD,22204,100,18,set_7482887,,,10000
bnk_7482888,7482888,3630,2010-01-02,DEBIT_CARD,11901,37,7,set_7482888,,,3674
bnk_7482889,7482889,5297,2010-01-02,CREDIT_CARD,84248,108,19,set_7482889,,,5424
bnk_7482890,7482890,11873,2010-01-02,DEBIT_CARD,33526,120,22,set_7482890,,,12015
bnk_7482891,7482891,4460,2010-01-02,CREDIT_CARD,29985,91,16,set_7482891,,,4567
bnk_7482892,7482892,15961,2010-01-02,CREDIT_CARD,75781,325,59,set_7482892,,,16272
bnk_7482893,7482893,7435,2010-01-02,DEBIT_CARD,13646,75,14,set_7482893,,,7524
bnk_7482895,7482895,4082,2010-01-02,CREDIT_CARD,58408,84,15,set_7482895,,,4181
bnk_7482896,7482896,53,2010-01-02,DEBIT_CARD,21250,1,0,set_7482896,,,54
bnk_7482897,7482897,4714,2010-01-02,DEBIT_CARD,96771,48,9,set_7482897,,,4771
bnk_7482898,7482898,7906,2010-01-02,DEBIT_CARD,27092,80,14,set_7482898,,,8000
bnk_7482900,7482900,1679,2010-01-02,DEBIT_CARD,92741,17,3,set_7482900,,,1699
bnk_7482901,7482901,11858,2010-01-02,DEBIT_CARD,27092,120,22,set_7482901,,,12000
bnk_7482902,7482902,3926,2010-01-02,DEBIT_CARD,83229,40,7,set_7482902,,,3973
bnk_7482903,7482903,3634,2010-01-02,DEBIT_CARD,51397,37,7,set_7482903,,,3678
bnk_7482904,7482904,2312,2010-01-02,DEBIT_CARD,27310,23,4,set_7482904,,,2339
bnk_7482906,7482906,1973,2010-01-02,DEBIT_CARD,72812,20,4,set_7482906,,,1997
bnk_7482907,7482907,6992,2010-01-02,DEBIT_CARD,97421,71,13,set_7482907,,,7076
bnk_7482908,7482908,2856,2010-01-02,CREDIT_CARD,30055,58,10,set_7482908,,,2924
bnk_7482909,7482909,14144,2010-01-02,DEBIT_CARD,17918,143,26,set_7482909,,,14313
bnk_7482910,7482910,2495,2010-01-02,DEBIT_CARD,18563,25,5,set_7482910,,,2525
bnk_7482911,7482911,10108,2010-01-02,CREDIT_CARD,64032,207,37,set_7482911,,,10352
bnk_7482912,7482912,1914,2010-01-02,DEBIT_CARD,32175,18,3,set_7482912,,,1824
bnk_7482913,7482913,5476,2010-01-02,DEBIT_CARD,75936,55,10,set_7482913,,,5541
bnk_7482914,7482914,5054,2010-01-02,CREDIT_CARD,78454,104,19,set_7482914,,,5177
bnk_7482915,7482915,3143,2010-01-02,DEBIT_CARD,60569,32,6,set_7482915,,,3181
bnk_7482916,7482916,3891,2010-01-02,CREDIT_CARD,32175,80,14,set_7482916,,,3985
bnk_7482917,7482917,6446,2010-01-02,DEBIT_CARD,18215,65,12,set_7482917,,,6523
bnk_7482918,7482918,4312,2010-01-02,DEBIT_CARD,91526,44,8,set_7482918,,,4365
bnk_7482919,7482919,1420,2010-01-02,CREDIT_CARD,28395,26,5,set_7482919,,,1313
bnk_7482920,7482920,227,2010-01-02,DEBIT_CARD,58666,2,0,set_7482920,,,229
bnk_7482923,7482923,4689,2010-01-02,CREDIT_CARD,18833,96,17,set_7482923,,,4802
bnk_7482924,7482924,5011,2010-01-02,DEBIT_CARD,78454,51,9,set_7482924,,,5071
bnk_7482925,7482925,231,2010-01-02,DEBIT_CARD,50527,2,0,set_7482925,,,233
bnk_7482926,7482926,9703,2010-01-02,DEBIT_CARD,19964,98,18,set_7482926,,,9819
bnk_7482926b,7482926,9703,2010-01-02,DEBIT_CARD,19964,98,18,set_7482926b,,,9819
bnk_7482927,7482927,16362,2010-01-02,DEBIT_CARD,89219,166,30,set_7482927,,,16558
bnk_7482928,7482928,4852,2010-01-02,DEBIT_CARD,35451,49,9,set_7482928,,,4910
bnk_7482929,7482929,196,2010-01-02,CREDIT_CARD,86438,4,1,set_7482929,,,201
bnk_7482931,7482931,4824,2010-01-02,DEBIT_CARD,69972,49,9,set_7482931,,,4882
bnk_7482932,7482932,2813,2010-01-02,DEBIT_CARD,4802,28,5,set_7482932,,,2846
bnk_7482933,7482933,4528,2010-01-02,DEBIT_CARD,18563,46,8,set_7482933,,,4582
bnk_7482935,7482935,1530,2010-01-02,DEBIT_CARD,59056,15,3,set_7482935,,,1548
bnk_7482936,7482936,2033,2010-01-02,DEBIT_CARD,82180,21,4,set_7482936,,,2058
bnk_7482937,7482937,5858,2010-01-02,CREDIT_CARD,27092,120,22,set_7482937,,,6000
bnk_7482938,7482938,4408,2010-01-02,DEBIT_CARD,88646,45,8,set_7482938,,,4461
bnk_7482941,7482941,1583,2010-01-02,CREDIT_CARD,81833,32,6,set_7482941,,,1621
bnk_7482942,7482942,7830,2010-01-02,CREDIT_CARD,25887,160,29,set_7482942,,,8019
bnk_7482943,7482943,1800,2010-01-02,CREDIT_CARD,79927,37,7,set_7482943,,,1844
bnk_7482944,7482944,1579,2010-01-02,DEBIT_CARD,53801,16,3,set_7482944,,,1598
bnk_7482945,7482945,41595,2010-01-02,CREDIT_CARD,41523,852,153,set_7482945,,,42600
bnk_7482946,7482946,3303,2010-01-02,DEBIT_CARD,58795,33,6,set_7482946,,,3342
bnk_7482947,7482947,1788,2010-01-02,DEBIT_CARD,60569,18,3,set_7482947,,,1809
bnk_7482948,7482948,1222,2010-01-02,CREDIT_CARD,64512,25,5,set_7482948,,,1252
bnk_7482949,7482949,939,2010-01-02,DEBIT_CARD,46284,10,2,set_7482949,,,951
bnk_7482951,7482951,1824,2010-01-02,DEBIT_CARD,30055,18,3,set_7482951,,,1845
bnk_7482952,7482952,4337,2010-01-02,DEBIT_CARD,25717,44,8,set_7482952,,,4389
bnk_7482953,7482953,9783,2010-01-02,DEBIT_CARD,61195,99,18,set_7482953,,,9900
bnk_7482954,7482954,1783,2010-01-02,DEBIT_CARD,34490,18,3,set_7482954,,,1804
bnk_7482955,7482955,6320,2010-01-02,DEBIT_CARD,98648,64,12,set_7482955,,,6396
bnk_7482956,7482956,1831,2010-01-02,DEBIT_CARD,16798,19,3,set_7482956,,,1853
bnk_7482959,7482959,7453,2010-01-02,CREDIT_CARD,32175,153,28,set_7482959,,,7634
bnk_7482961,7482961,859,2010-01-02,DEBIT_CARD,97555,9,2,set_7482961,,,870
bnk_7482962,7482962,6370,2010-01-02,DEBIT_CARD,16619,64,12,set_7482962,,,6446
bnk_7482963,7482963,2180,2010-01-02,DEBIT_CARD,87351,22,4,set_7482963,,,2206
bnk_7482965,7482965,4715,2010-01-02,CREDIT_CARD,32175,97,17,set_7482965,,,4829
bnk_7482966,7482966,8881,2010-01-02,CREDIT_CARD,27355,182,33,set_7482966,,,9096
bnk_7482967,7482967,81029,2010-01-02,CREDIT_CARD,85600,1660,299,set_7482967,,,82988
bnk_7482968,7482968,2213,2010-01-02,DEBIT_CARD,91264,22,4,set_7482968,,,2239
bnk_7482969,7482969,1006,2010-01-02,CREDIT_CARD,52598,21,4,set_7482969,,,1031
bnk_7482971,7482971,3426,2010-01-02,DEBIT_CARD,19988,35,6,set_7482971,,,3467
bnk_7482972,7482972,2133,2010-01-02,CREDIT_CARD,77591,44,8,set_7482972,,,2185
bnk_7482973,7482973,4610,2010-01-02,CREDIT_CARD,58932,94,17,set_7482973,,,4721
bnk_7482974,7482974,2284,2010-01-02,CREDIT_CARD,32606,47,8,set_7482974,,,2339
bnk_7482975,7482975,4020,2010-01-02,DEBIT_CARD,15143,39,7,set_7482975,,,3920
bnk_7482976,7482976,2504,2010-01-02,DEBIT_CARD,88111,25,5,set_7482976,,,2534
bnk_7482977,7482977,8897,2010-01-02,CREDIT_CARD,92883,182,33,set_7482977,,,9112
bnk_7482978,7482978,1551,2010-01-02,CREDIT_CARD,22204,32,6,set_7482978,,,1589
bnk_7482979,7482979,5624,2010-01-02,CREDIT_CARD,29985,114,21,set_7482979,,,5675
bnk_7482980,7482980,36593,2010-01-02,DEBIT_CARD,54850,370,67,set_7482980,,,37030
bnk_7482981,7482981,1631,2010-01-02,DEBIT_CARD,94208,17,3,set_7482981,,,1651
bnk_7482984,7482984,10414,2010-01-02,DEBIT_CARD,59350,105,19,set_7482984,,,10538
bnk_7482985,7482985,1331,2010-01-02,DEBIT_CARD,32606,13,2,set_7482985,,,1346
bnk_7482986,7482986,6146,2010-01-02,DEBIT_CARD,61195,62,11,set_7482986,,,6219
bnk_7482987,7482987,4391,2010-01-02,DEBIT_CARD,91162,44,8,set_7482987,,,4443
bnk_7482988,7482988,2876,2010-01-02,CREDIT_CARD,59935,59,11,set_7482988,,,2946
bnk_7482989,7482989,10178,2010-01-02,DEBIT_CARD,59474,103,19,set_7482989,,,10300
bnk_7482990,7482990,953,2010-01-02,DEBIT_CARD,97555,10,2,set_7482990,,,965
bnk_7482991,7482991,6469,2010-01-02,DEBIT_CARD,34702,65,12,set_7482991,,,6546
bnk_7482992,7482992,2060,2010-01-02,DEBIT_CARD,63390,21,4,set_7482992,,,2085
bnk_7482993,7482993,3220,2010-01-02,DEBIT_CARD,81833,33,6,set_7482993,,,3259
bnk_7482994,7482994,3630,2010-01-02,CREDIT_CARD,67274,74,13,set_7482994,,,3717
bnk_7482996,7482996,5104,2010-01-02,DEBIT_CARD,25717,52,9,set_7482996,,,5165
bnk_7482997,7482997,2258,2010-01-02,DEBIT_CARD,39021,23,4,set_7482997,,,2285
bnk_7482998,7482998,10662,2010-01-02,DEBIT_CARD,32175,108,19,set_7482998,,,10789
bnk_7482999,7482999,4763,2010-01-02,DEBIT_CARD,58666,48,9,set_7482999,,,4820
bnk_7483000,7483000,3073,2010-01-02,DEBIT_CARD,19756,31,6,set_7483000,,,3110
bnk_7483001,7483001,6128,2010-01-02,DEBIT_CARD,3127,62,11,set_7483001,,,6201
bnk_7483003,7483003,4528,2010-01-02,CREDIT_CARD,25887,93,17,set_7483003,,,4638
bnk_7483005,7483005,33105,2010-01-02,DEBIT_CARD,41523,335,60,set_7483005,,,33500
bnk_7483006,7483006,8299,2010-01-02,CREDIT_CARD,59935,170,31,set_7483006,,,8500
bnk_7483007,7483007,5858,2010-01-02,CREDIT_CARD,27092,120,22,set_7483007,,,6000
bnk_7483009,7483009,1065,2010-01-02,DEBIT_CARD,60569,11,2,set_7483009,,,1078
bnk_7483010,7483010,176,2010-01-02,DEBIT_CARD,86438,2,0,set_7483010,,,178
bnk_7483011,7483011,6067,2010-01-02,CREDIT_CARD,22204,124,22,set_7483011,,,6213
bnk_7483012,7483012,8106,2010-01-02,CREDIT_CARD,38602,166,30,set_7483012,,,8302
bnk_7483013,7483013,3899,2010-01-02,DEBIT_CARD,33260,39,7,set_7483013,,,3945
bnk_7483014,7483014,1347,2010-01-02,DEBIT_CARD,47399,14,3,set_7483014,,,1364
bnk_7483016,7483016,20456,2010-01-02,DEBIT_CARD,3558,207,37,set_7483016,,,20700
bnk_7483017,7483017,11178,2010-01-02,CREDIT_CARD,25887,229,41,set_7483017,,,11448
bnk_7483018,7483018,2879,2010-01-02,DEBIT_CARD,73661,29,5,set_7483018,,,2913
bnk_7483019,7483019,13199,2010-01-02,DEBIT_CARD,31258,132,24,set_7483019,,,13225
bnk_7483020,7483020,15291,2010-01-02,DEBIT_CARD,65108,155,28,set_7483020,,,15474
bnk_7483021,7483021,971,2010-01-02,DEBIT_CARD,60569,10,2,set_7483021,,,983
bnk_7483022,7483022,6975,2010-01-02,CREDIT_CARD,98648,143,26,set_7483022,,,7144
bnk_7483023,7483023,752,2010-01-02,CREDIT_CARD,79496,15,3,set_7483023,,,770
bnk_7483024,7483024,1919,2010-01-02,DEBIT_CARD,16798,19,3,set_7483024,,,1941
bnk_7483025,7483025,10239,2010-01-03,CREDIT_CARD,73186,210,38,set_7483025,,,10487
bnk_7483026,7483026,2367,2010-01-03,CREDIT_CARD,39021,49,9,set_7483026,,,2425
bnk_7483027,7483027,11858,2010-01-03,DEBIT_CARD,27092,120,22,set_7483027,,,12000
bnk_7483029,7483029,335,2010-01-03,DEBIT_CARD,92883,3,1,set_7483029,,,339
bnk_7483030,7483030,6448,2010-01-03,DEBIT_CARD,13051,65,12,set_7483030,,,6525
bnk_7483031,7483031,7748,2010-01-03,CREDIT_CARD,75391,159,29,set_7483031,,,7936
bnk_7483032,7483032,4669,2010-01-03,DEBIT_CARD,33326,47,8,set_7483032,,,4724
bnk_7483033,7483033,5676,2010-01-03,DEBIT_CARD,82268,57,10,set_7483033,,,5743
bnk_7483034,7483034,11149,2010-01-03,CREDIT_CARD,65067,228,41,set_7483034,,,11418
bnk_7483035,7483035,1432,2010-01-03,CREDIT_CARD,68147,29,5,set_7483035,,,1466
bnk_7483036,7483036,9764,2010-01-03,CREDIT_CARD,27092,200,36,set_7483036,,,10000
bnk_7483039,7483039,43,2010-01-03,DEBIT_CARD,14318,0,0,set_7483039,,,43
bnk_7483040,7483040,328,2010-01-03,DEBIT_CARD,26810,3,1,set_7483040,,,332
bnk_7483042,7483042,4703,2010-01-03,CREDIT_CARD,26810,96,17,set_7483042,,,4816
bnk_7483043,7483043,221,2010-01-03,DEBIT_CARD,63619,2,0,set_7483043,,,223
bnk_7483044,7483044,9764,2010-01-03,CREDIT_CARD,27092,200,36,set_7483044,,,10000
bnk_7483045,7483045,8409,2010-01-03,DEBIT_CARD,9932,85,15,set_7483045,,,8509
bnk_7483046,7483046,705,2010-01-03,CREDIT_CARD,39021,14,3,set_7483046,,,722
bnk_7483047,7483047,10407,2010-01-03,CREDIT_CARD,32480,213,38,set_7483047,,,10658
bnk_7483048,7483048,1829,2010-01-03,DEBIT_CARD,50404,19,3,set_7483048,,,1851
bnk_7483049,7483049,4636,2010-01-03,CREDIT_CARD,97784,95,17,set_7483049,,,4748
bnk_7483050,7483050,5370,2010-01-03,CREDIT_CARD,26810,110,20,set_7483050,,,5500
bnk_7483051,7483051,4031,2010-01-03,CREDIT_CARD,15143,83,15,set_7483051,,,4129
bnk_7483052,7483052,4330,2010-01-03,DEBIT_CARD,38602,44,8,set_7483052,,,4382
bnk_7483053,7483053,13167,2010-01-03,DEBIT_CARD,28901,133,24,set_7483053,,,13324
bnk_7483054,7483054,525,2010-01-03,CREDIT_CARD,32858,11,2,set_7483054,,,538
bnk_7483055,7483055,6165,2010-01-03,CREDIT_CARD,88646,126,23,set_7483055,,,6314
bnk_7483057,7483057,214,2010-01-03,DEBIT_CARD,90538,2,0,set_7483057,,,216
bnk_7483058,7483058,12442,2010-01-03,DEBIT_CARD,17976,126,23,set_7483058,,,12591
bnk_7483059,7483059,8594,2010-01-03,CREDIT_CARD,18215,176,32,set_7483059,,,8802
bnk_7483060,7483060,93,2010-01-03,DEBIT_CARD,14528,1,0,set_7483060,,,94
bnk_7483060b,7483060,93,2010-01-03,DEBIT_CARD,14528,1,0,set_7483060b,,,94
bnk_7483061,7483061,395,2010-01-03,DEBIT_CARD,80141,4,1,set_7483061,,,400
bnk_7483062,7483062,2428,2010-01-03,DEBIT_CARD,29232,25,5,set_7483062,,,2458
bnk_7483063,7483063,1130,2010-01-03,DEBIT_CARD,50783,11,2,set_7483063,,,1143
bnk_7483064,7483064,2510,2010-01-03,DEBIT_CARD,50404,25,5,set_7483064,,,2540
bnk_7483065,7483065,6055,2010-01-03,CREDIT_CARD,11901,124,22,set_7483065,,,6201
bnk_7483066,7483066,1537,2010-01-03,CREDIT_CARD,14005,31,6,set_7483066,,,1574
bnk_7483067,7483067,6239,2010-01-03,DEBIT_CARD,30286,63,11,set_7483067,,,6313
bnk_7483069,7483069,22215,2010-01-03,DEBIT_CARD,68977,224,40,set_7483069,,,22361
bnk_7483070,7483070,3387,2010-01-03,DEBIT_CARD,15656,34,6,set_7483070,,,3427
bnk_7483071,7483071,8202,2010-01-03,DEBIT_CARD,59935,83,15,set_7483071,,,8300
bnk_7483073,7483073,6601,2010-01-03,CREDIT_CARD,39021,135,24,set_7483073,,,6760
bnk_7483074,7483074,169,2010-01-03,CREDIT_CARD,60569,3,1,set_7483074,,,173
bnk_7483076,7483076,544,2010-01-03,DEBIT_CARD,20519,6,1,set_7483076,,,551
bnk_7483077,7483077,3953,2010-01-03,DEBIT_CARD,27092,40,7,set_7483077,,,4000
bnk_7483078,7483078,292,2010-01-03,CREDIT_CARD,22204,6,1,set_7483078,,,299
bnk_7483080,7483080,9184,2010-01-03,DEBIT_CARD,54850,93,17,set_7483080,,,9294
bnk_7483081,7483081,4247,2010-01-03,CREDIT_CARD,14539,87,16,set_7483081,,,4350
bnk_7483082,7483082,4311,2010-01-03,DEBIT_CARD,59935,44,8,set_7483082,,,4363
bnk_7483082b,7483082,4311,2010-01-03,DEBIT_CARD,59935,44,8,set_7483082b,,,4363
bnk_7483083,7483083,2100,2010-01-03,CREDIT_CARD,18563,43,8,set_7483083,,,2151
bnk_7483084,7483084,1122,2010-01-03,DEBIT_CARD,39261,11,2,set_7483084,,,1135
bnk_7483085,7483085,988,2010-01-03,DEBIT_CARD,50783,10,2,set_7483085,,,1000
bnk_7483086,7483086,403,2010-01-03,DEBIT_CARD,25887,4,1,set_7483086,,,408
bnk_7483087,7483087,196,2010-01-03,DEBIT_CARD,33041,2,0,set_7483087,,,198
bnk_7483088,7483088,452,2010-01-03,DEBIT_CARD,50783,3,1,set_7483088,,,338
bnk_7483089,7483089,534,2010-01-03,DEBIT_CARD,55373,5,1,set_7483089,,,540
bnk_7483092,7483092,5306,2010-01-03,DEBIT_CARD,50783,54,10,set_7483092,,,5370
bnk_7483093,7483093,5929,2010-01-03,DEBIT_CARD,27092,60,11,set_7483093,,,6000
bnk_7483094,7483094,2233,2010-01-03,DEBIT_CARD,39021,23,4,set_7483094,,,2260
bnk_7483095,7483095,407,2010-01-03,DEBIT_CARD,69972,4,1,set_7483095,,,412
bnk_7483096,7483096,2988,2010-01-03,DEBIT_CARD,32175,30,5,set_7483096,,,3023
bnk_7483097,7483097,2979,2010-01-03,CREDIT_CARD,60569,61,11,set_7483097,,,3051
bnk_7483098,7483098,8742,2010-01-03,CREDIT_CARD,35451,179,32,set_7483098,,,8953
bnk_7483099,7483099,9492,2010-01-03,CREDIT_CARD,12887,194,35,set_7483099,,,9721
bnk_7483100,7483100,272,2010-01-03,DEBIT_CARD,23481,3,1,set_7483100,,,276
bnk_7483101,7483101,964,2010-01-03,DEBIT_CARD,8136,10,2,set_7483101,,,976
bnk_7483102,7483102,5235,2010-01-03,DEBIT_CARD,61195,53,10,set_7483102,,,5298
bnk_7483104,7483104,334,2010-01-03,DEBIT_CARD,50783,3,1,set_7483104,,,338
bnk_7483105,7483105,307,2010-01-03,DEBIT_CARD,75781,3,1,set_7483105,,,311
bnk_7483106,7483106,10095,2010-01-03,DEBIT_CARD,37690,102,18,set_7483106,,,10215
bnk_7483107,7483107,5139,2010-01-03,DEBIT_CARD,61195,52,9,set_7483107,,,5200
bnk_7483108,7483108,9023,2010-01-03,CREDIT_CARD,65775,185,33,set_7483108,,,9241
bnk_7483111,7483111,3877,2010-01-03,DEBIT_CARD,99370,39,7,set_7483111,,,3923
bnk_7483113,7483113,24553,2010-01-03,CREDIT_CARD,51624,503,91,set_7483113,,,25147
bnk_7483114,7483114,1615,2010-01-03,CREDIT_CARD,65108,31,6,set_7483114,,,1531
bnk_7483115,7483115,7288,2010-01-03,CREDIT_CARD,50783,149,27,set_7483115,,,7464
bnk_7483116,7483116,6396,2010-01-03,DEBIT_CARD,56431,65,12,set_7483116,,,6473
bnk_7483117,7483117,13314,2010-01-03,CREDIT_CARD,32896,273,49,set_7483117,,,13636
bnk_7483118,7483118,1117,2010-01-03,DEBIT_CARD,88646,10,2,set_7483118,,,997
bnk_7483121,7483121,5506,2010-01-03,CREDIT_CARD,717,113,20,set_7483121,,,5639
bnk_7483121b,7483121,5506,2010-01-03,CREDIT_CARD,717,113,20,set_7483121b,,,5639
bnk_7483122,7483122,4853,2010-01-03,DEBIT_CARD,60569,49,9,set_7483122,,,4911
bnk_7483123,7483123,9327,2010-01-03,DEBIT_CARD,93950,94,17,set_7483123,,,9438
bnk_7483125,7483125,1055,2010-01-03,DEBIT_CARD,66670,11,2,set_7483125,,,1068
bnk_7483126,7483126,1653,2010-01-03,CREDIT_CARD,17063,34,6,set_7483126,,,1693
bnk_7483127,7483127,8974,2010-01-03,DEBIT_CARD,50783,91,16,set_7483127,,,9081
bnk_7483128,7483128,76,2010-01-03,CREDIT_CARD,75781,2,0,set_7483128,,,78
bnk_7483129,7483129,9620,2010-01-03,DEBIT_CARD,59350,97,17,set_7483129,,,9734
bnk_7483130,7483130,4096,2010-01-03,DEBIT_CARD,34490,41,7,set_7483130,,,4144
bnk_7483132,7483132,537,2010-01-03,DEBIT_CARD,22204,5,1,set_7483132,,,543
bnk_7483133,7483133,23950,2010-01-03,CREDIT_CARD,26810,488,88,set_7483133,,,24402
bnk_7483134,7483134,10807,2010-01-03,CREDIT_CARD,35451,221,40,set_7483134,,,11068
bnk_7483135,7483135,4760,2010-01-03,DEBIT_CARD,96712,48,9,set_7483135,,,4817
bnk_7483136,7483136,413,2010-01-03,CREDIT_CARD,22938,8,1,set_7483136,,,422
bnk_7483137,7483137,7133,2010-01-03,DEBIT_CARD,60569,71,13,set_7483137,,,7083
bnk_7483138,7483138,265,2010-01-03,CREDIT_CARD,43293,5,1,set_7483138,,,271
bnk_7483140,7483140,3953,2010-01-03,DEBIT_CARD,27092,40,7,set_7483140,,,4000
bnk_7483141,7483141,25322,2010-01-03,CREDIT_CARD,2177,519,93,set_7483141,,,25934
bnk_7483142,7483142,24077,2010-01-03,DEBIT_CARD,44795,244,44,set_7483142,,,24365
bnk_7483144,7483144,1404,2010-01-03,DEBIT_CARD,27583,14,3,set_7483144,,,1421
bnk_7483145,7483145,2136,2010-01-03,DEBIT_CARD,83872,22,4,set_7483145,,,2162
bnk_7483146,7483146,1109,2010-01-03,DEBIT_CARD,38755,11,2,set_7483146,,,1122
bnk_7483147,7483147,1476,2010-01-03,DEBIT_CARD,98374,15,3,set_7483147,,,1494
bnk_7483148,7483148,1093,2010-01-03,DEBIT_CARD,4111,10,2,set_7483148,,,1029
bnk_7483151,7483151,7143,2010-01-03,DEBIT_CARD,30286,72,13,set_7483151,,,7228
bnk_7483152,7483152,11326,2010-01-03,CREDIT_CARD,61195,232,42,set_7483152,,,11600
bnk_7483154,7483154,323,2010-01-03,DEBIT_CARD,75781,3,1,set_7483154,,,327
bnk_7483155,7483155,11869,2010-01-03,CREDIT_CARD,92764,243,44,set_7483155,,,12156
bnk_7483156,7483156,15052,2010-01-03,CREDIT_CARD,37387,308,55,set_7483156,,,15415
bnk_7483157,7483157,8553,2010-01-03,CREDIT_CARD,60580,175,32,set_7483157,,,8760
bnk_7483158,7483158,3128,2010-01-03,CREDIT_CARD,81759,64,12,set_7483158,,,3204
bnk_7483159,7483159,7011,2010-01-03,CREDIT_CARD,81833,144,26,set_7483159,,,7181
bnk_7483160,7483160,223,2010-01-03,DEBIT_CARD,12923,2,0,set_7483160,,,225
bnk_7483161,7483161,174,2010-01-03,DEBIT_CARD,22204,2,0,set_7483161,,,176
bnk_7483162,7483162,245,2010-01-03,DEBIT_CARD,73186,2,0,set_7483162,,,247
bnk_7483163,7483163,533,2010-01-03,CREDIT_CARD,47399,11,2,set_7483163,,,546
bnk_7483164,7483164,288,2010-01-03,DEBIT_CARD,47785,3,1,set_7483164,,,292
bnk_7483165,7483165,5561,2010-01-03,CREDIT_CARD,81477,114,21,set_7483165,,,5696
bnk_7483166,7483166,2258,2010-01-03,DEBIT_CARD,16798,23,4,set_7483166,,,2285
bnk_7483167,7483167,10977,2010-01-03,DEBIT_CARD,86410,111,20,set_7483167,,,11108
bnk_7483168,7483168,4297,2010-01-03,DEBIT_CARD,60569,43,8,set_7483168,,,4348
bnk_7483169,7483169,9494,2010-01-03,CREDIT_CARD,85077,194,35,set_7483169,,,9723
bnk_7483170,7483170,1018,2010-01-03,DEBIT_CARD,94123,9,2,set_7483170,,,942
bnk_7483171,7483171,8323,2010-01-03,CREDIT_CARD,4147,171,31,set_7483171,,,8525
bnk_7483172,7483172,7604,2010-01-03,DEBIT_CARD,28823,77,14,set_7483172,,,7695
bnk_7483173,7483173,4152,2010-01-03,DEBIT_CARD,81536,42,8,set_7483173,,,4202
bnk_7483174,7483174,11442,2010-01-03,DEBIT_CARD,73186,116,21,set_7483174,,,11579
bnk_7483175,7483175,7652,2010-01-03,CREDIT_CARD,75781,157,28,set_7483175,,,7837
bnk_7483178,7483178,1594,2010-01-03,DEBIT_CARD,41943,16,3,set_7483178,,,1613
bnk_7483179,7483179,4905,2010-01-03,DEBIT_CARD,46054,50,9,set_7483179,,,4964
bnk_7483180,7483180,6541,2010-01-03,DEBIT_CARD,88459,66,12,set_7483180,,,6619
bnk_7483181,7483181,1494,2010-01-03,DEBIT_CARD,18563,15,3,set_7483181,,,1512
bnk_7483182,7483182,1870,2010-01-03,DEBIT_CARD,42465,19,3,set_7483182,,,1892
bnk_7483183,7483183,31693,2010-01-03,DEBIT_CARD,31883,321,58,set_7483183,,,32072
bnk_7483184,7483184,862,2010-01-03,DEBIT_CARD,46284,9,2,set_7483184,,,873
bnk_7483185,7483185,7523,2010-01-03,CREDIT_CARD,3997,154,28,set_7483185,,,7705
bnk_7483186,7483186,13281,2010-01-03,DEBIT_CARD,86616,134,24,set_7483186,,,13439
bnk_7483187,7483187,5931,2010-01-03,CREDIT_CARD,52201,122,22,set_7483187,,,6075
bnk_7483188,7483188,1207,2010-01-03,DEBIT_CARD,39771,12,2,set_7483188,,,1221
bnk_7483189,7483189,562,2010-01-03,CREDIT_CARD,50867,12,2,set_7483189,,,576
bnk_7483190,7483190,765,2010-01-03,DEBIT_CARD,85247,8,1,set_7483190,,,774
bnk_7483191,7483191,5929,2010-01-03,DEBIT_CARD,27092,60,11,set_7483191,,,6000
bnk_7483192,7483192,12322,2010-01-03,DEBIT_CARD,65108,125,23,set_7483192,,,12470
bnk_7483193,7483193,849,2010-01-03,DEBIT_CARD,60569,9,2,set_7483193,,,860
bnk_7483194,7483194,13592,2010-01-03,DEBIT_CARD,2728,138,25,set_7483194,,,13755
bnk_7483195,7483195,21122,2010-01-03,CREDIT_CARD,37387,433,78,set_7483195,,,21633
bnk_7483196,7483196,2525,2010-01-03,CREDIT_CARD,22204,52,9,set_7483196,,,2586
bnk_7483197,7483197,1530,2010-01-03,DEBIT_CARD,39261,15,3,set_7483197,,,1548
bnk_7483198,7483198,6334,2010-01-03,CREDIT_CARD,54850,130,23,set_7483198,,,6487
bnk_7483199,7483199,9474,2010-01-03,DEBIT_CARD,41184,96,17,set_7483199,,,9587
bnk_7483200,7483200,8696,2010-01-03,DEBIT_CARD,59935,88,16,set_7483200,,,8800
bnk_7483202,7483202,2136,2010-01-03,DEBIT_CARD,22375,22,4,set_7483202,,,2162
bnk_7483203,7483203,3108,2010-01-03,DEBIT_CARD,59935,31,6,set_7483203,,,3145
bnk_7483204,7483204,5313,2010-01-03,DEBIT_CARD,100235,54,10,set_7483204,,,5377
bnk_7483205,7483205,11087,2010-01-03,DEBIT_CARD,68001,112,20,set_7483205,,,11219
bnk_7483207,7483207,4283,2010-01-03,DEBIT_CARD,43293,43,8,set_7483207,,,4334
bnk_7483208,7483208,7411,2010-01-03,DEBIT_CARD,43293,75,14,set_7483208,,,7500
bnk_7483210,7483210,856,2010-01-03,DEBIT_CARD,60354,9,2,set_7483210,,,867
bnk_7483211,7483211,14711,2010-01-03,DEBIT_CARD,91128,149,27,set_7483211,,,14887
bnk_7483212,7483212,280,2010-01-03,CREDIT_CARD,50783,6,1,set_7483212,,,287
bnk_7483213,7483213,113,2010-01-03,DEBIT_CARD,88374,1,0,set_7483213,,,114
bnk_7483214,7483214,339,2010-01-03,CREDIT_CARD,92883,7,1,set_7483214,,,347
bnk_7483215,7483215,49,2010-01-03,DEBIT_CARD,75688,1,0,set_7483215,,,50
bnk_7483217,7483217,710,2010-01-03,DEBIT_CARD,30896,7,1,set_7483217,,,718
bnk_7483218,7483218,6004,2010-01-03,DEBIT_CARD,75936,61,11,set_7483218,,,6076
bnk_7483219,7483219,4149,2010-01-03,DEBIT_CARD,86410,42,8,set_7483219,,,4199
bnk_7483220,7483220,10714,2010-01-03,DEBIT_CARD,44795,108,19,set_7483220,,,10841
bnk_7483221,7483221,73,2010-01-03,DEBIT_CARD,50783,1,0,set_7483221,,,74
bnk_7483222,7483222,20602,2010-01-03,CREDIT_CARD,30286,422,76,set_7483222,,,21100
bnk_7483223,7483223,42642,2010-01-03,CREDIT_CARD,4802,873,157,set_7483223,,,43672
bnk_7483225,7483225,1249,2010-01-03,CREDIT_CARD,76014,26,5,set_7483225,,,1280
bnk_7483225b,7483225,1249,2010-01-03,CREDIT_CARD,76014,26,5,set_7483225b,,,1280
bnk_7483226,7483226,2076,2010-01-03,DEBIT_CARD,18215,21,4,set_7483226,,,2101
bnk_7483227,7483227,11132,2010-01-03,CREDIT_CARD,14445,228,41,set_7483227,,,11401
bnk_7483230,7483230,4236,2010-01-03,CREDIT_CARD,27310,87,16,set_7483230,,,4339
bnk_7483233,7483233,326,2010-01-03,DEBIT_CARD,75781,3,1,set_7483233,,,330
bnk_7483234,7483234,1549,2010-01-03,DEBIT_CARD,80159,14,3,set_7483234,,,1439
bnk_7483236,7483236,5286,2010-01-03,DEBIT_CARD,39021,53,10,set_7483236,,,5349
bnk_7483237,7483237,297,2010-01-03,DEBIT_CARD,75781,3,1,set_7483237,,,301
bnk_7483238,7483238,13133,2010-01-03,CREDIT_CARD,18131,269,48,set_7483238,,,13450
bnk_7483239,7483239,1150,2010-01-03,DEBIT_CARD,14057,12,2,set_7483239,,,1164
bnk_7483240,7483240,620,2010-01-03,DEBIT_CARD,50783,6,1,set_7483240,,,627
bnk_7483241,7483241,1290,2010-01-03,DEBIT_CARD,61195,13,2,set_7483241,,,1305
bnk_7483242,7483242,362,2010-01-03,DEBIT_CARD,61195,4,1,set_7483242,,,367
bnk_7483243,7483243,2645,2010-01-03,DEBIT_CARD,98552,27,5,set_7483243,,,2677
bnk_7483244,7483244,1550,2010-01-03,CREDIT_CARD,39021,32,6,set_7483244,,,1588
bnk_7483245,7483245,510,2010-01-03,DEBIT_CARD,20519,5,1,set_7483245,,,516
bnk_7483246,7483246,2573,2010-01-03,DEBIT_CARD,20519,26,5,set_7483246,,,2604
bnk_7483248,7483248,270,2010-01-03,DEBIT_CARD,45926,3,1,set_7483248,,,274
bnk_7483250,7483250,11016,2010-01-03,DEBIT_CARD,45021,111,20,set_7483250,,,11147
bnk_7483251,7483251,458,2010-01-03,DEBIT_CARD,61195,3,1,set_7483251,,,336
bnk_7483252,7483252,6819,2010-01-03,DEBIT_CARD,28395,69,12,set_7483252,,,6900
bnk_7483254,7483254,156,2010-01-03,CREDIT_CARD,14528,3,1,set_7483254,,,160
bnk_7483255,7483255,2964,2010-01-03,DEBIT_CARD,58341,30,5,set_7483255,,,2999
bnk_7483255b,7483255,2964,2010-01-03,DEBIT_CARD,58341,30,5,set_7483255b,,,2999
bnk_7483256,7483256,174,2010-01-03,DEBIT_CARD,2026,2,0,set_7483256,,,176
bnk_7483257,7483257,2880,2010-01-03,DEBIT_CARD,13646,29,5,set_7483257,,,2914
bnk_7483258,7483258,13562,2010-01-03,CREDIT_CARD,3997,278,50,set_7483258,,,13890
bnk_7483259,7483259,1167,2010-01-03,CREDIT_CARD,20519,24,4,set_7483259,,,1195
bnk_7483261,7483261,5436,2010-01-03,DEBIT_CARD,60569,55,10,set_7483261,,,5501
bnk_7483262,7483262,149,2010-01-03,DEBIT_CARD,25887,2,0,set_7483262,,,151
bnk_7483263,7483263,411,2010-01-03,DEBIT_CARD,59935,4,1,set_7483263,,,416
bnk_7483264,7483264,2340,2010-01-03,DEBIT_CARD,39021,24,4,set_7483264,,,2368
bnk_7483265,7483265,782,2010-01-03,DEBIT_CARD,50404,8,1,set_7483265,,,791
bnk_7483266,7483266,1682,2010-01-03,CREDIT_CARD,20519,34,6,set_7483266,,,1722
bnk_7483267,7483267,237,2010-01-03,DEBIT_CARD,59397,2,0,set_7483267,,,239
bnk_7483268,7483268,10641,2010-01-03,CREDIT_CARD,43261,218,39,set_7483268,,,10898
bnk_7483269,7483269,381,2010-01-03,DEBIT_CARD,59935,4,1,set_7483269,,,386
bnk_7483270,7483270,5528,2010-01-03,DEBIT_CARD,28395,56,10,set_7483270,,,5594
bnk_7483271,7483271,722,2010-01-03,DEBIT_CARD,59935,7,1,set_7483271,,,730
bnk_7483274,7483274,301,2010-01-03,DEBIT_CARD,55060,3,1,set_7483274,,,305
bnk_7483276,7483276,4087,2010-01-03,CREDIT_CARD,19752,84,15,set_7483276,,,4186
bnk_7483277,7483277,4536,2010-01-03,DEBIT_CARD,39021,46,8,set_7483277,,,4590
bnk_7483278,7483278,238,2010-01-03,DEBIT_CARD,14528,2,0,set_7483278,,,240
bnk_7483279,7483279,3061,2010-01-03,DEBIT_CARD,52931,31,6,set_7483279,,,3098
bnk_7483281,7483281,6720,2010-01-03,DEBIT_CARD,41260,68,12,set_7483281,,,6800
bnk_7483282,7483282,9675,2010-01-03,CREDIT_CARD,73186,198,36,set_7483282,,,9909
bnk_7483283,7483283,7016,2010-01-03,DEBIT_CARD,43293,71,13,set_7483283,,,7100
bnk_7483284,7483284,6792,2010-01-03,DEBIT_CARD,89949,69,12,set_7483284,,,6873
bnk_7483285,7483285,4740,2010-01-03,CREDIT_CARD,39021,97,17,set_7483285,,,4854
bnk_7483286,7483286,13440,2010-01-03,DEBIT_CARD,37753,136,24,set_7483286,,,13600
bnk_7483286b,7483286,13440,2010-01-03,DEBIT_CARD,37753,136,24,set_7483286b,,,13600
bnk_7483287,7483287,208,2010-01-03,DEBIT_CARD,43293,2,0,set_7483287,,,211
bnk_7483288,7483288,6865,2010-01-03,DEBIT_CARD,81611,69,12,set_7483288,,,6946
bnk_7483289,7483289,5039,2010-01-03,CREDIT_CARD,32858,103,19,set_7483289,,,5161
bnk_7483290,7483290,355,2010-01-03,CREDIT_CARD,62211,7,1,set_7483290,,,363
bnk_7483291,7483291,1542,2010-01-03,DEBIT_CARD,20519,16,3,set_7483291,,,1561
bnk_7483294,7483294,70532,2010-01-03,DEBIT_CARD,87093,714,129,set_7483294,,,71375
bnk_7483295,7483295,113,2010-01-03,DEBIT_CARD,50783,1,0,set_7483295,,,114
bnk_7483297,7483297,3473,2010-01-03,DEBIT_CARD,39021,35,6,set_7483297,,,3514
bnk_7483298,7483298,4148,2010-01-03,DEBIT_CARD,20519,42,8,set_7483298,,,4198
bnk_7483299,7483299,138,2010-01-03,DEBIT_CARD,11790,1,0,set_7483299,,,139
bnk_7483300,7483300,2903,2010-01-03,DEBIT_CARD,9932,29,5,set_7483300,,,2937
bnk_7483301,7483301,24913,2010-01-03,DEBIT_CARD,19877,252,45,set_7483301,,,25210
bnk_7483302,7483302,281,2010-01-03,DEBIT_CARD,47680,3,1,set_7483302,,,285
bnk_7483303,7483303,1989,2010-01-03,CREDIT_CARD,10388,41,7,set_7483303,,,2037
bnk_7483304,7483304,139,2010-01-03,DEBIT_CARD,98374,1,0,set_7483304,,,140
bnk_7483305,7483305,217,2010-01-03,DEBIT_CARD,55060,2,0,set_7483305,,,219
bnk_7483306,7483306,3611,2010-01-03,DEBIT_CARD,39021,37,7,set_7483306,,,3655
bnk_7483307,7483307,11624,2010-01-03,CREDIT_CARD,54850,238,43,set_7483307,,,11905
bnk_7483308,7483308,10320,2010-01-03,CREDIT_CARD,69972,211,38,set_7483308,,,10569
bnk_7483310,7483310,457,2010-01-03,DEBIT_CARD,86058,5,1,set_7483310,,,463
bnk_7483311,7483311,25726,2010-01-03,CREDIT_CARD,70268,527,95,set_7483311,,,26348
bnk_7483312,7483312,613,2010-01-03,DEBIT_CARD,50783,6,1,set_7483312,,,620
bnk_7483314,7483314,142,2010-01-03,DEBIT_CARD,78605,1,0,set_7483314,,,143
bnk_7483315,7483315,106,2010-01-03,CREDIT_CARD,14528,2,0,set_7483315,,,108
bnk_7483317,7483317,3031,2010-01-03,DEBIT_CARD,22204,31,6,set_7483317,,,3068
bnk_7483318,7483318,1101,2010-01-03,DEBIT_CARD,78454,11,2,set_7483318,,,1114
bnk_7483319,7483319,185,2010-01-03,CREDIT_CARD,75936,4,1,set_7483319,,,190
bnk_7483320,7483320,3747,2010-01-03,DEBIT_CARD,86410,38,7,set_7483320,,,3792
bnk_7483321,7483321,194,2010-01-03,DEBIT_CARD,16798,2,0,set_7483321,,,195
bnk_7483322,7483322,3816,2010-01-03,DEBIT_CARD,41260,39,7,set_7483322,,,3862
bnk_7483323,7483323,745,2010-01-03,DEBIT_CARD,65089,8,1,set_7483323,,,755
bnk_7483324,7483324,14464,2010-01-03,DEBIT_CARD,86369,146,26,set_7483324,,,14636
bnk_7483325,7483325,14193,2010-01-03,DEBIT_CARD,69374,144,26,set_7483325,,,14363
bnk_7483327,7483327,77,2010-01-03,DEBIT_CARD,43293,1,0,set_7483327,,,78
bnk_7483328,7483328,330,2010-01-03,DEBIT_CARD,20519,3,1,set_7483328,,,334
bnk_7483329,7483329,213,2010-01-03,DEBIT_CARD,26810,2,0,set_7483329,,,215
bnk_7483330,7483330,6188,2010-01-03,DEBIT_CARD,43293,63,11,set_7483330,,,6262
bnk_7483332,7483332,9764,2010-01-03,CREDIT_CARD,27092,200,36,set_7483332,,,10000
bnk_7483333,7483333,854,2010-01-03,CREDIT_CARD,81833,17,3,set_7483333,,,874
bnk_7483334,7483334,473,2010-01-03,DEBIT_CARD,75781,5,1,set_7483334,,,479
bnk_7483335,7483335,3996,2010-01-03,DEBIT_CARD,39021,40,7,set_7483335,,,4043
bnk_7483338,7483338,3138,2010-01-03,DEBIT_CARD,20561,32,6,set_7483338,,,3176
bnk_7483339,7483339,2019,2010-01-03,DEBIT_CARD,18563,20,4,set_7483339,,,1977
bnk_7483340,7483340,4483,2010-01-03,DEBIT_CARD,20561,45,8,set_7483340,,,4536
bnk_7483342,7483342,301,2010-01-03,CREDIT_CARD,25705,6,1,set_7483342,,,308
bnk_7483343,7483343,6444,2010-01-03,CREDIT_CARD,59935,132,24,set_7483343,,,6600
bnk_7483343b,7483343,6444,2010-01-03,CREDIT_CARD,59935,132,24,set_7483343b,,,6600
bnk_7483344,7483344,184,2010-01-03,DEBIT_CARD,22204,2,0,set_7483344,,,186
bnk_7483345,7483345,637,2010-01-03,DEBIT_CARD,61195,6,1,set_7483345,,,644
bnk_7483346,7483346,16696,2010-01-03,CREDIT_CARD,59474,342,62,set_7483346,,,17100
bnk_7483347,7483347,253,2010-01-03,DEBIT_CARD,45926,3,1,set_7483347,,,257
bnk_7483348,7483348,320,2010-01-03,CREDIT_CARD,92883,7,1,set_7483348,,,328
bnk_7483349,7483349,399,2010-01-03,CREDIT_CARD,50783,8,1,set_7483349,,,409
bnk_7483352,7483352,847,2010-01-03,CREDIT_CARD,55528,17,3,set_7483352,,,867
bnk_7483353,7483353,1197,2010-01-03,DEBIT_CARD,67570,12,2,set_7483353,,,1211
bnk_7483354,7483354,4222,2010-01-03,CREDIT_CARD,59935,87,16,set_7483354,,,4325
bnk_7483355,7483355,9764,2010-01-03,CREDIT_CARD,27092,200,36,set_7483355,,,10000
bnk_7483356,7483356,2230,2010-01-03,DEBIT_CARD,39021,23,4,set_7483356,,,2257
bnk_7483357,7483357,1473,2010-01-03,DEBIT_CARD,20561,15,3,set_7483357,,,1491
bnk_7483358,7483358,5375,2010-01-03,DEBIT_CARD,71667,54,10,set_7483358,,,5439
bnk_7483359,7483359,895,2010-01-03,CREDIT_CARD,83480,18,3,set_7483359,,,916
bnk_7483360,7483360,1962,2010-01-03,DEBIT_CARD,50783,20,4,set_7483360,,,1986
bnk_7483361,7483361,783,2010-01-03,DEBIT_CARD,72698,8,1,set_7483361,,,792
bnk_7483362,7483362,5014,2010-01-03,CREDIT_CARD,60569,103,19,set_7483362,,,5136
bnk_7483363,7483363,38,2010-01-03,DEBIT_CARD,59935,0,0,set_7483363,,,38
bnk_7483364,7483364,688,2010-01-03,CREDIT_CARD,79664,14,3,set_7483364,,,705
bnk_7483365,7483365,3723,2010-01-03,DEBIT_CARD,66558,38,7,set_7483365,,,3768
bnk_7483367,7483367,284,2010-01-03,DEBIT_CARD,59531,3,1,set_7483367,,,288
bnk_7483368,7483368,8597,2010-01-03,DEBIT_CARD,61195,87,16,set_7483368,,,8700
bnk_7483369,7483369,3655,2010-01-03,DEBIT_CARD,99370,37,7,set_7483369,,,3699
bnk_7483370,7483370,5717,2010-01-03,DEBIT_CARD,59935,58,10,set_7483370,,,5785
bnk_7483371,7483371,9289,2010-01-03,DEBIT_CARD,59935,94,17,set_7483371,,,9400
bnk_7483371b,7483371,9289,2010-01-03,DEBIT_CARD,59935,94,17,set_7483371b,,,9400
bnk_7483372,7483372,371,2010-01-03,DEBIT_CARD,49789,4,1,set_7483372,,,376
bnk_7483374,7483374,1622,2010-01-03,DEBIT_CARD,91363,16,3,set_7483374,,,1641
bnk_7483375,7483375,181,2010-01-03,DEBIT_CARD,14528,2,0,set_7483375,,,183
bnk_7483376,7483376,9271,2010-01-03,DEBIT_CARD,9932,94,17,set_7483376,,,9382
bnk_7483377,7483377,3362,2010-01-03,DEBIT_CARD,71904,34,6,set_7483377,,,3402
bnk_7483378,7483378,11859,2010-01-03,DEBIT_CARD,27092,120,22,set_7483378,,,12000
bnk_7483380,7483380,1110,2010-01-03,CREDIT_CARD,73186,23,4,set_7483380,,,1137
bnk_7483381,7483381,379,2010-01-03,DEBIT_CARD,91128,4,1,set_7483381,,,384
bnk_7483382,7483382,11858,2010-01-03,DEBIT_CARD,27092,120,22,set_7483382,,,12000
bnk_7483383,7483383,5295,2010-01-03,DEBIT_CARD,67476,54,10,set_7483383,,,5359
bnk_7483384,7483384,2874,2010-01-03,DEBIT_CARD,54850,29,5,set_7483384,,,2908
bnk_7483386,7483386,2283,2010-01-03,DEBIT_CARD,18563,23,4,set_7483386,,,2310
bnk_7483387,7483387,9783,2010-01-03,DEBIT_CARD,26810,99,18,set_7483387,,,9900
bnk_7483388,7483388,363,2010-01-03,DEBIT_CARD,25887,4,1,set_7483388,,,368
bnk_7483389,7483389,3111,2010-01-03,CREDIT_CARD,50783,64,12,set_7483389,,,3187
bnk_7483391,7483391,211,2010-01-03,CREDIT_CARD,50783,4,1,set_7483391,,,216
bnk_7483394,7483394,2702,2010-01-03,DEBIT_CARD,18563,27,5,set_7483394,,,2734
bnk_7483396,7483396,926,2010-01-03,DEBIT_CARD,18441,9,2,set_7483396,,,937
bnk_7483397,7483397,6731,2010-01-03,DEBIT_CARD,20561,68,12,set_7483397,,,6811
bnk_7483398,7483398,389,2010-01-03,DEBIT_CARD,20519,4,1,set_7483398,,,394
bnk_7483399,7483399,1626,2010-01-03,DEBIT_CARD,20519,16,3,set_7483399,,,1645
bnk_7483401,7483401,6217,2010-01-03,CREDIT_CARD,75781,127,23,set_7483401,,,6367
bnk_7483402,7483402,3316,2010-01-03,DEBIT_CARD,32175,33,6,set_7483402,,,3292
bnk_7483404,7483404,1451,2010-01-03,CREDIT_CARD,47399,27,5,set_7483404,,,1364
bnk_7483406,7483406,8843,2010-01-03,DEBIT_CARD,36936,89,16,set_7483406,,,8948
bnk_7483407,7483407,11910,2010-01-03,CREDIT_CARD,85090,244,44,set_7483407,,,12198
bnk_7483408,7483408,287,2010-01-03,DEBIT_CARD,75781,3,1,set_7483408,,,291
bnk_7483410,7483410,5929,2010-01-03,DEBIT_CARD,27092,60,11,set_7483410,,,6000
bnk_7483411,7483411,322,2010-01-03,DEBIT_CARD,20884,3,1,set_7483411,,,326
bnk_7483412,7483412,1242,2010-01-03,CREDIT_CARD,64032,25,5,set_7483412,,,1272
bnk_7483413,7483413,368,2010-01-03,DEBIT_CARD,20519,4,1,set_7483413,,,373
bnk_7483414,7483414,1457,2010-01-03,DEBIT_CARD,50867,15,3,set_7483414,,,1475
bnk_7483415,7483415,376,2010-01-03,DEBIT_CARD,20519,4,1,set_7483415,,,381
bnk_7483417,7483417,3985,2010-01-03,CREDIT_CARD,59935,82,15,set_7483417,,,4082
bnk_7483418,7483418,5531,2010-01-03,DEBIT_CARD,59935,56,10,set_7483418,,,5597
bnk_7483419,7483419,124,2010-01-03,CREDIT_CARD,14528,3,1,set_7483419,,,128
bnk_7483420,7483420,600,2010-01-03,DEBIT_CARD,13097,6,1,set_7483420,,,607
bnk_7483421,7483421,22126,2010-01-03,CREDIT_CARD,17976,453,82,set_7483421,,,22661
bnk_7483421b,7483421,22126,2010-01-03,CREDIT_CARD,17976,453,82,set_7483421b,,,22661
bnk_7483422,7483422,331,2010-01-03,DEBIT_CARD,84184,3,1,set_7483422,,,335
bnk_7483423,7483423,9764,2010-01-03,CREDIT_CARD,27092,200,36,set_7483423,,,10000
bnk_7483424,7483424,4397,2010-01-03,DEBIT_CARD,61195,45,8,set_7483424,,,4450
bnk_7483425,7483425,7308,2010-01-03,CREDIT_CARD,60569,150,27,set_7483425,,,7485
bnk_7483426,7483426,1265,2010-01-03,CREDIT_CARD,4312,26,5,set_7483426,,,1296
bnk_7483427,7483427,4106,2010-01-03,CREDIT_CARD,16798,84,15,set_7483427,,,4204
bnk_7483430,7483430,2095,2010-01-03,DEBIT_CARD,50783,21,4,set_7483430,,,2120
bnk_7483431,7483431,755,2010-01-03,DEBIT_CARD,17275,6,1,set_7483431,,,618
bnk_7483432,7483432,4980,2010-01-03,CREDIT_CARD,59935,102,18,set_7483432,,,5100
bnk_7483433,7483433,4553,2010-01-03,DEBIT_CARD,27310,46,8,set_7483433,,,4607
bnk_7483434,7483434,3230,2010-01-03,DEBIT_CARD,18563,33,6,set_7483434,,,3269
bnk_7483435,7483435,153,2010-01-03,DEBIT_CARD,22204,2,0,set_7483435,,,155
bnk_7483436,7483436,2814,2010-01-03,DEBIT_CARD,60569,28,5,set_7483436,,,2847
bnk_7483437,7483437,1910,2010-01-03,DEBIT_CARD,710,19,3,set_7483437,,,1932
bnk_7483438,7483438,2148,2010-01-03,DEBIT_CARD,81833,22,4,set_7483438,,,2174
bnk_7483440,7483440,2018,2010-01-03,DEBIT_CARD,94973,20,4,set_7483440,,,2042
bnk_7483441,7483441,1245,2010-01-03,CREDIT_CARD,20561,26,5,set_7483441,,,1276
bnk_7483442,7483442,2218,2010-01-03,CREDIT_CARD,45926,45,8,set_7483442,,,2271
bnk_7483443,7483443,3178,2010-01-03,DEBIT_CARD,13646,32,6,set_7483443,,,3216
bnk_7483444,7483444,552,2010-01-03,DEBIT_CARD,26810,6,1,set_7483444,,,559
bnk_7483446,7483446,828,2010-01-03,CREDIT_CARD,28032,17,3,set_7483446,,,848
bnk_7483447,7483447,7816,2010-01-03,DEBIT_CARD,13076,79,14,set_7483447,,,7909
bnk_7483448,7483448,1653,2010-01-03,DEBIT_CARD,81833,17,3,set_7483448,,,1673
bnk_7483449,7483449,3411,2010-01-03,DEBIT_CARD,50404,35,6,set_7483449,,,3452
bnk_7483450,7483450,1367,2010-01-03,DEBIT_CARD,50783,14,3,set_7483450,,,1384
bnk_7483453,7483453,1267,2010-01-03,CREDIT_CARD,81833,26,5,set_7483453,,,1298
bnk_7483454,7483454,8597,2010-01-03,DEBIT_CARD,59935,87,16,set_7483454,,,8700
bnk_7483455,7483455,1499,2010-01-03,DEBIT_CARD,39021,15,3,set_7483455,,,1517
bnk_7483456,7483456,287,2010-01-03,CREDIT_CARD,40800,6,1,set_7483456,,,294
bnk_7483458,7483458,2959,2010-01-03,DEBIT_CARD,11529,30,5,set_7483458,,,2994
bnk_7483459,7483459,5714,2010-01-03,DEBIT_CARD,50072,58,10,set_7483459,,,5782
bnk_7483460,7483460,624,2010-01-03,DEBIT_CARD,20519,6,1,set_7483460,,,631
bnk_7483461,7483461,3048,2010-01-03,CREDIT_CARD,96958,62,11,set_7483461,,,3121
bnk_7483462,7483462,487,2010-01-03,DEBIT_CARD,98648,5,1,set_7483462,,,493
bnk_7483463,7483463,201,2010-01-03,DEBIT_CARD,59397,2,0,set_7483463,,,203
bnk_7483467,7483467,3935,2010-01-03,DEBIT_CARD,15143,40,7,set_7483467,,,3982
bnk_7483469,7483469,980,2010-01-03,CREDIT_CARD,32858,20,4,set_7483469,,,1004
bnk_7483470,7483470,761,2010-01-03,DEBIT_CARD,20519,7,1,set_7483470,,,661
bnk_7483472,7483472,5315,2010-01-03,DEBIT_CARD,49789,54,10,set_7483472,,,5379
bnk_7483474,7483474,4807,2010-01-03,DEBIT_CARD,26810,49,9,set_7483474,,,4865
bnk_7483475,7483475,373,2010-01-03,DEBIT_CARD,59935,4,1,set_7483475,,,378
bnk_7483476,7483476,3854,2010-01-03,CREDIT_CARD,96246,79,14,set_7483476,,,3947
bnk_7483476b,7483476,3854,2010-01-03,CREDIT_CARD,96246,79,14,set_7483476b,,,3947
bnk_7483477,7483477,97,2010-01-03,DEBIT_CARD,83271,1,0,set_7483477,,,98
bnk_7483478,7483478,881,2010-01-03,DEBIT_CARD,60354,9,2,set_7483478,,,892
bnk_7483479,7483479,3295,2010-01-03,CREDIT_CARD,39021,68,12,set_7483479,,,3375
bnk_7483480,7483480,348,2010-01-03,DEBIT_CARD,50783,2,0,set_7483480,,,226
bnk_7483481,7483481,2722,2010-01-03,DEBIT_CARD,20519,28,5,set_7483481,,,2755
bnk_7483483,7483483,289,2010-01-03,DEBIT_CARD,78454,3,1,set_7483483,,,293
bnk_7483484,7483484,2985,2010-01-03,CREDIT_CARD,56654,61,11,set_7483484,,,3057
bnk_7483486,7483486,814,2010-01-03,CREDIT_CARD,45926,17,3,set_7483486,,,834
bnk_7483487,7483487,9759,2010-01-03,DEBIT_CARD,53836,99,18,set_7483487,,,9876
bnk_7483488,7483488,3927,2010-01-03,DEBIT_CARD,26225,40,7,set_7483488,,,3974
bnk_7483489,7483489,248,2010-01-03,CREDIT_CARD,44919,5,1,set_7483489,,,254
bnk_7483490,7483490,7063,2010-01-03,DEBIT_CARD,23358,71,13,set_7483490,,,7147
bnk_7483491,7483491,132,2010-01-03,CREDIT_CARD,86438,3,1,set_7483491,,,136
bnk_7483492,7483492,1161,2010-01-03,DEBIT_CARD,45926,12,2,set_7483492,,,1175
bnk_7483494,7483494,9882,2010-01-03,DEBIT_CARD,27092,100,18,set_7483494,,,10000
bnk_7483495,7483495,5023,2010-01-03,DEBIT_CARD,43293,51,9,set_7483495,,,5083
bnk_7483496,7483496,721,2010-01-03,DEBIT_CARD,23695,7,1,set_7483496,,,729
bnk_7483497,7483497,2617,2010-01-03,CREDIT_CARD,96457,54,10,set_7483497,,,2681
bnk_7483498,7483498,8301,2010-01-03,DEBIT_CARD,61195,84,15,set_7483498,,,8400
bnk_7483499,7483499,267,2010-01-03,DEBIT_CARD,98735,3,1,set_7483499,,,271
bnk_7483501,7483501,11831,2010-01-03,DEBIT_CARD,7710,120,22,set_7483501,,,11973
bnk_7483502,7483502,225,2010-01-03,DEBIT_CARD,75781,2,0,set_7483502,,,227
bnk_7483503,7483503,736,2010-01-03,CREDIT_CARD,18563,15,3,set_7483503,,,754
bnk_7483504,7483504,9091,2010-01-03,DEBIT_CARD,59935,92,17,set_7483504,,,9200
bnk_7483505,7483505,686,2010-01-03,DEBIT_CARD,32858,7,1,set_7483505,,,694
bnk_7483506,7483506,259,2010-01-03,DEBIT_CARD,75781,3,1,set_7483506,,,263
bnk_7483508,7483508,1741,2010-01-03,DEBIT_CARD,50404,18,3,set_7483508,,,1762
bnk_7483510,7483510,342,2010-01-03,DEBIT_CARD,61195,3,1,set_7483510,,,346
bnk_7483511,7483511,1865,2010-01-03,DEBIT_CARD,67570,19,3,set_7483511,,,1887
bnk_7483512,7483512,2697,2010-01-03,DEBIT_CARD,16798,27,5,set_7483512,,,2729
bnk_7483513,7483513,5189,2010-01-03,DEBIT_CARD,61195,53,10,set_7483513,,,5252
bnk_7483514,7483514,463,2010-01-03,DEBIT_CARD,43400,5,1,set_7483514,,,469
bnk_7483515,7483515,3843,2010-01-03,DEBIT_CARD,39021,39,7,set_7483515,,,3890
bnk_7483517,7483517,1128,2010-01-03,DEBIT_CARD,24928,11,2,set_7483517,,,1141
bnk_7483517b,7483517,1128,2010-01-03,DEBIT_CARD,24928,11,2,set_7483517b,,,1141
bnk_7483519,7483519,5139,2010-01-03,DEBIT_CARD,49789,52,9,set_7483519,,,5200
bnk_7483521,7483521,202,2010-01-03,DEBIT_CARD,75936,2,0,set_7483521,,,204
bnk_7483522,7483522,574,2010-01-03,DEBIT_CARD,81833,6,1,set_7483522,,,581
bnk_7483523,7483523,1569,2010-01-03,CREDIT_CARD,24504,32,6,set_7483523,,,1607
bnk_7483524,7483524,8696,2010-01-03,DEBIT_CARD,43293,88,16,set_7483524,,,8800
bnk_7483525,7483525,335,2010-01-03,DEBIT_CARD,23481,3,1,set_7483525,,,339
bnk_7483526,7483526,848,2010-01-03,DEBIT_CARD,99224,9,2,set_7483526,,,859
bnk_7483527,7483527,11143,2010-01-03,DEBIT_CARD,43293,113,20,set_7483527,,,11276
bnk_7483528,7483528,244,2010-01-03,CREDIT_CARD,44919,5,1,set_7483528,,,250
bnk_7483529,7483529,5864,2010-01-03,DEBIT_CARD,59935,59,11,set_7483529,,,5934
bnk_7483530,7483530,2247,2010-01-03,CREDIT_CARD,16798,46,8,set_7483530,,,2301
bnk_7483530b,7483530,2247,2010-01-03,CREDIT_CARD,16798,46,8,set_7483530b,,,2301
bnk_7483531,7483531,1136,2010-01-03,DEBIT_CARD,88459,12,2,set_7483531,,,1150
bnk_7483532,7483532,306,2010-01-03,DEBIT_CARD,1240,3,1,set_7483532,,,310
bnk_7483533,7483533,4576,2010-01-03,DEBIT_CARD,60569,46,8,set_7483533,,,4630
bnk_7483535,7483535,6978,2010-01-03,DEBIT_CARD,26810,71,13,set_7483535,,,7062
bnk_7483534,7483534,7587,2010-01-03,DEBIT_CARD,26810,76,14,set_7483534,,,7600
bnk_7483536,7483536,2589,2010-01-03,DEBIT_CARD,61195,26,5,set_7483536,,,2620
bnk_7483537,7483537,226,2010-01-03,DEBIT_CARD,50783,2,0,set_7483537,,,228
bnk_7483538,7483538,1388,2010-01-03,CREDIT_CARD,55528,28,5,set_7483538,,,1421
bnk_7483540,7483540,1715,2010-01-03,DEBIT_CARD,25887,17,3,set_7483540,,,1735
bnk_7483541,7483541,829,2010-01-03,DEBIT_CARD,55177,8,1,set_7483541,,,838
bnk_7483542,7483542,1794,2010-01-03,DEBIT_CARD,16798,18,3,set_7483542,,,1815
bnk_7483544,7483544,139,2010-01-03,DEBIT_CARD,20519,1,0,set_7483544,,,140
bnk_7483545,7483545,154,2010-01-03,DEBIT_CARD,86438,2,0,set_7483545,,,156
bnk_7483546,7483546,3886,2010-01-03,DEBIT_CARD,49789,39,7,set_7483546,,,3932
bnk_7483548,7483548,2084,2010-01-03,DEBIT_CARD,59935,21,4,set_7483548,,,2109
bnk_7483549,7483549,1281,2010-01-03,CREDIT_CARD,30928,26,5,set_7483549,,,1312
bnk_7483550,7483550,4377,2010-01-03,DEBIT_CARD,39021,44,8,set_7483550,,,4429
bnk_7483553,7483553,108,2010-01-03,CREDIT_CARD,84910,2,0,set_7483553,,,110
bnk_7483554,7483554,577,2010-01-03,DEBIT_CARD,44578,6,1,set_7483554,,,584
bnk_7483556,7483556,3743,2010-01-03,CREDIT_CARD,55854,77,14,set_7483556,,,3834
bnk_7483557,7483557,4857,2010-01-03,DEBIT_CARD,75781,49,9,set_7483557,,,4915
bnk_7483558,7483558,10616,2010-01-03,DEBIT_CARD,72698,107,19,set_7483558,,,10742
bnk_7483560,7483560,210,2010-01-03,DEBIT_CARD,26603,2,0,set_7483560,,,212
bnk_7483561,7483561,2880,2010-01-03,CREDIT_CARD,8471,59,11,set_7483561,,,2950
bnk_7483562,7483562,647,2010-01-03,DEBIT_CARD,17275,7,1,set_7483562,,,655
bnk_7483563,7483563,2123,2010-01-03,CREDIT_CARD,59935,44,8,set_7483563,,,2175
bnk_7483564,7483564,294,2010-01-03,CREDIT_CARD,21842,6,1,set_7483564,,,301
bnk_7483565,7483565,1786,2010-01-03,DEBIT_CARD,81833,18,3,set_7483565,,,1807
bnk_7483566,7483566,8696,2010-01-03,DEBIT_CARD,61195,88,16,set_7483566,,,8800
bnk_7483567,7483567,4418,2010-01-03,CREDIT_CARD,14565,91,16,set_7483567,,,4525
bnk_7483568,7483568,1578,2010-01-03,DEBIT_CARD,85247,16,3,set_7483568,,,1597
bnk_7483569,7483569,122,2010-01-03,DEBIT_CARD,80711,1,0,set_7483569,,,123
bnk_7483570,7483570,866,2010-01-03,DEBIT_CARD,22204,9,2,set_7483570,,,877
bnk_7483571,7483571,3881,2010-01-03,DEBIT_CARD,15143,39,7,set_7483571,,,3927
bnk_7483573,7483573,7016,2010-01-03,DEBIT_CARD,43293,71,13,set_7483573,,,7100
bnk_7483574,7483574,9371,2010-01-03,DEBIT_CARD,3654,95,17,set_7483574,,,9483
bnk_7483574b,7483574,9371,2010-01-03,DEBIT_CARD,3654,95,17,set_7483574b,,,9483
bnk_7483575,7483575,292,2010-01-03,DEBIT_CARD,98648,3,1,set_7483575,,,296
bnk_7483576,7483576,11717,2010-01-03,CREDIT_CARD,27092,240,43,set_7483576,,,12000
bnk_7483577,7483577,335,2010-01-03,DEBIT_CARD,61195,3,1,set_7483577,,,266
bnk_7483578,7483578,1033,2010-01-03,DEBIT_CARD,20519,10,2,set_7483578,,,1045
bnk_7483579,7483579,158,2010-01-03,DEBIT_CARD,14528,2,0,set_7483579,,,160
bnk_7483580,7483580,7472,2010-01-03,DEBIT_CARD,9924,76,14,set_7483580,,,7562
bnk_7483581,7483581,2725,2010-01-03,DEBIT_CARD,50783,28,5,set_7483581,,,2758
bnk_7483582,7483582,1460,2010-01-03,CREDIT_CARD,20519,30,5,set_7483582,,,1495
bnk_7483584,7483584,8104,2010-01-03,CREDIT_CARD,59935,166,30,set_7483584,,,8300
bnk_7483585,7483585,6917,2010-01-03,DEBIT_CARD,59935,70,13,set_7483585,,,7000
bnk_7483586,7483586,2977,2010-01-03,DEBIT_CARD,96774,30,5,set_7483586,,,3012
bnk_7483589,7483589,219,2010-01-03,DEBIT_CARD,47033,2,0,set_7483589,,,221
bnk_7483590,7483590,13086,2010-01-03,DEBIT_CARD,20916,132,24,set_7483590,,,13242
bnk_7483592,7483592,5929,2010-01-03,DEBIT_CARD,27092,60,11,set_7483592,,,6000
bnk_7483593,7483593,64,2010-01-03,CREDIT_CARD,75781,1,0,set_7483593,,,65
bnk_7483594,7483594,183,2010-01-03,DEBIT_CARD,75936,2,0,set_7483594,,,185
bnk_7483595,7483595,156,2010-01-03,CREDIT_CARD,14528,3,1,set_7483595,,,160
bnk_7483596,7483596,175,2010-01-03,DEBIT_CARD,43293,2,0,set_7483596,,,177
bnk_7483597,7483597,396,2010-01-03,DEBIT_CARD,98374,4,1,set_7483597,,,401
bnk_7483598,7483598,1235,2010-01-03,DEBIT_CARD,65551,12,2,set_7483598,,,1249
bnk_7483599,7483599,5247,2010-01-03,CREDIT_CARD,60569,107,19,set_7483599,,,5373
bnk_7483600,7483600,10875,2010-01-03,DEBIT_CARD,726,110,20,set_7483600,,,11005
bnk_7483601,7483601,10503,2010-01-03,CREDIT_CARD,68668,215,39,set_7483601,,,10757
bnk_7483602,7483602,4735,2010-01-03,CREDIT_CARD,50404,97,17,set_7483602,,,4849
bnk_7483604,7483604,2009,2010-01-03,CREDIT_CARD,41080,41,7,set_7483604,,,2057
bnk_7483606,7483606,5692,2010-01-03,DEBIT_CARD,61195,58,10,set_7483606,,,5760
bnk_7483607,7483607,3354,2010-01-03,DEBIT_CARD,59935,34,6,set_7483607,,,3394
bnk_7483609,7483609,83,2010-01-03,DEBIT_CARD,50867,1,0,set_7483609,,,84
bnk_7483610,7483610,2588,2010-01-03,CREDIT_CARD,34490,53,10,set_7483610,,,2652
bnk_7483611,7483611,3566,2010-01-03,CREDIT_CARD,18563,73,13,set_7483611,,,3652
bnk_7483612,7483612,9764,2010-01-03,CREDIT_CARD,27092,200,36,set_7483612,,,10000
bnk_7483613,7483613,16,2010-01-03,DEBIT_CARD,75781,0,0,set_7483613,,,16
bnk_7483615,7483615,40,2010-01-03,CREDIT_CARD,75781,1,0,set_7483615,,,41
bnk_7483617,7483617,4655,2010-01-03,DEBIT_CARD,39021,47,8,set_7483617,,,4710
bnk_7483618,7483618,330,2010-01-03,DEBIT_CARD,22204,3,1,set_7483618,,,334
bnk_7483619,7483619,3887,2010-01-03,DEBIT_CARD,7472,39,7,set_7483619,,,3933
bnk_7483620,7483620,3740,2010-01-03,DEBIT_CARD,20561,38,7,set_7483620,,,3785
bnk_7483622,7483622,17022,2010-01-03,CREDIT_CARD,31707,349,63,set_7483622,,,17434
bnk_7483623,7483623,13670,2010-01-03,CREDIT_CARD,27092,280,50,set_7483623,,,14000
bnk_7483624,7483624,5831,2010-01-03,DEBIT_CARD,59935,59,11,set_7483624,,,5900
bnk_7483625,7483625,268,2010-01-03,CREDIT_CARD,50783,6,1,set_7483625,,,275
bnk_7483627,7483627,5077,2010-01-03,CREDIT_CARD,59935,104,19,set_7483627,,,5200
bnk_7483628,7483628,582,2010-01-03,DEBIT_CARD,75936,6,1,set_7483628,,,589
bnk_7483629,7483629,4980,2010-01-03,CREDIT_CARD,59935,102,18,set_7483629,,,5100
bnk_7483630,7483630,3459,2010-01-03,CREDIT_CARD,24823,71,13,set_7483630,,,3543
bnk_7483632,7483632,112,2010-01-03,DEBIT_CARD,16798,1,0,set_7483632,,,113
bnk_7483634,7483634,5771,2010-01-03,DEBIT_CARD,59935,58,10,set_7483634,,,5839
bnk_7483633,7483633,5435,2010-01-03,DEBIT_CARD,59935,55,10,set_7483633,,,5500
bnk_7483635,7483635,5732,2010-01-03,DEBIT_CARD,59935,58,10,set_7483635,,,5800
bnk_7483636,7483636,9868,2010-01-03,DEBIT_CARD,26909,100,18,set_7483636,,,9986
bnk_7483637,7483637,8188,2010-01-03,CREDIT_CARD,24823,168,30,set_7483637,,,8386
bnk_7483640,7483640,279,2010-01-03,CREDIT_CARD,7886,6,1,set_7483640,,,286
bnk_7483641,7483641,257,2010-01-03,DEBIT_CARD,50783,3,1,set_7483641,,,261
bnk_7483643,7483643,10082,2010-01-03,DEBIT_CARD,31707,102,18,set_7483643,,,10202
bnk_7483644,7483644,8050,2010-01-03,DEBIT_CARD,32355,81,15,set_7483644,,,8146
bnk_7483645,7483645,341,2010-01-03,CREDIT_CARD,44578,7,1,set_7483645,,,349
bnk_7483646,7483646,7484,2010-01-03,DEBIT_CARD,39021,76,14,set_7483646,,,7574
bnk_7483647,7483647,193,2010-01-03,DEBIT_CARD,59935,2,0,set_7483647,,,195
bnk_7483648,7483648,364,2010-01-03,DEBIT_CARD,75936,4,1,set_7483648,,,369
bnk_7483649,7483649,7906,2010-01-03,DEBIT_CARD,27092,80,14,set_7483649,,,8000
bnk_7483650,7483650,874,2010-01-03,DEBIT_CARD,25887,9,2,set_7483650,,,885
bnk_7483651,7483651,364,2010-01-03,DEBIT_CARD,44919,4,1,set_7483651,,,369
bnk_7483652,7483652,2439,2010-01-03,DEBIT_CARD,50783,25,5,set_7483652,,,2469
bnk_7483656,7483656,6536,2010-01-03,DEBIT_CARD,32858,66,12,set_7483656,,,6614
bnk_7483658,7483658,1594,2010-01-03,CREDIT_CARD,33841,33,6,set_7483658,,,1633
bnk_7483659,7483659,3395,2010-01-03,CREDIT_CARD,42858,70,13,set_7483659,,,3478
bnk_7483660,7483660,500,2010-01-03,DEBIT_CARD,75781,5,1,set_7483660,,,506
bnk_7483661,7483661,7609,2010-01-03,DEBIT_CARD,59935,77,14,set_7483661,,,7700
bnk_7483662,7483662,9666,2010-01-03,CREDIT_CARD,50867,198,36,set_7483662,,,9900
bnk_7483663,7483663,2897,2010-01-03,DEBIT_CARD,7472,29,5,set_7483663,,,2931
bnk_7483664,7483664,696,2010-01-03,DEBIT_CARD,78854,7,1,set_7483664,,,704
bnk_7483665,7483665,494,2010-01-03,DEBIT_CARD,75781,5,1,set_7483665,,,499
bnk_7483666,7483666,1537,2010-01-03,CREDIT_CARD,83480,31,6,set_7483666,,,1574
bnk_7483667,7483667,4574,2010-01-03,DEBIT_CARD,39021,46,8,set_7483667,,,4628
bnk_7483668,7483668,20582,2010-01-03,CREDIT_CARD,73535,422,76,set_7483668,,,21080
bnk_7483669,7483669,1117,2010-01-03,CREDIT_CARD,18563,23,4,set_7483669,,,1144
bnk_7483670,7483670,14289,2010-01-03,DEBIT_CARD,59935,145,26,set_7483670,,,14460
bnk_7483671,7483671,4683,2010-01-03,DEBIT_CARD,8797,47,8,set_7483671,,,4738
bnk_7483672,7483672,5993,2010-01-03,DEBIT_CARD,64057,61,11,set_7483672,,,6065
bnk_7483673,7483673,246,2010-01-03,DEBIT_CARD,75781,3,1,set_7483673,,,250
bnk_7483674,7483674,2605,2010-01-03,DEBIT_CARD,86334,26,5,set_7483674,,,2636
bnk_7483677,7483677,2612,2010-01-03,CREDIT_CARD,13646,54,10,set_7483677,,,2676
bnk_7483678,7483678,11858,2010-01-03,DEBIT_CARD,27092,120,22,set_7483678,,,12000
bnk_7483679,7483679,4582,2010-01-03,DEBIT_CARD,13646,46,8,set_7483679,,,4636
bnk_7483680,7483680,1101,2010-01-03,CREDIT_CARD,20561,23,4,set_7483680,,,1128
bnk_7483682,7483682,2305,2010-01-03,DEBIT_CARD,39021,23,4,set_7483682,,,2332
bnk_7483685,7483685,3344,2010-01-03,DEBIT_CARD,73958,34,6,set_7483685,,,3384
bnk_7483686,7483686,2751,2010-01-03,CREDIT_CARD,39021,56,10,set_7483686,,,2817
bnk_7483687,7483687,165,2010-01-03,DEBIT_CARD,41854,2,0,set_7483687,,,167
bnk_7483688,7483688,639,2010-01-03,DEBIT_CARD,69972,6,1,set_7483688,,,646
bnk_7483689,7483689,31157,2010-01-03,CREDIT_CARD,75393,638,115,set_7483689,,,31910
bnk_7483690,7483690,266,2010-01-03,DEBIT_CARD,50783,3,1,set_7483690,,,270
bnk_7483691,7483691,1638,2010-01-03,DEBIT_CARD,12614,17,3,set_7483691,,,1658
bnk_7483691b,7483691,1638,2010-01-03,DEBIT_CARD,12614,17,3,set_7483691b,,,1658
bnk_7483692,7483692,13337,2010-01-03,DEBIT_CARD,26909,134,24,set_7483692,,,13443
bnk_7483693,7483693,273,2010-01-03,DEBIT_CARD,75936,3,1,set_7483693,,,277
bnk_7483694,7483694,3304,2010-01-03,DEBIT_CARD,87858,33,6,set_7483694,,,3343
bnk_7483695,7483695,251,2010-01-03,CREDIT_CARD,59935,5,1,set_7483695,,,257
bnk_7483696,7483696,1871,2010-01-03,DEBIT_CARD,18563,19,3,set_7483696,,,1893
bnk_7483697,7483697,477,2010-01-03,DEBIT_CARD,61195,5,1,set_7483697,,,483
bnk_7483698,7483698,240,2010-01-03,DEBIT_CARD,16339,2,0,set_7483698,,,242
bnk_7483699,7483699,184,2010-01-03,DEBIT_CARD,86438,2,0,set_7483699,,,186
bnk_7483700,7483700,8448,2010-01-03,CREDIT_CARD,59935,173,31,set_7483700,,,8652
bnk_7483701,7483701,5339,2010-01-03,DEBIT_CARD,37369,54,10,set_7483701,,,5403
bnk_7483704,7483704,2231,2010-01-03,DEBIT_CARD,39021,23,4,set_7483704,,,2258
bnk_7483705,7483705,9393,2010-01-03,DEBIT_CARD,61195,95,17,set_7483705,,,9505
bnk_7483706,7483706,9882,2010-01-03,DEBIT_CARD,27092,100,18,set_7483706,,,10000
bnk_7483707,7483707,2071,2010-01-03,CREDIT_CARD,7021,42,8,set_7483707,,,2121
bnk_7483708,7483708,261,2010-01-03,DEBIT_CARD,79847,3,1,set_7483708,,,265
bnk_7483709,7483709,518,2010-01-03,DEBIT_CARD,55137,5,1,set_7483709,,,524
bnk_7483710,7483710,207,2010-01-03,DEBIT_CARD,49789,2,0,set_7483710,,,209
bnk_7483711,7483711,6657,2010-01-03,DEBIT_CARD,61195,67,12,set_7483711,,,6736
bnk_7483712,7483712,1733,2010-01-03,CREDIT_CARD,20561,36,6,set_7483712,,,1775
bnk_7483713,7483713,15099,2010-01-03,CREDIT_CARD,70903,309,56,set_7483713,,,15464
bnk_7483714,7483714,2442,2010-01-03,CREDIT_CARD,15143,50,9,set_7483714,,,2501
bnk_7483715,7483715,322,2010-01-03,DEBIT_CARD,12067,3,1,set_7483715,,,326
bnk_7483717,7483717,113,2010-01-03,DEBIT_CARD,44578,1,0,set_7483717,,,114
bnk_7483718,7483718,23,2010-01-03,DEBIT_CARD,75781,0,0,set_7483718,,,23
bnk_7483718b,7483718,23,2010-01-03,DEBIT_CARD,75781,0,0,set_7483718b,,,23
bnk_7483720,7483720,8413,2010-01-03,DEBIT_CARD,61195,85,15,set_7483720,,,8513
bnk_7483721,7483721,3905,2010-01-03,CREDIT_CARD,97191,80,14,set_7483721,,,3999
bnk_7483722,7483722,5448,2010-01-03,DEBIT_CARD,86959,55,10,set_7483722,,,5513
bnk_7483722b,7483722,5448,2010-01-03,DEBIT_CARD,86959,55,10,set_7483722b,,,5513
bnk_7483723,7483723,61,2010-01-03,DEBIT_CARD,14528,1,0,set_7483723,,,62
bnk_7483724,7483724,224,2010-01-03,DEBIT_CARD,43293,2,0,set_7483724,,,226
bnk_7483725,7483725,6720,2010-01-03,DEBIT_CARD,61195,68,12,set_7483725,,,6800
bnk_7483727,7483727,2977,2010-01-03,DEBIT_CARD,50404,30,5,set_7483727,,,3012
bnk_7483727b,7483727,2977,2010-01-03,DEBIT_CARD,50404,30,5,set_7483727b,,,3012
bnk_7483728,7483728,1496,2010-01-03,DEBIT_CARD,88852,15,3,set_7483728,,,1514
bnk_7483729,7483729,6926,2010-01-03,CREDIT_CARD,32175,142,26,set_7483729,,,7094
bnk_7483731,7483731,1696,2010-01-03,CREDIT_CARD,3033,32,6,set_7483731,,,1611
bnk_7483732,7483732,7060,2010-01-03,CREDIT_CARD,18215,142,26,set_7483732,,,7086
bnk_7483733,7483733,3776,2010-01-03,DEBIT_CARD,20561,38,7,set_7483733,,,3821
bnk_7483734,7483734,2475,2010-01-03,DEBIT_CARD,20561,25,5,set_7483734,,,2505
bnk_7483735,7483735,2386,2010-01-03,CREDIT_CARD,212,49,9,set_7483735,,,2444
bnk_7483736,7483736,258,2010-01-03,DEBIT_CARD,17493,3,1,set_7483736,,,262
bnk_7483737,7483737,3194,2010-01-03,CREDIT_CARD,59935,65,12,set_7483737,,,3271
bnk_7483739,7483739,2986,2010-01-03,CREDIT_CARD,75781,61,11,set_7483739,,,3058
bnk_7483743,7483743,4741,2010-01-03,CREDIT_CARD,50867,97,17,set_7483743,,,4855
bnk_7483744,7483744,21049,2010-01-03,CREDIT_CARD,78644,431,78,set_7483744,,,21558
bnk_7483745,7483745,2506,2010-01-03,DEBIT_CARD,50783,25,5,set_7483745,,,2536
bnk_7483746,7483746,9883,2010-01-03,DEBIT_CARD,27092,100,18,set_7483746,,,10000
bnk_7483748,7483748,269,2010-01-03,DEBIT_CARD,20519,3,1,set_7483748,,,273
bnk_7483749,7483749,2823,2010-01-03,DEBIT_CARD,24437,29,5,set_7483749,,,2857
bnk_7483750,7483750,9882,2010-01-03,DEBIT_CARD,27092,100,18,set_7483750,,,10000
bnk_7483751,7483751,337,2010-01-03,CREDIT_CARD,16999,7,1,set_7483751,,,345
bnk_7483752,7483752,3734,2010-01-03,DEBIT_CARD,39021,36,6,set_7483752,,,3647
bnk_7483753,7483753,48,2010-01-03,DEBIT_CARD,20519,0,0,set_7483753,,,48
bnk_7483754,7483754,6522,2010-01-03,DEBIT_CARD,61195,66,12,set_7483754,,,6600
bnk_7483755,7483755,2382,2010-01-03,DEBIT_CARD,4985,24,4,set_7483755,,,2410
bnk_7483757,7483757,410,2010-01-03,DEBIT_CARD,87625,4,1,set_7483757,,,415
bnk_7483758,7483758,268,2010-01-03,DEBIT_CARD,20519,3,1,set_7483758,,,272
bnk_7483760,7483760,1106,2010-01-03,DEBIT_CARD,61195,11,2,set_7483760,,,1119
bnk_7483762,7483762,2901,2010-01-03,DEBIT_CARD,59935,29,5,set_7483762,,,2935
bnk_7483763,7483763,577,2010-01-03,DEBIT_CARD,88998,6,1,set_7483763,,,584
bnk_7483764,7483764,848,2010-01-03,DEBIT_CARD,59935,9,2,set_7483764,,,859
bnk_7483765,7483765,192,2010-01-03,DEBIT_CARD,9078,2,0,set_7483765,,,194
bnk_7483766,7483766,1430,2010-01-03,DEBIT_CARD,95567,14,3,set_7483766,,,1447
bnk_7483767,7483767,720,2010-01-03,DEBIT_CARD,9254,7,1,set_7483767,,,728
bnk_7483768,7483768,4861,2010-01-03,DEBIT_CARD,39021,49,9,set_7483768,,,4919
bnk_7483770,7483770,997,2010-01-03,CREDIT_CARD,17678,20,4,set_7483770,,,1021
bnk_7483773,7483773,318,2010-01-03,DEBIT_CARD,16283,3,1,set_7483773,,,322
bnk_7483774,7483774,3773,2010-01-03,DEBIT_CARD,75781,37,7,set_7483774,,,3670
bnk_7483776,7483776,6075,2010-01-03,CREDIT_CARD,35652,124,22,set_7483776,,,6221
bnk_7483777,7483777,874,2010-01-03,DEBIT_CARD,53635,9,2,set_7483777,,,885
bnk_7483778,7483778,5949,2010-01-03,DEBIT_CARD,59935,60,11,set_7483778,,,6020
bnk_7483779,7483779,271,2010-01-03,DEBIT_CARD,98648,3,1,set_7483779,,,275
bnk_7483781,7483781,4979,2010-01-03,DEBIT_CARD,94625,50,9,set_7483781,,,5038
bnk_7483782,7483782,560,2010-01-03,CREDIT_CARD,61195,11,2,set_7483782,,,574
bnk_7483783,7483783,6375,2010-01-03,DEBIT_CARD,78312,65,12,set_7483783,,,6451
bnk_7483784,7483784,2593,2010-01-03,DEBIT_CARD,96246,26,5,set_7483784,,,2624
bnk_7483785,7483785,233,2010-01-03,DEBIT_CARD,59397,2,0,set_7483785,,,235
bnk_7483787,7483787,406,2010-01-03,DEBIT_CARD,27664,4,1,set_7483787,,,411
bnk_7483788,7483788,448,2010-01-03,DEBIT_CARD,47399,5,1,set_7483788,,,454
bnk_7483789,7483789,180,2010-01-03,DEBIT_CARD,20519,2,0,set_7483789,,,182
bnk_7483790,7483790,149,2010-01-03,CREDIT_CARD,63573,3,1,set_7483790,,,153
bnk_7483791,7483791,4474,2010-01-03,CREDIT_CARD,85041,92,17,set_7483791,,,4583
bnk_7483792,7483792,122,2010-01-03,CREDIT_CARD,14528,2,0,set_7483792,,,124
bnk_7483794,7483794,3133,2010-01-03,DEBIT_CARD,19964,32,6,set_7483794,,,3171
bnk_7483796,7483796,477,2010-01-03,CREDIT_CARD,50783,10,2,set_7483796,,,489
bnk_7483797,7483797,9810,2010-01-03,DEBIT_CARD,24823,99,18,set_7483797,,,9927
bnk_7483798,7483798,694,2010-01-03,DEBIT_CARD,50783,7,1,set_7483798,,,702
bnk_7483799,7483799,5435,2010-01-03,DEBIT_CARD,59935,55,10,set_7483799,,,5500
bnk_7483801,7483801,1305,2010-01-03,DEBIT_CARD,60569,13,2,set_7483801,,,1320
bnk_7483802,7483802,331,2010-01-03,DEBIT_CARD,25093,3,1,set_7483802,,,335
bnk_7483803,7483803,180,2010-01-03,DEBIT_CARD,50783,2,0,set_7483803,,,183
bnk_7483804,7483804,3836,2010-01-03,CREDIT_CARD,12554,79,14,set_7483804,,,3929
bnk_7483805,7483805,6601,2010-01-03,CREDIT_CARD,80589,134,24,set_7483805,,,6706
bnk_7483806,7483806,2014,2010-01-03,CREDIT_CARD,56579,41,7,set_7483806,,,2062
bnk_7483807,7483807,797,2010-01-03,DEBIT_CARD,10792,7,1,set_7483807,,,675
bnk_7483808,7483808,277,2010-01-03,DEBIT_CARD,61195,3,1,set_7483808,,,281
bnk_7483809,7483809,6654,2010-01-03,CREDIT_CARD,61195,136,24,set_7483809,,,6814
bnk_7483810,7483810,4892,2010-01-03,DEBIT_CARD,34490,50,9,set_7483810,,,4951
bnk_7483811,7483811,1652,2010-01-03,DEBIT_CARD,94123,17,3,set_7483811,,,1672
bnk_7483812,7483812,51,2010-01-03,DEBIT_CARD,43293,1,0,set_7483812,,,52
bnk_7483813,7483813,100,2010-01-03,DEBIT_CARD,14528,1,0,set_7483813,,,101
bnk_7483814,7483814,422,2010-01-03,DEBIT_CARD,8813,4,1,set_7483814,,,427
bnk_7483815,7483815,3457,2010-01-03,DEBIT_CARD,16798,34,6,set_7483815,,,3425
bnk_7483816,7483816,490,2010-01-03,DEBIT_CARD,26810,5,1,set_7483816,,,496
bnk_7483817,7483817,10829,2010-01-03,DEBIT_CARD,80374,110,20,set_7483817,,,10959
bnk_7483818,7483818,1391,2010-01-03,CREDIT_CARD,88183,28,5,set_7483818,,,1424
bnk_7483819,7483819,68,2010-01-03,DEBIT_CARD,14528,1,0,set_7483819,,,69
bnk_7483820,7483820,2648,2010-01-03,CREDIT_CARD,18563,54,10,set_7483820,,,2712
bnk_7483821,7483821,6527,2010-01-03,DEBIT_CARD,43449,66,12,set_7483821,,,6605
bnk_7483823,7483823,252,2010-01-03,DEBIT_CARD,847,3,1,set_7483823,,,256
bnk_7483824,7483824,7336,2010-01-03,DEBIT_CARD,79927,74,13,set_7483824,,,7423
bnk_7483825,7483825,11343,2010-01-03,CREDIT_CARD,80770,232,42,set_7483825,,,11617
bnk_7483826,7483826,5502,2010-01-03,DEBIT_CARD,50783,56,10,set_7483826,,,5568
bnk_7483827,7483827,7486,2010-01-03,DEBIT_CARD,59935,75,14,set_7483827,,,7500
bnk_7483828,7483828,974,2010-01-03,DEBIT_CARD,78454,10,2,set_7483828,,,986
bnk_7483828b,7483828,974,2010-01-03,DEBIT_CARD,78454,10,2,set_7483828b,,,986
bnk_7483829,7483829,250,2010-01-03,DEBIT_CARD,50783,3,1,set_7483829,,,254
bnk_7483830,7483830,2798,2010-01-03,CREDIT_CARD,49789,57,10,set_7483830,,,2865
bnk_7483832,7483832,334,2010-01-03,DEBIT_CARD,20519,3,1,set_7483832,,,338
bnk_7483834,7483834,308,2010-01-03,CREDIT_CARD,53054,6,1,set_7483834,,,315
bnk_7483835,7483835,350,2010-01-03,CREDIT_CARD,47944,7,1,set_7483835,,,358
bnk_7483836,7483836,185,2010-01-03,CREDIT_CARD,39688,4,1,set_7483836,,,190
bnk_7483837,7483837,5231,2010-01-03,DEBIT_CARD,59935,53,10,set_7483837,,,5294
bnk_7483838,7483838,12287,2010-01-03,CREDIT_CARD,98374,252,45,set_7483838,,,12584
bnk_7483839,7483839,72,2010-01-03,DEBIT_CARD,14528,1,0,set_7483839,,,73
bnk_7483840,7483840,3175,2010-01-03,CREDIT_CARD,81833,65,12,set_7483840,,,3252
bnk_7483841,7483841,291,2010-01-03,CREDIT_CARD,81833,6,1,set_7483841,,,298
bnk_7483842,7483842,335,2010-01-03,DEBIT_CARD,20519,3,1,set_7483842,,,339
bnk_7483843,7483843,816,2010-01-03,DEBIT_CARD,83038,8,1,set_7483843,,,825
bnk_7483846,7483846,148,2010-01-03,DEBIT_CARD,35451,1,0,set_7483846,,,149
bnk_7483847,7483847,3464,2010-01-03,CREDIT_CARD,15143,71,13,set_7483847,,,3548
bnk_7483849,7483849,4689,2010-01-03,CREDIT_CARD,75781,96,17,set_7483849,,,4802
bnk_7483850,7483850,2752,2010-01-03,CREDIT_CARD,15143,56,10,set_7483850,,,2818
bnk_7483851,7483851,6838,2010-01-03,DEBIT_CARD,64057,69,12,set_7483851,,,6919
bnk_7483852,7483852,236,2010-01-03,DEBIT_CARD,19159,2,0,set_7483852,,,238
bnk_7483854,7483854,1306,2010-01-03,DEBIT_CARD,50783,13,2,set_7483854,,,1321
bnk_7483855,7483855,326,2010-01-03,DEBIT_CARD,59935,3,1,set_7483855,,,330
bnk_7483856,7483856,687,2010-01-03,DEBIT_CARD,12547,7,1,set_7483856,,,695
bnk_7483857,7483857,805,2010-01-03,CREDIT_CARD,20519,16,3,set_7483857,,,824
bnk_7483858,7483858,14294,2010-01-03,DEBIT_CARD,18131,145,26,set_7483858,,,14465
bnk_7483859,7483859,5215,2010-01-03,DEBIT_CARD,65881,53,10,set_7483859,,,5278
bnk_7483860,7483860,904,2010-01-03,DEBIT_CARD,60569,9,2,set_7483860,,,915
bnk_7483861,7483861,5858,2010-01-03,CREDIT_CARD,27092,120,22,set_7483861,,,6000
bnk_7483862,7483862,295,2010-01-03,DEBIT_CARD,35451,3,1,set_7483862,,,299
bnk_7483864,7483864,1809,2010-01-03,DEBIT_CARD,20519,18,3,set_7483864,,,1830
bnk_7483865,7483865,2999,2010-01-03,DEBIT_CARD,83480,30,5,set_7483865,,,3034
bnk_7483866,7483866,2202,2010-01-03,DEBIT_CARD,16798,22,4,set_7483866,,,2152
bnk_7483868,7483868,2648,2010-01-03,DEBIT_CARD,24437,27,5,set_7483868,,,2680
bnk_7483869,7483869,547,2010-01-03,DEBIT_CARD,106,6,1,set_7483869,,,554
bnk_7483871,7483871,479,2010-01-03,DEBIT_CARD,50299,5,1,set_7483871,,,485
bnk_7483872,7483872,3,2010-01-03,DEBIT_CARD,81833,0,0,set_7483872,,,3
bnk_7483873,7483873,4729,2010-01-03,DEBIT_CARD,60569,48,9,set_7483873,,,4786
bnk_7483874,7483874,12032,2010-01-03,CREDIT_CARD,48919,246,44,set_7483874,,,12322
bnk_7483875,7483875,230,2010-01-03,DEBIT_CARD,50783,2,0,set_7483875,,,232
bnk_7483876,7483876,437,2010-01-03,DEBIT_CARD,61195,4,1,set_7483876,,,442
bnk_7483877,7483877,7135,2010-01-03,CREDIT_CARD,42233,146,26,set_7483877,,,7307
bnk_7483878,7483878,6080,2010-01-03,DEBIT_CARD,79927,62,11,set_7483878,,,6153
bnk_7483879,7483879,794,2010-01-03,DEBIT_CARD,74363,7,1,set_7483879,,,684
bnk_7483883,7483883,3390,2010-01-03,DEBIT_CARD,61195,34,6,set_7483883,,,3429
bnk_7483884,7483884,11233,2010-01-03,DEBIT_CARD,17135,113,20,set_7483884,,,11281
bnk_7483885,7483885,380,2010-01-03,DEBIT_CARD,32671,4,1,set_7483885,,,385
bnk_7483886,7483886,212,2010-01-03,CREDIT_CARD,40663,4,1,set_7483886,,,217
bnk_7483888,7483888,4610,2010-01-03,DEBIT_CARD,34490,47,8,set_7483888,,,4665
bnk_7483889,7483889,41,2010-01-03,CREDIT_CARD,14528,1,0,set_7483889,,,42
bnk_7483889b,7483889,41,2010-01-03,CREDIT_CARD,14528,1,0,set_7483889b,,,42
bnk_7483890,7483890,3679,2010-01-03,DEBIT_CARD,67570,37,7,set_7483890,,,3723
bnk_7483892,7483892,402,2010-01-03,CREDIT_CARD,42045,8,1,set_7483892,,,411
bnk_7483894,7483894,16206,2010-01-03,DEBIT_CARD,54850,162,29,set_7483894,,,16249
bnk_7483896,7483896,320,2010-01-03,DEBIT_CARD,50783,3,1,set_7483896,,,324
bnk_7483897,7483897,11162,2010-01-03,DEBIT_CARD,30928,113,20,set_7483897,,,11295
bnk_7483899,7483899,1014,2010-01-03,DEBIT_CARD,92883,10,2,set_7483899,,,1026
bnk_7483900,7483900,9764,2010-01-03,CREDIT_CARD,27092,200,36,set_7483900,,,10000
bnk_7483902,7483902,2637,2010-01-03,CREDIT_CARD,20519,54,10,set_7483902,,,2701
bnk_7483903,7483903,778,2010-01-03,CREDIT_CARD,67070,16,3,set_7483903,,,797
bnk_7483905,7483905,5534,2010-01-03,DEBIT_CARD,59935,56,10,set_7483905,,,5600
bnk_7483906,7483906,4641,2010-01-03,DEBIT_CARD,59935,47,8,set_7483906,,,4697
bnk_7483907,7483907,1836,2010-01-03,CREDIT_CARD,11468,38,7,set_7483907,,,1881
bnk_7483909,7483909,5324,2010-01-03,DEBIT_CARD,79927,54,10,set_7483909,,,5388
bnk_7483910,7483910,5743,2010-01-03,DEBIT_CARD,36052,58,10,set_7483910,,,5811
bnk_7483911,7483911,311,2010-01-03,CREDIT_CARD,50783,6,1,set_7483911,,,318
bnk_7483912,7483912,27046,2010-01-03,CREDIT_CARD,7777,554,100,set_7483912,,,27700
bnk_7483913,7483913,1724,2010-01-03,DEBIT_CARD,12047,17,3,set_7483913,,,1744
bnk_7483914,7483914,4131,2010-01-03,DEBIT_CARD,39021,42,8,set_7483914,,,4181
bnk_7483916,7483916,136,2010-01-03,DEBIT_CARD,75936,1,0,set_7483916,,,138
bnk_7483917,7483917,7326,2010-01-03,DEBIT_CARD,50867,74,13,set_7483917,,,7413
bnk_7483918,7483918,7826,2010-01-03,CREDIT_CARD,20561,160,29,set_7483918,,,8015
bnk_7483919,7483919,687,2010-01-03,DEBIT_CARD,50783,7,1,set_7483919,,,695
bnk_7483920,7483920,477,2010-01-03,DEBIT_CARD,75781,5,1,set_7483920,,,483
bnk_7483921,7483921,4199,2010-01-03,CREDIT_CARD,20519,86,15,set_7483921,,,4300
bnk_7483923,7483923,733,2010-01-03,DEBIT_CARD,22204,7,1,set_7483923,,,741
bnk_7483924,7483924,10214,2010-01-03,DEBIT_CARD,86369,103,19,set_7483924,,,10336
bnk_7483926,7483926,9388,2010-01-03,DEBIT_CARD,50867,95,17,set_7483926,,,9500
bnk_7483926b,7483926,9388,2010-01-03,DEBIT_CARD,50867,95,17,set_7483926b,,,9500
bnk_7483927,7483927,913,2010-01-03,DEBIT_CARD,24504,9,2,set_7483927,,,924
bnk_7483928,7483928,10079,2010-01-03,DEBIT_CARD,59935,102,18,set_7483928,,,10199
bnk_7483929,7483929,282,2010-01-03,DEBIT_CARD,22204,3,1,set_7483929,,,286
bnk_7483930,7483930,1316,2010-01-03,DEBIT_CARD,61195,13,2,set_7483930,,,1331
bnk_7483933,7483933,7811,2010-01-03,CREDIT_CARD,27092,160,29,set_7483933,,,8000
bnk_7483934,7483934,450,2010-01-03,DEBIT_CARD,72351,5,1,set_7483934,,,457
bnk_7483935,7483935,73943,2010-01-03,DEBIT_CARD,89448,748,135,set_7483935,,,74826
bnk_7483937,7483937,830,2010-01-03,DEBIT_CARD,45926,8,1,set_7483937,,,839
bnk_7483938,7483938,5929,2010-01-03,DEBIT_CARD,27092,60,11,set_7483938,,,6000
bnk_7483939,7483939,6400,2010-01-03,CREDIT_CARD,69956,131,24,set_7483939,,,6555
bnk_7483939b,7483939,6400,2010-01-03,CREDIT_CARD,69956,131,24,set_7483939b,,,6555
bnk_7483940,7483940,3506,2010-01-03,DEBIT_CARD,15143,35,6,set_7483940,,,3547
bnk_7483941,7483941,317,2010-01-03,CREDIT_CARD,59935,6,1,set_7483941,,,324
bnk_7483942,7483942,1493,2010-01-03,DEBIT_CARD,47131,15,3,set_7483942,,,1511
bnk_7483944,7483944,368,2010-01-03,DEBIT_CARD,59397,4,1,set_7483944,,,373
bnk_7483945,7483945,1089,2010-01-03,CREDIT_CARD,22204,22,4,set_7483945,,,1115
bnk_7483946,7483946,2593,2010-01-03,CREDIT_CARD,83271,53,10,set_7483946,,,2656
bnk_7483947,7483947,6542,2010-01-03,CREDIT_CARD,61195,134,24,set_7483947,,,6700
bnk_7483949,7483949,8597,2010-01-03,DEBIT_CARD,61195,87,16,set_7483949,,,8700
bnk_7483949b,7483949,8597,2010-01-03,DEBIT_CARD,61195,87,16,set_7483949b,,,8700
bnk_7483950,7483950,22870,2010-01-03,DEBIT_CARD,23412,231,42,set_7483950,,,23143
bnk_7483951,7483951,7609,2010-01-03,DEBIT_CARD,43293,77,14,set_7483951,,,7700
bnk_7483952,7483952,6932,2010-01-03,CREDIT_CARD,59935,142,26,set_7483952,,,7100
bnk_7483953,7483953,3561,2010-01-03,CREDIT_CARD,63683,73,13,set_7483953,,,3647
bnk_7483954,7483954,4317,2010-01-03,DEBIT_CARD,48618,44,8,set_7483954,,,4369
bnk_7483955,7483955,6337,2010-01-03,CREDIT_CARD,37369,130,23,set_7483955,,,6490
bnk_7483958,7483958,696,2010-01-03,DEBIT_CARD,44919,7,1,set_7483958,,,704
bnk_7483959,7483959,192,2010-01-03,DEBIT_CARD,22204,2,0,set_7483959,,,194
bnk_7483961,7483961,4192,2010-01-03,CREDIT_CARD,59935,86,15,set_7483961,,,4293
bnk_7483962,7483962,7929,2010-01-03,CREDIT_CARD,60569,162,29,set_7483962,,,8120
bnk_7483963,7483963,165,2010-01-03,CREDIT_CARD,20561,3,1,set_7483963,,,169
bnk_7483964,7483964,642,2010-01-03,DEBIT_CARD,44578,6,1,set_7483964,,,649
bnk_7483967,7483967,1596,2010-01-03,CREDIT_CARD,81833,33,6,set_7483967,,,1635
bnk_7483968,7483968,184,2010-01-03,CREDIT_CARD,20519,4,1,set_7483968,,,189
bnk_7483969,7483969,4170,2010-01-03,DEBIT_CARD,34490,42,8,set_7483969,,,4220
bnk_7483970,7483970,5139,2010-01-03,DEBIT_CARD,61195,52,9,set_7483970,,,5200
bnk_7483973,7483973,242,2010-01-03,DEBIT_CARD,61968,2,0,set_7483973,,,244
bnk_7483974,7483974,377,2010-01-03,CREDIT_CARD,10792,8,1,set_7483974,,,386
bnk_7483975,7483975,9003,2010-01-03,DEBIT_CARD,32175,91,16,set_7483975,,,9110
bnk_7483977,7483977,8216,2010-01-03,DEBIT_CARD,48618,83,15,set_7483977,,,8314
bnk_7483978,7483978,360,2010-01-03,DEBIT_CARD,88646,4,1,set_7483978,,,365
bnk_7483979,7483979,2394,2010-01-03,CREDIT_CARD,11468,49,9,set_7483979,,,2452
bnk_7483981,7483981,2489,2010-01-03,DEBIT_CARD,50783,25,5,set_7483981,,,2519
bnk_7483982,7483982,70,2010-01-03,DEBIT_CARD,17802,1,0,set_7483982,,,71
bnk_7483983,7483983,3673,2010-01-03,CREDIT_CARD,85268,75,14,set_7483983,,,3762
bnk_7483984,7483984,2589,2010-01-03,DEBIT_CARD,20519,26,5,set_7483984,,,2620
bnk_7483986,7483986,4412,2010-01-03,DEBIT_CARD,39021,45,8,set_7483986,,,4465
bnk_7483987,7483987,231,2010-01-03,CREDIT_CARD,98374,5,1,set_7483987,,,237
bnk_7483989,7483989,9804,2010-01-03,DEBIT_CARD,18215,99,18,set_7483989,,,9921
bnk_7483990,7483990,5716,2010-01-03,DEBIT_CARD,18215,58,10,set_7483990,,,5784
bnk_7483991,7483991,220,2010-01-03,CREDIT_CARD,84910,5,1,set_7483991,,,226
bnk_7483992,7483992,989,2010-01-03,CREDIT_CARD,61195,20,4,set_7483992,,,1013
bnk_7483995,7483995,1291,2010-01-03,DEBIT_CARD,16798,13,2,set_7483995,,,1306
bnk_7483996,7483996,317,2010-01-03,DEBIT_CARD,50783,3,1,set_7483996,,,321
bnk_7483997,7483997,8340,2010-01-03,DEBIT_CARD,60569,84,15,set_7483997,,,8439
bnk_7483998,7483998,4386,2010-01-03,DEBIT_CARD,32175,44,8,set_7483998,,,4438
bnk_7484001,7484001,5929,2010-01-03,DEBIT_CARD,27092,60,11,set_7484001,,,6000
bnk_7484002,7484002,7708,2010-01-03,DEBIT_CARD,99370,78,14,set_7484002,,,7800
bnk_7484003,7484003,2541,2010-01-03,CREDIT_CARD,61195,52,9,set_7484003,,,2603
bnk_7484004,7484004,530,2010-01-03,CREDIT_CARD,12014,11,2,set_7484004,,,543
bnk_7484005,7484005,9190,2010-01-03,DEBIT_CARD,59935,93,17,set_7484005,,,9300
bnk_7484006,7484006,148,2010-01-03,DEBIT_CARD,69972,1,0,set_7484006,,,149
bnk_7484007,7484007,4037,2010-01-03,DEBIT_CARD,61195,41,7,set_7484007,,,4085
bnk_7484008,7484008,5120,2010-01-03,DEBIT_CARD,22204,52,9,set_7484008,,,5181
bnk_7484010,7484010,1302,2010-01-03,DEBIT_CARD,61195,13,2,set_7484010,,,1317
bnk_7484012,7484012,2377,2010-01-03,DEBIT_CARD,83070,24,4,set_7484012,,,2405
bnk_7484013,7484013,1754,2010-01-03,DEBIT_CARD,75781,18,3,set_7484013,,,1775
bnk_7484014,7484014,245,2010-01-03,DEBIT_CARD,82329,2,0,set_7484014,,,247
bnk_7484015,7484015,507,2010-01-03,CREDIT_CARD,55730,10,2,set_7484015,,,519
bnk_7484017,7484017,86,2010-01-03,DEBIT_CARD,50783,1,0,set_7484017,,,87
bnk_7484018,7484018,1200,2010-01-03,DEBIT_CARD,97974,12,2,set_7484018,,,1214
bnk_7484020,7484020,1203,2010-01-03,CREDIT_CARD,76883,25,5,set_7484020,,,1233
bnk_7484023,7484023,99,2010-01-03,DEBIT_CARD,86438,1,0,set_7484023,,,100
bnk_7484024,7484024,2443,2010-01-03,DEBIT_CARD,20519,25,5,set_7484024,,,2473
bnk_7484026,7484026,1970,2010-01-03,CREDIT_CARD,16798,40,7,set_7484026,,,2017
bnk_7484027,7484027,5929,2010-01-03,DEBIT_CARD,27092,60,11,set_7484027,,,6000
bnk_7484028,7484028,8894,2010-01-03,DEBIT_CARD,61195,90,16,set_7484028,,,9000
bnk_7484029,7484029,112,2010-01-03,DEBIT_CARD,61579,1,0,set_7484029,,,113
bnk_7484030,7484030,345,2010-01-03,DEBIT_CARD,88646,4,1,set_7484030,,,350
bnk_7484032,7484032,2097,2010-01-03,CREDIT_CARD,99860,43,8,set_7484032,,,2148
bnk_7484033,7484033,2374,2010-01-03,DEBIT_CARD,87071,24,4,set_7484033,,,2402
bnk_7484034,7484034,1813,2010-01-03,DEBIT_CARD,16798,18,3,set_7484034,,,1834
bnk_7484035,7484035,335,2010-01-03,CREDIT_CARD,10156,7,1,set_7484035,,,343
bnk_7484036,7484036,28470,2010-01-03,DEBIT_CARD,19964,288,52,set_7484036,,,28810
bnk_7484037,7484037,7590,2010-01-03,CREDIT_CARD,66330,155,28,set_7484037,,,7773
bnk_7484039,7484039,6620,2010-01-03,DEBIT_CARD,43293,67,12,set_7484039,,,6699
bnk_7484040,7484040,38477,2010-01-03,CREDIT_CARD,13523,788,142,set_7484040,,,39407
bnk_7484041,7484041,5653,2010-01-03,DEBIT_CARD,61195,57,10,set_7484041,,,5720
bnk_7484042,7484042,1448,2010-01-03,DEBIT_CARD,45926,15,3,set_7484042,,,1466
bnk_7484043,7484043,7149,2010-01-03,DEBIT_CARD,36934,72,13,set_7484043,,,7234
bnk_7484046,7484046,1633,2010-01-03,DEBIT_CARD,37564,17,3,set_7484046,,,1652
bnk_7484047,7484047,4948,2010-01-03,CREDIT_CARD,28823,101,18,set_7484047,,,5067
bnk_7484048,7484048,6834,2010-01-03,CREDIT_CARD,15143,140,25,set_7484048,,,6999
bnk_7484049,7484049,256,2010-01-03,DEBIT_CARD,50783,3,1,set_7484049,,,260
bnk_7484052,7484052,3139,2010-01-03,DEBIT_CARD,82981,32,6,set_7484052,,,3177
bnk_7484053,7484053,689,2010-01-03,DEBIT_CARD,45926,7,1,set_7484053,,,697
bnk_7484055,7484055,3895,2010-01-03,DEBIT_CARD,63683,39,7,set_7484055,,,3941
bnk_7484056,7484056,389,2010-01-03,DEBIT_CARD,20519,4,1,set_7484056,,,394
bnk_7484057,7484057,132,2010-01-03,CREDIT_CARD,78454,3,1,set_7484057,,,136
bnk_7484058,7484058,1215,2010-01-03,CREDIT_CARD,98374,25,5,set_7484058,,,1245
bnk_7484059,7484059,10791,2010-01-03,CREDIT_CARD,22204,221,40,set_7484059,,,11052
bnk_7484060,7484060,1808,2010-01-03,CREDIT_CARD,59397,37,7,set_7484060,,,1852
bnk_7484061,7484061,6996,2010-01-03,CREDIT_CARD,8091,143,26,set_7484061,,,7165
bnk_7484063,7484063,755,2010-01-03,DEBIT_CARD,2086,8,1,set_7484063,,,764
bnk_7484065,7484065,278,2010-01-03,CREDIT_CARD,49571,6,1,set_7484065,,,285
bnk_7484066,7484066,1631,2010-01-03,DEBIT_CARD,68671,17,3,set_7484066,,,1651
bnk_7484067,7484067,3259,2010-01-03,DEBIT_CARD,20561,33,6,set_7484067,,,3298
bnk_7484068,7484068,207,2010-01-03,DEBIT_CARD,50783,2,0,set_7484068,,,209
bnk_7484069,7484069,11858,2010-01-03,DEBIT_CARD,27092,120,22,set_7484069,,,12000
bnk_7484070,7484070,4509,2010-01-03,DEBIT_CARD,34490,45,8,set_7484070,,,4489
bnk_7484071,7484071,1732,2010-01-03,CREDIT_CARD,24504,35,6,set_7484071,,,1773
bnk_7484072,7484072,108,2010-01-03,DEBIT_CARD,14528,1,0,set_7484072,,,109
bnk_7484074,7484074,2483,2010-01-03,DEBIT_CARD,50867,25,5,set_7484074,,,2513
bnk_7484075,7484075,422,2010-01-03,DEBIT_CARD,91886,4,1,set_7484075,,,427
bnk_7484078,7484078,3814,2010-01-03,DEBIT_CARD,8922,39,7,set_7484078,,,3860
bnk_7484079,7484079,219,2010-01-03,CREDIT_CARD,67406,5,1,set_7484079,,,225
bnk_7484080,7484080,285,2010-01-03,DEBIT_CARD,61195,3,1,set_7484080,,,289
bnk_7484081,7484081,276,2010-01-03,DEBIT_CARD,14528,2,0,set_7484081,,,175
bnk_7484083,7484083,4337,2010-01-03,DEBIT_CARD,61195,44,8,set_7484083,,,4389
bnk_7484084,7484084,8065,2010-01-03,DEBIT_CARD,70903,82,15,set_7484084,,,8162
bnk_7484085,7484085,1112,2010-01-03,DEBIT_CARD,67839,11,2,set_7484085,,,1125
bnk_7484086,7484086,38339,2010-01-03,DEBIT_CARD,78644,388,70,set_7484086,,,38797
bnk_7484089,7484089,18890,2010-01-03,DEBIT_CARD,45854,191,34,set_7484089,,,19115
bnk_7484090,7484090,1340,2010-01-03,DEBIT_CARD,71667,14,3,set_7484090,,,1357
bnk_7484091,7484091,553,2010-01-03,DEBIT_CARD,73250,6,1,set_7484091,,,560
bnk_7484093,7484093,264,2010-01-03,CREDIT_CARD,61195,5,1,set_7484093,,,270
bnk_7484094,7484094,1658,2010-01-03,DEBIT_CARD,20519,17,3,set_7484094,,,1678
bnk_7484095,7484095,5858,2010-01-03,CREDIT_CARD,27092,120,22,set_7484095,,,6000
bnk_7484096,7484096,447,2010-01-03,CREDIT_CARD,29220,9,2,set_7484096,,,458
bnk_7484097,7484097,467,2010-01-03,DEBIT_CARD,2703,5,1,set_7484097,,,473
bnk_7484098,7484098,11717,2010-01-03,CREDIT_CARD,27092,240,43,set_7484098,,,12000
bnk_7484100,7484100,4086,2010-01-03,CREDIT_CARD,39021,84,15,set_7484100,,,4185
bnk_7484102,7484102,7906,2010-01-03,DEBIT_CARD,27092,80,14,set_7484102,,,8000
bnk_7484104,7484104,3233,2010-01-03,DEBIT_CARD,18215,33,6,set_7484104,,,3272
bnk_7484105,7484105,5713,2010-01-03,DEBIT_CARD,40096,58,10,set_7484105,,,5781
bnk_7484106,7484106,854,2010-01-03,CREDIT_CARD,20561,17,3,set_7484106,,,874
bnk_7484107,7484107,89,2010-01-03,DEBIT_CARD,14528,1,0,set_7484107,,,90
bnk_7484108,7484108,293,2010-01-03,DEBIT_CARD,61195,3,1,set_7484108,,,297
bnk_7484109,7484109,3100,2010-01-03,CREDIT_CARD,32175,63,11,set_7484109,,,3174
bnk_7484110,7484110,356,2010-01-03,CREDIT_CARD,48838,7,1,set_7484110,,,364
bnk_7484111,7484111,327,2010-01-03,DEBIT_CARD,50783,3,1,set_7484111,,,331
bnk_7484114,7484114,2819,2010-01-03,CREDIT_CARD,13523,58,10,set_7484114,,,2887
bnk_7484115,7484115,8173,2010-01-03,CREDIT_CARD,59935,167,30,set_7484115,,,8370
bnk_7484117,7484117,2760,2010-01-03,DEBIT_CARD,32858,28,5,set_7484117,,,2793
bnk_7484118,7484118,2231,2010-01-03,DEBIT_CARD,83480,23,4,set_7484118,,,2258
bnk_7484119,7484119,8646,2010-01-03,DEBIT_CARD,51547,87,16,set_7484119,,,8749
bnk_7484120,7484120,525,2010-01-03,CREDIT_CARD,92883,11,2,set_7484120,,,538
bnk_7484120b,7484120,525,2010-01-03,CREDIT_CARD,92883,11,2,set_7484120b,,,538
bnk_7484122,7484122,3241,2010-01-03,CREDIT_CARD,58854,66,12,set_7484122,,,3319
bnk_7484123,7484123,1595,2010-01-03,DEBIT_CARD,47061,16,3,set_7484123,,,1614
bnk_7484124,7484124,336,2010-01-03,CREDIT_CARD,75781,7,1,set_7484124,,,344
bnk_7484125,7484125,2776,2010-01-03,DEBIT_CARD,18563,28,5,set_7484125,,,2809
bnk_7484128,7484128,5727,2010-01-03,DEBIT_CARD,50783,58,10,set_7484128,,,5795
bnk_7484129,7484129,9471,2010-01-03,CREDIT_CARD,59935,194,35,set_7484129,,,9700
bnk_7484130,7484130,572,2010-01-03,CREDIT_CARD,15050,12,2,set_7484130,,,586
bnk_7484132,7484132,1603,2010-01-03,DEBIT_CARD,50783,16,3,set_7484132,,,1623
bnk_7484133,7484133,9042,2010-01-03,DEBIT_CARD,70755,92,17,set_7484133,,,9151
bnk_7484134,7484134,9300,2010-01-03,DEBIT_CARD,99370,94,17,set_7484134,,,9411
bnk_7484138,7484138,2415,2010-01-03,CREDIT_CARD,48618,49,9,set_7484138,,,2473
bnk_7484139,7484139,588,2010-01-03,CREDIT_CARD,61195,12,2,set_7484139,,,602
bnk_7484140,7484140,6254,2010-01-03,CREDIT_CARD,37369,128,23,set_7484140,,,6405
bnk_7484141,7484141,1423,2010-01-03,DEBIT_CARD,39021,14,3,set_7484141,,,1364
bnk_7484142,7484142,2351,2010-01-03,CREDIT_CARD,100,48,9,set_7484142,,,2408
bnk_7484143,7484143,3246,2010-01-03,CREDIT_CARD,96912,66,12,set_7484143,,,3324
bnk_7484145,7484145,851,2010-01-03,CREDIT_CARD,89100,17,3,set_7484145,,,871
bnk_7484146,7484146,7411,2010-01-03,DEBIT_CARD,50867,75,14,set_7484146,,,7500
bnk_7484147,7484147,624,2010-01-03,DEBIT_CARD,75781,6,1,set_7484147,,,631
bnk_7484148,7484148,277,2010-01-03,DEBIT_CARD,61482,3,1,set_7484148,,,281
bnk_7484151,7484151,3483,2010-01-03,DEBIT_CARD,60569,35,6,set_7484151,,,3524
bnk_7484152,7484152,261,2010-01-03,DEBIT_CARD,50783,3,1,set_7484152,,,265
bnk_7484154,7484154,11427,2010-01-03,CREDIT_CARD,92748,234,42,set_7484154,,,11703
bnk_7484155,7484155,1101,2010-01-03,CREDIT_CARD,43293,23,4,set_7484155,,,1128
bnk_7484156,7484156,3863,2010-01-03,DEBIT_CARD,39021,39,7,set_7484156,,,3909
bnk_7484157,7484157,2708,2010-01-03,CREDIT_CARD,75781,55,10,set_7484157,,,2773
bnk_7484158,7484158,3752,2010-01-03,CREDIT_CARD,39021,77,14,set_7484158,,,3843
bnk_7484159,7484159,1316,2010-01-03,DEBIT_CARD,62709,13,2,set_7484159,,,1331
bnk_7484160,7484160,376,2010-01-03,DEBIT_CARD,61195,4,1,set_7484160,,,381
bnk_7484161,7484161,7960,2010-01-03,CREDIT_CARD,81477,163,29,set_7484161,,,8152
bnk_7484163,7484163,5393,2010-01-03,DEBIT_CARD,63298,55,10,set_7484163,,,5458
bnk_7484165,7484165,3773,2010-01-03,DEBIT_CARD,79113,38,7,set_7484165,,,3818
bnk_7484168,7484168,519,2010-01-03,DEBIT_CARD,57885,5,1,set_7484168,,,525
bnk_7484169,7484169,5082,2010-01-03,DEBIT_CARD,13646,51,9,set_7484169,,,5142
bnk_7484170,7484170,676,2010-01-03,DEBIT_CARD,1710,7,1,set_7484170,,,684
bnk_7484171,7484171,6109,2010-01-03,DEBIT_CARD,20987,62,11,set_7484171,,,6182
bnk_7484172,7484172,212,2010-01-03,DEBIT_CARD,59935,2,0,set_7484172,,,214
bnk_7484172b,7484172,212,2010-01-03,DEBIT_CARD,59935,2,0,set_7484172b,,,214
bnk_7484173,7484173,2129,2010-01-03,DEBIT_CARD,39021,22,4,set_7484173,,,2155
bnk_7484174,7484174,613,2010-01-03,DEBIT_CARD,86410,6,1,set_7484174,,,620
bnk_7484175,7484175,189,2010-01-03,DEBIT_CARD,54836,2,0,set_7484175,,,191
bnk_7484176,7484176,860,2010-01-03,DEBIT_CARD,50544,9,2,set_7484176,,,871
bnk_7484177,7484177,291,2010-01-03,DEBIT_CARD,61195,3,1,set_7484177,,,295
bnk_7484178,7484178,1982,2010-01-03,DEBIT_CARD,39021,20,4,set_7484178,,,2006
bnk_7484179,7484179,548,2010-01-03,DEBIT_CARD,20519,6,1,set_7484179,,,555
bnk_7484180,7484180,2975,2010-01-03,DEBIT_CARD,86306,30,5,set_7484180,,,3010
bnk_7484182,7484182,1205,2010-01-03,DEBIT_CARD,51755,12,2,set_7484182,,,1219
bnk_7484183,7484183,6737,2010-01-03,CREDIT_CARD,22204,138,25,set_7484183,,,6900
bnk_7484184,7484184,2117,2010-01-03,DEBIT_CARD,57593,21,4,set_7484184,,,2142
bnk_7484185,7484185,1585,2010-01-03,DEBIT_CARD,18215,16,3,set_7484185,,,1604
bnk_7484187,7484187,3928,2010-01-03,DEBIT_CARD,48919,40,7,set_7484187,,,3975
bnk_7484188,7484188,459,2010-01-03,DEBIT_CARD,88646,5,1,set_7484188,,,465
bnk_7484189,7484189,62468,2010-01-03,CREDIT_CARD,57386,1280,230,set_7484189,,,63978
bnk_7484190,7484190,9882,2010-01-03,DEBIT_CARD,27092,100,18,set_7484190,,,10000
bnk_7484191,7484191,340,2010-01-03,DEBIT_CARD,33502,3,1,set_7484191,,,344
bnk_7484192,7484192,783,2010-01-03,DEBIT_CARD,60865,8,1,set_7484192,,,792
bnk_7484193,7484193,800,2010-01-03,CREDIT_CARD,42043,16,3,set_7484193,,,819
bnk_7484194,7484194,4796,2010-01-03,CREDIT_CARD,18131,98,18,set_7484194,,,4912
bnk_7484195,7484195,214,2010-01-03,DEBIT_CARD,17493,2,0,set_7484195,,,216
bnk_7484196,7484196,322,2010-01-03,CREDIT_CARD,20519,7,1,set_7484196,,,330
bnk_7484197,7484197,1976,2010-01-03,DEBIT_CARD,27092,20,4,set_7484197,,,2000
bnk_7484199,7484199,6136,2010-01-03,CREDIT_CARD,32175,126,23,set_7484199,,,6285
bnk_7484199b,7484199,6136,2010-01-03,CREDIT_CARD,32175,126,23,set_7484199b,,,6285
bnk_7484200,7484200,10385,2010-01-03,CREDIT_CARD,99370,213,38,set_7484200,,,10636
bnk_7484201,7484201,7616,2010-01-03,CREDIT_CARD,59935,156,28,set_7484201,,,7800
bnk_7484202,7484202,9165,2010-01-03,CREDIT_CARD,84784,188,34,set_7484202,,,9387
bnk_7484203,7484203,21,2010-01-03,CREDIT_CARD,14528,0,0,set_7484203,,,21
bnk_7484205,7484205,170,2010-01-03,DEBIT_CARD,69972,2,0,set_7484205,,,172
bnk_7484208,7484208,219,2010-01-03,CREDIT_CARD,39800,5,1,set_7484208,,,225
bnk_7484210,7484210,8006,2010-01-03,CREDIT_CARD,59935,164,30,set_7484210,,,8200
bnk_7484211,7484211,7811,2010-01-03,CREDIT_CARD,27092,160,29,set_7484211,,,8000
bnk_7484212,7484212,1298,2010-01-03,DEBIT_CARD,50867,13,2,set_7484212,,,1313
bnk_7484213,7484213,219,2010-01-03,DEBIT_CARD,5355,2,0,set_7484213,,,221
bnk_7484214,7484214,622,2010-01-03,DEBIT_CARD,60600,6,1,set_7484214,,,629
bnk_7484215,7484215,1171,2010-01-03,DEBIT_CARD,88459,12,2,set_7484215,,,1185
bnk_7484216,7484216,79,2010-01-03,DEBIT_CARD,86438,1,0,set_7484216,,,80
bnk_7484217,7484217,251,2010-01-03,DEBIT_CARD,67989,3,1,set_7484217,,,255
bnk_7484218,7484218,236,2010-01-03,DEBIT_CARD,58954,2,0,set_7484218,,,238
bnk_7484220,7484220,336,2010-01-03,DEBIT_CARD,22938,3,1,set_7484220,,,340
bnk_7484221,7484221,732,2010-01-03,DEBIT_CARD,100169,7,1,set_7484221,,,740
bnk_7484222,7484222,1101,2010-01-03,DEBIT_CARD,88646,11,2,set_7484222,,,1114
bnk_7484223,7484223,3440,2010-01-03,DEBIT_CARD,16798,35,6,set_7484223,,,3481
bnk_7484224,7484224,410,2010-01-03,DEBIT_CARD,17493,4,1,set_7484224,,,415
bnk_7484225,7484225,3281,2010-01-03,DEBIT_CARD,32175,33,6,set_7484225,,,3320
bnk_7484226,7484226,4169,2010-01-03,DEBIT_CARD,31893,42,8,set_7484226,,,4219
bnk_7484226b,7484226,4169,2010-01-03,DEBIT_CARD,31893,42,8,set_7484226b,,,4219
bnk_7484227,7484227,133,2010-01-03,CREDIT_CARD,50783,3,1,set_7484227,,,137
bnk_7484228,7484228,279,2010-01-03,DEBIT_CARD,50783,3,1,set_7484228,,,283
bnk_7484229,7484229,2792,2010-01-03,DEBIT_CARD,39021,28,5,set_7484229,,,2825
bnk_7484230,7484230,2681,2010-01-03,CREDIT_CARD,59935,55,10,set_7484230,,,2746
bnk_7484231,7484231,12019,2010-01-03,DEBIT_CARD,65108,122,22,set_7484231,,,12163
bnk_7484232,7484232,7278,2010-01-03,DEBIT_CARD,59935,74,13,set_7484232,,,7365
bnk_7484233,7484233,869,2010-01-03,DEBIT_CARD,85999,9,2,set_7484233,,,880
bnk_7484234,7484234,1680,2010-01-03,DEBIT_CARD,83480,17,3,set_7484234,,,1700
bnk_7484235,7484235,405,2010-01-03,DEBIT_CARD,46284,4,1,set_7484235,,,410
bnk_7484236,7484236,4793,2010-01-03,DEBIT_CARD,48618,49,9,set_7484236,,,4851
bnk_7484238,7484238,4707,2010-01-03,DEBIT_CARD,39021,48,9,set_7484238,,,4764
bnk_7484239,7484239,328,2010-01-03,DEBIT_CARD,22204,3,1,set_7484239,,,332
bnk_7484240,7484240,4504,2010-01-03,DEBIT_CARD,36934,46,8,set_7484240,,,4558
bnk_7484241,7484241,2577,2010-01-03,DEBIT_CARD,20519,26,5,set_7484241,,,2608
bnk_7484242,7484242,232,2010-01-03,DEBIT_CARD,50783,2,0,set_7484242,,,234
bnk_7484243,7484243,1300,2010-01-03,DEBIT_CARD,1903,13,2,set_7484243,,,1315
bnk_7484244,7484244,1453,2010-01-03,DEBIT_CARD,42298,15,3,set_7484244,,,1471
bnk_7484245,7484245,1640,2010-01-03,DEBIT_CARD,75781,17,3,set_7484245,,,1660
bnk_7484247,7484247,318,2010-01-03,DEBIT_CARD,44578,2,0,set_7484247,,,172
bnk_7484248,7484248,10713,2010-01-03,DEBIT_CARD,18064,108,19,set_7484248,,,10840
bnk_7484250,7484250,1694,2010-01-03,CREDIT_CARD,20519,35,6,set_7484250,,,1735
bnk_7484251,7484251,5565,2010-01-03,CREDIT_CARD,43293,114,21,set_7484251,,,5700
bnk_7484252,7484252,3006,2010-01-03,DEBIT_CARD,18215,30,5,set_7484252,,,3041
bnk_7484253,7484253,6813,2010-01-03,DEBIT_CARD,39115,69,12,set_7484253,,,6894
bnk_7484254,7484254,9802,2010-01-03,CREDIT_CARD,99370,201,36,set_7484254,,,10039
bnk_7484255,7484255,349,2010-01-03,DEBIT_CARD,43293,4,1,set_7484255,,,354
bnk_7484257,7484257,12803,2010-01-03,CREDIT_CARD,70313,262,47,set_7484257,,,13112
bnk_7484258,7484258,248,2010-01-03,DEBIT_CARD,38782,3,1,set_7484258,,,252
bnk_7484259,7484259,7612,2010-01-03,CREDIT_CARD,99370,156,28,set_7484259,,,7796
bnk_7484260,7484260,3154,2010-01-03,DEBIT_CARD,79516,32,6,set_7484260,,,3192
bnk_7484263,7484263,933,2010-01-03,DEBIT_CARD,35451,9,2,set_7484263,,,944
bnk_7484263b,7484263,933,2010-01-03,DEBIT_CARD,35451,9,2,set_7484263b,,,944
bnk_7484266,7484266,3122,2010-01-03,DEBIT_CARD,21739,32,6,set_7484266,,,3160
bnk_7484267,7484267,527,2010-01-03,DEBIT_CARD,88646,5,1,set_7484267,,,533
bnk_7484268,7484268,6064,2010-01-03,DEBIT_CARD,32175,61,11,set_7484268,,,6136
bnk_7484269,7484269,592,2010-01-03,DEBIT_CARD,50783,6,1,set_7484269,,,599
bnk_7484270,7484270,3681,2010-01-03,CREDIT_CARD,60569,75,14,set_7484270,,,3770
bnk_7484271,7484271,2225,2010-01-03,DEBIT_CARD,70979,23,4,set_7484271,,,2252
bnk_7484272,7484272,6307,2010-01-03,DEBIT_CARD,76426,64,12,set_7484272,,,6383
bnk_7484273,7484273,5929,2010-01-03,DEBIT_CARD,59935,60,11,set_7484273,,,6000
bnk_7484274,7484274,11010,2010-01-03,CREDIT_CARD,50783,223,40,set_7484274,,,11166
bnk_7484275,7484275,101,2010-01-03,DEBIT_CARD,14528,1,0,set_7484275,,,102
bnk_7484276,7484276,248,2010-01-03,DEBIT_CARD,43293,2,0,set_7484276,,,176
bnk_7484277,7484277,3003,2010-01-03,DEBIT_CARD,50783,29,5,set_7484277,,,2924
bnk_7484278,7484278,10030,2010-01-03,DEBIT_CARD,13646,102,18,set_7484278,,,10150
bnk_7484279,7484279,8371,2010-01-03,DEBIT_CARD,60569,85,15,set_7484279,,,8471
bnk_7484280,7484280,453,2010-01-03,DEBIT_CARD,25717,5,1,set_7484280,,,459
bnk_7484281,7484281,1051,2010-01-03,CREDIT_CARD,69972,22,4,set_7484281,,,1077
bnk_7484282,7484282,1897,2010-01-03,DEBIT_CARD,24997,19,3,set_7484282,,,1919
bnk_7484283,7484283,2396,2010-01-03,DEBIT_CARD,29232,24,4,set_7484283,,,2424
bnk_7484284,7484284,783,2010-01-03,DEBIT_CARD,60569,8,1,set_7484284,,,792
bnk_7484285,7484285,262,2010-01-03,CREDIT_CARD,69972,5,1,set_7484285,,,268
bnk_7484286,7484286,1142,2010-01-03,DEBIT_CARD,57909,12,2,set_7484286,,,1156
bnk_7484288,7484288,281,2010-01-03,CREDIT_CARD,69972,6,1,set_7484288,,,288
bnk_7484289,7484289,955,2010-01-03,DEBIT_CARD,72351,10,2,set_7484289,,,967
bnk_7484290,7484290,4114,2010-01-03,DEBIT_CARD,39021,42,8,set_7484290,,,4164
bnk_7484292,7484292,3697,2010-01-03,CREDIT_CARD,43293,76,14,set_7484292,,,3787
bnk_7484293,7484293,11393,2010-01-03,DEBIT_CARD,40948,115,21,set_7484293,,,11529
bnk_7484295,7484295,141,2010-01-03,CREDIT_CARD,50783,3,1,set_7484295,,,145
bnk_7484296,7484296,864,2010-01-03,DEBIT_CARD,89100,9,2,set_7484296,,,875
bnk_7484298,7484298,3661,2010-01-03,DEBIT_CARD,44958,37,7,set_7484298,,,3705
bnk_7484299,7484299,2907,2010-01-03,DEBIT_CARD,48919,29,5,set_7484299,,,2941
bnk_7484300,7484300,984,2010-01-03,DEBIT_CARD,20561,10,2,set_7484300,,,996
bnk_7484301,7484301,4597,2010-01-03,DEBIT_CARD,15143,47,8,set_7484301,,,4652
bnk_7484302,7484302,3498,2010-01-03,DEBIT_CARD,41122,35,6,set_7484302,,,3539
bnk_7484303,7484303,190,2010-01-03,CREDIT_CARD,20519,4,1,set_7484303,,,195
bnk_7484304,7484304,216,2010-01-03,DEBIT_CARD,38853,2,0,set_7484304,,,217
bnk_7484305,7484305,1720,2010-01-03,DEBIT_CARD,24504,17,3,set_7484305,,,1740
bnk_7484306,7484306,344,2010-01-03,DEBIT_CARD,35451,3,1,set_7484306,,,348
bnk_7484307,7484307,4062,2010-01-03,DEBIT_CARD,98002,41,7,set_7484307,,,4110
bnk_7484309,7484309,2803,2010-01-03,CREDIT_CARD,59935,57,10,set_7484309,,,2870
bnk_7484310,7484310,3863,2010-01-03,CREDIT_CARD,86410,79,14,set_7484310,,,3956
bnk_7484311,7484311,366,2010-01-03,DEBIT_CARD,98374,4,1,set_7484311,,,371
bnk_7484312,7484312,5929,2010-01-03,DEBIT_CARD,27092,60,11,set_7484312,,,6000
bnk_7484313,7484313,297,2010-01-03,DEBIT_CARD,75357,3,1,set_7484313,,,301
bnk_7484314,7484314,2996,2010-01-03,DEBIT_CARD,72933,30,5,set_7484314,,,3031
bnk_7484315,7484315,216,2010-01-03,DEBIT_CARD,14528,2,0,set_7484315,,,218
bnk_7484316,7484316,131,2010-01-03,DEBIT_CARD,14528,1,0,set_7484316,,,132
bnk_7484317,7484317,210,2010-01-03,DEBIT_CARD,98374,2,0,set_7484317,,,212
bnk_7484318,7484318,1479,2010-01-03,DEBIT_CARD,26810,15,3,set_7484318,,,1497
bnk_7484319,7484319,292,2010-01-03,CREDIT_CARD,45804,6,1,set_7484319,,,299
bnk_7484322,7484322,13377,2010-01-03,DEBIT_CARD,91128,135,24,set_7484322,,,13536
bnk_7484323,7484323,330,2010-01-03,DEBIT_CARD,88185,3,1,set_7484323,,,334
bnk_7484324,7484324,1149,2010-01-03,DEBIT_CARD,82981,11,2,set_7484324,,,1091
bnk_7484325,7484325,741,2010-01-03,DEBIT_CARD,75781,8,1,set_7484325,,,750
bnk_7484326,7484326,8885,2010-01-03,CREDIT_CARD,22204,182,33,set_7484326,,,9100
bnk_7484327,7484327,361,2010-01-03,DEBIT_CARD,74624,2,0,set_7484327,,,216
bnk_7484328,7484328,9049,2010-01-03,CREDIT_CARD,43293,184,33,set_7484328,,,9200
bnk_7484329,7484329,3368,2010-01-03,DEBIT_CARD,16798,34,6,set_7484329,,,3408
bnk_7484330,7484330,461,2010-01-03,DEBIT_CARD,83480,5,1,set_7484330,,,467
bnk_7484331,7484331,10081,2010-01-03,DEBIT_CARD,60569,102,18,set_7484331,,,10201
bnk_7484332,7484332,3545,2010-01-03,DEBIT_CARD,87604,36,6,set_7484332,,,3587
bnk_7484333,7484333,892,2010-01-03,DEBIT_CARD,85247,9,2,set_7484333,,,903
bnk_7484334,7484334,3295,2010-01-03,DEBIT_CARD,39021,33,6,set_7484334,,,3334
bnk_7484335,7484335,8437,2010-01-03,DEBIT_CARD,32175,85,15,set_7484335,,,8537
bnk_7484336,7484336,7906,2010-01-03,DEBIT_CARD,61195,80,14,set_7484336,,,8000
bnk_7484338,7484338,246,2010-01-03,DEBIT_CARD,75936,3,1,set_7484338,,,250
bnk_7484339,7484339,388,2010-01-03,DEBIT_CARD,20519,4,1,set_7484339,,,393
bnk_7484340,7484340,521,2010-01-03,DEBIT_CARD,75781,5,1,set_7484340,,,527
bnk_7484341,7484341,121,2010-01-03,CREDIT_CARD,86942,2,0,set_7484341,,,122
bnk_7484342,7484342,4451,2010-01-03,DEBIT_CARD,40096,45,8,set_7484342,,,4504
bnk_7484347,7484347,5862,2010-01-03,CREDIT_CARD,39021,120,22,set_7484347,,,6004
bnk_7484348,7484348,1967,2010-01-03,CREDIT_CARD,60600,40,7,set_7484348,,,2014
bnk_7484350,7484350,2123,2010-01-03,DEBIT_CARD,66428,21,4,set_7484350,,,2148
bnk_7484351,7484351,1160,2010-01-03,DEBIT_CARD,44578,12,2,set_7484351,,,1174
bnk_7484352,7484352,1170,2010-01-03,DEBIT_CARD,30024,12,2,set_7484352,,,1184
bnk_7484353,7484353,217,2010-01-03,CREDIT_CARD,78605,4,1,set_7484353,,,222
bnk_7484355,7484355,170,2010-01-03,CREDIT_CARD,43293,3,1,set_7484355,,,174
bnk_7484357,7484357,323,2010-01-03,DEBIT_CARD,79075,3,1,set_7484357,,,327
bnk_7484358,7484358,3494,2010-01-03,DEBIT_CARD,20561,35,6,set_7484358,,,3535
bnk_7484359,7484359,160,2010-01-03,DEBIT_CARD,86438,2,0,set_7484359,,,162
bnk_7484361,7484361,5145,2010-01-03,DEBIT_CARD,60569,52,9,set_7484361,,,5206
bnk_7484364,7484364,454,2010-01-03,DEBIT_CARD,20519,5,1,set_7484364,,,460
bnk_7484365,7484365,1976,2010-01-03,CREDIT_CARD,20561,40,7,set_7484365,,,2023
bnk_7484366,7484366,189,2010-01-03,CREDIT_CARD,35451,3,1,set_7484366,,,138
bnk_7484367,7484367,301,2010-01-03,DEBIT_CARD,63612,3,1,set_7484367,,,305
bnk_7484369,7484369,6481,2010-01-03,DEBIT_CARD,61195,66,12,set_7484369,,,6559
bnk_7484368,7484368,8698,2010-01-03,DEBIT_CARD,94123,88,16,set_7484368,,,8802
bnk_7484370,7484370,698,2010-01-03,DEBIT_CARD,24993,7,1,set_7484370,,,706
bnk_7484371,7484371,1593,2010-01-03,DEBIT_CARD,16798,16,3,set_7484371,,,1612
bnk_7484373,7484373,1412,2010-01-03,CREDIT_CARD,22204,29,5,set_7484373,,,1446
bnk_7484374,7484374,11858,2010-01-03,DEBIT_CARD,27092,120,22,set_7484374,,,12000
bnk_7484375,7484375,3236,2010-01-03,DEBIT_CARD,39021,33,6,set_7484375,,,3275
bnk_7484377,7484377,9190,2010-01-03,DEBIT_CARD,61195,93,17,set_7484377,,,9300
bnk_7484378,7484378,2127,2010-01-03,DEBIT_CARD,61195,22,4,set_7484378,,,2153
bnk_7484379,7484379,138,2010-01-03,DEBIT_CARD,39021,1,0,set_7484379,,,139
bnk_7484380,7484380,5998,2010-01-03,DEBIT_CARD,63910,61,11,set_7484380,,,6070
bnk_7484382,7484382,1063,2010-01-03,DEBIT_CARD,75781,11,2,set_7484382,,,1076
bnk_7484383,7484383,2190,2010-01-03,DEBIT_CARD,18563,22,4,set_7484383,,,2216
bnk_7484386,7484386,4017,2010-01-03,CREDIT_CARD,39021,82,15,set_7484386,,,4114
bnk_7484388,7484388,5352,2010-01-03,CREDIT_CARD,76639,110,20,set_7484388,,,5482
bnk_7484389,7484389,268,2010-01-03,DEBIT_CARD,20519,3,1,set_7484389,,,272
bnk_7484390,7484390,4768,2010-01-03,DEBIT_CARD,60569,48,9,set_7484390,,,4825
bnk_7484391,7484391,9820,2010-01-03,CREDIT_CARD,20561,201,36,set_7484391,,,10057
bnk_7484392,7484392,2308,2010-01-03,CREDIT_CARD,44292,47,8,set_7484392,,,2363
bnk_7484393,7484393,5296,2010-01-03,DEBIT_CARD,20561,54,10,set_7484393,,,5360
bnk_7484394,7484394,15811,2010-01-03,DEBIT_CARD,27092,160,29,set_7484394,,,16000
bnk_7484395,7484395,8827,2010-01-03,DEBIT_CARD,71667,89,16,set_7484395,,,8932
bnk_7484396,7484396,5699,2010-01-03,CREDIT_CARD,86410,117,21,set_7484396,,,5837
bnk_7484397,7484397,177,2010-01-03,CREDIT_CARD,35451,4,1,set_7484397,,,182
bnk_7484401,7484401,10198,2010-01-03,DEBIT_CARD,99370,103,19,set_7484401,,,10320
bnk_7484402,7484402,1395,2010-01-03,DEBIT_CARD,98648,14,3,set_7484402,,,1412
bnk_7484403,7484403,20,2010-01-03,DEBIT_CARD,2085,0,0,set_7484403,,,20
bnk_7484404,7484404,549,2010-01-03,CREDIT_CARD,13657,11,2,set_7484404,,,562
bnk_7484404b,7484404,549,2010-01-03,CREDIT_CARD,13657,11,2,set_7484404b,,,562
bnk_7484405,7484405,576,2010-01-03,DEBIT_CARD,80056,6,1,set_7484405,,,583
bnk_7484406,7484406,3552,2010-01-03,CREDIT_CARD,22204,73,13,set_7484406,,,3638
bnk_7484407,7484407,563,2010-01-03,DEBIT_CARD,59935,6,1,set_7484407,,,570
bnk_7484408,7484408,3533,2010-01-03,DEBIT_CARD,4593,36,6,set_7484408,,,3575
bnk_7484410,7484410,2422,2010-01-03,DEBIT_CARD,52436,25,5,set_7484410,,,2452
bnk_7484411,7484411,1759,2010-01-03,DEBIT_CARD,72933,18,3,set_7484411,,,1780
bnk_7484413,7484413,285,2010-01-03,DEBIT_CARD,14451,3,1,set_7484413,,,289
bnk_7484414,7484414,368,2010-01-03,DEBIT_CARD,14528,4,1,set_7484414,,,373
bnk_7484417,7484417,170,2010-01-03,DEBIT_CARD,75936,2,0,set_7484417,,,172
bnk_7484418,7484418,21515,2010-01-03,CREDIT_CARD,66954,439,79,set_7484418,,,21941
bnk_7484419,7484419,14257,2010-01-03,CREDIT_CARD,53935,292,53,set_7484419,,,14602
bnk_7484420,7484420,4697,2010-01-03,DEBIT_CARD,19514,48,9,set_7484420,,,4754
bnk_7484421,7484421,5858,2010-01-03,CREDIT_CARD,22204,120,22,set_7484421,,,6000
bnk_7484422,7484422,546,2010-01-03,CREDIT_CARD,69726,11,2,set_7484422,,,559
bnk_7484424,7484424,8104,2010-01-03,CREDIT_CARD,24823,166,30,set_7484424,,,8300
bnk_7484426,7484426,9311,2010-01-03,DEBIT_CARD,68751,94,17,set_7484426,,,9422
bnk_7484428,7484428,12098,2010-01-03,DEBIT_CARD,60569,122,22,set_7484428,,,12242
bnk_7484430,7484430,2828,2010-01-03,CREDIT_CARD,32175,58,10,set_7484430,,,2896
bnk_7484431,7484431,4152,2010-01-03,DEBIT_CARD,79292,42,8,set_7484431,,,4202
bnk_7484432,7484432,6653,2010-01-03,DEBIT_CARD,34922,67,12,set_7484432,,,6732
bnk_7484434,7484434,274,2010-01-03,DEBIT_CARD,50867,3,1,set_7484434,,,278
bnk_7484435,7484435,311,2010-01-03,CREDIT_CARD,20519,6,1,set_7484435,,,318
bnk_7484436,7484436,2138,2010-01-03,DEBIT_CARD,20519,22,4,set_7484436,,,2164
bnk_7484437,7484437,1352,2010-01-03,CREDIT_CARD,26810,28,5,set_7484437,,,1385
bnk_7484438,7484438,8816,2010-01-03,DEBIT_CARD,44234,89,16,set_7484438,,,8921
bnk_7484440,7484440,712,2010-01-03,CREDIT_CARD,61195,15,3,set_7484440,,,730
bnk_7484442,7484442,1606,2010-01-03,DEBIT_CARD,88998,16,3,set_7484442,,,1625
bnk_7484444,7484444,276,2010-01-03,DEBIT_CARD,20519,3,1,set_7484444,,,280
bnk_7484445,7484445,88,2010-01-03,DEBIT_CARD,59935,1,0,set_7484445,,,89
bnk_7484446,7484446,158,2010-01-03,DEBIT_CARD,20519,2,0,set_7484446,,,160
bnk_7484447,7484447,171,2010-01-03,DEBIT_CARD,25887,2,0,set_7484447,,,173
bnk_7484448,7484448,5458,2010-01-03,DEBIT_CARD,79292,55,10,set_7484448,,,5523
bnk_7484451,7484451,2282,2010-01-03,DEBIT_CARD,44578,23,4,set_7484451,,,2309
bnk_7484453,7484453,7906,2010-01-03,DEBIT_CARD,27092,80,14,set_7484453,,,8000
bnk_7484454,7484454,9242,2010-01-03,DEBIT_CARD,36934,94,17,set_7484454,,,9353
bnk_7484455,7484455,658,2010-01-03,DEBIT_CARD,75781,7,1,set_7484455,,,666
bnk_7484456,7484456,14995,2010-01-03,DEBIT_CARD,37555,152,27,set_7484456,,,15174
bnk_7484457,7484457,4709,2010-01-03,CREDIT_CARD,43293,96,17,set_7484457,,,4822
bnk_7484458,7484458,9764,2010-01-03,CREDIT_CARD,60600,200,36,set_7484458,,,10000
bnk_7484460,7484460,28016,2010-01-03,DEBIT_CARD,46268,284,51,set_7484460,,,28351
bnk_7484461,7484461,295,2010-01-03,DEBIT_CARD,22204,2,0,set_7484461,,,202
bnk_7484463,7484463,7906,2010-01-03,DEBIT_CARD,27092,80,14,set_7484463,,,8000
bnk_7484464,7484464,1000,2010-01-03,DEBIT_CARD,22484,10,2,set_7484464,,,1012
bnk_7484466,7484466,5349,2010-01-03,CREDIT_CARD,11468,110,20,set_7484466,,,5479
bnk_7484467,7484467,2973,2010-01-03,DEBIT_CARD,39021,30,5,set_7484467,,,3008
bnk_7484468,7484468,1039,2010-01-03,DEBIT_CARD,32858,11,2,set_7484468,,,1052
bnk_7484473,7484473,4256,2010-01-03,CREDIT_CARD,34490,87,16,set_7484473,,,4359
bnk_7484474,7484474,3014,2010-01-03,DEBIT_CARD,18563,30,5,set_7484474,,,3049
bnk_7484476,7484476,30,2010-01-03,DEBIT_CARD,14528,0,0,set_7484476,,,30
bnk_7484477,7484477,13835,2010-01-03,DEBIT_CARD,27092,140,25,set_7484477,,,14000
bnk_7484480,7484480,1453,2010-01-03,DEBIT_CARD,75781,15,3,set_7484480,,,1471
bnk_7484481,7484481,817,2010-01-03,CREDIT_CARD,18563,17,3,set_7484481,,,837
bnk_7484482,7484482,1154,2010-01-03,CREDIT_CARD,50783,24,4,set_7484482,,,1182
bnk_7484483,7484483,42,2010-01-03,DEBIT_CARD,14528,0,0,set_7484483,,,42
bnk_7484485,7484485,1395,2010-01-03,DEBIT_CARD,93831,14,3,set_7484485,,,1412
bnk_7484486,7484486,1452,2010-01-03,CREDIT_CARD,96049,30,5,set_7484486,,,1487
bnk_7484488,7484488,2976,2010-01-03,CREDIT_CARD,39021,61,11,set_7484488,,,3048
bnk_7484492,7484492,13316,2010-01-03,DEBIT_CARD,81833,135,24,set_7484492,,,13476
bnk_7484493,7484493,2880,2010-01-03,CREDIT_CARD,44578,59,11,set_7484493,,,2950
bnk_7484494,7484494,14147,2010-01-03,CREDIT_CARD,29406,290,52,set_7484494,,,14489
bnk_7484495,7484495,5267,2010-01-03,DEBIT_CARD,39021,53,10,set_7484495,,,5330
bnk_7484496,7484496,3669,2010-01-03,DEBIT_CARD,32175,37,7,set_7484496,,,3713
bnk_7484497,7484497,5821,2010-01-03,CREDIT_CARD,39021,119,21,set_7484497,,,5961
bnk_7484498,7484498,592,2010-01-03,DEBIT_CARD,46127,6,1,set_7484498,,,599
bnk_7484499,7484499,1388,2010-01-03,CREDIT_CARD,75781,28,5,set_7484499,,,1421
bnk_7484501,7484501,331,2010-01-03,DEBIT_CARD,15617,3,1,set_7484501,,,335
bnk_7484502,7484502,3472,2010-01-03,DEBIT_CARD,32175,35,6,set_7484502,,,3513
bnk_7484503,7484503,1504,2010-01-03,DEBIT_CARD,16798,15,3,set_7484503,,,1522
bnk_7484504,7484504,806,2010-01-03,DEBIT_CARD,75781,8,1,set_7484504,,,815
bnk_7484505,7484505,6060,2010-01-03,DEBIT_CARD,49463,61,11,set_7484505,,,6132
bnk_7484506,7484506,1237,2010-01-03,DEBIT_CARD,75781,13,2,set_7484506,,,1252
bnk_7484507,7484507,15640,2010-01-03,DEBIT_CARD,25163,158,28,set_7484507,,,15826
bnk_7484508,7484508,5055,2010-01-03,DEBIT_CARD,92822,51,9,set_7484508,,,5115
bnk_7484509,7484509,1392,2010-01-03,DEBIT_CARD,83229,14,3,set_7484509,,,1409
bnk_7484513,7484513,163,2010-01-03,CREDIT_CARD,92290,3,1,set_7484513,,,167
bnk_7484514,7484514,16103,2010-01-03,CREDIT_CARD,9932,330,59,set_7484514,,,16492
bnk_7484515,7484515,490,2010-01-03,DEBIT_CARD,88459,5,1,set_7484515,,,496
bnk_7484516,7484516,9269,2010-01-03,DEBIT_CARD,50783,94,17,set_7484516,,,9380
bnk_7484518,7484518,1617,2010-01-03,DEBIT_CARD,20519,16,3,set_7484518,,,1636
bnk_7484519,7484519,10395,2010-01-03,CREDIT_CARD,20561,213,38,set_7484519,,,10646
bnk_7484520,7484520,2292,2010-01-03,DEBIT_CARD,61195,23,4,set_7484520,,,2319
bnk_7484522,7484522,164,2010-01-03,CREDIT_CARD,86862,2,0,set_7484522,,,75
bnk_7484523,7484523,997,2010-01-03,DEBIT_CARD,1238,9,2,set_7484523,,,899
bnk_7484524,7484524,483,2010-01-03,DEBIT_CARD,43293,5,1,set_7484524,,,489
bnk_7484525,7484525,6280,2010-01-03,CREDIT_CARD,54298,129,23,set_7484525,,,6432
bnk_7484526,7484526,6957,2010-01-03,CREDIT_CARD,68859,143,26,set_7484526,,,7126
bnk_7484527,7484527,591,2010-01-03,DEBIT_CARD,78624,6,1,set_7484527,,,598
bnk_7484528,7484528,1436,2010-01-03,DEBIT_CARD,75781,15,3,set_7484528,,,1454
bnk_7484530,7484530,16391,2010-01-03,CREDIT_CARD,86959,336,60,set_7484530,,,16787
bnk_7484531,7484531,27710,2010-01-03,DEBIT_CARD,65282,280,50,set_7484531,,,28039
bnk_7484533,7484533,588,2010-01-03,DEBIT_CARD,41982,6,1,set_7484533,,,594
bnk_7484534,7484534,4194,2010-01-03,DEBIT_CARD,2618,42,8,set_7484534,,,4244
bnk_7484535,7484535,1924,2010-01-03,DEBIT_CARD,61195,19,3,set_7484535,,,1946
bnk_7484536,7484536,10292,2010-01-03,CREDIT_CARD,91361,211,38,set_7484536,,,10541
bnk_7484537,7484537,51,2010-01-03,CREDIT_CARD,50783,1,0,set_7484537,,,52
bnk_7484539,7484539,1769,2010-01-03,DEBIT_CARD,35451,18,3,set_7484539,,,1790
bnk_7484541,7484541,1744,2010-01-03,DEBIT_CARD,41943,18,3,set_7484541,,,1765
bnk_7484542,7484542,1379,2010-01-03,DEBIT_CARD,59935,14,3,set_7484542,,,1396
bnk_7484544,7484544,5483,2010-01-03,CREDIT_CARD,42858,111,20,set_7484544,,,5539
bnk_7484548,7484548,13189,2010-01-03,CREDIT_CARD,81833,270,49,set_7484548,,,13508
bnk_7484550,7484550,1034,2010-01-03,CREDIT_CARD,39021,21,4,set_7484550,,,1059
bnk_7484551,7484551,1781,2010-01-03,CREDIT_CARD,87436,36,6,set_7484551,,,1823
bnk_7484552,7484552,11717,2010-01-03,CREDIT_CARD,27092,240,43,set_7484552,,,12000
bnk_7484553,7484553,1294,2010-01-03,DEBIT_CARD,61195,13,2,set_7484553,,,1309
bnk_7484555,7484555,2498,2010-01-03,CREDIT_CARD,9554,51,9,set_7484555,,,2558
bnk_7484556,7484556,723,2010-01-03,DEBIT_CARD,22204,6,1,set_7484556,,,639
bnk_7484557,7484557,996,2010-01-03,CREDIT_CARD,67390,20,4,set_7484557,,,1020
bnk_7484558,7484558,1964,2010-01-03,DEBIT_CARD,50783,20,4,set_7484558,,,1988
bnk_7484559,7484559,15458,2010-01-03,CREDIT_CARD,9932,317,57,set_7484559,,,15832
bnk_7484560,7484560,777,2010-01-03,DEBIT_CARD,44874,8,1,set_7484560,,,786
bnk_7484561,7484561,7537,2010-01-03,CREDIT_CARD,50783,154,28,set_7484561,,,7719
bnk_7484562,7484562,1212,2010-01-03,DEBIT_CARD,15027,12,2,set_7484562,,,1225
bnk_7484563,7484563,1014,2010-01-03,CREDIT_CARD,35451,21,4,set_7484563,,,1039
bnk_7484564,7484564,7906,2010-01-03,DEBIT_CARD,27092,80,14,set_7484564,,,8000
bnk_7484566,7484566,115,2010-01-03,DEBIT_CARD,26810,1,0,set_7484566,,,116
bnk_7484567,7484567,1603,2010-01-03,CREDIT_CARD,88646,33,6,set_7484567,,,1642
bnk_7484568,7484568,710,2010-01-03,DEBIT_CARD,19756,7,1,set_7484568,,,719
bnk_7484569,7484569,1437,2010-01-03,DEBIT_CARD,2211,15,3,set_7484569,,,1455
bnk_7484570,7484570,7906,2010-01-03,DEBIT_CARD,27092,80,14,set_7484570,,,8000
bnk_7484572,7484572,223,2010-01-03,CREDIT_CARD,58577,5,1,set_7484572,,,229
bnk_7484574,7484574,13190,2010-01-03,DEBIT_CARD,32175,133,24,set_7484574,,,13347
bnk_7484575,7484575,10115,2010-01-03,DEBIT_CARD,31893,102,18,set_7484575,,,10235
bnk_7484576,7484576,1251,2010-01-03,DEBIT_CARD,34340,13,2,set_7484576,,,1266
bnk_7484577,7484577,7906,2010-01-03,DEBIT_CARD,27092,80,14,set_7484577,,,8000
bnk_7484578,7484578,57287,2010-01-03,DEBIT_CARD,7257,580,104,set_7484578,,,57971
bnk_7484579,7484579,1403,2010-01-03,CREDIT_CARD,46417,29,5,set_7484579,,,1437
bnk_7484580,7484580,184,2010-01-03,CREDIT_CARD,98374,4,1,set_7484580,,,189
bnk_7484581,7484581,2859,2010-01-03,DEBIT_CARD,21003,29,5,set_7484581,,,2893
bnk_7484583,7484583,826,2010-01-03,CREDIT_CARD,96795,17,3,set_7484583,,,846
bnk_7484584,7484584,2734,2010-01-03,DEBIT_CARD,98553,28,5,set_7484584,,,2767
bnk_7484585,7484585,8423,2010-01-03,DEBIT_CARD,41832,85,15,set_7484585,,,8523
bnk_7484586,7484586,1306,2010-01-03,DEBIT_CARD,18563,13,2,set_7484586,,,1321
bnk_7484587,7484587,4473,2010-01-03,CREDIT_CARD,39021,92,17,set_7484587,,,4582
bnk_7484588,7484588,7906,2010-01-03,DEBIT_CARD,27092,80,14,set_7484588,,,8000
bnk_7484590,7484590,4634,2010-01-03,CREDIT_CARD,29784,95,17,set_7484590,,,4746
bnk_7484591,7484591,277,2010-01-03,DEBIT_CARD,75936,3,1,set_7484591,,,281
bnk_7484592,7484592,2078,2010-01-03,DEBIT_CARD,88998,21,4,set_7484592,,,2103
bnk_7484593,7484593,7176,2010-01-03,DEBIT_CARD,60692,73,13,set_7484593,,,7262
bnk_7484594,7484594,111,2010-01-03,DEBIT_CARD,86438,1,0,set_7484594,,,112
bnk_7484595,7484595,152,2010-01-03,DEBIT_CARD,14528,2,0,set_7484595,,,154
bnk_7484596,7484596,18751,2010-01-03,DEBIT_CARD,36819,190,34,set_7484596,,,18975
bnk_7484597,7484597,857,2010-01-03,DEBIT_CARD,46284,9,2,set_7484597,,,868
bnk_7484598,7484598,7168,2010-01-03,DEBIT_CARD,67570,73,13,set_7484598,,,7254
bnk_7484599,7484599,4970,2010-01-03,DEBIT_CARD,43293,50,9,set_7484599,,,5029
bnk_7484600,7484600,3568,2010-01-03,DEBIT_CARD,100221,36,6,set_7484600,,,3610
bnk_7484601,7484601,7225,2010-01-03,CREDIT_CARD,43293,148,27,set_7484601,,,7400
bnk_7484602,7484602,3414,2010-01-03,CREDIT_CARD,54737,70,13,set_7484602,,,3497
bnk_7484603,7484603,1018,2010-01-03,DEBIT_CARD,44578,10,2,set_7484603,,,1030
bnk_7484604,7484604,2885,2010-01-03,DEBIT_CARD,87517,29,5,set_7484604,,,2919
bnk_7484605,7484605,1424,2010-01-03,DEBIT_CARD,35451,14,3,set_7484605,,,1441
bnk_7484606,7484606,1040,2010-01-03,DEBIT_CARD,34340,11,2,set_7484606,,,1053
bnk_7484607,7484607,1313,2010-01-03,DEBIT_CARD,36399,13,2,set_7484607,,,1328
bnk_7484608,7484608,2541,2010-01-03,DEBIT_CARD,46284,26,5,set_7484608,,,2572
bnk_7484609,7484609,3127,2010-01-03,DEBIT_CARD,79361,32,6,set_7484609,,,3165
bnk_7484610,7484610,733,2010-01-03,DEBIT_CARD,75936,7,1,set_7484610,,,741
bnk_7484611,7484611,232,2010-01-03,DEBIT_CARD,25887,2,0,set_7484611,,,234
bnk_7484612,7484612,865,2010-01-03,CREDIT_CARD,62913,18,3,set_7484612,,,886
bnk_7484615,7484615,993,2010-01-03,DEBIT_CARD,50783,10,2,set_7484615,,,1005
bnk_7484616,7484616,7909,2010-01-03,CREDIT_CARD,43293,162,29,set_7484616,,,8100
bnk_7484617,7484617,1129,2010-01-03,DEBIT_CARD,61195,11,2,set_7484617,,,1142
bnk_7484618,7484618,7906,2010-01-03,DEBIT_CARD,27092,80,14,set_7484618,,,8000
bnk_7484619,7484619,3607,2010-01-03,DEBIT_CARD,16798,36,6,set_7484619,,,3649
bnk_7484620,7484620,4941,2010-01-03,CREDIT_CARD,96365,101,18,set_7484620,,,5060
bnk_7484621,7484621,370,2010-01-03,DEBIT_CARD,5145,4,1,set_7484621,,,375
bnk_7484622,7484622,453,2010-01-03,DEBIT_CARD,20884,5,1,set_7484622,,,459
bnk_7484623,7484623,3974,2010-01-03,CREDIT_CARD,22204,81,15,set_7484623,,,4070
bnk_7484625,7484625,9882,2010-01-03,DEBIT_CARD,27092,100,18,set_7484625,,,10000
bnk_7484626,7484626,2010,2010-01-03,CREDIT_CARD,51329,41,7,set_7484626,,,2058
bnk_7484627,7484627,1512,2010-01-03,DEBIT_CARD,92883,15,3,set_7484627,,,1530
bnk_7484629,7484629,2783,2010-01-03,DEBIT_CARD,75781,28,5,set_7484629,,,2816
bnk_7484631,7484631,7906,2010-01-03,DEBIT_CARD,27092,80,14,set_7484631,,,8000
bnk_7484632,7484632,1690,2010-01-03,DEBIT_CARD,19964,17,3,set_7484632,,,1710
bnk_7484633,7484633,9069,2010-01-03,CREDIT_CARD,19964,186,33,set_7484633,,,9288
bnk_7484634,7484634,4869,2010-01-03,DEBIT_CARD,86410,49,9,set_7484634,,,4927
bnk_7484635,7484635,5526,2010-01-03,DEBIT_CARD,41105,56,10,set_7484635,,,5592
bnk_7484636,7484636,9783,2010-01-03,DEBIT_CARD,43293,99,18,set_7484636,,,9900
bnk_7484636b,7484636,9783,2010-01-03,DEBIT_CARD,43293,99,18,set_7484636b,,,9900
bnk_7484639,7484639,1074,2010-01-03,DEBIT_CARD,22204,11,2,set_7484639,,,1087
bnk_7484640,7484640,1991,2010-01-03,DEBIT_CARD,43529,20,4,set_7484640,,,2015
bnk_7484641,7484641,5174,2010-01-03,DEBIT_CARD,24823,52,9,set_7484641,,,5235
bnk_7484643,7484643,2196,2010-01-03,CREDIT_CARD,2703,45,8,set_7484643,,,2249
bnk_7484645,7484645,1244,2010-01-03,CREDIT_CARD,88998,26,5,set_7484645,,,1275
bnk_7484648,7484648,7053,2010-01-03,CREDIT_CARD,2177,144,26,set_7484648,,,7223
bnk_7484649,7484649,6226,2010-01-03,DEBIT_CARD,50867,63,11,set_7484649,,,6300
bnk_7484651,7484651,85,2010-01-03,DEBIT_CARD,48332,1,0,set_7484651,,,86
bnk_7484654,7484654,1512,2010-01-03,CREDIT_CARD,79664,29,5,set_7484654,,,1445
bnk_7484655,7484655,1493,2010-01-03,DEBIT_CARD,41260,15,3,set_7484655,,,1511
bnk_7484657,7484657,11403,2010-01-03,DEBIT_CARD,81833,115,21,set_7484657,,,11539
bnk_7484659,7484659,728,2010-01-03,DEBIT_CARD,12829,7,1,set_7484659,,,736
bnk_7484660,7484660,3883,2010-01-03,CREDIT_CARD,91128,80,14,set_7484660,,,3977
bnk_7484661,7484661,10957,2010-01-03,DEBIT_CARD,37690,111,20,set_7484661,,,11088
bnk_7484662,7484662,6744,2010-01-03,DEBIT_CARD,18007,68,12,set_7484662,,,6824
bnk_7484664,7484664,1503,2010-01-03,CREDIT_CARD,70735,31,6,set_7484664,,,1540
bnk_7484666,7484666,11857,2010-01-03,DEBIT_CARD,27092,120,22,set_7484666,,,12000
bnk_7484667,7484667,1663,2010-01-03,DEBIT_CARD,34340,17,3,set_7484667,,,1683
bnk_7484669,7484669,1584,2010-01-03,DEBIT_CARD,61195,16,3,set_7484669,,,1603
bnk_7484670,7484670,110,2010-01-03,CREDIT_CARD,14528,2,0,set_7484670,,,112
bnk_7484672,7484672,3160,2010-01-03,DEBIT_CARD,20561,32,6,set_7484672,,,3198
bnk_7484673,7484673,5181,2010-01-03,DEBIT_CARD,35183,52,9,set_7484673,,,5242
bnk_7484675,7484675,3583,2010-01-03,CREDIT_CARD,32175,73,13,set_7484675,,,3669
bnk_7484676,7484676,9081,2010-01-03,CREDIT_CARD,22204,186,33,set_7484676,,,9300
bnk_7484679,7484679,1106,2010-01-03,CREDIT_CARD,30928,23,4,set_7484679,,,1133
bnk_7484680,7484680,9840,2010-01-03,CREDIT_CARD,69956,202,36,set_7484680,,,10078
bnk_7484681,7484681,1932,2010-01-03,DEBIT_CARD,29437,20,4,set_7484681,,,1956
bnk_7484683,7484683,2757,2010-01-03,DEBIT_CARD,50783,28,5,set_7484683,,,2790
bnk_7484684,7484684,3059,2010-01-03,DEBIT_CARD,39021,31,6,set_7484684,,,3096
bnk_7484685,7484685,428,2010-01-03,DEBIT_CARD,90538,4,1,set_7484685,,,432
bnk_7484686,7484686,3326,2010-01-03,DEBIT_CARD,32175,34,6,set_7484686,,,3366
bnk_7484687,7484687,751,2010-01-03,DEBIT_CARD,98374,8,1,set_7484687,,,760
bnk_7484688,7484688,94,2010-01-03,DEBIT_CARD,20519,1,0,set_7484688,,,95
bnk_7484689,7484689,347,2010-01-03,DEBIT_CARD,25887,4,1,set_7484689,,,352
bnk_7484690,7484690,1915,2010-01-03,DEBIT_CARD,20519,19,3,set_7484690,,,1937
bnk_7484691,7484691,931,2010-01-03,DEBIT_CARD,80124,9,2,set_7484691,,,942
bnk_7484692,7484692,138,2010-01-03,DEBIT_CARD,14528,1,0,set_7484692,,,139
bnk_7484693,7484693,1566,2010-01-03,DEBIT_CARD,87436,16,3,set_7484693,,,1585
bnk_7484694,7484694,1422,2010-01-03,DEBIT_CARD,57758,14,3,set_7484694,,,1439
bnk_7484695,7484695,3971,2010-01-03,DEBIT_CARD,26909,40,7,set_7484695,,,4018
bnk_7484696,7484696,5858,2010-01-03,CREDIT_CARD,27092,120,22,set_7484696,,,6000
bnk_7484697,7484697,1197,2010-01-03,DEBIT_CARD,88419,12,2,set_7484697,,,1211
bnk_7484698,7484698,568,2010-01-03,DEBIT_CARD,47459,6,1,set_7484698,,,575
bnk_7484699,7484699,8150,2010-01-03,DEBIT_CARD,9855,82,15,set_7484699,,,8247
bnk_7484700,7484700,366,2010-01-03,CREDIT_CARD,61195,8,1,set_7484700,,,375
bnk_7484701,7484701,2875,2010-01-03,DEBIT_CARD,89071,29,5,set_7484701,,,2909
bnk_7484702,7484702,1680,2010-01-03,DEBIT_CARD,15776,17,3,set_7484702,,,1700
bnk_7484703,7484703,15053,2010-01-03,CREDIT_CARD,30286,308,55,set_7484703,,,15416
bnk_7484704,7484704,1598,2010-01-03,DEBIT_CARD,73257,16,3,set_7484704,,,1617
bnk_7484707,7484707,1141,2010-01-03,DEBIT_CARD,22204,12,2,set_7484707,,,1155
bnk_7484708,7484708,1314,2010-01-03,DEBIT_CARD,97414,13,2,set_7484708,,,1329
bnk_7484709,7484709,1456,2010-01-03,CREDIT_CARD,19464,30,5,set_7484709,,,1491
bnk_7484711,7484711,5624,2010-01-03,CREDIT_CARD,43293,115,21,set_7484711,,,5760
bnk_7484713,7484713,13395,2010-01-03,CREDIT_CARD,72227,274,49,set_7484713,,,13718
bnk_7484716,7484716,6761,2010-01-03,DEBIT_CARD,10412,68,12,set_7484716,,,6841
bnk_7484717,7484717,6379,2010-01-03,DEBIT_CARD,54850,65,12,set_7484717,,,6456
bnk_7484718,7484718,145,2010-01-03,CREDIT_CARD,14528,3,1,set_7484718,,,149
bnk_7484719,7484719,1579,2010-01-03,DEBIT_CARD,60569,16,3,set_7484719,,,1598
bnk_7484720,7484720,5623,2010-01-03,CREDIT_CARD,43293,115,21,set_7484720,,,5760
bnk_7484721,7484721,1230,2010-01-03,DEBIT_CARD,14330,12,2,set_7484721,,,1244
bnk_7484722,7484722,1138,2010-01-03,CREDIT_CARD,98374,22,4,set_7484722,,,1090
bnk_7484723,7484723,5271,2010-01-03,DEBIT_CARD,20131,53,10,set_7484723,,,5334
bnk_7484723b,7484723,5271,2010-01-03,DEBIT_CARD,20131,53,10,set_7484723b,,,5334
bnk_7484724,7484724,1181,2010-01-03,CREDIT_CARD,37612,24,4,set_7484724,,,1209
bnk_7484725,7484725,1372,2010-01-03,DEBIT_CARD,23481,14,3,set_7484725,,,1389
bnk_7484725b,7484725,1372,2010-01-03,DEBIT_CARD,23481,14,3,set_7484725b,,,1389
bnk_7484726,7484726,3906,2010-01-03,CREDIT_CARD,27092,80,14,set_7484726,,,4000
bnk_7484727,7484727,1997,2010-01-03,CREDIT_CARD,71667,41,7,set_7484727,,,2045
bnk_7484728,7484728,1089,2010-01-03,DEBIT_CARD,41467,11,2,set_7484728,,,1103
bnk_7484729,7484729,4417,2010-01-03,DEBIT_CARD,50398,45,8,set_7484729,,,4470
bnk_7484730,7484730,897,2010-01-03,DEBIT_CARD,2402,9,2,set_7484730,,,908
bnk_7484731,7484731,201,2010-01-03,CREDIT_CARD,43293,4,1,set_7484731,,,206
bnk_7484732,7484732,1390,2010-01-03,DEBIT_CARD,75781,14,3,set_7484732,,,1407
bnk_7484734,7484734,1755,2010-01-03,DEBIT_CARD,95005,18,3,set_7484734,,,1776
bnk_7484736,7484736,112,2010-01-03,DEBIT_CARD,14528,1,0,set_7484736,,,113
bnk_7484737,7484737,10384,2010-01-03,CREDIT_CARD,77288,213,38,set_7484737,,,10635
bnk_7484738,7484738,828,2010-01-03,DEBIT_CARD,49789,8,1,set_7484738,,,837
bnk_7484739,7484739,7435,2010-01-03,DEBIT_CARD,50867,75,14,set_7484739,,,7524
bnk_7484741,7484741,16067,2010-01-03,DEBIT_CARD,17976,163,29,set_7484741,,,16259
bnk_7484742,7484742,1119,2010-01-03,DEBIT_CARD,46284,11,2,set_7484742,,,1132
bnk_7484743,7484743,3821,2010-01-03,DEBIT_CARD,4345,39,7,set_7484743,,,3867
bnk_7484744,7484744,1391,2010-01-03,CREDIT_CARD,25887,29,5,set_7484744,,,1425
bnk_7484745,7484745,1630,2010-01-03,DEBIT_CARD,88998,16,3,set_7484745,,,1649
bnk_7484746,7484746,4265,2010-01-03,CREDIT_CARD,60569,87,16,set_7484746,,,4368
bnk_7484747,7484747,8235,2010-01-03,DEBIT_CARD,20561,83,15,set_7484747,,,8333
bnk_7484748,7484748,873,2010-01-03,DEBIT_CARD,1084,9,2,set_7484748,,,884
bnk_7484749,7484749,2360,2010-01-03,DEBIT_CARD,20519,24,4,set_7484749,,,2388
bnk_7484752,7484752,1449,2010-01-03,CREDIT_CARD,50783,30,5,set_7484752,,,1484
bnk_7484753,7484753,2263,2010-01-03,DEBIT_CARD,1408,23,4,set_7484753,,,2290
bnk_7484754,7484754,3953,2010-01-03,DEBIT_CARD,27092,40,7,set_7484754,,,4000
bnk_7484755,7484755,7357,2010-01-03,CREDIT_CARD,40645,151,27,set_7484755,,,7536
bnk_7484756,7484756,1752,2010-01-03,DEBIT_CARD,22204,18,3,set_7484756,,,1773
bnk_7484757,7484757,5929,2010-01-03,DEBIT_CARD,27092,60,11,set_7484757,,,6000
bnk_7484758,7484758,8174,2010-01-03,CREDIT_CARD,82444,167,30,set_7484758,,,8371
bnk_7484759,7484759,5277,2010-01-03,DEBIT_CARD,13523,53,10,set_7484759,,,5340
bnk_7484760,7484760,3213,2010-01-03,DEBIT_CARD,71616,33,6,set_7484760,,,3252
bnk_7484761,7484761,1170,2010-01-03,DEBIT_CARD,20561,12,2,set_7484761,,,1184
bnk_7484762,7484762,1115,2010-01-03,DEBIT_CARD,41260,11,2,set_7484762,,,1128
bnk_7484763,7484763,999,2010-01-03,DEBIT_CARD,75781,10,2,set_7484763,,,1011
bnk_7484765,7484765,13670,2010-01-03,DEBIT_CARD,20916,138,25,set_7484765,,,13833
bnk_7484766,7484766,8583,2010-01-03,DEBIT_CARD,18651,87,16,set_7484766,,,8686
bnk_7484767,7484767,3790,2010-01-03,DEBIT_CARD,11559,38,7,set_7484767,,,3835
bnk_7484768,7484768,2365,2010-01-03,DEBIT_CARD,50783,24,4,set_7484768,,,2393
bnk_7484770,7484770,5727,2010-01-03,DEBIT_CARD,60569,58,10,set_7484770,,,5794
bnk_7484772,7484772,1029,2010-01-03,CREDIT_CARD,61195,18,3,set_7484772,,,923
bnk_7484773,7484773,1740,2010-01-03,DEBIT_CARD,19122,16,3,set_7484773,,,1645
bnk_7484775,7484775,797,2010-01-03,DEBIT_CARD,50783,8,1,set_7484775,,,806
bnk_7484776,7484776,4507,2010-01-03,CREDIT_CARD,69225,92,17,set_7484776,,,4616
bnk_7484777,7484777,1105,2010-01-03,DEBIT_CARD,66855,11,2,set_7484777,,,1118
bnk_7484778,7484778,7619,2010-01-03,CREDIT_CARD,29439,154,28,set_7484778,,,7721
bnk_7484780,7484780,4497,2010-01-03,CREDIT_CARD,36934,92,17,set_7484780,,,4606
bnk_7484781,7484781,8099,2010-01-03,DEBIT_CARD,32175,82,15,set_7484781,,,8196
bnk_7484783,7484783,716,2010-01-03,DEBIT_CARD,47399,7,1,set_7484783,,,724
bnk_7484784,7484784,780,2010-01-03,DEBIT_CARD,46284,8,1,set_7484784,,,789
bnk_7484787,7484787,2449,2010-01-03,CREDIT_CARD,61195,50,9,set_7484787,,,2509
bnk_7484788,7484788,741,2010-01-03,DEBIT_CARD,68335,8,1,set_7484788,,,750
bnk_7484789,7484789,1026,2010-01-03,CREDIT_CARD,55060,21,4,set_7484789,,,1051
bnk_7484790,7484790,981,2010-01-03,CREDIT_CARD,58989,20,4,set_7484790,,,1005
bnk_7484791,7484791,5690,2010-01-03,DEBIT_CARD,39021,58,10,set_7484791,,,5758
bnk_7484792,7484792,1305,2010-01-03,DEBIT_CARD,78454,13,2,set_7484792,,,1320
bnk_7484793,7484793,1994,2010-01-03,DEBIT_CARD,78534,20,4,set_7484793,,,2018
bnk_7484794,7484794,1233,2010-01-03,CREDIT_CARD,49789,25,5,set_7484794,,,1263
bnk_7484795,7484795,2386,2010-01-03,DEBIT_CARD,32858,24,4,set_7484795,,,2414
bnk_7484796,7484796,1008,2010-01-03,DEBIT_CARD,45926,10,2,set_7484796,,,1020
bnk_7484797,7484797,5659,2010-01-03,DEBIT_CARD,39021,57,10,set_7484797,,,5726
bnk_7484798,7484798,1420,2010-01-03,DEBIT_CARD,23764,14,3,set_7484798,,,1437
bnk_7484799,7484799,7011,2010-01-03,DEBIT_CARD,88459,71,13,set_7484799,,,7095
bnk_7484801,7484801,2394,2010-01-03,DEBIT_CARD,41122,24,4,set_7484801,,,2422
bnk_7484802,7484802,7338,2010-01-03,DEBIT_CARD,60569,74,13,set_7484802,,,7425
bnk_7484803,7484803,2060,2010-01-03,CREDIT_CARD,47756,42,8,set_7484803,,,2110
bnk_7484804,7484804,262,2010-01-03,DEBIT_CARD,78454,3,1,set_7484804,,,266
bnk_7484805,7484805,84,2010-01-03,CREDIT_CARD,16863,2,0,set_7484805,,,86
bnk_7484807,7484807,9368,2010-01-03,DEBIT_CARD,60569,95,17,set_7484807,,,9480
bnk_7484808,7484808,2815,2010-01-03,CREDIT_CARD,51180,58,10,set_7484808,,,2883
bnk_7484809,7484809,7006,2010-01-03,DEBIT_CARD,3831,71,13,set_7484809,,,7090
bnk_7484811,7484811,4821,2010-01-03,DEBIT_CARD,32175,49,9,set_7484811,,,4879
bnk_7484812,7484812,1090,2010-01-03,DEBIT_CARD,25887,10,2,set_7484812,,,1014
bnk_7484815,7484815,2452,2010-01-03,DEBIT_CARD,61195,25,5,set_7484815,,,2482
bnk_7484817,7484817,166,2010-01-03,CREDIT_CARD,14528,3,1,set_7484817,,,170
bnk_7484818,7484818,1088,2010-01-03,DEBIT_CARD,68450,11,2,set_7484818,,,1101
bnk_7484819,7484819,1597,2010-01-03,DEBIT_CARD,11529,15,3,set_7484819,,,1494
bnk_7484820,7484820,2989,2010-01-03,DEBIT_CARD,69122,30,5,set_7484820,,,3024
bnk_7484821,7484821,2197,2010-01-03,DEBIT_CARD,83480,22,4,set_7484821,,,2224
bnk_7484822,7484822,431,2010-01-03,DEBIT_CARD,75781,4,1,set_7484822,,,436
bnk_7484824,7484824,2246,2010-01-03,DEBIT_CARD,770,23,4,set_7484824,,,2273
bnk_7484825,7484825,7609,2010-01-03,DEBIT_CARD,61195,77,14,set_7484825,,,7700
bnk_7484826,7484826,1739,2010-01-03,DEBIT_CARD,61195,18,3,set_7484826,,,1760
bnk_7484827,7484827,9764,2010-01-03,CREDIT_CARD,27092,200,36,set_7484827,,,10000
bnk_7484829,7484829,642,2010-01-03,DEBIT_CARD,26810,6,1,set_7484829,,,649
bnk_7484831,7484831,6555,2010-01-03,CREDIT_CARD,43293,134,24,set_7484831,,,6713
bnk_7484830,7484830,8885,2010-01-03,CREDIT_CARD,43293,182,33,set_7484830,,,9100
bnk_7484833,7484833,1190,2010-01-03,DEBIT_CARD,98648,12,2,set_7484833,,,1204
bnk_7484834,7484834,4202,2010-01-03,CREDIT_CARD,34490,86,15,set_7484834,,,4303
bnk_7484835,7484835,407,2010-01-03,DEBIT_CARD,69956,4,1,set_7484835,,,412
bnk_7484836,7484836,410,2010-01-03,CREDIT_CARD,16133,8,1,set_7484836,,,419
bnk_7484838,7484838,7811,2010-01-03,CREDIT_CARD,61195,160,29,set_7484838,,,8000
bnk_7484839,7484839,1085,2010-01-03,CREDIT_CARD,98374,22,4,set_7484839,,,1111
bnk_7484840,7484840,1321,2010-01-03,DEBIT_CARD,18563,13,2,set_7484840,,,1336
bnk_7484841,7484841,364,2010-01-03,DEBIT_CARD,82810,4,1,set_7484841,,,369
bnk_7484842,7484842,966,2010-01-03,DEBIT_CARD,87765,10,2,set_7484842,,,978
bnk_7484843,7484843,1911,2010-01-03,DEBIT_CARD,50783,19,3,set_7484843,,,1933
bnk_7484844,7484844,1596,2010-01-03,CREDIT_CARD,61195,33,6,set_7484844,,,1635
bnk_7484845,7484845,2467,2010-01-03,DEBIT_CARD,30157,25,5,set_7484845,,,2497
bnk_7484846,7484846,219,2010-01-03,DEBIT_CARD,42858,2,0,set_7484846,,,221
bnk_7484847,7484847,63,2010-01-03,DEBIT_CARD,56431,1,0,set_7484847,,,64
bnk_7484848,7484848,9882,2010-01-03,DEBIT_CARD,27092,100,18,set_7484848,,,10000
bnk_7484849,7484849,5852,2010-01-03,CREDIT_CARD,78553,120,22,set_7484849,,,5994
bnk_7484850,7484850,2415,2010-01-03,DEBIT_CARD,635,24,4,set_7484850,,,2442
bnk_7484851,7484851,11717,2010-01-03,CREDIT_CARD,27092,240,43,set_7484851,,,12000
bnk_7484853,7484853,9882,2010-01-03,DEBIT_CARD,27092,100,18,set_7484853,,,10000
bnk_7484854,7484854,2145,2010-01-03,DEBIT_CARD,61195,21,4,set_7484854,,,2085
bnk_7484855,7484855,515,2010-01-03,DEBIT_CARD,98374,5,1,set_7484855,,,521
bnk_7484857,7484857,645,2010-01-03,DEBIT_CARD,61195,7,1,set_7484857,,,653
bnk_7484860,7484860,2912,2010-01-03,DEBIT_CARD,69374,29,5,set_7484860,,,2946
bnk_7484862,7484862,111,2010-01-03,DEBIT_CARD,14528,1,0,set_7484862,,,112
bnk_7484863,7484863,1841,2010-01-03,DEBIT_CARD,78454,19,3,set_7484863,,,1863
bnk_7484864,7484864,577,2010-01-03,DEBIT_CARD,61195,6,1,set_7484864,,,584
bnk_7484865,7484865,2871,2010-01-03,DEBIT_CARD,13646,29,5,set_7484865,,,2905
bnk_7484866,7484866,1138,2010-01-03,DEBIT_CARD,60569,12,2,set_7484866,,,1152
bnk_7484867,7484867,3299,2010-01-03,DEBIT_CARD,34506,32,6,set_7484867,,,3226
bnk_7484870,7484870,914,2010-01-03,DEBIT_CARD,49789,9,2,set_7484870,,,925
bnk_7484873,7484873,4986,2010-01-03,CREDIT_CARD,43293,102,18,set_7484873,,,5106
bnk_7484874,7484874,1075,2010-01-03,DEBIT_CARD,59397,11,2,set_7484874,,,1088
bnk_7484875,7484875,3141,2010-01-03,CREDIT_CARD,86616,64,12,set_7484875,,,3217
bnk_7484877,7484877,3160,2010-01-03,DEBIT_CARD,60569,32,6,set_7484877,,,3198
bnk_7484878,7484878,8867,2010-01-03,DEBIT_CARD,40096,90,16,set_7484878,,,8973
bnk_7484880,7484880,2031,2010-01-03,DEBIT_CARD,59062,21,4,set_7484880,,,2056
bnk_7484881,7484881,281,2010-01-03,CREDIT_CARD,94328,6,1,set_7484881,,,288
bnk_7484882,7484882,1665,2010-01-03,CREDIT_CARD,39021,31,6,set_7484882,,,1559
bnk_7484884,7484884,6602,2010-01-03,CREDIT_CARD,43293,135,24,set_7484884,,,6761
bnk_7484884b,7484884,6602,2010-01-03,CREDIT_CARD,43293,135,24,set_7484884b,,,6761
bnk_7484886,7484886,9471,2010-01-03,CREDIT_CARD,5248,194,35,set_7484886,,,9700
bnk_7484887,7484887,1144,2010-01-03,DEBIT_CARD,92707,11,2,set_7484887,,,1052
bnk_7484888,7484888,2641,2010-01-03,DEBIT_CARD,1841,27,5,set_7484888,,,2673
bnk_7484889,7484889,4657,2010-01-03,CREDIT_CARD,88459,93,17,set_7484889,,,4641
bnk_7484890,7484890,4520,2010-01-03,DEBIT_CARD,19414,46,8,set_7484890,,,4574
bnk_7484892,7484892,1903,2010-01-03,DEBIT_CARD,91128,19,3,set_7484892,,,1925
bnk_7484895,7484895,272,2010-01-03,DEBIT_CARD,61195,3,1,set_7484895,,,276
bnk_7484897,7484897,930,2010-01-03,DEBIT_CARD,77913,9,2,set_7484897,,,941
bnk_7484898,7484898,10379,2010-01-03,DEBIT_CARD,22204,105,19,set_7484898,,,10503
bnk_7484899,7484899,931,2010-01-03,CREDIT_CARD,35451,19,3,set_7484899,,,952
bnk_7484900,7484900,664,2010-01-03,DEBIT_CARD,60569,7,1,set_7484900,,,672
bnk_7484901,7484901,1679,2010-01-03,DEBIT_CARD,24504,17,3,set_7484901,,,1699
bnk_7484902,7484902,1337,2010-01-03,DEBIT_CARD,78454,14,3,set_7484902,,,1354
bnk_7484903,7484903,442,2010-01-03,DEBIT_CARD,22204,4,1,set_7484903,,,447
bnk_7484905,7484905,1394,2010-01-03,DEBIT_CARD,60009,14,3,set_7484905,,,1411
bnk_7484906,7484906,1078,2010-01-03,CREDIT_CARD,61195,22,4,set_7484906,,,1104
bnk_7484907,7484907,1698,2010-01-03,DEBIT_CARD,61195,16,3,set_7484907,,,1579
bnk_7484908,7484908,3764,2010-01-03,DEBIT_CARD,75735,38,7,set_7484908,,,3809
bnk_7484909,7484909,731,2010-01-03,DEBIT_CARD,45926,7,1,set_7484909,,,739
bnk_7484910,7484910,3906,2010-01-03,CREDIT_CARD,27092,80,14,set_7484910,,,4000
bnk_7484911,7484911,2760,2010-01-03,DEBIT_CARD,86410,28,5,set_7484911,,,2793
bnk_7484912,7484912,1033,2010-01-03,CREDIT_CARD,15224,21,4,set_7484912,,,1058
bnk_7484913,7484913,9666,2010-01-03,CREDIT_CARD,43293,198,36,set_7484913,,,9900
bnk_7484914,7484914,1725,2010-01-03,DEBIT_CARD,83271,17,3,set_7484914,,,1745
bnk_7484916,7484916,15811,2010-01-03,DEBIT_CARD,27092,160,29,set_7484916,,,16000
bnk_7484920,7484920,135,2010-01-03,DEBIT_CARD,14528,1,0,set_7484920,,,136
bnk_7484921,7484921,2083,2010-01-03,DEBIT_CARD,11468,21,4,set_7484921,,,2108
bnk_7484922,7484922,34,2010-01-03,DEBIT_CARD,86438,0,0,set_7484922,,,34
bnk_7484923,7484923,23255,2010-01-03,CREDIT_CARD,50783,476,86,set_7484923,,,23817
bnk_7484924,7484924,413,2010-01-03,DEBIT_CARD,60569,4,1,set_7484924,,,418
bnk_7484925,7484925,906,2010-01-03,DEBIT_CARD,61195,9,2,set_7484925,,,917
bnk_7484926,7484926,5934,2010-01-03,DEBIT_CARD,61195,60,11,set_7484926,,,6005
bnk_7484927,7484927,5727,2010-01-03,CREDIT_CARD,5248,117,21,set_7484927,,,5865
bnk_7484928,7484928,7811,2010-01-03,CREDIT_CARD,27092,160,29,set_7484928,,,8000
bnk_7484930,7484930,3822,2010-01-03,CREDIT_CARD,97596,78,14,set_7484930,,,3913
bnk_7484931,7484931,4740,2010-01-03,DEBIT_CARD,10796,48,9,set_7484931,,,4797
bnk_7484933,7484933,1962,2010-01-03,DEBIT_CARD,98648,20,4,set_7484933,,,1986
bnk_7484936,7484936,387,2010-01-03,DEBIT_CARD,81833,4,1,set_7484936,,,392
bnk_7484937,7484937,380,2010-01-03,DEBIT_CARD,59127,4,1,set_7484937,,,385
bnk_7484938,7484938,8071,2010-01-03,DEBIT_CARD,71881,82,15,set_7484938,,,8168
bnk_7484940,7484940,1433,2010-01-03,CREDIT_CARD,75781,29,5,set_7484940,,,1467
bnk_7484941,7484941,6153,2010-01-03,CREDIT_CARD,32175,126,23,set_7484941,,,6302
bnk_7484942,7484942,80,2010-01-03,DEBIT_CARD,74110,1,0,set_7484942,,,81
bnk_7484943,7484943,190,2010-01-03,DEBIT_CARD,14528,2,0,set_7484943,,,192
bnk_7484944,7484944,1179,2010-01-03,DEBIT_CARD,60569,12,2,set_7484944,,,1193
bnk_7484945,7484945,253,2010-01-03,DEBIT_CARD,91264,3,1,set_7484945,,,257
bnk_7484946,7484946,6872,2010-01-03,DEBIT_CARD,61195,70,13,set_7484946,,,6955
bnk_7484947,7484947,5956,2010-01-03,CREDIT_CARD,43293,122,22,set_7484947,,,6100
bnk_7484948,7484948,721,2010-01-03,DEBIT_CARD,75781,7,1,set_7484948,,,729
bnk_7484949,7484949,3370,2010-01-03,DEBIT_CARD,24823,34,6,set_7484949,,,3410
bnk_7484950,7484950,166,2010-01-03,DEBIT_CARD,14528,2,0,set_7484950,,,168
bnk_7484951,7484951,1791,2010-01-03,DEBIT_CARD,50783,18,3,set_7484951,,,1812
bnk_7484952,7484952,117,2010-01-03,DEBIT_CARD,22938,1,0,set_7484952,,,118
bnk_7484953,7484953,1010,2010-01-03,DEBIT_CARD,58564,10,2,set_7484953,,,1022
bnk_7484954,7484954,570,2010-01-03,DEBIT_CARD,22204,6,1,set_7484954,,,577
bnk_7484956,7484956,6398,2010-01-03,DEBIT_CARD,63122,65,12,set_7484956,,,6475
bnk_7484957,7484957,3017,2010-01-03,DEBIT_CARD,13646,31,6,set_7484957,,,3054
bnk_7484958,7484958,452,2010-01-03,CREDIT_CARD,98648,9,2,set_7484958,,,463
bnk_7484959,7484959,11858,2010-01-03,DEBIT_CARD,27092,120,22,set_7484959,,,12000
bnk_7484960,7484960,13256,2010-01-03,DEBIT_CARD,716,134,24,set_7484960,,,13414
bnk_7484961,7484961,7906,2010-01-03,DEBIT_CARD,43293,80,14,set_7484961,,,8000
bnk_7484962,7484962,760,2010-01-03,CREDIT_CARD,26810,16,3,set_7484962,,,779
bnk_7484963,7484963,2569,2010-01-03,DEBIT_CARD,39021,26,5,set_7484963,,,2600
bnk_7484964,7484964,747,2010-01-03,DEBIT_CARD,39021,8,1,set_7484964,,,756
bnk_7484965,7484965,2667,2010-01-03,CREDIT_CARD,16798,55,10,set_7484965,,,2732
bnk_7484966,7484966,1715,2010-01-03,DEBIT_CARD,25717,17,3,set_7484966,,,1735
bnk_7484967,7484967,2341,2010-01-03,DEBIT_CARD,87625,24,4,set_7484967,,,2369
bnk_7484968,7484968,42,2010-01-03,CREDIT_CARD,14528,1,0,set_7484968,,,43
bnk_7484969,7484969,602,2010-01-03,DEBIT_CARD,75936,6,1,set_7484969,,,609
bnk_7484970,7484970,509,2010-01-03,DEBIT_CARD,69972,5,1,set_7484970,,,515
bnk_7484971,7484971,9388,2010-01-03,DEBIT_CARD,61195,95,17,set_7484971,,,9500
bnk_7484972,7484972,1075,2010-01-03,DEBIT_CARD,11453,11,2,set_7484972,,,1088
bnk_7484974,7484974,269,2010-01-03,DEBIT_CARD,43293,3,1,set_7484974,,,273
bnk_7484975,7484975,2188,2010-01-03,DEBIT_CARD,46284,22,4,set_7484975,,,2214
bnk_7484976,7484976,331,2010-01-03,DEBIT_CARD,61195,3,1,set_7484976,,,335
bnk_7484977,7484977,7030,2010-01-03,CREDIT_CARD,68671,144,26,set_7484977,,,7200
bnk_7484978,7484978,1753,2010-01-03,DEBIT_CARD,59945,18,3,set_7484978,,,1774
bnk_7484980,7484980,19,2010-01-03,DEBIT_CARD,14528,0,0,set_7484980,,,19
bnk_7484981,7484981,3740,2010-01-03,DEBIT_CARD,32858,38,7,set_7484981,,,3785
bnk_7484982,7484982,164,2010-01-03,DEBIT_CARD,86438,2,0,set_7484982,,,166
bnk_7484983,7484983,9402,2010-01-03,CREDIT_CARD,67950,193,35,set_7484983,,,9630
bnk_7484985,7484985,417,2010-01-03,DEBIT_CARD,59935,4,1,set_7484985,,,422
bnk_7484985b,7484985,417,2010-01-03,DEBIT_CARD,59935,4,1,set_7484985b,,,422
bnk_7484986,7484986,7494,2010-01-03,CREDIT_CARD,82744,154,28,set_7484986,,,7676
bnk_7484987,7484987,1168,2010-01-03,DEBIT_CARD,75781,12,2,set_7484987,,,1182
bnk_7484989,7484989,7811,2010-01-03,CREDIT_CARD,27092,160,29,set_7484989,,,8000
bnk_7484991,7484991,1396,2010-01-03,DEBIT_CARD,60569,14,3,set_7484991,,,1413
bnk_7484993,7484993,2785,2010-01-03,CREDIT_CARD,31893,57,10,set_7484993,,,2852
bnk_7484995,7484995,1633,2010-01-03,DEBIT_CARD,96405,17,3,set_7484995,,,1653
bnk_7484996,7484996,9650,2010-01-03,DEBIT_CARD,76682,98,18,set_7484996,,,9766
bnk_7484998,7484998,1888,2010-01-03,DEBIT_CARD,6853,19,3,set_7484998,,,1910
bnk_7484999,7484999,8954,2010-01-03,DEBIT_CARD,22204,90,16,set_7484999,,,9000
bnk_7485000,7485000,2084,2010-01-03,DEBIT_CARD,89069,21,4,set_7485000,,,2109
bnk_7485001,7485001,101,2010-01-03,DEBIT_CARD,14528,1,0,set_7485001,,,102
bnk_7485003,7485003,1144,2010-01-03,DEBIT_CARD,75781,12,2,set_7485003,,,1158
bnk_7485004,7485004,1286,2010-01-03,DEBIT_CARD,75936,12,2,set_7485004,,,1192
bnk_7485005,7485005,4206,2010-01-03,CREDIT_CARD,37612,86,15,set_7485005,,,4307
bnk_7485007,7485007,7917,2010-01-03,CREDIT_CARD,68671,162,29,set_7485007,,,8108
bnk_7485008,7485008,890,2010-01-03,DEBIT_CARD,26810,9,2,set_7485008,,,901
bnk_7485010,7485010,978,2010-01-03,DEBIT_CARD,34256,10,2,set_7485010,,,990
bnk_7485011,7485011,525,2010-01-03,CREDIT_CARD,12014,11,2,set_7485011,,,538
bnk_7485012,7485012,1831,2010-01-03,DEBIT_CARD,39637,19,3,set_7485012,,,1853
bnk_7485013,7485013,191,2010-01-03,DEBIT_CARD,14528,2,0,set_7485013,,,193
bnk_7485016,7485016,5336,2010-01-03,DEBIT_CARD,59935,54,10,set_7485016,,,5400
bnk_7485017,7485017,11665,2010-01-03,DEBIT_CARD,20635,118,21,set_7485017,,,11804
bnk_7485018,7485018,770,2010-01-03,CREDIT_CARD,35451,16,3,set_7485018,,,789
bnk_7485019,7485019,334,2010-01-03,DEBIT_CARD,26810,3,1,set_7485019,,,338
bnk_7485020,7485020,3274,2010-01-03,DEBIT_CARD,50783,33,6,set_7485020,,,3313
bnk_7485021,7485021,1978,2010-01-03,DEBIT_CARD,59292,20,4,set_7485021,,,2002
bnk_7485022,7485022,3856,2010-01-03,DEBIT_CARD,73186,39,7,set_7485022,,,3902
bnk_7485023,7485023,1498,2010-01-03,CREDIT_CARD,50783,31,6,set_7485023,,,1535
bnk_7485024,7485024,6406,2010-01-03,CREDIT_CARD,8189,131,24,set_7485024,,,6561
bnk_7485025,7485025,13670,2010-01-03,CREDIT_CARD,27092,280,50,set_7485025,,,14000
bnk_7485026,7485026,819,2010-01-03,DEBIT_CARD,45926,8,1,set_7485026,,,828
bnk_7485028,7485028,785,2010-01-03,DEBIT_CARD,41982,8,1,set_7485028,,,794
bnk_7485029,7485029,13302,2010-01-03,CREDIT_CARD,15580,272,49,set_7485029,,,13623
bnk_7485030,7485030,5732,2010-01-03,DEBIT_CARD,61195,58,10,set_7485030,,,5800
bnk_7485031,7485031,183,2010-01-03,DEBIT_CARD,14528,2,0,set_7485031,,,185
bnk_7485032,7485032,4801,2010-01-03,DEBIT_CARD,40627,49,9,set_7485032,,,4859
bnk_7485033,7485033,3585,2010-01-03,CREDIT_CARD,72351,73,13,set_7485033,,,3671
bnk_7485035,7485035,7668,2010-01-03,DEBIT_CARD,22204,78,14,set_7485035,,,7760
bnk_7485036,7485036,403,2010-01-03,DEBIT_CARD,23448,4,1,set_7485036,,,408
bnk_7485037,7485037,4980,2010-01-03,CREDIT_CARD,5248,102,18,set_7485037,,,5100
bnk_7485039,7485039,7750,2010-01-03,CREDIT_CARD,34796,159,29,set_7485039,,,7938
bnk_7485040,7485040,9741,2010-01-03,DEBIT_CARD,61791,99,18,set_7485040,,,9858
bnk_7485042,7485042,722,2010-01-03,CREDIT_CARD,43293,15,3,set_7485042,,,740
bnk_7485043,7485043,9629,2010-01-03,CREDIT_CARD,60569,197,35,set_7485043,,,9861
bnk_7485044,7485044,27052,2010-01-03,DEBIT_CARD,17976,274,49,set_7485044,,,27375
bnk_7485045,7485045,3301,2010-01-03,DEBIT_CARD,61466,33,6,set_7485045,,,3340
bnk_7485046,7485046,891,2010-01-03,DEBIT_CARD,75195,9,2,set_7485046,,,902
bnk_7485047,7485047,1299,2010-01-03,DEBIT_CARD,39261,13,2,set_7485047,,,1314
bnk_7485050,7485050,1286,2010-01-03,CREDIT_CARD,16798,26,5,set_7485050,,,1317
bnk_7485052,7485052,675,2010-01-03,DEBIT_CARD,58058,7,1,set_7485052,,,683
bnk_7485053,7485053,1529,2010-01-03,DEBIT_CARD,59062,14,3,set_7485053,,,1440
bnk_7485054,7485054,3727,2010-01-03,DEBIT_CARD,59935,38,7,set_7485054,,,3772
bnk_7485055,7485055,834,2010-01-03,CREDIT_CARD,75938,17,3,set_7485055,,,854
bnk_7485056,7485056,17796,2010-01-03,CREDIT_CARD,54251,365,66,set_7485056,,,18227
bnk_7485057,7485057,5673,2010-01-03,CREDIT_CARD,5248,116,21,set_7485057,,,5810
bnk_7485058,7485058,5268,2010-01-03,DEBIT_CARD,98374,53,10,set_7485058,,,5331
bnk_7485059,7485059,6226,2010-01-03,DEBIT_CARD,59935,63,11,set_7485059,,,6300
bnk_7485060,7485060,6522,2010-01-03,DEBIT_CARD,61195,66,12,set_7485060,,,6600
bnk_7485061,7485061,520,2010-01-03,DEBIT_CARD,81721,4,1,set_7485061,,,434
bnk_7485063,7485063,2479,2010-01-03,DEBIT_CARD,22204,25,5,set_7485063,,,2509
bnk_7485062,7485062,6917,2010-01-03,DEBIT_CARD,22204,70,13,set_7485062,,,7000
bnk_7485064,7485064,128,2010-01-03,CREDIT_CARD,14528,3,1,set_7485064,,,132
bnk_7485065,7485065,865,2010-01-03,DEBIT_CARD,17493,9,2,set_7485065,,,876
bnk_7485066,7485066,8200,2010-01-03,DEBIT_CARD,43293,83,15,set_7485066,,,8298
bnk_7485067,7485067,327,2010-01-03,DEBIT_CARD,8972,3,1,set_7485067,,,331
bnk_7485069,7485069,8312,2010-01-03,DEBIT_CARD,50783,84,15,set_7485069,,,8411
bnk_7485069b,7485069,8312,2010-01-03,DEBIT_CARD,50783,84,15,set_7485069b,,,8411
bnk_7485070,7485070,1421,2010-01-03,DEBIT_CARD,50783,14,3,set_7485070,,,1438
bnk_7485071,7485071,5981,2010-01-03,DEBIT_CARD,59935,61,11,set_7485071,,,6053
bnk_7485073,7485073,2550,2010-01-03,CREDIT_CARD,93613,52,9,set_7485073,,,2611
bnk_7485075,7485075,1858,2010-01-03,DEBIT_CARD,75936,18,3,set_7485075,,,1775
bnk_7485076,7485076,1932,2010-01-03,DEBIT_CARD,50783,20,4,set_7485076,,,1956
bnk_7485077,7485077,904,2010-01-03,DEBIT_CARD,50783,9,2,set_7485077,,,915
bnk_7485078,7485078,4049,2010-01-03,DEBIT_CARD,85100,41,7,set_7485078,,,4097
bnk_7485079,7485079,3365,2010-01-03,DEBIT_CARD,67570,34,6,set_7485079,,,3405
bnk_7485080,7485080,13706,2010-01-03,DEBIT_CARD,20561,139,25,set_7485080,,,13870
bnk_7485081,7485081,841,2010-01-03,DEBIT_CARD,22204,9,2,set_7485081,,,852
bnk_7485082,7485082,593,2010-01-03,DEBIT_CARD,75781,6,1,set_7485082,,,600
bnk_7485083,7485083,5660,2010-01-03,CREDIT_CARD,36934,116,21,set_7485083,,,5797
bnk_7485084,7485084,128,2010-01-03,DEBIT_CARD,14528,1,0,set_7485084,,,129
bnk_7485085,7485085,5283,2010-01-03,DEBIT_CARD,79393,53,10,set_7485085,,,5346
bnk_7485086,7485086,585,2010-01-03,CREDIT_CARD,25887,12,2,set_7485086,,,599
bnk_7485087,7485087,1402,2010-01-03,DEBIT_CARD,50783,14,3,set_7485087,,,1419
bnk_7485088,7485088,9783,2010-01-03,DEBIT_CARD,43293,99,18,set_7485088,,,9900
bnk_7485089,7485089,4257,2010-01-03,DEBIT_CARD,82503,43,8,set_7485089,,,4308
bnk_7485090,7485090,367,2010-01-03,DEBIT_CARD,10792,4,1,set_7485090,,,372
bnk_7485091,7485091,5051,2010-01-03,DEBIT_CARD,59935,51,9,set_7485091,,,5111
bnk_7485092,7485092,15,2010-01-03,DEBIT_CARD,14528,0,0,set_7485092,,,15
bnk_7485093,7485093,7495,2010-01-03,CREDIT_CARD,12554,154,28,set_7485093,,,7677
bnk_7485094,7485094,894,2010-01-03,DEBIT_CARD,41467,9,2,set_7485094,,,905
bnk_7485094b,7485094,894,2010-01-03,DEBIT_CARD,41467,9,2,set_7485094b,,,905
bnk_7485095,7485095,98,2010-01-03,CREDIT_CARD,87752,2,0,set_7485095,,,100
bnk_7485097,7485097,3199,2010-01-03,DEBIT_CARD,46965,32,6,set_7485097,,,3237
bnk_7485098,7485098,8612,2010-01-03,DEBIT_CARD,75781,87,16,set_7485098,,,8715
bnk_7485099,7485099,5956,2010-01-03,CREDIT_CARD,72351,122,22,set_7485099,,,6100
bnk_7485100,7485100,1335,2010-01-03,DEBIT_CARD,29839,14,3,set_7485100,,,1352
bnk_7485101,7485101,3875,2010-01-03,CREDIT_CARD,20561,79,14,set_7485101,,,3968
bnk_7485102,7485102,1177,2010-01-03,DEBIT_CARD,18357,12,2,set_7485102,,,1191
bnk_7485103,7485103,947,2010-01-03,DEBIT_CARD,83480,10,2,set_7485103,,,959
bnk_7485105,7485105,7811,2010-01-03,CREDIT_CARD,27092,160,29,set_7485105,,,8000
bnk_7485106,7485106,854,2010-01-03,CREDIT_CARD,69972,17,3,set_7485106,,,874
bnk_7485107,7485107,6970,2010-01-03,CREDIT_CARD,80374,143,26,set_7485107,,,7139
bnk_7485108,7485108,154,2010-01-03,DEBIT_CARD,14528,2,0,set_7485108,,,156
bnk_7485110,7485110,244,2010-01-03,DEBIT_CARD,61842,2,0,set_7485110,,,171
bnk_7485112,7485112,835,2010-01-03,DEBIT_CARD,75936,8,1,set_7485112,,,844
bnk_7485113,7485113,4474,2010-01-03,DEBIT_CARD,34490,45,8,set_7485113,,,4527
bnk_7485114,7485114,3379,2010-01-03,DEBIT_CARD,39021,34,6,set_7485114,,,3419
bnk_7485115,7485115,4265,2010-01-03,CREDIT_CARD,50783,87,16,set_7485115,,,4368
bnk_7485116,7485116,1914,2010-01-03,DEBIT_CARD,73186,19,3,set_7485116,,,1936
bnk_7485117,7485117,4770,2010-01-03,CREDIT_CARD,32175,98,18,set_7485117,,,4886
bnk_7485118,7485118,2081,2010-01-03,CREDIT_CARD,18563,43,8,set_7485118,,,2132
bnk_7485120,7485120,747,2010-01-03,DEBIT_CARD,52205,8,1,set_7485120,,,756
bnk_7485121,7485121,713,2010-01-03,CREDIT_CARD,50783,15,3,set_7485121,,,731
bnk_7485122,7485122,5366,2010-01-03,DEBIT_CARD,72351,54,10,set_7485122,,,5430
bnk_7485123,7485123,12397,2010-01-03,DEBIT_CARD,81175,125,23,set_7485123,,,12545
bnk_7485124,7485124,6460,2010-01-03,CREDIT_CARD,46801,132,24,set_7485124,,,6616
bnk_7485125,7485125,6272,2010-01-03,CREDIT_CARD,61195,128,23,set_7485125,,,6423
bnk_7485126,7485126,8609,2010-01-03,DEBIT_CARD,20561,87,16,set_7485126,,,8712
bnk_7485127,7485127,395,2010-01-03,DEBIT_CARD,17984,4,1,set_7485127,,,400
bnk_7485128,7485128,4522,2010-01-03,DEBIT_CARD,60569,46,8,set_7485128,,,4576
bnk_7485129,7485129,7906,2010-01-03,DEBIT_CARD,27092,80,14,set_7485129,,,8000
bnk_7485130,7485130,302,2010-01-03,DEBIT_CARD,43293,3,1,set_7485130,,,306
bnk_7485131,7485131,2960,2010-01-03,DEBIT_CARD,18563,30,5,set_7485131,,,2995
bnk_7485132,7485132,8004,2010-01-03,DEBIT_CARD,59935,81,15,set_7485132,,,8100
bnk_7485133,7485133,408,2010-01-03,DEBIT_CARD,68751,4,1,set_7485133,,,413
bnk_7485133b,7485133,408,2010-01-03,DEBIT_CARD,68751,4,1,set_7485133b,,,413
bnk_7485134,7485134,7016,2010-01-03,DEBIT_CARD,22204,71,13,set_7485134,,,7100
bnk_7485135,7485135,3833,2010-01-03,CREDIT_CARD,32858,79,14,set_7485135,,,3926
bnk_7485136,7485136,10122,2010-01-03,DEBIT_CARD,20561,102,18,set_7485136,,,10242
bnk_7485137,7485137,7906,2010-01-03,DEBIT_CARD,27092,80,14,set_7485137,,,8000
bnk_7485140,7485140,3282,2010-01-03,DEBIT_CARD,49552,33,6,set_7485140,,,3321
bnk_7485141,7485141,364,2010-01-03,DEBIT_CARD,69711,4,1,set_7485141,,,369
bnk_7485142,7485142,2546,2010-01-03,DEBIT_CARD,50211,26,5,set_7485142,,,2577
bnk_7485143,7485143,7346,2010-01-03,DEBIT_CARD,25558,74,13,set_7485143,,,7433
bnk_7485144,7485144,1323,2010-01-03,DEBIT_CARD,21586,13,2,set_7485144,,,1338
bnk_7485145,7485145,839,2010-01-03,DEBIT_CARD,22204,8,1,set_7485145,,,848
bnk_7485146,7485146,881,2010-01-03,DEBIT_CARD,11468,9,2,set_7485146,,,892
bnk_7485147,7485147,448,2010-01-03,CREDIT_CARD,75781,9,2,set_7485147,,,459
bnk_7485151,7485151,2743,2010-01-03,DEBIT_CARD,51846,28,5,set_7485151,,,2776
bnk_7485152,7485152,701,2010-01-03,CREDIT_CARD,10156,14,3,set_7485152,,,718
bnk_7485153,7485153,3563,2010-01-03,DEBIT_CARD,83599,36,6,set_7485153,,,3605
bnk_7485154,7485154,997,2010-01-03,DEBIT_CARD,46284,10,2,set_7485154,,,1009
bnk_7485155,7485155,13835,2010-01-03,DEBIT_CARD,27092,140,25,set_7485155,,,14000
bnk_7485156,7485156,14787,2010-01-03,DEBIT_CARD,48919,150,27,set_7485156,,,14964
bnk_7485158,7485158,10782,2010-01-03,CREDIT_CARD,66591,221,40,set_7485158,,,11043
bnk_7485159,7485159,13835,2010-01-03,DEBIT_CARD,27092,140,25,set_7485159,,,14000
bnk_7485160,7485160,1123,2010-01-03,CREDIT_CARD,86410,20,4,set_7485160,,,1011
bnk_7485161,7485161,6973,2010-01-03,DEBIT_CARD,11468,71,13,set_7485161,,,7057
bnk_7485164,7485164,382,2010-01-03,DEBIT_CARD,28022,4,1,set_7485164,,,387
bnk_7485165,7485165,4459,2010-01-03,DEBIT_CARD,46284,45,8,set_7485165,,,4512
bnk_7485166,7485166,7811,2010-01-03,CREDIT_CARD,27092,160,29,set_7485166,,,8000
bnk_7485167,7485167,2280,2010-01-03,DEBIT_CARD,47680,23,4,set_7485167,,,2307
bnk_7485170,7485170,4665,2010-01-03,DEBIT_CARD,60569,47,8,set_7485170,,,4720
bnk_7485171,7485171,470,2010-01-03,DEBIT_CARD,53894,5,1,set_7485171,,,476
bnk_7485172,7485172,38,2010-01-03,DEBIT_CARD,20884,0,0,set_7485172,,,38
bnk_7485173,7485173,1067,2010-01-03,DEBIT_CARD,69972,11,2,set_7485173,,,1080
bnk_7485174,7485174,2069,2010-01-03,DEBIT_CARD,24504,21,4,set_7485174,,,2094
bnk_7485175,7485175,4573,2010-01-03,DEBIT_CARD,79393,46,8,set_7485175,,,4627
bnk_7485176,7485176,1613,2010-01-03,CREDIT_CARD,39021,33,6,set_7485176,,,1652
bnk_7485178,7485178,6053,2010-01-03,CREDIT_CARD,72351,124,22,set_7485178,,,6199
bnk_7485179,7485179,19748,2010-01-03,DEBIT_CARD,15426,200,36,set_7485179,,,19984
bnk_7485180,7485180,3338,2010-01-03,DEBIT_CARD,32175,34,6,set_7485180,,,3378
bnk_7485181,7485181,540,2010-01-03,DEBIT_CARD,60569,5,1,set_7485181,,,468
bnk_7485182,7485182,12597,2010-01-03,CREDIT_CARD,98374,258,46,set_7485182,,,12901
bnk_7485183,7485183,467,2010-01-03,DEBIT_CARD,23991,5,1,set_7485183,,,473
bnk_7485184,7485184,844,2010-01-03,DEBIT_CARD,22204,9,2,set_7485184,,,855
bnk_7485185,7485185,7906,2010-01-03,DEBIT_CARD,27092,80,14,set_7485185,,,8000
bnk_7485186,7485186,15627,2010-01-03,DEBIT_CARD,53802,158,28,set_7485186,,,15813
bnk_7485187,7485187,13670,2010-01-03,CREDIT_CARD,27092,280,50,set_7485187,,,14000
bnk_7485188,7485188,1061,2010-01-03,DEBIT_CARD,75781,11,2,set_7485188,,,1074
bnk_7485190,7485190,767,2010-01-03,DEBIT_CARD,51748,8,1,set_7485190,,,776
bnk_7485191,7485191,927,2010-01-03,CREDIT_CARD,44578,19,3,set_7485191,,,949
bnk_7485193,7485193,931,2010-01-03,DEBIT_CARD,50867,9,2,set_7485193,,,942
bnk_7485194,7485194,3888,2010-01-03,DEBIT_CARD,18563,39,7,set_7485194,,,3934
bnk_7485195,7485195,4182,2010-01-03,DEBIT_CARD,81410,42,8,set_7485195,,,4232
bnk_7485196,7485196,1628,2010-01-03,CREDIT_CARD,80397,33,6,set_7485196,,,1667
bnk_7485197,7485197,14975,2010-01-03,CREDIT_CARD,36608,304,55,set_7485197,,,15213
bnk_7485198,7485198,577,2010-01-03,DEBIT_CARD,98474,6,1,set_7485198,,,584
bnk_7485200,7485200,64960,2010-01-03,DEBIT_CARD,45269,657,118,set_7485200,,,65735
bnk_7485201,7485201,1056,2010-01-03,DEBIT_CARD,61195,11,2,set_7485201,,,1069
bnk_7485202,7485202,11858,2010-01-03,DEBIT_CARD,27092,120,22,set_7485202,,,12000
bnk_7485203,7485203,7286,2010-01-03,DEBIT_CARD,32107,74,13,set_7485203,,,7373
bnk_7485204,7485204,5929,2010-01-03,DEBIT_CARD,27092,60,11,set_7485204,,,6000
bnk_7485205,7485205,862,2010-01-03,DEBIT_CARD,33526,9,2,set_7485205,,,873
bnk_7485206,7485206,15640,2010-01-03,CREDIT_CARD,60569,320,58,set_7485206,,,16018
bnk_7485207,7485207,5096,2010-01-03,DEBIT_CARD,13646,52,9,set_7485207,,,5157
bnk_7485208,7485208,2822,2010-01-03,CREDIT_CARD,96889,58,10,set_7485208,,,2890
bnk_7485209,7485209,3127,2010-01-03,DEBIT_CARD,77521,32,6,set_7485209,,,3165
bnk_7485210,7485210,12797,2010-01-03,CREDIT_CARD,2728,262,47,set_7485210,,,13106
bnk_7485211,7485211,4772,2010-01-03,DEBIT_CARD,39021,48,9,set_7485211,,,4829
bnk_7485212,7485212,8597,2010-01-03,DEBIT_CARD,59935,87,16,set_7485212,,,8700
bnk_7485213,7485213,3135,2010-01-03,CREDIT_CARD,79927,64,12,set_7485213,,,3211
bnk_7485213b,7485213,3135,2010-01-03,CREDIT_CARD,79927,64,12,set_7485213b,,,3211
bnk_7485214,7485214,7350,2010-01-03,DEBIT_CARD,34702,74,13,set_7485214,,,7437
bnk_7485215,7485215,75,2010-01-03,DEBIT_CARD,14528,1,0,set_7485215,,,76
bnk_7485217,7485217,742,2010-01-03,DEBIT_CARD,11442,8,1,set_7485217,,,751
bnk_7485218,7485218,5336,2010-01-03,DEBIT_CARD,59935,54,10,set_7485218,,,5400
bnk_7485220,7485220,3558,2010-01-03,DEBIT_CARD,13646,36,6,set_7485220,,,3600
bnk_7485221,7485221,64,2010-01-03,DEBIT_CARD,14528,1,0,set_7485221,,,65
bnk_7485222,7485222,5468,2010-01-03,CREDIT_CARD,22204,112,20,set_7485222,,,5600
bnk_7485223,7485223,906,2010-01-03,DEBIT_CARD,75344,9,2,set_7485223,,,917
bnk_7485224,7485224,81,2010-01-03,DEBIT_CARD,86438,1,0,set_7485224,,,82
bnk_7485225,7485225,9505,2010-01-03,DEBIT_CARD,86410,96,17,set_7485225,,,9618
bnk_7485226,7485226,13604,2010-01-03,DEBIT_CARD,24193,138,25,set_7485226,,,13767
bnk_7485227,7485227,1042,2010-01-03,DEBIT_CARD,75936,11,2,set_7485227,,,1055
bnk_7485228,7485228,744,2010-01-03,DEBIT_CARD,61195,8,1,set_7485228,,,753
bnk_7485229,7485229,1303,2010-01-03,DEBIT_CARD,17493,13,2,set_7485229,,,1318
bnk_7485230,7485230,5110,2010-01-03,DEBIT_CARD,60569,52,9,set_7485230,,,5171
bnk_7485231,7485231,503,2010-01-03,DEBIT_CARD,50783,5,1,set_7485231,,,509
bnk_7485233,7485233,11003,2010-01-03,CREDIT_CARD,68503,225,41,set_7485233,,,11269
bnk_7485235,7485235,21014,2010-01-03,DEBIT_CARD,89949,212,38,set_7485235,,,21168
bnk_7485236,7485236,4207,2010-01-03,CREDIT_CARD,23419,86,15,set_7485236,,,4308
bnk_7485237,7485237,978,2010-01-03,DEBIT_CARD,69972,10,2,set_7485237,,,990
bnk_7485238,7485238,134,2010-01-03,DEBIT_CARD,14528,1,0,set_7485238,,,135
bnk_7485239,7485239,11858,2010-01-03,DEBIT_CARD,27092,120,22,set_7485239,,,12000
bnk_7485240,7485240,1976,2010-01-03,DEBIT_CARD,27092,20,4,set_7485240,,,2000
bnk_7485241,7485241,8248,2010-01-03,DEBIT_CARD,64057,82,15,set_7485241,,,8203
bnk_7485242,7485242,975,2010-01-03,DEBIT_CARD,35451,10,2,set_7485242,,,987
bnk_7485243,7485243,392,2010-01-03,DEBIT_CARD,79664,4,1,set_7485243,,,397
bnk_7485245,7485245,1351,2010-01-03,DEBIT_CARD,39021,14,3,set_7485245,,,1368
bnk_7485247,7485247,1408,2010-01-03,DEBIT_CARD,25887,14,3,set_7485247,,,1425
bnk_7485248,7485248,2017,2010-01-03,DEBIT_CARD,35451,20,4,set_7485248,,,2041
bnk_7485249,7485249,1749,2010-01-03,DEBIT_CARD,19821,18,3,set_7485249,,,1770
bnk_7485251,7485251,5139,2010-01-03,DEBIT_CARD,50867,52,9,set_7485251,,,5200
bnk_7485252,7485252,4429,2010-01-03,DEBIT_CARD,70751,45,8,set_7485252,,,4482
bnk_7485252b,7485252,4429,2010-01-03,DEBIT_CARD,70751,45,8,set_7485252b,,,4482
bnk_7485253,7485253,118,2010-01-03,DEBIT_CARD,50783,1,0,set_7485253,,,119
bnk_7485255,7485255,1755,2010-01-03,DEBIT_CARD,67570,18,3,set_7485255,,,1776
bnk_7485256,7485256,1440,2010-01-03,DEBIT_CARD,9932,15,3,set_7485256,,,1458
bnk_7485258,7485258,7320,2010-01-03,CREDIT_CARD,46284,150,27,set_7485258,,,7497
bnk_7485259,7485259,6988,2010-01-03,DEBIT_CARD,17222,71,13,set_7485259,,,7072
bnk_7485259b,7485259,6988,2010-01-03,DEBIT_CARD,17222,71,13,set_7485259b,,,7072
bnk_7485260,7485260,1622,2010-01-03,DEBIT_CARD,48141,16,3,set_7485260,,,1641
bnk_7485262,7485262,1765,2010-01-03,DEBIT_CARD,11468,18,3,set_7485262,,,1786
bnk_7485263,7485263,678,2010-01-03,DEBIT_CARD,75781,7,1,set_7485263,,,686
bnk_7485265,7485265,477,2010-01-03,CREDIT_CARD,16283,10,2,set_7485265,,,489
bnk_7485267,7485267,3166,2010-01-03,DEBIT_CARD,20519,32,6,set_7485267,,,3204
bnk_7485268,7485268,726,2010-01-03,CREDIT_CARD,3364,12,2,set_7485268,,,610
bnk_7485269,7485269,1414,2010-01-03,CREDIT_CARD,75781,29,5,set_7485269,,,1448
bnk_7485271,7485271,1450,2010-01-03,DEBIT_CARD,22204,15,3,set_7485271,,,1468
bnk_7485272,7485272,2541,2010-01-03,DEBIT_CARD,18563,26,5,set_7485272,,,2572
bnk_7485273,7485273,341,2010-01-03,DEBIT_CARD,20561,3,1,set_7485273,,,345
bnk_7485274,7485274,2674,2010-01-03,CREDIT_CARD,22204,55,10,set_7485274,,,2739
bnk_7485275,7485275,788,2010-01-03,DEBIT_CARD,75781,8,1,set_7485275,,,797
bnk_7485276,7485276,11788,2010-01-03,CREDIT_CARD,2728,241,43,set_7485276,,,12072
bnk_7485277,7485277,9764,2010-01-03,CREDIT_CARD,27092,200,36,set_7485277,,,10000
bnk_7485278,7485278,7242,2010-01-03,CREDIT_CARD,60569,148,27,set_7485278,,,7417
bnk_7485279,7485279,3746,2010-01-03,DEBIT_CARD,16515,38,7,set_7485279,,,3791
bnk_7485280,7485280,4577,2010-01-03,DEBIT_CARD,31893,46,8,set_7485280,,,4631
bnk_7485281,7485281,4555,2010-01-03,DEBIT_CARD,86109,46,8,set_7485281,,,4609
bnk_7485283,7485283,3747,2010-01-03,DEBIT_CARD,20519,38,7,set_7485283,,,3792
bnk_7485284,7485284,922,2010-01-03,DEBIT_CARD,83480,9,2,set_7485284,,,933
bnk_7485285,7485285,1374,2010-01-03,DEBIT_CARD,71599,13,2,set_7485285,,,1260
bnk_7485286,7485286,7851,2010-01-03,DEBIT_CARD,38602,79,14,set_7485286,,,7944
bnk_7485287,7485287,15337,2010-01-03,DEBIT_CARD,59935,155,28,set_7485287,,,15520
bnk_7485288,7485288,2020,2010-01-03,DEBIT_CARD,30503,20,4,set_7485288,,,2044
bnk_7485290,7485290,1623,2010-01-03,DEBIT_CARD,61195,16,3,set_7485290,,,1642
bnk_7485291,7485291,5285,2010-01-03,DEBIT_CARD,59935,53,10,set_7485291,,,5348
bnk_7485292,7485292,2512,2010-01-03,DEBIT_CARD,85056,25,5,set_7485292,,,2542
bnk_7485293,7485293,2421,2010-01-03,DEBIT_CARD,33135,25,5,set_7485293,,,2451
bnk_7485294,7485294,1940,2010-01-03,DEBIT_CARD,32175,20,4,set_7485294,,,1964
bnk_7485296,7485296,8825,2010-01-03,CREDIT_CARD,20916,181,33,set_7485296,,,9039
bnk_7485297,7485297,6226,2010-01-03,DEBIT_CARD,61195,63,11,set_7485297,,,6300
bnk_7485300,7485300,1638,2010-01-03,DEBIT_CARD,16798,17,3,set_7485300,,,1658
bnk_7485303,7485303,7690,2010-01-03,CREDIT_CARD,48919,158,28,set_7485303,,,7876
bnk_7485306,7485306,7727,2010-01-03,CREDIT_CARD,27350,158,28,set_7485306,,,7913
bnk_7485307,7485307,2264,2010-01-03,CREDIT_CARD,13646,44,8,set_7485307,,,2222
bnk_7485308,7485308,247,2010-01-03,DEBIT_CARD,60569,3,1,set_7485308,,,251
bnk_7485309,7485309,15784,2010-01-03,CREDIT_CARD,86651,323,58,set_7485309,,,16165
bnk_7485311,7485311,8812,2010-01-03,CREDIT_CARD,20970,181,33,set_7485311,,,9026
bnk_7485312,7485312,999,2010-01-03,DEBIT_CARD,61195,10,2,set_7485312,,,1011
bnk_7485314,7485314,2657,2010-01-03,DEBIT_CARD,39021,26,5,set_7485314,,,2612
bnk_7485316,7485316,41801,2010-01-03,DEBIT_CARD,92822,423,76,set_7485316,,,42300
bnk_7485318,7485318,6621,2010-01-03,DEBIT_CARD,59935,67,12,set_7485318,,,6700
bnk_7485319,7485319,31402,2010-01-03,DEBIT_CARD,74934,318,57,set_7485319,,,31777
bnk_7485320,7485320,4588,2010-01-03,DEBIT_CARD,39021,46,8,set_7485320,,,4642
bnk_7485321,7485321,7906,2010-01-03,DEBIT_CARD,27092,80,14,set_7485321,,,8000
bnk_7485322,7485322,2432,2010-01-03,DEBIT_CARD,66951,25,5,set_7485322,,,2462
bnk_7485323,7485323,7811,2010-01-03,CREDIT_CARD,27092,160,29,set_7485323,,,8000
bnk_7485325,7485325,14635,2010-01-03,CREDIT_CARD,38602,300,54,set_7485325,,,14989
bnk_7485326,7485326,3626,2010-01-03,DEBIT_CARD,50404,37,7,set_7485326,,,3671
bnk_7485327,7485327,969,2010-01-03,DEBIT_CARD,50783,10,2,set_7485327,,,981
bnk_7485328,7485328,4842,2010-01-03,DEBIT_CARD,61195,49,9,set_7485328,,,4900
bnk_7485329,7485329,81,2010-01-03,DEBIT_CARD,86438,1,0,set_7485329,,,83
bnk_7485331,7485331,1957,2010-01-03,DEBIT_CARD,726,20,4,set_7485331,,,1981
bnk_7485332,7485332,208,2010-01-03,CREDIT_CARD,14528,3,1,set_7485332,,,144
bnk_7485333,7485333,143,2010-01-03,DEBIT_CARD,86438,1,0,set_7485333,,,144
bnk_7485334,7485334,49,2010-01-03,DEBIT_CARD,11429,1,0,set_7485334,,,50
bnk_7485335,7485335,12908,2010-01-03,CREDIT_CARD,39825,264,48,set_7485335,,,13220
bnk_7485336,7485336,714,2010-01-03,DEBIT_CARD,44578,7,1,set_7485336,,,722
bnk_7485337,7485337,3053,2010-01-03,DEBIT_CARD,67570,31,6,set_7485337,,,3090
bnk_7485338,7485338,10539,2010-01-03,DEBIT_CARD,50783,107,19,set_7485338,,,10665
bnk_7485339,7485339,3175,2010-01-03,DEBIT_CARD,43293,32,6,set_7485339,,,3213
bnk_7485340,7485340,12237,2010-01-03,DEBIT_CARD,60569,124,22,set_7485340,,,12383
bnk_7485341,7485341,11028,2010-01-03,DEBIT_CARD,71667,112,20,set_7485341,,,11160
bnk_7485342,7485342,2333,2010-01-03,CREDIT_CARD,86410,48,9,set_7485342,,,2390
bnk_7485343,7485343,2319,2010-01-03,DEBIT_CARD,92728,23,4,set_7485343,,,2346
bnk_7485346,7485346,9277,2010-01-03,CREDIT_CARD,93675,190,34,set_7485346,,,9501
bnk_7485346b,7485346,9277,2010-01-03,CREDIT_CARD,93675,190,34,set_7485346b,,,9501
bnk_7485347,7485347,2825,2010-01-03,DEBIT_CARD,39021,29,5,set_7485347,,,2858
bnk_7485348,7485348,7115,2010-01-03,DEBIT_CARD,40568,72,13,set_7485348,,,7200
bnk_7485349,7485349,1532,2010-01-03,CREDIT_CARD,83480,31,6,set_7485349,,,1569
bnk_7485350,7485350,1840,2010-01-03,CREDIT_CARD,39021,38,7,set_7485350,,,1885
bnk_7485351,7485351,1730,2010-01-03,DEBIT_CARD,5548,18,3,set_7485351,,,1751
bnk_7485352,7485352,1466,2010-01-03,CREDIT_CARD,23124,30,5,set_7485352,,,1501
bnk_7485353,7485353,1340,2010-01-03,CREDIT_CARD,86718,27,5,set_7485353,,,1372
bnk_7485354,7485354,5510,2010-01-03,CREDIT_CARD,20970,113,20,set_7485354,,,5643
bnk_7485355,7485355,6092,2010-01-03,DEBIT_CARD,39021,61,11,set_7485355,,,6092
bnk_7485356,7485356,134,2010-01-03,CREDIT_CARD,14528,3,1,set_7485356,,,138
bnk_7485357,7485357,4786,2010-01-03,CREDIT_CARD,60569,98,18,set_7485357,,,4902
bnk_7485358,7485358,7738,2010-01-03,DEBIT_CARD,81853,78,14,set_7485358,,,7830
bnk_7485360,7485360,1425,2010-01-03,DEBIT_CARD,60569,14,3,set_7485360,,,1442
bnk_7485361,7485361,2199,2010-01-03,CREDIT_CARD,46656,45,8,set_7485361,,,2252
bnk_7485362,7485362,2576,2010-01-03,DEBIT_CARD,86410,26,5,set_7485362,,,2607
bnk_7485364,7485364,1449,2010-01-03,DEBIT_CARD,47278,15,3,set_7485364,,,1467
bnk_7485364b,7485364,1449,2010-01-03,DEBIT_CARD,47278,15,3,set_7485364b,,,1467
bnk_7485365,7485365,130,2010-01-03,DEBIT_CARD,14528,1,0,set_7485365,,,131
bnk_7485367,7485367,247,2010-01-03,CREDIT_CARD,14528,5,1,set_7485367,,,253
bnk_7485368,7485368,1654,2010-01-03,DEBIT_CARD,62764,17,3,set_7485368,,,1674
bnk_7485369,7485369,1857,2010-01-03,DEBIT_CARD,16798,19,3,set_7485369,,,1879
bnk_7485370,7485370,1516,2010-01-03,DEBIT_CARD,83480,15,3,set_7485370,,,1534
bnk_7485373,7485373,1672,2010-01-03,DEBIT_CARD,16798,17,3,set_7485373,,,1692
bnk_7485375,7485375,5711,2010-01-03,DEBIT_CARD,59935,57,10,set_7485375,,,5688
bnk_7485376,7485376,1128,2010-01-03,DEBIT_CARD,20561,11,2,set_7485376,,,1141
bnk_7485377,7485377,2508,2010-01-03,CREDIT_CARD,44578,51,9,set_7485377,,,2568
bnk_7485379,7485379,5319,2010-01-03,CREDIT_CARD,60569,109,20,set_7485379,,,5448
bnk_7485381,7485381,3455,2010-01-03,DEBIT_CARD,30286,35,6,set_7485381,,,3496
bnk_7485382,7485382,8696,2010-01-03,DEBIT_CARD,59935,88,16,set_7485382,,,8800
bnk_7485384,7485384,4498,2010-01-03,DEBIT_CARD,48919,46,8,set_7485384,,,4552
bnk_7485385,7485385,1101,2010-01-03,DEBIT_CARD,83480,11,2,set_7485385,,,1114
bnk_7485388,7485388,7567,2010-01-03,DEBIT_CARD,72841,77,14,set_7485388,,,7658
bnk_7485389,7485389,7075,2010-01-03,DEBIT_CARD,30928,72,13,set_7485389,,,7160
bnk_7485390,7485390,1406,2010-01-03,DEBIT_CARD,77137,14,3,set_7485390,,,1423
bnk_7485392,7485392,6917,2010-01-03,DEBIT_CARD,43293,70,13,set_7485392,,,7000
bnk_7485395,7485395,2125,2010-01-03,DEBIT_CARD,44118,22,4,set_7485395,,,2151
bnk_7485398,7485398,13981,2010-01-03,DEBIT_CARD,66541,141,25,set_7485398,,,14147
bnk_7485399,7485399,1136,2010-01-03,DEBIT_CARD,75781,11,2,set_7485399,,,1149
bnk_7485401,7485401,2533,2010-01-03,CREDIT_CARD,18563,52,9,set_7485401,,,2594
bnk_7485402,7485402,8103,2010-01-03,DEBIT_CARD,68671,82,15,set_7485402,,,8200
bnk_7485403,7485403,590,2010-01-03,DEBIT_CARD,94109,6,1,set_7485403,,,597
bnk_7485404,7485404,7778,2010-01-03,DEBIT_CARD,27601,77,14,set_7485404,,,7725
bnk_7485406,7485406,2955,2010-01-03,DEBIT_CARD,96049,30,5,set_7485406,,,2990
bnk_7485407,7485407,2150,2010-01-03,DEBIT_CARD,20561,22,4,set_7485407,,,2176
bnk_7485408,7485408,5940,2010-01-03,CREDIT_CARD,60391,122,22,set_7485408,,,6084
bnk_7485409,7485409,4901,2010-01-03,CREDIT_CARD,60569,100,18,set_7485409,,,5019
bnk_7485411,7485411,4421,2010-01-03,DEBIT_CARD,39021,45,8,set_7485411,,,4474
bnk_7485412,7485412,3953,2010-01-03,DEBIT_CARD,27092,40,7,set_7485412,,,4000
bnk_7485413,7485413,1443,2010-01-03,CREDIT_CARD,1615,30,5,set_7485413,,,1478
bnk_7485415,7485415,4582,2010-01-03,DEBIT_CARD,59935,46,8,set_7485415,,,4636
bnk_7485416,7485416,992,2010-01-03,CREDIT_CARD,83480,20,4,set_7485416,,,1016
bnk_7485417,7485417,573,2010-01-03,DEBIT_CARD,68671,6,1,set_7485417,,,581
bnk_7485418,7485418,8770,2010-01-03,CREDIT_CARD,32858,180,32,set_7485418,,,8982
bnk_7485420,7485420,3168,2010-01-03,DEBIT_CARD,43251,32,6,set_7485420,,,3206
bnk_7485421,7485421,6498,2010-01-03,DEBIT_CARD,48919,66,12,set_7485421,,,6576
bnk_7485422,7485422,199,2010-01-03,DEBIT_CARD,55143,2,0,set_7485422,,,201
bnk_7485423,7485423,3201,2010-01-03,DEBIT_CARD,88922,32,6,set_7485423,,,3239
bnk_7485424,7485424,2601,2010-01-03,DEBIT_CARD,10305,25,5,set_7485424,,,2540
bnk_7485425,7485425,7062,2010-01-03,DEBIT_CARD,50783,71,13,set_7485425,,,7146
bnk_7485426,7485426,2324,2010-01-03,CREDIT_CARD,39021,48,9,set_7485426,,,2381
bnk_7485427,7485427,762,2010-01-03,CREDIT_CARD,10156,16,3,set_7485427,,,781
bnk_7485428,7485428,7832,2010-01-03,DEBIT_CARD,1530,79,14,set_7485428,,,7925
bnk_7485429,7485429,1999,2010-01-03,DEBIT_CARD,44682,20,4,set_7485429,,,2023
bnk_7485430,7485430,3787,2010-01-03,CREDIT_CARD,61195,78,14,set_7485430,,,3878
bnk_7485431,7485431,22058,2010-01-03,CREDIT_CARD,73186,452,81,set_7485431,,,22591
bnk_7485432,7485432,6112,2010-01-03,DEBIT_CARD,79923,62,11,set_7485432,,,6185
bnk_7485433,7485433,5981,2010-01-03,DEBIT_CARD,13646,61,11,set_7485433,,,6053
bnk_7485434,7485434,5929,2010-01-03,DEBIT_CARD,27092,60,11,set_7485434,,,6000
bnk_7485435,7485435,1055,2010-01-03,DEBIT_CARD,72246,11,2,set_7485435,,,1068
bnk_7485437,7485437,7811,2010-01-03,CREDIT_CARD,27092,160,29,set_7485437,,,8000
bnk_7485439,7485439,13028,2010-01-03,DEBIT_CARD,18131,132,24,set_7485439,,,13184
bnk_7485440,7485440,5117,2010-01-03,DEBIT_CARD,16920,51,9,set_7485440,,,5072
bnk_7485441,7485441,4794,2010-01-03,DEBIT_CARD,22204,49,9,set_7485441,,,4853
bnk_7485442,7485442,727,2010-01-03,DEBIT_CARD,47399,7,1,set_7485442,,,735
bnk_7485443,7485443,7906,2010-01-03,DEBIT_CARD,27092,80,14,set_7485443,,,8000
bnk_7485445,7485445,9764,2010-01-03,CREDIT_CARD,27092,200,36,set_7485445,,,10000
bnk_7485446,7485446,285,2010-01-03,DEBIT_CARD,54234,3,1,set_7485446,,,289
bnk_7485448,7485448,1168,2010-01-03,CREDIT_CARD,99370,24,4,set_7485448,,,1196
bnk_7485450,7485450,2966,2010-01-03,DEBIT_CARD,15143,30,5,set_7485450,,,3001
bnk_7485452,7485452,2117,2010-01-03,DEBIT_CARD,68436,21,4,set_7485452,,,2142
bnk_7485453,7485453,4169,2010-01-03,DEBIT_CARD,89069,42,8,set_7485453,,,4219
bnk_7485454,7485454,9882,2010-01-03,DEBIT_CARD,27092,100,18,set_7485454,,,10000
bnk_7485455,7485455,2521,2010-01-03,CREDIT_CARD,15143,52,9,set_7485455,,,2582
bnk_7485456,7485456,2232,2010-01-03,DEBIT_CARD,98214,23,4,set_7485456,,,2260
bnk_7485457,7485457,2208,2010-01-03,DEBIT_CARD,24504,22,4,set_7485457,,,2234
bnk_7485458,7485458,9141,2010-01-03,DEBIT_CARD,73186,93,17,set_7485458,,,9251
bnk_7485461,7485461,17781,2010-01-03,CREDIT_CARD,88731,364,66,set_7485461,,,18211
bnk_7485462,7485462,34084,2010-01-03,DEBIT_CARD,23446,345,62,set_7485462,,,34491
bnk_7485463,7485463,5929,2010-01-03,DEBIT_CARD,27092,60,11,set_7485463,,,6000
bnk_7485464,7485464,5929,2010-01-03,DEBIT_CARD,27092,60,11,set_7485464,,,6000
bnk_7485466,7485466,3384,2010-01-03,DEBIT_CARD,39021,33,6,set_7485466,,,3315
bnk_7485467,7485467,11717,2010-01-03,CREDIT_CARD,27092,240,43,set_7485467,,,12000
bnk_7485468,7485468,5306,2010-01-03,DEBIT_CARD,98175,54,10,set_7485468,,,5370
bnk_7485469,7485469,9569,2010-01-03,CREDIT_CARD,61195,196,35,set_7485469,,,9800
bnk_7485471,7485471,5476,2010-01-03,DEBIT_CARD,60569,55,10,set_7485471,,,5541
bnk_7485472,7485472,1359,2010-01-03,CREDIT_CARD,84268,28,5,set_7485472,,,1392
bnk_7485473,7485473,5997,2010-01-03,CREDIT_CARD,27092,120,22,set_7485473,,,6000
bnk_7485474,7485474,4857,2010-01-03,CREDIT_CARD,86410,99,18,set_7485474,,,4974
bnk_7485475,7485475,7963,2010-01-03,DEBIT_CARD,68388,81,15,set_7485475,,,8059
bnk_7485476,7485476,967,2010-01-03,CREDIT_CARD,68671,20,4,set_7485476,,,991
bnk_7485478,7485478,4126,2010-01-03,DEBIT_CARD,20561,42,8,set_7485478,,,4177
bnk_7485479,7485479,8818,2010-01-03,CREDIT_CARD,60569,181,33,set_7485479,,,9032
bnk_7485480,7485480,1021,2010-01-03,DEBIT_CARD,83271,10,2,set_7485480,,,1033
bnk_7485482,7485482,2253,2010-01-03,DEBIT_CARD,83271,23,4,set_7485482,,,2280
bnk_7485484,7485484,761,2010-01-03,DEBIT_CARD,7214,8,1,set_7485484,,,770
bnk_7485485,7485485,6814,2010-01-03,DEBIT_CARD,12087,69,12,set_7485485,,,6895
bnk_7485486,7485486,1052,2010-01-03,DEBIT_CARD,74922,11,2,set_7485486,,,1065
bnk_7485490,7485490,10539,2010-01-03,DEBIT_CARD,56431,106,19,set_7485490,,,10574
bnk_7485491,7485491,5187,2010-01-03,DEBIT_CARD,33326,53,10,set_7485491,,,5250
bnk_7485492,7485492,6655,2010-01-03,DEBIT_CARD,46284,67,12,set_7485492,,,6734
bnk_7485493,7485493,729,2010-01-03,DEBIT_CARD,75936,7,1,set_7485493,,,737
bnk_7485495,7485495,2367,2010-01-03,CREDIT_CARD,46474,48,9,set_7485495,,,2424
bnk_7485496,7485496,2305,2010-01-03,DEBIT_CARD,74935,23,4,set_7485496,,,2332
bnk_7485497,7485497,534,2010-01-03,CREDIT_CARD,93615,9,2,set_7485497,,,458
bnk_7485498,7485498,6718,2010-01-03,CREDIT_CARD,12867,138,25,set_7485498,,,6881
bnk_7485499,7485499,1329,2010-01-03,DEBIT_CARD,83480,13,2,set_7485499,,,1344
bnk_7485500,7485500,2401,2010-01-03,CREDIT_CARD,78310,47,8,set_7485500,,,2326
bnk_7485502,7485502,1124,2010-01-03,CREDIT_CARD,71664,23,4,set_7485502,,,1151
bnk_7485503,7485503,4735,2010-01-03,CREDIT_CARD,30055,97,17,set_7485503,,,4849
bnk_7485504,7485504,5050,2010-01-03,DEBIT_CARD,60569,51,9,set_7485504,,,5110
bnk_7485505,7485505,6199,2010-01-03,DEBIT_CARD,46965,63,11,set_7485505,,,6273
bnk_7485506,7485506,2938,2010-01-03,CREDIT_CARD,88459,60,11,set_7485506,,,3009
bnk_7485507,7485507,6658,2010-01-03,CREDIT_CARD,26909,136,24,set_7485507,,,6818
bnk_7485510,7485510,2793,2010-01-03,CREDIT_CARD,59298,57,10,set_7485510,,,2860
bnk_7485512,7485512,9505,2010-01-03,CREDIT_CARD,8137,195,35,set_7485512,,,9735
bnk_7485513,7485513,1043,2010-01-03,DEBIT_CARD,22204,11,2,set_7485513,,,1056
bnk_7485514,7485514,5929,2010-01-03,DEBIT_CARD,27092,60,11,set_7485514,,,6000
bnk_7485515,7485515,7621,2010-01-03,CREDIT_CARD,93675,156,28,set_7485515,,,7805
bnk_7485516,7485516,4944,2010-01-03,DEBIT_CARD,34490,50,9,set_7485516,,,5003
bnk_7485517,7485517,3628,2010-01-03,CREDIT_CARD,41184,74,13,set_7485517,,,3715
bnk_7485519,7485519,272,2010-01-03,DEBIT_CARD,83480,3,1,set_7485519,,,276
bnk_7485520,7485520,5735,2010-01-03,CREDIT_CARD,17976,117,21,set_7485520,,,5873
bnk_7485523,7485523,5399,2010-01-03,DEBIT_CARD,39021,55,10,set_7485523,,,5464
bnk_7485524,7485524,2622,2010-01-03,DEBIT_CARD,43423,27,5,set_7485524,,,2654
bnk_7485525,7485525,8310,2010-01-03,CREDIT_CARD,65881,170,31,set_7485525,,,8511
bnk_7485527,7485527,309,2010-01-03,DEBIT_CARD,68704,3,1,set_7485527,,,313
bnk_7485528,7485528,9091,2010-01-03,DEBIT_CARD,22204,92,17,set_7485528,,,9200
bnk_7485529,7485529,1246,2010-01-03,DEBIT_CARD,99355,13,2,set_7485529,,,1261
bnk_7485530,7485530,7334,2010-01-03,DEBIT_CARD,63521,74,13,set_7485530,,,7421
bnk_7485532,7485532,8267,2010-01-03,CREDIT_CARD,54850,169,30,set_7485532,,,8466
bnk_7485533,7485533,6546,2010-01-03,CREDIT_CARD,21107,134,24,set_7485533,,,6704
bnk_7485534,7485534,19441,2010-01-03,DEBIT_CARD,60569,197,35,set_7485534,,,19673
bnk_7485535,7485535,1917,2010-01-03,CREDIT_CARD,15143,39,7,set_7485535,,,1963
bnk_7485536,7485536,11858,2010-01-03,DEBIT_CARD,27092,120,22,set_7485536,,,12000
bnk_7485537,7485537,8795,2010-01-03,DEBIT_CARD,22204,89,16,set_7485537,,,8900
bnk_7485538,7485538,5057,2010-01-03,DEBIT_CARD,20561,51,9,set_7485538,,,5117
bnk_7485539,7485539,5633,2010-01-03,DEBIT_CARD,59935,57,10,set_7485539,,,5700
bnk_7485540,7485540,3075,2010-01-03,DEBIT_CARD,58215,31,6,set_7485540,,,3112
bnk_7485541,7485541,5488,2010-01-03,CREDIT_CARD,39021,112,20,set_7485541,,,5620
bnk_7485542,7485542,2423,2010-01-03,DEBIT_CARD,48919,25,5,set_7485542,,,2453
bnk_7485544,7485544,7807,2010-01-03,DEBIT_CARD,59935,79,14,set_7485544,,,7900
bnk_7485545,7485545,1582,2010-01-03,DEBIT_CARD,39261,15,3,set_7485545,,,1511
bnk_7485546,7485546,1125,2010-01-03,CREDIT_CARD,83271,23,4,set_7485546,,,1152
bnk_7485547,7485547,7811,2010-01-03,CREDIT_CARD,27092,160,29,set_7485547,,,8000
bnk_7485548,7485548,1321,2010-01-03,DEBIT_CARD,24504,13,2,set_7485548,,,1336
bnk_7485549,7485549,3506,2010-01-03,DEBIT_CARD,32175,35,6,set_7485549,,,3547
bnk_7485552,7485552,2889,2010-01-03,DEBIT_CARD,15143,29,5,set_7485552,,,2923
bnk_7485553,7485553,175,2010-01-03,DEBIT_CARD,86438,2,0,set_7485553,,,177
bnk_7485554,7485554,190,2010-01-03,CREDIT_CARD,14528,4,1,set_7485554,,,195
bnk_7485555,7485555,15017,2010-01-03,DEBIT_CARD,50783,152,27,set_7485555,,,15196
bnk_7485557,7485557,213,2010-01-03,CREDIT_CARD,59935,4,1,set_7485557,,,218
bnk_7485558,7485558,6368,2010-01-03,CREDIT_CARD,56748,130,23,set_7485558,,,6521
bnk_7485559,7485559,9764,2010-01-03,CREDIT_CARD,27092,200,36,set_7485559,,,10000
bnk_7485561,7485561,670,2010-01-03,DEBIT_CARD,61195,7,1,set_7485561,,,678
bnk_7485562,7485562,2660,2010-01-03,CREDIT_CARD,70485,54,10,set_7485562,,,2724
bnk_7485564,7485564,2845,2010-01-03,DEBIT_CARD,11468,29,5,set_7485564,,,2879
bnk_7485565,7485565,7725,2010-01-03,DEBIT_CARD,60569,78,14,set_7485565,,,7817
bnk_7485566,7485566,7811,2010-01-03,CREDIT_CARD,27092,160,29,set_7485566,,,8000
bnk_7485567,7485567,2509,2010-01-03,DEBIT_CARD,79927,25,5,set_7485567,,,2539
bnk_7485568,7485568,9648,2010-01-03,DEBIT_CARD,30286,98,18,set_7485568,,,9764
bnk_7485569,7485569,1441,2010-01-03,DEBIT_CARD,79927,15,3,set_7485569,,,1459
bnk_7485570,7485570,1533,2010-01-03,DEBIT_CARD,50867,16,3,set_7485570,,,1552
bnk_7485571,7485571,4510,2010-01-03,DEBIT_CARD,9932,46,8,set_7485571,,,4564
bnk_7485572,7485572,155,2010-01-03,DEBIT_CARD,86438,2,0,set_7485572,,,157
bnk_7485574,7485574,789,2010-01-03,DEBIT_CARD,20561,8,1,set_7485574,,,798
bnk_7485575,7485575,6481,2010-01-03,DEBIT_CARD,32175,66,12,set_7485575,,,6559
bnk_7485576,7485576,7811,2010-01-03,CREDIT_CARD,27092,160,29,set_7485576,,,8000
bnk_7485577,7485577,3638,2010-01-03,CREDIT_CARD,20561,75,14,set_7485577,,,3727
bnk_7485579,7485579,9196,2010-01-03,DEBIT_CARD,22496,93,17,set_7485579,,,9306
bnk_7485580,7485580,1735,2010-01-03,DEBIT_CARD,32858,18,3,set_7485580,,,1756
bnk_7485581,7485581,4360,2010-01-03,DEBIT_CARD,31893,44,8,set_7485581,,,4412
bnk_7485582,7485582,4016,2010-01-03,DEBIT_CARD,15143,41,7,set_7485582,,,4064
bnk_7485583,7485583,4055,2010-01-03,DEBIT_CARD,59935,41,7,set_7485583,,,4103
bnk_7485584,7485584,8993,2010-01-03,DEBIT_CARD,22204,91,16,set_7485584,,,9100
bnk_7485585,7485585,51,2010-01-03,DEBIT_CARD,14528,1,0,set_7485585,,,52
bnk_7485587,7485587,1712,2010-01-03,DEBIT_CARD,50783,17,3,set_7485587,,,1732
bnk_7485589,7485589,151,2010-01-03,DEBIT_CARD,86438,2,0,set_7485589,,,153
bnk_7485590,7485590,3111,2010-01-03,DEBIT_CARD,10792,31,6,set_7485590,,,3148
bnk_7485591,7485591,6109,2010-01-03,DEBIT_CARD,54139,62,11,set_7485591,,,6182
bnk_7485592,7485592,6497,2010-01-03,DEBIT_CARD,46951,66,12,set_7485592,,,6575
bnk_7485593,7485593,2222,2010-01-03,CREDIT_CARD,16798,46,8,set_7485593,,,2276
bnk_7485595,7485595,1341,2010-01-03,CREDIT_CARD,72351,25,5,set_7485595,,,1226
bnk_7485594,7485594,6932,2010-01-03,CREDIT_CARD,72351,142,26,set_7485594,,,7100
bnk_7485596,7485596,3585,2010-01-03,CREDIT_CARD,60569,73,13,set_7485596,,,3671
bnk_7485597,7485597,9316,2010-01-03,DEBIT_CARD,34659,94,17,set_7485597,,,9427
bnk_7485598,7485598,7343,2010-01-03,DEBIT_CARD,37698,74,13,set_7485598,,,7430
bnk_7485599,7485599,6196,2010-01-03,CREDIT_CARD,30286,127,23,set_7485599,,,6346
bnk_7485600,7485600,9882,2010-01-03,DEBIT_CARD,27092,100,18,set_7485600,,,10000
bnk_7485602,7485602,952,2010-01-03,CREDIT_CARD,60206,20,4,set_7485602,,,976
bnk_7485604,7485604,3490,2010-01-03,CREDIT_CARD,39021,71,13,set_7485604,,,3574
bnk_7485605,7485605,3986,2010-01-03,DEBIT_CARD,41122,40,7,set_7485605,,,4032
bnk_7485607,7485607,648,2010-01-03,DEBIT_CARD,16875,7,1,set_7485607,,,656
bnk_7485608,7485608,1583,2010-01-03,CREDIT_CARD,19964,32,6,set_7485608,,,1621
bnk_7485609,7485609,1629,2010-01-03,DEBIT_CARD,88998,16,3,set_7485609,,,1648
bnk_7485610,7485610,4225,2010-01-03,DEBIT_CARD,34256,43,8,set_7485610,,,4276
bnk_7485612,7485612,4162,2010-01-03,DEBIT_CARD,32175,42,8,set_7485612,,,4212
bnk_7485613,7485613,4881,2010-01-03,DEBIT_CARD,48919,49,9,set_7485613,,,4939
bnk_7485614,7485614,4713,2010-01-03,CREDIT_CARD,32175,97,17,set_7485614,,,4827
bnk_7485615,7485615,32269,2010-01-03,CREDIT_CARD,17976,661,119,set_7485615,,,33049
bnk_7485616,7485616,129,2010-01-03,DEBIT_CARD,14528,1,0,set_7485616,,,130
bnk_7485617,7485617,1423,2010-01-03,DEBIT_CARD,61195,14,3,set_7485617,,,1440
bnk_7485618,7485618,4926,2010-01-03,DEBIT_CARD,1967,50,9,set_7485618,,,4985
bnk_7485619,7485619,1886,2010-01-03,DEBIT_CARD,22204,19,3,set_7485619,,,1908
bnk_7485622,7485622,639,2010-01-03,DEBIT_CARD,22204,6,1,set_7485622,,,646
bnk_7485623,7485623,21682,2010-01-03,DEBIT_CARD,32480,219,39,set_7485623,,,21940
bnk_7485624,7485624,759,2010-01-03,DEBIT_CARD,22204,8,1,set_7485624,,,768
bnk_7485625,7485625,4135,2010-01-03,DEBIT_CARD,15143,42,8,set_7485625,,,4185
bnk_7485626,7485626,7389,2010-01-03,DEBIT_CARD,31893,75,14,set_7485626,,,7478
bnk_7485627,7485627,6804,2010-01-03,CREDIT_CARD,80786,139,25,set_7485627,,,6968
bnk_7485628,7485628,843,2010-01-03,CREDIT_CARD,6473,17,3,set_7485628,,,863
bnk_7485629,7485629,3663,2010-01-03,DEBIT_CARD,20519,37,7,set_7485629,,,3707
bnk_7485630,7485630,1062,2010-01-03,DEBIT_CARD,83271,11,2,set_7485630,,,1075
bnk_7485631,7485631,11854,2010-01-03,DEBIT_CARD,32114,120,22,set_7485631,,,11996
bnk_7485632,7485632,4658,2010-01-03,DEBIT_CARD,17213,47,8,set_7485632,,,4713
bnk_7485633,7485633,1503,2010-01-03,DEBIT_CARD,24504,15,3,set_7485633,,,1521
bnk_7485634,7485634,5089,2010-01-03,DEBIT_CARD,34659,51,9,set_7485634,,,5149
bnk_7485635,7485635,6635,2010-01-03,DEBIT_CARD,82981,67,12,set_7485635,,,6714
bnk_7485636,7485636,1098,2010-01-03,CREDIT_CARD,61677,22,4,set_7485636,,,1124
bnk_7485637,7485637,9289,2010-01-03,DEBIT_CARD,59935,94,17,set_7485637,,,9400
bnk_7485639,7485639,4490,2010-01-03,DEBIT_CARD,22204,45,8,set_7485639,,,4543
bnk_7485640,7485640,781,2010-01-03,CREDIT_CARD,69710,16,3,set_7485640,,,800
bnk_7485642,7485642,1343,2010-01-03,DEBIT_CARD,83480,14,3,set_7485642,,,1360
bnk_7485643,7485643,4069,2010-01-03,DEBIT_CARD,31893,41,7,set_7485643,,,4117
bnk_7485644,7485644,4548,2010-01-03,DEBIT_CARD,48919,46,8,set_7485644,,,4602
bnk_7485646,7485646,5087,2010-01-03,DEBIT_CARD,88459,51,9,set_7485646,,,5147
bnk_7485647,7485647,9047,2010-01-03,DEBIT_CARD,27601,92,17,set_7485647,,,9156
bnk_7485648,7485648,1053,2010-01-03,CREDIT_CARD,22662,22,4,set_7485648,,,1079
bnk_7485649,7485649,3995,2010-01-03,DEBIT_CARD,39021,40,7,set_7485649,,,4042
bnk_7485650,7485650,2887,2010-01-03,CREDIT_CARD,48919,59,11,set_7485650,,,2957
bnk_7485651,7485651,5929,2010-01-03,DEBIT_CARD,27092,60,11,set_7485651,,,6000
bnk_7485653,7485653,984,2010-01-03,DEBIT_CARD,53544,10,2,set_7485653,,,996
bnk_7485654,7485654,14313,2010-01-03,CREDIT_CARD,50783,293,53,set_7485654,,,14659
bnk_7485655,7485655,3220,2010-01-03,DEBIT_CARD,78461,33,6,set_7485655,,,3259
bnk_7485656,7485656,127,2010-01-03,DEBIT_CARD,86438,1,0,set_7485656,,,128
bnk_7485657,7485657,3888,2010-01-03,DEBIT_CARD,86410,39,7,set_7485657,,,3934
bnk_7485658,7485658,8202,2010-01-03,DEBIT_CARD,22204,83,15,set_7485658,,,8300
bnk_7485659,7485659,3906,2010-01-03,CREDIT_CARD,27092,80,14,set_7485659,,,4000
bnk_7485660,7485660,1531,2010-01-03,DEBIT_CARD,75936,15,3,set_7485660,,,1549
bnk_7485661,7485661,1743,2010-01-03,CREDIT_CARD,32858,36,6,set_7485661,,,1785
bnk_7485662,7485662,13835,2010-01-03,DEBIT_CARD,27092,140,25,set_7485662,,,14000
bnk_7485663,7485663,263,2010-01-03,DEBIT_CARD,83271,3,1,set_7485663,,,267
bnk_7485664,7485664,4037,2010-01-03,DEBIT_CARD,39021,41,7,set_7485664,,,4085
bnk_7485667,7485667,11803,2010-01-03,DEBIT_CARD,54850,119,21,set_7485667,,,11943
bnk_7485668,7485668,240,2010-01-03,DEBIT_CARD,19964,2,0,set_7485668,,,242
bnk_7485669,7485669,2252,2010-01-03,DEBIT_CARD,16798,23,4,set_7485669,,,2279
bnk_7485670,7485670,9696,2010-01-03,DEBIT_CARD,59935,98,18,set_7485670,,,9812
bnk_7485671,7485671,3270,2010-01-03,DEBIT_CARD,39021,33,6,set_7485671,,,3309
bnk_7485672,7485672,8714,2010-01-03,CREDIT_CARD,29839,178,32,set_7485672,,,8924
bnk_7485673,7485673,1347,2010-01-03,DEBIT_CARD,62119,14,3,set_7485673,,,1364
bnk_7485674,7485674,176,2010-01-03,CREDIT_CARD,39021,4,1,set_7485674,,,181
bnk_7485675,7485675,5557,2010-01-03,DEBIT_CARD,75781,56,10,set_7485675,,,5623
bnk_7485680,7485680,5208,2010-01-03,DEBIT_CARD,60569,53,10,set_7485680,,,5271
bnk_7485681,7485681,4859,2010-01-03,CREDIT_CARD,45926,100,18,set_7485681,,,4977
bnk_7485682,7485682,1057,2010-01-03,CREDIT_CARD,61195,22,4,set_7485682,,,1083
bnk_7485683,7485683,891,2010-01-03,DEBIT_CARD,58577,9,2,set_7485683,,,902
bnk_7485684,7485684,7845,2010-01-03,DEBIT_CARD,88204,79,14,set_7485684,,,7938
bnk_7485685,7485685,2682,2010-01-03,CREDIT_CARD,46925,55,10,set_7485685,,,2747
bnk_7485686,7485686,1233,2010-01-03,CREDIT_CARD,81477,25,5,set_7485686,,,1263
bnk_7485687,7485687,3843,2010-01-03,DEBIT_CARD,50743,39,7,set_7485687,,,3889
bnk_7485688,7485688,4272,2010-01-03,CREDIT_CARD,27601,86,15,set_7485688,,,4293
bnk_7485689,7485689,11784,2010-01-03,DEBIT_CARD,11468,119,21,set_7485689,,,11924
bnk_7485690,7485690,3023,2010-01-03,DEBIT_CARD,86410,31,6,set_7485690,,,3060
bnk_7485691,7485691,5929,2010-01-03,DEBIT_CARD,59935,60,11,set_7485691,,,6000
bnk_7485693,7485693,4101,2010-01-03,DEBIT_CARD,82981,42,8,set_7485693,,,4151
bnk_7485694,7485694,1354,2010-01-03,DEBIT_CARD,83480,14,3,set_7485694,,,1371
bnk_7485698,7485698,3,2010-01-03,CREDIT_CARD,86438,0,0,set_7485698,,,3
bnk_7485699,7485699,147,2010-01-03,DEBIT_CARD,14528,1,0,set_7485699,,,148
bnk_7485701,7485701,5237,2010-01-03,DEBIT_CARD,43293,53,10,set_7485701,,,5300
bnk_7485702,7485702,253,2010-01-03,DEBIT_CARD,82981,3,1,set_7485702,,,257
bnk_7485703,7485703,9944,2010-01-03,DEBIT_CARD,726,101,18,set_7485703,,,10063
bnk_7485704,7485704,4159,2010-01-03,CREDIT_CARD,64047,85,15,set_7485704,,,4259
bnk_7485705,7485705,2293,2010-01-03,DEBIT_CARD,56431,23,4,set_7485705,,,2320
bnk_7485706,7485706,11858,2010-01-03,DEBIT_CARD,27092,120,22,set_7485706,,,12000
bnk_7485708,7485708,828,2010-01-03,CREDIT_CARD,98374,17,3,set_7485708,,,848
bnk_7485712,7485712,5768,2010-01-03,DEBIT_CARD,463,58,10,set_7485712,,,5836
bnk_7485716,7485716,7472,2010-01-03,DEBIT_CARD,37588,76,14,set_7485716,,,7562
bnk_7485717,7485717,2517,2010-01-03,CREDIT_CARD,66428,52,9,set_7485717,,,2578
bnk_7485719,7485719,2325,2010-01-03,DEBIT_CARD,96795,24,4,set_7485719,,,2353
bnk_7485720,7485720,7906,2010-01-03,DEBIT_CARD,26810,80,14,set_7485720,,,8000
bnk_7485721,7485721,9276,2010-01-03,CREDIT_CARD,43293,190,34,set_7485721,,,9500
bnk_7485722,7485722,4078,2010-01-03,DEBIT_CARD,72351,41,7,set_7485722,,,4126
bnk_7485725,7485725,1163,2010-01-03,CREDIT_CARD,94123,24,4,set_7485725,,,1191
bnk_7485727,7485727,233,2010-01-03,DEBIT_CARD,81833,2,0,set_7485727,,,235
bnk_7485729,7485729,2930,2010-01-03,DEBIT_CARD,29589,30,5,set_7485729,,,2965
bnk_7485730,7485730,6014,2010-01-03,DEBIT_CARD,95855,61,11,set_7485730,,,6086
bnk_7485731,7485731,1445,2010-01-03,DEBIT_CARD,16798,15,3,set_7485731,,,1463
bnk_7485732,7485732,7445,2010-01-03,CREDIT_CARD,60569,152,27,set_7485732,,,7624
bnk_7485733,7485733,244,2010-01-03,DEBIT_CARD,88459,2,0,set_7485733,,,246
bnk_7485734,7485734,9149,2010-01-03,CREDIT_CARD,59935,187,34,set_7485734,,,9370
bnk_7485735,7485735,1456,2010-01-03,CREDIT_CARD,22204,30,5,set_7485735,,,1491
bnk_7485736,7485736,1346,2010-01-03,DEBIT_CARD,72351,12,2,set_7485736,,,1222
bnk_7485737,7485737,1335,2010-01-03,DEBIT_CARD,83480,14,3,set_7485737,,,1352
bnk_7485737b,7485737,1335,2010-01-03,DEBIT_CARD,83480,14,3,set_7485737b,,,1352
bnk_7485739,7485739,652,2010-01-03,DEBIT_CARD,62115,7,1,set_7485739,,,660
bnk_7485740,7485740,13775,2010-01-03,CREDIT_CARD,27092,280,50,set_7485740,,,14000
bnk_7485741,7485741,11,2010-01-03,DEBIT_CARD,14528,0,0,set_7485741,,,11
bnk_7485742,7485742,4706,2010-01-03,CREDIT_CARD,43293,96,17,set_7485742,,,4819
bnk_7485743,7485743,1625,2010-01-03,DEBIT_CARD,3915,15,3,set_7485743,,,1507
bnk_7485745,7485745,2942,2010-01-03,CREDIT_CARD,70801,60,11,set_7485745,,,3013
bnk_7485745b,7485745,2942,2010-01-03,CREDIT_CARD,70801,60,11,set_7485745b,,,3013
bnk_7485749,7485749,2557,2010-01-03,DEBIT_CARD,60569,26,5,set_7485749,,,2588
bnk_7485750,7485750,716,2010-01-03,CREDIT_CARD,29426,15,3,set_7485750,,,734
bnk_7485751,7485751,6557,2010-01-03,CREDIT_CARD,30286,132,24,set_7485751,,,6586
bnk_7485752,7485752,7115,2010-01-03,DEBIT_CARD,56431,72,13,set_7485752,,,7200
bnk_7485753,7485753,6151,2010-01-03,CREDIT_CARD,59935,126,23,set_7485753,,,6300
bnk_7485755,7485755,10893,2010-01-03,DEBIT_CARD,48919,110,20,set_7485755,,,11023
bnk_7485756,7485756,3958,2010-01-03,CREDIT_CARD,11468,81,15,set_7485756,,,4054
bnk_7485757,7485757,5929,2010-01-03,DEBIT_CARD,27092,60,11,set_7485757,,,6000
bnk_7485758,7485758,99,2010-01-03,DEBIT_CARD,14528,1,0,set_7485758,,,100
bnk_7485759,7485759,15901,2010-01-03,DEBIT_CARD,55521,161,29,set_7485759,,,16091
bnk_7485760,7485760,4437,2010-01-03,DEBIT_CARD,50783,45,8,set_7485760,,,4490
bnk_7485761,7485761,2894,2010-01-03,DEBIT_CARD,50404,29,5,set_7485761,,,2928
bnk_7485762,7485762,3409,2010-01-03,DEBIT_CARD,43293,34,6,set_7485762,,,3449
bnk_7485763,7485763,8993,2010-01-03,DEBIT_CARD,72351,91,16,set_7485763,,,9100
bnk_7485764,7485764,177,2010-01-03,DEBIT_CARD,89069,2,0,set_7485764,,,179
bnk_7485766,7485766,2708,2010-01-03,DEBIT_CARD,39021,27,5,set_7485766,,,2740
bnk_7485766b,7485766,2708,2010-01-03,DEBIT_CARD,39021,27,5,set_7485766b,,,2740
bnk_7485767,7485767,7005,2010-01-03,CREDIT_CARD,75781,144,26,set_7485767,,,7175
bnk_7485768,7485768,45062,2010-01-03,DEBIT_CARD,52073,456,82,set_7485768,,,45600
bnk_7485770,7485770,8219,2010-01-03,DEBIT_CARD,27601,82,15,set_7485770,,,8227
bnk_7485771,7485771,2591,2010-01-03,DEBIT_CARD,86616,26,5,set_7485771,,,2622
bnk_7485772,7485772,6529,2010-01-03,DEBIT_CARD,22204,66,12,set_7485772,,,6607
bnk_7485773,7485773,451,2010-01-03,DEBIT_CARD,7999,5,1,set_7485773,,,457
bnk_7485774,7485774,3479,2010-01-03,CREDIT_CARD,41122,71,13,set_7485774,,,3563
bnk_7485775,7485775,3721,2010-01-03,DEBIT_CARD,26810,38,7,set_7485775,,,3766
bnk_7485776,7485776,996,2010-01-03,DEBIT_CARD,50404,10,2,set_7485776,,,1008
bnk_7485777,7485777,5929,2010-01-03,DEBIT_CARD,27092,60,11,set_7485777,,,6000
bnk_7485778,7485778,9684,2010-01-03,DEBIT_CARD,22204,98,18,set_7485778,,,9800
bnk_7485779,7485779,1849,2010-01-03,DEBIT_CARD,94973,19,3,set_7485779,,,1871
bnk_7485782,7485782,2191,2010-01-03,DEBIT_CARD,13862,22,4,set_7485782,,,2217
bnk_7485784,7485784,1221,2010-01-03,DEBIT_CARD,50783,12,2,set_7485784,,,1235
bnk_7485785,7485785,4983,2010-01-03,DEBIT_CARD,20519,50,9,set_7485785,,,5042
bnk_7485786,7485786,5747,2010-01-03,DEBIT_CARD,74316,58,10,set_7485786,,,5815
bnk_7485787,7485787,2107,2010-01-03,DEBIT_CARD,34784,21,4,set_7485787,,,2132
bnk_7485788,7485788,2518,2010-01-03,CREDIT_CARD,20519,52,9,set_7485788,,,2579
bnk_7485790,7485790,9586,2010-01-03,DEBIT_CARD,22204,97,17,set_7485790,,,9700
bnk_7485792,7485792,3501,2010-01-03,CREDIT_CARD,15143,72,13,set_7485792,,,3586
bnk_7485793,7485793,2076,2010-01-03,DEBIT_CARD,45928,20,4,set_7485793,,,2028
bnk_7485794,7485794,620,2010-01-03,DEBIT_CARD,18563,6,1,set_7485794,,,627
bnk_7485795,7485795,4063,2010-01-03,CREDIT_CARD,61195,83,15,set_7485795,,,4161
bnk_7485796,7485796,8571,2010-01-03,CREDIT_CARD,54850,176,32,set_7485796,,,8779
bnk_7485797,7485797,3259,2010-01-03,CREDIT_CARD,63683,67,12,set_7485797,,,3338
bnk_7485799,7485799,7807,2010-01-03,DEBIT_CARD,61195,79,14,set_7485799,,,7900
bnk_7485803,7485803,6580,2010-01-03,CREDIT_CARD,39021,135,24,set_7485803,,,6739
bnk_7485806,7485806,5069,2010-01-03,DEBIT_CARD,12067,50,9,set_7485806,,,4989
bnk_7485807,7485807,10310,2010-01-03,DEBIT_CARD,50783,104,19,set_7485807,,,10433
bnk_7485808,7485808,139597,2010-01-03,DEBIT_CARD,13348,1413,254,set_7485808,,,141264
bnk_7485811,7485811,8662,2010-01-03,DEBIT_CARD,25108,88,16,set_7485811,,,8766
bnk_7485812,7485812,5929,2010-01-03,DEBIT_CARD,59935,60,11,set_7485812,,,6000
bnk_7485813,7485813,2274,2010-01-03,DEBIT_CARD,59935,23,4,set_7485813,,,2301
bnk_7485814,7485814,1926,2010-01-03,DEBIT_CARD,61195,20,4,set_7485814,,,1950
bnk_7485815,7485815,3906,2010-01-03,CREDIT_CARD,27092,80,14,set_7485815,,,4000
bnk_7485816,7485816,138,2010-01-03,DEBIT_CARD,14528,1,0,set_7485816,,,139
bnk_7485817,7485817,8103,2010-01-03,DEBIT_CARD,56431,82,15,set_7485817,,,8200
bnk_7485818,7485818,9230,2010-01-03,DEBIT_CARD,60569,93,17,set_7485818,,,9340
bnk_7485820,7485820,4603,2010-01-03,DEBIT_CARD,59935,47,8,set_7485820,,,4658
bnk_7485821,7485821,4080,2010-01-03,DEBIT_CARD,81477,41,7,set_7485821,,,4128
bnk_7485822,7485822,4657,2010-01-03,DEBIT_CARD,39021,47,8,set_7485822,,,4712
bnk_7485823,7485823,5274,2010-01-03,DEBIT_CARD,52090,53,10,set_7485823,,,5337
bnk_7485825,7485825,841,2010-01-03,DEBIT_CARD,11969,9,2,set_7485825,,,852
bnk_7485826,7485826,2478,2010-01-03,DEBIT_CARD,88852,25,5,set_7485826,,,2508
bnk_7485827,7485827,6706,2010-01-03,DEBIT_CARD,9834,68,12,set_7485827,,,6785
bnk_7485830,7485830,49,2010-01-03,DEBIT_CARD,14528,1,0,set_7485830,,,50
bnk_7485833,7485833,7906,2010-01-03,DEBIT_CARD,61195,80,14,set_7485833,,,8000
bnk_7485834,7485834,13323,2010-01-03,CREDIT_CARD,35106,273,49,set_7485834,,,13645
bnk_7485835,7485835,779,2010-01-03,DEBIT_CARD,36934,8,1,set_7485835,,,788
bnk_7485836,7485836,9764,2010-01-03,CREDIT_CARD,27092,200,36,set_7485836,,,10000
bnk_7485837,7485837,5691,2010-01-03,DEBIT_CARD,81477,58,10,set_7485837,,,5759
bnk_7485838,7485838,15787,2010-01-03,CREDIT_CARD,78052,323,58,set_7485838,,,16168
bnk_7485840,7485840,5017,2010-01-03,DEBIT_CARD,13646,51,9,set_7485840,,,5077
bnk_7485841,7485841,9815,2010-01-03,DEBIT_CARD,82981,99,18,set_7485841,,,9932
bnk_7485842,7485842,2216,2010-01-03,DEBIT_CARD,81833,22,4,set_7485842,,,2242
bnk_7485843,7485843,1048,2010-01-03,CREDIT_CARD,83480,21,4,set_7485843,,,1073
bnk_7485844,7485844,1010,2010-01-03,CREDIT_CARD,77179,21,4,set_7485844,,,1035
bnk_7485845,7485845,3303,2010-01-03,CREDIT_CARD,48618,68,12,set_7485845,,,3384
bnk_7485846,7485846,3769,2010-01-03,DEBIT_CARD,64951,38,7,set_7485846,,,3814
bnk_7485847,7485847,840,2010-01-03,CREDIT_CARD,14537,17,3,set_7485847,,,860
bnk_7485849,7485849,11578,2010-01-03,CREDIT_CARD,51840,237,43,set_7485849,,,11858
bnk_7485850,7485850,3061,2010-01-03,DEBIT_CARD,91128,31,6,set_7485850,,,3098
bnk_7485852,7485852,4634,2010-01-03,CREDIT_CARD,32175,95,17,set_7485852,,,4746
bnk_7485854,7485854,1630,2010-01-03,DEBIT_CARD,75781,16,3,set_7485854,,,1649
bnk_7485855,7485855,1823,2010-01-03,DEBIT_CARD,27687,18,3,set_7485855,,,1844
bnk_7485856,7485856,6830,2010-01-03,CREDIT_CARD,74316,140,25,set_7485856,,,6995
bnk_7485857,7485857,910,2010-01-03,CREDIT_CARD,2177,19,3,set_7485857,,,932
bnk_7485858,7485858,1967,2010-01-03,DEBIT_CARD,60569,20,4,set_7485858,,,1991
bnk_7485859,7485859,4444,2010-01-03,DEBIT_CARD,60569,45,8,set_7485859,,,4497
bnk_7485861,7485861,133,2010-01-03,CREDIT_CARD,14528,3,1,set_7485861,,,137
bnk_7485863,7485863,2247,2010-01-03,DEBIT_CARD,38602,23,4,set_7485863,,,2274
bnk_7485864,7485864,8504,2010-01-03,DEBIT_CARD,32175,86,15,set_7485864,,,8605
bnk_7485867,7485867,2391,2010-01-03,DEBIT_CARD,23022,24,4,set_7485867,,,2419
bnk_7485868,7485868,8481,2010-01-03,DEBIT_CARD,77786,86,15,set_7485868,,,8582
bnk_7485870,7485870,196,2010-01-03,DEBIT_CARD,83480,2,0,set_7485870,,,198
bnk_7485872,7485872,1888,2010-01-03,CREDIT_CARD,45344,39,7,set_7485872,,,1934
bnk_7485873,7485873,4988,2010-01-03,DEBIT_CARD,30286,50,9,set_7485873,,,5047
bnk_7485876,7485876,1351,2010-01-03,DEBIT_CARD,47399,14,3,set_7485876,,,1368
bnk_7485878,7485878,4871,2010-01-03,DEBIT_CARD,81833,49,9,set_7485878,,,4929
bnk_7485879,7485879,6137,2010-01-03,DEBIT_CARD,61195,62,11,set_7485879,,,6210
bnk_7485880,7485880,993,2010-01-03,CREDIT_CARD,9932,20,4,set_7485880,,,1017
bnk_7485881,7485881,5009,2010-01-03,DEBIT_CARD,60569,51,9,set_7485881,,,5069
bnk_7485882,7485882,1979,2010-01-03,DEBIT_CARD,56431,20,4,set_7485882,,,2003
bnk_7485883,7485883,8552,2010-01-03,CREDIT_CARD,80280,175,32,set_7485883,,,8759
bnk_7485884,7485884,4453,2010-01-03,DEBIT_CARD,61195,45,8,set_7485884,,,4506
bnk_7485885,7485885,2142,2010-01-03,DEBIT_CARD,78605,22,4,set_7485885,,,2168
bnk_7485886,7485886,17535,2010-01-03,CREDIT_CARD,81591,359,65,set_7485886,,,17959
bnk_7485887,7485887,822,2010-01-03,CREDIT_CARD,24891,17,3,set_7485887,,,842
bnk_7485888,7485888,6917,2010-01-03,DEBIT_CARD,59935,70,13,set_7485888,,,7000
bnk_7485889,7485889,4214,2010-01-03,DEBIT_CARD,39021,43,8,set_7485889,,,4266
bnk_7485893,7485893,258,2010-01-03,DEBIT_CARD,61195,3,1,set_7485893,,,262
bnk_7485894,7485894,11221,2010-01-03,DEBIT_CARD,93709,114,21,set_7485894,,,11356
bnk_7485895,7485895,3248,2010-01-03,DEBIT_CARD,73186,33,6,set_7485895,,,3287
bnk_7485896,7485896,1590,2010-01-03,DEBIT_CARD,81833,16,3,set_7485896,,,1609
bnk_7485898,7485898,6075,2010-01-03,DEBIT_CARD,60569,61,11,set_7485898,,,6147
bnk_7485900,7485900,2035,2010-01-03,DEBIT_CARD,15143,21,4,set_7485900,,,2060
bnk_7485901,7485901,3565,2010-01-03,DEBIT_CARD,25887,36,6,set_7485901,,,3607
bnk_7485902,7485902,89994,2010-01-03,CREDIT_CARD,57386,1843,332,set_7485902,,,92169
bnk_7485903,7485903,6641,2010-01-03,CREDIT_CARD,61195,136,24,set_7485903,,,6800
bnk_7485906,7485906,41841,2010-01-03,CREDIT_CARD,24303,857,154,set_7485906,,,42852
bnk_7485907,7485907,425,2010-01-03,DEBIT_CARD,34490,4,1,set_7485907,,,430
bnk_7485908,7485908,3725,2010-01-03,CREDIT_CARD,22825,76,14,set_7485908,,,3815
bnk_7485909,7485909,2844,2010-01-03,DEBIT_CARD,20540,28,5,set_7485909,,,2751
bnk_7485910,7485910,8025,2010-01-03,DEBIT_CARD,50783,81,15,set_7485910,,,8121
bnk_7485911,7485911,9764,2010-01-03,CREDIT_CARD,61195,200,36,set_7485911,,,10000
bnk_7485912,7485912,4568,2010-01-03,DEBIT_CARD,60569,46,8,set_7485912,,,4622
bnk_7485913,7485913,2760,2010-01-03,DEBIT_CARD,26909,28,5,set_7485913,,,2793
bnk_7485914,7485914,1927,2010-01-03,DEBIT_CARD,75781,19,3,set_7485914,,,1949
bnk_7485915,7485915,4754,2010-01-03,CREDIT_CARD,13646,97,17,set_7485915,,,4868
bnk_7485916,7485916,830,2010-01-03,DEBIT_CARD,75936,8,1,set_7485916,,,839
bnk_7485917,7485917,3619,2010-01-03,CREDIT_CARD,61195,71,13,set_7485917,,,3560
bnk_7485918,7485918,15300,2010-01-03,CREDIT_CARD,36608,313,56,set_7485918,,,15669
bnk_7485920,7485920,2294,2010-01-03,DEBIT_CARD,22204,23,4,set_7485920,,,2321
bnk_7485921,7485921,6917,2010-01-03,DEBIT_CARD,59935,70,13,set_7485921,,,7000
bnk_7485922,7485922,2779,2010-01-03,CREDIT_CARD,83480,57,10,set_7485922,,,2846
bnk_7485923,7485923,2639,2010-01-03,DEBIT_CARD,38602,27,5,set_7485923,,,2671
bnk_7485924,7485924,577,2010-01-03,DEBIT_CARD,16283,5,1,set_7485924,,,479
bnk_7485925,7485925,925,2010-01-03,DEBIT_CARD,83743,9,2,set_7485925,,,936
bnk_7485926,7485926,7824,2010-01-03,CREDIT_CARD,40096,160,29,set_7485926,,,8013
bnk_7485927,7485927,4565,2010-01-03,DEBIT_CARD,32175,46,8,set_7485927,,,4619
bnk_7485928,7485928,175,2010-01-03,DEBIT_CARD,86438,2,0,set_7485928,,,177
bnk_7485929,7485929,675,2010-01-03,DEBIT_CARD,20561,6,1,set_7485929,,,588
bnk_7485930,7485930,4107,2010-01-03,DEBIT_CARD,59935,42,8,set_7485930,,,4157
bnk_7485931,7485931,2088,2010-01-03,DEBIT_CARD,26810,21,4,set_7485931,,,2113
bnk_7485932,7485932,7115,2010-01-03,DEBIT_CARD,61195,72,13,set_7485932,,,7200
bnk_7485934,7485934,1507,2010-01-03,DEBIT_CARD,6489,15,3,set_7485934,,,1525
bnk_7485936,7485936,83,2010-01-03,DEBIT_CARD,86438,1,0,set_7485936,,,84
bnk_7485937,7485937,91,2010-01-03,DEBIT_CARD,14528,1,0,set_7485937,,,91
bnk_7485938,7485938,2770,2010-01-03,DEBIT_CARD,81833,28,5,set_7485938,,,2803
bnk_7485939,7485939,7906,2010-01-03,DEBIT_CARD,27092,80,14,set_7485939,,,8000
bnk_7485940,7485940,2502,2010-01-03,DEBIT_CARD,1238,25,5,set_7485940,,,2532
bnk_7485941,7485941,7033,2010-01-03,DEBIT_CARD,80368,71,13,set_7485941,,,7117
bnk_7485942,7485942,641,2010-01-03,CREDIT_CARD,60569,13,2,set_7485942,,,656
bnk_7485943,7485943,2044,2010-01-03,CREDIT_CARD,1631,42,8,set_7485943,,,2094
bnk_7485944,7485944,398,2010-01-03,DEBIT_CARD,18563,4,1,set_7485944,,,403
bnk_7485945,7485945,9612,2010-01-03,CREDIT_CARD,80770,197,35,set_7485945,,,9844
bnk_7485946,7485946,12188,2010-01-03,DEBIT_CARD,43293,123,22,set_7485946,,,12333
bnk_7485947,7485947,3718,2010-01-03,DEBIT_CARD,19509,38,7,set_7485947,,,3763
bnk_7485948,7485948,9083,2010-01-03,DEBIT_CARD,86959,92,17,set_7485948,,,9192
bnk_7485949,7485949,4981,2010-01-03,DEBIT_CARD,81759,49,9,set_7485949,,,4906
bnk_7485950,7485950,3774,2010-01-03,DEBIT_CARD,52031,38,7,set_7485950,,,3819
bnk_7485951,7485951,6932,2010-01-03,DEBIT_CARD,23193,70,13,set_7485951,,,7015
bnk_7485952,7485952,1235,2010-01-03,CREDIT_CARD,50783,25,5,set_7485952,,,1265
bnk_7485953,7485953,1361,2010-01-03,CREDIT_CARD,16798,28,5,set_7485953,,,1395
bnk_7485954,7485954,24481,2010-01-03,DEBIT_CARD,34702,248,45,set_7485954,,,24774
bnk_7485955,7485955,1282,2010-01-03,DEBIT_CARD,86189,13,2,set_7485955,,,1297
bnk_7485956,7485956,13835,2010-01-03,DEBIT_CARD,27092,140,25,set_7485956,,,14000
bnk_7485958,7485958,933,2010-01-03,DEBIT_CARD,99370,9,2,set_7485958,,,944
bnk_7485959,7485959,12036,2010-01-03,CREDIT_CARD,51840,247,44,set_7485959,,,12327
bnk_7485960,7485960,5588,2010-01-03,CREDIT_CARD,16798,113,20,set_7485960,,,5653
bnk_7485961,7485961,2231,2010-01-03,DEBIT_CARD,59935,23,4,set_7485961,,,2258
bnk_7485962,7485962,1073,2010-01-03,CREDIT_CARD,17858,22,4,set_7485962,,,1099
bnk_7485963,7485963,468,2010-01-03,CREDIT_CARD,3651,10,2,set_7485963,,,480
bnk_7485964,7485964,15811,2010-01-03,DEBIT_CARD,27092,160,29,set_7485964,,,16000
bnk_7485965,7485965,8410,2010-01-03,CREDIT_CARD,51840,172,31,set_7485965,,,8613
bnk_7485966,7485966,9081,2010-01-03,CREDIT_CARD,26810,186,33,set_7485966,,,9300
bnk_7485967,7485967,14639,2010-01-03,CREDIT_CARD,18215,300,54,set_7485967,,,14993
bnk_7485968,7485968,1075,2010-01-03,DEBIT_CARD,50867,11,2,set_7485968,,,1088
bnk_7485969,7485969,2060,2010-01-03,DEBIT_CARD,20561,21,4,set_7485969,,,2085
bnk_7485970,7485970,2604,2010-01-03,DEBIT_CARD,20561,26,5,set_7485970,,,2635
bnk_7485971,7485971,8676,2010-01-03,DEBIT_CARD,59935,87,16,set_7485971,,,8700
bnk_7485973,7485973,5294,2010-01-03,DEBIT_CARD,58395,54,10,set_7485973,,,5358
bnk_7485975,7485975,6608,2010-01-03,DEBIT_CARD,50783,67,12,set_7485975,,,6687
bnk_7485976,7485976,12933,2010-01-03,DEBIT_CARD,88459,131,24,set_7485976,,,13088
bnk_7485977,7485977,29545,2010-01-03,DEBIT_CARD,64559,299,54,set_7485977,,,29898
bnk_7485978,7485978,23404,2010-01-03,DEBIT_CARD,17726,237,43,set_7485978,,,23684
bnk_7485979,7485979,663,2010-01-03,DEBIT_CARD,20561,7,1,set_7485979,,,671
bnk_7485980,7485980,231,2010-01-03,DEBIT_CARD,14528,2,0,set_7485980,,,233
bnk_7485981,7485981,4972,2010-01-03,DEBIT_CARD,34223,50,9,set_7485981,,,5031
bnk_7485982,7485982,627,2010-01-03,CREDIT_CARD,46983,13,2,set_7485982,,,642
bnk_7485983,7485983,5618,2010-01-03,CREDIT_CARD,26810,115,21,set_7485983,,,5754
bnk_7485984,7485984,1161,2010-01-03,DEBIT_CARD,89069,12,2,set_7485984,,,1175
bnk_7485985,7485985,442,2010-01-03,CREDIT_CARD,50783,9,2,set_7485985,,,453
bnk_7485986,7485986,9796,2010-01-03,DEBIT_CARD,20561,99,18,set_7485986,,,9913
bnk_7485987,7485987,6953,2010-01-03,DEBIT_CARD,60569,70,13,set_7485987,,,7036
bnk_7485988,7485988,3697,2010-01-03,DEBIT_CARD,43293,37,7,set_7485988,,,3741
bnk_7485989,7485989,4218,2010-01-03,DEBIT_CARD,9033,43,8,set_7485989,,,4269
bnk_7485990,7485990,958,2010-01-03,DEBIT_CARD,22204,10,2,set_7485990,,,970
bnk_7485991,7485991,13323,2010-01-03,CREDIT_CARD,41782,273,49,set_7485991,,,13645
bnk_7485993,7485993,796,2010-01-03,DEBIT_CARD,30928,8,1,set_7485993,,,805
bnk_7485994,7485994,4161,2010-01-03,DEBIT_CARD,89707,42,8,set_7485994,,,4211
bnk_7485995,7485995,166,2010-01-03,CREDIT_CARD,14528,3,1,set_7485995,,,170
bnk_7485996,7485996,5237,2010-01-03,DEBIT_CARD,43293,53,10,set_7485996,,,5300
bnk_7485998,7485998,4982,2010-01-03,DEBIT_CARD,31893,50,9,set_7485998,,,5041
bnk_7485999,7485999,12622,2010-01-03,DEBIT_CARD,60569,128,23,set_7485999,,,12773
bnk_7486000,7486000,6421,2010-01-03,DEBIT_CARD,96246,65,12,set_7486000,,,6498
bnk_7486001,7486001,10858,2010-01-03,DEBIT_CARD,59935,110,20,set_7486001,,,10988
bnk_7486001b,7486001,10858,2010-01-03,DEBIT_CARD,59935,110,20,set_7486001b,,,10988
bnk_7486002,7486002,10481,2010-01-03,CREDIT_CARD,84355,215,39,set_7486002,,,10735
bnk_7486003,7486003,7632,2010-01-03,DEBIT_CARD,98545,77,14,set_7486003,,,7723
bnk_7486004,7486004,9764,2010-01-03,CREDIT_CARD,27092,200,36,set_7486004,,,10000
bnk_7486005,7486005,4401,2010-01-03,DEBIT_CARD,81759,45,8,set_7486005,,,4454
bnk_7486006,7486006,6699,2010-01-03,CREDIT_CARD,11468,137,25,set_7486006,,,6861
bnk_7486007,7486007,2844,2010-01-03,CREDIT_CARD,13646,58,10,set_7486007,,,2912
bnk_7486008,7486008,3239,2010-01-03,DEBIT_CARD,39021,33,6,set_7486008,,,3278
bnk_7486009,7486009,18434,2010-01-03,CREDIT_CARD,5373,378,68,set_7486009,,,18880
bnk_7486010,7486010,4941,2010-01-03,DEBIT_CARD,59935,50,9,set_7486010,,,5000
bnk_7486012,7486012,7333,2010-01-03,DEBIT_CARD,99613,74,13,set_7486012,,,7420
bnk_7486013,7486013,1266,2010-01-03,DEBIT_CARD,60569,13,2,set_7486013,,,1281
bnk_7486014,7486014,15724,2010-01-03,CREDIT_CARD,27033,322,58,set_7486014,,,16104
bnk_7486015,7486015,4373,2010-01-03,CREDIT_CARD,61195,90,16,set_7486015,,,4479
bnk_7486016,7486016,1131,2010-01-03,DEBIT_CARD,12614,11,2,set_7486016,,,1144
bnk_7486017,7486017,492,2010-01-03,CREDIT_CARD,61195,10,2,set_7486017,,,504
bnk_7486018,7486018,5762,2010-01-03,DEBIT_CARD,34681,58,10,set_7486018,,,5830
bnk_7486019,7486019,7864,2010-01-03,DEBIT_CARD,50783,80,14,set_7486019,,,7958
bnk_7486020,7486020,5263,2010-01-03,DEBIT_CARD,13646,53,10,set_7486020,,,5326
bnk_7486021,7486021,3563,2010-01-03,CREDIT_CARD,84684,73,13,set_7486021,,,3649
bnk_7486023,7486023,3953,2010-01-03,DEBIT_CARD,27092,40,7,set_7486023,,,4000
bnk_7486024,7486024,514,2010-01-03,DEBIT_CARD,85247,5,1,set_7486024,,,520
bnk_7486025,7486025,9954,2010-01-03,DEBIT_CARD,32175,100,18,set_7486025,,,9987
bnk_7486026,7486026,2621,2010-01-03,DEBIT_CARD,40272,27,5,set_7486026,,,2653
bnk_7486028,7486028,10159,2010-01-03,CREDIT_CARD,79927,208,37,set_7486028,,,10404
bnk_7486029,7486029,5604,2010-01-03,DEBIT_CARD,93554,57,10,set_7486029,,,5671
bnk_7486030,7486030,3630,2010-01-03,CREDIT_CARD,25844,74,13,set_7486030,,,3717
bnk_7486031,7486031,1813,2010-01-03,CREDIT_CARD,81922,37,7,set_7486031,,,1857
bnk_7486032,7486032,3360,2010-01-03,DEBIT_CARD,36934,34,6,set_7486032,,,3400
bnk_7486033,7486033,9544,2010-01-03,DEBIT_CARD,79927,97,17,set_7486033,,,9658
bnk_7486034,7486034,6255,2010-01-03,CREDIT_CARD,96246,128,23,set_7486034,,,6406
bnk_7486036,7486036,4680,2010-01-03,DEBIT_CARD,34490,47,8,set_7486036,,,4735
bnk_7486037,7486037,2985,2010-01-03,DEBIT_CARD,88852,30,5,set_7486037,,,3020
bnk_7486038,7486038,8301,2010-01-03,DEBIT_CARD,43293,84,15,set_7486038,,,8400
bnk_7486039,7486039,1269,2010-01-03,DEBIT_CARD,59397,13,2,set_7486039,,,1284
bnk_7486040,7486040,106,2010-01-03,DEBIT_CARD,14528,1,0,set_7486040,,,107
bnk_7486042,7486042,337,2010-01-03,DEBIT_CARD,11044,3,1,set_7486042,,,341
bnk_7486044,7486044,117,2010-01-03,DEBIT_CARD,14528,1,0,set_7486044,,,118
bnk_7486046,7486046,2471,2010-01-03,DEBIT_CARD,90755,25,5,set_7486046,,,2501
bnk_7486047,7486047,92,2010-01-03,CREDIT_CARD,88459,2,0,set_7486047,,,94
bnk_7486050,7486050,1418,2010-01-03,CREDIT_CARD,83271,29,5,set_7486050,,,1452
bnk_7486051,7486051,1639,2010-01-03,DEBIT_CARD,78940,17,3,set_7486051,,,1659
bnk_7486052,7486052,2975,2010-01-03,DEBIT_CARD,32175,30,5,set_7486052,,,3010
bnk_7486054,7486054,80,2010-01-03,DEBIT_CARD,14528,1,0,set_7486054,,,81
bnk_7486055,7486055,2717,2010-01-03,CREDIT_CARD,60569,56,10,set_7486055,,,2783
bnk_7486057,7486057,967,2010-01-03,DEBIT_CARD,84062,10,2,set_7486057,,,979
bnk_7486058,7486058,3347,2010-01-03,CREDIT_CARD,63573,69,12,set_7486058,,,3428
bnk_7486059,7486059,934,2010-01-03,DEBIT_CARD,31030,9,2,set_7486059,,,945
bnk_7486060,7486060,2175,2010-01-03,CREDIT_CARD,24504,45,8,set_7486060,,,2228
bnk_7486061,7486061,6959,2010-01-03,CREDIT_CARD,74931,143,26,set_7486061,,,7128
bnk_7486062,7486062,12,2010-01-03,DEBIT_CARD,14528,0,0,set_7486062,,,12
bnk_7486063,7486063,667,2010-01-03,DEBIT_CARD,73861,7,1,set_7486063,,,675
bnk_7486065,7486065,1318,2010-01-03,DEBIT_CARD,67843,13,2,set_7486065,,,1333
bnk_7486066,7486066,952,2010-01-03,DEBIT_CARD,58577,10,2,set_7486066,,,964
bnk_7486067,7486067,14648,2010-01-03,DEBIT_CARD,81833,148,27,set_7486067,,,14823
bnk_7486068,7486068,1628,2010-01-03,DEBIT_CARD,24504,16,3,set_7486068,,,1647
bnk_7486069,7486069,1214,2010-01-03,DEBIT_CARD,83271,12,2,set_7486069,,,1228
bnk_7486070,7486070,4410,2010-01-03,DEBIT_CARD,39021,45,8,set_7486070,,,4463
bnk_7486072,7486072,4098,2010-01-03,CREDIT_CARD,60564,84,15,set_7486072,,,4197
bnk_7486073,7486073,2087,2010-01-03,DEBIT_CARD,43293,21,4,set_7486073,,,2112
bnk_7486074,7486074,3619,2010-01-03,DEBIT_CARD,15143,37,7,set_7486074,,,3663
bnk_7486074b,7486074,3619,2010-01-03,DEBIT_CARD,15143,37,7,set_7486074b,,,3663
bnk_7486076,7486076,3840,2010-01-03,DEBIT_CARD,57903,39,7,set_7486076,,,3886
bnk_7486077,7486077,2831,2010-01-03,DEBIT_CARD,98123,29,5,set_7486077,,,2865
bnk_7486078,7486078,3849,2010-01-03,DEBIT_CARD,15143,39,7,set_7486078,,,3895
bnk_7486079,7486079,4598,2010-01-03,DEBIT_CARD,1314,47,8,set_7486079,,,4653
bnk_7486080,7486080,53,2010-01-03,DEBIT_CARD,14528,1,0,set_7486080,,,54
bnk_7486081,7486081,34559,2010-01-03,CREDIT_CARD,23446,708,127,set_7486081,,,35395
bnk_7486082,7486082,12221,2010-01-03,DEBIT_CARD,41039,124,22,set_7486082,,,12367
bnk_7486083,7486083,6999,2010-01-03,CREDIT_CARD,69972,143,26,set_7486083,,,7168
bnk_7486084,7486084,4905,2010-01-03,DEBIT_CARD,59935,50,9,set_7486084,,,4964
bnk_7486086,7486086,14762,2010-01-03,DEBIT_CARD,60569,149,27,set_7486086,,,14938
bnk_7486087,7486087,5572,2010-01-03,CREDIT_CARD,37369,114,21,set_7486087,,,5707
bnk_7486088,7486088,12463,2010-01-03,CREDIT_CARD,60569,255,46,set_7486088,,,12764
bnk_7486089,7486089,7313,2010-01-03,DEBIT_CARD,59935,74,13,set_7486089,,,7400
bnk_7486090,7486090,5858,2010-01-03,CREDIT_CARD,27092,120,22,set_7486090,,,6000
bnk_7486091,7486091,9882,2010-01-03,DEBIT_CARD,27092,100,18,set_7486091,,,10000
bnk_7486093,7486093,9487,2010-01-03,DEBIT_CARD,43293,96,17,set_7486093,,,9600
bnk_7486094,7486094,3635,2010-01-03,DEBIT_CARD,75781,37,7,set_7486094,,,3679
bnk_7486095,7486095,1936,2010-01-03,DEBIT_CARD,39021,20,4,set_7486095,,,1960
bnk_7486096,7486096,11849,2010-01-03,DEBIT_CARD,26810,120,22,set_7486096,,,11991
bnk_7486097,7486097,7130,2010-01-03,CREDIT_CARD,81591,146,26,set_7486097,,,7302
bnk_7486098,7486098,2461,2010-01-03,DEBIT_CARD,41393,25,5,set_7486098,,,2491
bnk_7486099,7486099,1561,2010-01-03,CREDIT_CARD,24504,32,6,set_7486099,,,1599
bnk_7486100,7486100,1823,2010-01-03,DEBIT_CARD,59935,18,3,set_7486100,,,1844
bnk_7486101,7486101,3310,2010-01-03,DEBIT_CARD,20519,34,6,set_7486101,,,3350
bnk_7486102,7486102,7225,2010-01-03,CREDIT_CARD,30928,148,27,set_7486102,,,7400
bnk_7486105,7486105,8202,2010-01-03,DEBIT_CARD,59935,83,15,set_7486105,,,8300
bnk_7486106,7486106,1573,2010-01-03,DEBIT_CARD,72442,16,3,set_7486106,,,1592
bnk_7486108,7486108,6522,2010-01-03,DEBIT_CARD,26810,66,12,set_7486108,,,6600
bnk_7486109,7486109,961,2010-01-03,CREDIT_CARD,70309,20,4,set_7486109,,,985
bnk_7486111,7486111,4370,2010-01-03,DEBIT_CARD,50783,44,8,set_7486111,,,4422
bnk_7486112,7486112,662,2010-01-03,DEBIT_CARD,59935,7,1,set_7486112,,,670
bnk_7486114,7486114,2631,2010-01-03,DEBIT_CARD,4091,27,5,set_7486114,,,2663
bnk_7486116,7486116,7630,2010-01-03,DEBIT_CARD,65108,77,14,set_7486116,,,7721
bnk_7486117,7486117,146,2010-01-03,DEBIT_CARD,14528,1,0,set_7486117,,,147
bnk_7486118,7486118,1823,2010-01-03,DEBIT_CARD,71217,18,3,set_7486118,,,1844
bnk_7486120,7486120,2407,2010-01-03,CREDIT_CARD,15143,49,9,set_7486120,,,2465
bnk_7486120b,7486120,2407,2010-01-03,CREDIT_CARD,15143,49,9,set_7486120b,,,2465
bnk_7486121,7486121,8772,2010-01-03,DEBIT_CARD,60569,89,16,set_7486121,,,8877
bnk_7486122,7486122,9499,2010-01-03,DEBIT_CARD,36495,96,17,set_7486122,,,9612
bnk_7486124,7486124,1197,2010-01-03,DEBIT_CARD,18563,12,2,set_7486124,,,1211
bnk_7486126,7486126,2816,2010-01-03,DEBIT_CARD,39021,29,5,set_7486126,,,2850
bnk_7486128,7486128,5154,2010-01-03,CREDIT_CARD,26909,106,19,set_7486128,,,5279
bnk_7486129,7486129,76,2010-01-03,CREDIT_CARD,14528,2,0,set_7486129,,,78
bnk_7486130,7486130,1370,2010-01-03,DEBIT_CARD,59935,14,3,set_7486130,,,1387
bnk_7486131,7486131,1739,2010-01-03,DEBIT_CARD,16798,18,3,set_7486131,,,1760
bnk_7486133,7486133,1446,2010-01-03,DEBIT_CARD,81833,15,3,set_7486133,,,1464
bnk_7486134,7486134,6609,2010-01-03,CREDIT_CARD,27791,135,24,set_7486134,,,6768
bnk_7486135,7486135,7906,2010-01-03,DEBIT_CARD,27092,80,14,set_7486135,,,8000
bnk_7486136,7486136,2286,2010-01-03,DEBIT_CARD,31648,23,4,set_7486136,,,2259
bnk_7486138,7486138,74,2010-01-03,DEBIT_CARD,86438,1,0,set_7486138,,,75
bnk_7486139,7486139,818,2010-01-03,DEBIT_CARD,48919,8,1,set_7486139,,,827
bnk_7486140,7486140,1102,2010-01-03,CREDIT_CARD,91968,23,4,set_7486140,,,1129
bnk_7486141,7486141,89,2010-01-03,DEBIT_CARD,14528,1,0,set_7486141,,,90
bnk_7486142,7486142,5458,2010-01-03,DEBIT_CARD,73186,54,10,set_7486142,,,5437
bnk_7486143,7486143,2470,2010-01-03,CREDIT_CARD,61195,51,9,set_7486143,,,2530
bnk_7486144,7486144,2015,2010-01-03,CREDIT_CARD,18563,41,7,set_7486144,,,2063
bnk_7486145,7486145,3907,2010-01-03,CREDIT_CARD,1938,80,14,set_7486145,,,4001
bnk_7486147,7486147,12137,2010-01-03,CREDIT_CARD,48741,249,45,set_7486147,,,12431
bnk_7486148,7486148,4057,2010-01-03,DEBIT_CARD,24437,40,7,set_7486148,,,3986
bnk_7486149,7486149,4447,2010-01-03,DEBIT_CARD,43293,45,8,set_7486149,,,4500
bnk_7486151,7486151,10764,2010-01-03,CREDIT_CARD,50783,220,40,set_7486151,,,11024
bnk_7486153,7486153,15831,2010-01-03,DEBIT_CARD,60569,160,29,set_7486153,,,16020
bnk_7486154,7486154,17255,2010-01-03,DEBIT_CARD,74247,175,32,set_7486154,,,17462
bnk_7486155,7486155,3523,2010-01-03,DEBIT_CARD,92007,36,6,set_7486155,,,3565
bnk_7486156,7486156,4299,2010-01-03,CREDIT_CARD,33118,88,16,set_7486156,,,4403
bnk_7486158,7486158,3780,2010-01-03,DEBIT_CARD,39021,38,7,set_7486158,,,3825
bnk_7486159,7486159,1957,2010-01-03,CREDIT_CARD,11468,40,7,set_7486159,,,2004
bnk_7486160,7486160,2185,2010-01-03,CREDIT_CARD,30928,45,8,set_7486160,,,2238
bnk_7486162,7486162,3953,2010-01-03,DEBIT_CARD,27092,40,7,set_7486162,,,4000
bnk_7486164,7486164,3567,2010-01-03,CREDIT_CARD,41760,73,13,set_7486164,,,3653
bnk_7486165,7486165,7372,2010-01-03,DEBIT_CARD,26810,75,14,set_7486165,,,7462
bnk_7486166,7486166,15584,2010-01-03,DEBIT_CARD,20561,158,28,set_7486166,,,15770
bnk_7486167,7486167,15986,2010-01-03,DEBIT_CARD,73186,162,29,set_7486167,,,16177
bnk_7486168,7486168,369,2010-01-03,DEBIT_CARD,53693,4,1,set_7486168,,,374
bnk_7486169,7486169,3371,2010-01-03,DEBIT_CARD,46897,34,6,set_7486169,,,3411
bnk_7486171,7486171,3702,2010-01-03,DEBIT_CARD,6665,37,7,set_7486171,,,3746
bnk_7486172,7486172,533,2010-01-03,DEBIT_CARD,19964,5,1,set_7486172,,,539
bnk_7486175,7486175,1307,2010-01-03,DEBIT_CARD,29218,13,2,set_7486175,,,1259
bnk_7486176,7486176,14001,2010-01-03,DEBIT_CARD,49789,142,26,set_7486176,,,14169
bnk_7486177,7486177,7214,2010-01-03,DEBIT_CARD,59935,73,13,set_7486177,,,7300
bnk_7486178,7486178,833,2010-01-03,CREDIT_CARD,16798,17,3,set_7486178,,,853
bnk_7486179,7486179,6917,2010-01-03,DEBIT_CARD,43293,70,13,set_7486179,,,7000
bnk_7486180,7486180,15811,2010-01-03,DEBIT_CARD,27092,160,29,set_7486180,,,16000
bnk_7486181,7486181,3224,2010-01-03,DEBIT_CARD,39021,31,6,set_7486181,,,3114
bnk_7486182,7486182,9280,2010-01-03,CREDIT_CARD,48741,190,34,set_7486182,,,9504
bnk_7486183,7486183,6161,2010-01-03,CREDIT_CARD,20561,126,23,set_7486183,,,6310
bnk_7486184,7486184,1261,2010-01-03,DEBIT_CARD,22204,13,2,set_7486184,,,1276
bnk_7486186,7486186,3435,2010-01-03,DEBIT_CARD,39021,35,6,set_7486186,,,3476
bnk_7486187,7486187,3684,2010-01-03,DEBIT_CARD,26909,37,7,set_7486187,,,3728
bnk_7486190,7486190,170,2010-01-03,CREDIT_CARD,22938,3,1,set_7486190,,,174
bnk_7486191,7486191,6513,2010-01-03,DEBIT_CARD,32175,66,12,set_7486191,,,6591
bnk_7486194,7486194,1290,2010-01-03,CREDIT_CARD,88093,24,4,set_7486194,,,1189
bnk_7486197,7486197,6271,2010-01-03,DEBIT_CARD,20561,63,11,set_7486197,,,6345
bnk_7486198,7486198,2970,2010-01-03,CREDIT_CARD,39021,61,11,set_7486198,,,3042
bnk_7486199,7486199,5619,2010-01-03,CREDIT_CARD,23845,115,21,set_7486199,,,5755
bnk_7486200,7486200,5567,2010-01-03,DEBIT_CARD,99224,56,10,set_7486200,,,5633
bnk_7486202,7486202,10001,2010-01-03,DEBIT_CARD,61195,101,18,set_7486202,,,10120
bnk_7486201,7486201,7708,2010-01-03,DEBIT_CARD,61195,78,14,set_7486201,,,7800
bnk_7486204,7486204,2794,2010-01-03,CREDIT_CARD,25717,57,10,set_7486204,,,2861
bnk_7486205,7486205,159,2010-01-03,CREDIT_CARD,14528,3,1,set_7486205,,,163
bnk_7486208,7486208,4977,2010-01-03,DEBIT_CARD,20561,50,9,set_7486208,,,5036
bnk_7486209,7486209,3243,2010-01-03,DEBIT_CARD,39021,33,6,set_7486209,,,3282
bnk_7486210,7486210,2848,2010-01-03,DEBIT_CARD,43293,29,5,set_7486210,,,2882
bnk_7486211,7486211,2694,2010-01-03,DEBIT_CARD,75936,27,5,set_7486211,,,2726
bnk_7486212,7486212,4324,2010-01-03,DEBIT_CARD,17493,44,8,set_7486212,,,4376
bnk_7486213,7486213,4281,2010-01-03,DEBIT_CARD,16798,43,8,set_7486213,,,4332
bnk_7486214,7486214,2354,2010-01-03,DEBIT_CARD,16798,24,4,set_7486214,,,2382
bnk_7486215,7486215,4961,2010-01-03,DEBIT_CARD,32161,50,9,set_7486215,,,5020
bnk_7486216,7486216,6100,2010-01-03,DEBIT_CARD,92883,62,11,set_7486216,,,6173
bnk_7486217,7486217,66,2010-01-03,CREDIT_CARD,14528,1,0,set_7486217,,,67
bnk_7486218,7486218,2043,2010-01-03,CREDIT_CARD,54850,42,8,set_7486218,,,2093
bnk_7486219,7486219,1699,2010-01-03,CREDIT_CARD,74511,35,6,set_7486219,,,1740
bnk_7486220,7486220,3817,2010-01-03,DEBIT_CARD,59803,39,7,set_7486220,,,3863
bnk_7486221,7486221,7115,2010-01-03,CREDIT_CARD,98648,146,26,set_7486221,,,7287
bnk_7486222,7486222,164,2010-01-03,DEBIT_CARD,86438,2,0,set_7486222,,,166
bnk_7486223,7486223,2456,2010-01-03,DEBIT_CARD,88852,25,5,set_7486223,,,2486
bnk_7486224,7486224,7906,2010-01-03,DEBIT_CARD,27092,80,14,set_7486224,,,8000
bnk_7486225,7486225,1091,2010-01-03,DEBIT_CARD,39261,11,2,set_7486225,,,1104
bnk_7486226,7486226,1459,2010-01-03,DEBIT_CARD,60569,15,3,set_7486226,,,1477
bnk_7486227,7486227,5565,2010-01-03,CREDIT_CARD,61195,114,21,set_7486227,,,5700
bnk_7486228,7486228,4992,2010-01-03,DEBIT_CARD,61195,51,9,set_7486228,,,5052
bnk_7486229,7486229,2636,2010-01-03,CREDIT_CARD,18563,54,10,set_7486229,,,2700
bnk_7486230,7486230,9186,2010-01-03,CREDIT_CARD,92883,188,34,set_7486230,,,9408
bnk_7486232,7486232,4699,2010-01-03,DEBIT_CARD,75141,48,9,set_7486232,,,4756
bnk_7486233,7486233,5014,2010-01-03,CREDIT_CARD,947,103,19,set_7486233,,,5136
bnk_7486236,7486236,4194,2010-01-03,DEBIT_CARD,48919,42,8,set_7486236,,,4244
bnk_7486237,7486237,113,2010-01-03,CREDIT_CARD,14528,2,0,set_7486237,,,115
bnk_7486238,7486238,7996,2010-01-03,DEBIT_CARD,27092,80,14,set_7486238,,,8000
bnk_7486239,7486239,888,2010-01-03,CREDIT_CARD,48762,18,3,set_7486239,,,909
bnk_7486241,7486241,365,2010-01-03,DEBIT_CARD,16798,4,1,set_7486241,,,370
bnk_7486242,7486242,5395,2010-01-03,CREDIT_CARD,25887,111,20,set_7486242,,,5526
bnk_7486243,7486243,235,2010-01-03,CREDIT_CARD,86438,5,1,set_7486243,,,241
bnk_7486244,7486244,11858,2010-01-03,DEBIT_CARD,27092,120,22,set_7486244,,,12000
bnk_7486245,7486245,158,2010-01-03,DEBIT_CARD,14528,2,0,set_7486245,,,160
bnk_7486247,7486247,6520,2010-01-03,CREDIT_CARD,42943,134,24,set_7486247,,,6678
bnk_7486248,7486248,12786,2010-01-03,CREDIT_CARD,54730,262,47,set_7486248,,,13095
bnk_7486249,7486249,2468,2010-01-03,CREDIT_CARD,15143,51,9,set_7486249,,,2528
bnk_7486250,7486250,5255,2010-01-03,CREDIT_CARD,83038,108,19,set_7486250,,,5382
bnk_7486251,7486251,789,2010-01-03,DEBIT_CARD,18917,8,1,set_7486251,,,798
bnk_7486252,7486252,3953,2010-01-03,DEBIT_CARD,27092,40,7,set_7486252,,,4000
bnk_7486255,7486255,8983,2010-01-03,DEBIT_CARD,43293,90,16,set_7486255,,,9000
bnk_7486257,7486257,2413,2010-01-03,DEBIT_CARD,50404,24,4,set_7486257,,,2441
bnk_7486258,7486258,7468,2010-01-03,DEBIT_CARD,92883,76,14,set_7486258,,,7558
bnk_7486259,7486259,2547,2010-01-03,CREDIT_CARD,61195,52,9,set_7486259,,,2608
bnk_7486260,7486260,4923,2010-01-03,DEBIT_CARD,35451,50,9,set_7486260,,,4982
bnk_7486261,7486261,3307,2010-01-03,DEBIT_CARD,86410,33,6,set_7486261,,,3346
bnk_7486262,7486262,2242,2010-01-03,DEBIT_CARD,10875,23,4,set_7486262,,,2269
bnk_7486263,7486263,4685,2010-01-03,DEBIT_CARD,25887,47,8,set_7486263,,,4740
bnk_7486264,7486264,4452,2010-01-03,CREDIT_CARD,69972,91,16,set_7486264,,,4559
bnk_7486265,7486265,2582,2010-01-03,CREDIT_CARD,16798,53,10,set_7486265,,,2645
bnk_7486266,7486266,230,2010-01-03,DEBIT_CARD,16798,2,0,set_7486266,,,232
bnk_7486267,7486267,1106,2010-01-03,CREDIT_CARD,15825,23,4,set_7486267,,,1133
bnk_7486268,7486268,24479,2010-01-03,CREDIT_CARD,36214,501,90,set_7486268,,,25070
bnk_7486270,7486270,98,2010-01-03,DEBIT_CARD,86438,1,0,set_7486270,,,99
bnk_7486271,7486271,6128,2010-01-03,CREDIT_CARD,74922,126,23,set_7486271,,,6277
bnk_7486272,7486272,1440,2010-01-03,DEBIT_CARD,4020,15,3,set_7486272,,,1458
bnk_7486273,7486273,7542,2010-01-03,DEBIT_CARD,60510,76,14,set_7486273,,,7632
bnk_7486275,7486275,2856,2010-01-03,CREDIT_CARD,23866,58,10,set_7486275,,,2924
bnk_7486276,7486276,3953,2010-01-03,DEBIT_CARD,27092,40,7,set_7486276,,,4000
bnk_7486278,7486278,15949,2010-01-03,CREDIT_CARD,54850,324,58,set_7486278,,,16202
bnk_7486279,7486279,4342,2010-01-03,DEBIT_CARD,98374,43,8,set_7486279,,,4323
bnk_7486280,7486280,2763,2010-01-03,DEBIT_CARD,88646,27,5,set_7486280,,,2686
bnk_7486281,7486281,5831,2010-01-03,DEBIT_CARD,17493,59,11,set_7486281,,,5901
bnk_7486282,7486282,9669,2010-01-03,CREDIT_CARD,82981,198,36,set_7486282,,,9903
bnk_7486283,7486283,65,2010-01-03,DEBIT_CARD,14528,1,0,set_7486283,,,66
bnk_7486284,7486284,5565,2010-01-03,CREDIT_CARD,61195,114,21,set_7486284,,,5700
bnk_7486285,7486285,4657,2010-01-03,DEBIT_CARD,36088,47,8,set_7486285,,,4712
bnk_7486286,7486286,579,2010-01-03,CREDIT_CARD,18786,12,2,set_7486286,,,593
bnk_7486287,7486287,4051,2010-01-03,DEBIT_CARD,94076,41,7,set_7486287,,,4099
bnk_7486288,7486288,2326,2010-01-03,CREDIT_CARD,8471,48,9,set_7486288,,,2383
bnk_7486291,7486291,1982,2010-01-03,DEBIT_CARD,39021,20,4,set_7486291,,,2006
bnk_7486292,7486292,14835,2010-01-03,DEBIT_CARD,7710,150,27,set_7486292,,,15012
bnk_7486294,7486294,7452,2010-01-03,DEBIT_CARD,60569,75,14,set_7486294,,,7541
bnk_7486295,7486295,6793,2010-01-03,CREDIT_CARD,42943,139,25,set_7486295,,,6957
bnk_7486296,7486296,7024,2010-01-03,DEBIT_CARD,9932,71,13,set_7486296,,,7108
bnk_7486297,7486297,6354,2010-01-03,DEBIT_CARD,30286,64,12,set_7486297,,,6430
bnk_7486298,7486298,4190,2010-01-03,DEBIT_CARD,32858,42,8,set_7486298,,,4240
bnk_7486299,7486299,102,2010-01-03,DEBIT_CARD,14528,1,0,set_7486299,,,103
bnk_7486299b,7486299,102,2010-01-03,DEBIT_CARD,14528,1,0,set_7486299b,,,103
bnk_7486300,7486300,1356,2010-01-03,CREDIT_CARD,40566,28,5,set_7486300,,,1389
bnk_7486301,7486301,16884,2010-01-03,CREDIT_CARD,78052,346,62,set_7486301,,,17292
bnk_7486302,7486302,3987,2010-01-03,DEBIT_CARD,20561,40,7,set_7486302,,,4034
bnk_7486303,7486303,7912,2010-01-03,DEBIT_CARD,78605,80,14,set_7486303,,,8006
bnk_7486304,7486304,8724,2010-01-03,DEBIT_CARD,30286,88,16,set_7486304,,,8828
bnk_7486305,7486305,5284,2010-01-03,DEBIT_CARD,25686,53,10,set_7486305,,,5347
bnk_7486306,7486306,4068,2010-01-03,DEBIT_CARD,67570,41,7,set_7486306,,,4116
bnk_7486307,7486307,13218,2010-01-03,DEBIT_CARD,69752,134,24,set_7486307,,,13376
bnk_7486308,7486308,959,2010-01-03,DEBIT_CARD,16798,10,2,set_7486308,,,971
bnk_7486310,7486310,2898,2010-01-03,DEBIT_CARD,18215,28,5,set_7486310,,,2791
bnk_7486311,7486311,4260,2010-01-03,DEBIT_CARD,45926,43,8,set_7486311,,,4311
bnk_7486312,7486312,41702,2010-01-03,DEBIT_CARD,52923,422,76,set_7486312,,,42200
bnk_7486313,7486313,3307,2010-01-03,DEBIT_CARD,41122,33,6,set_7486313,,,3346
bnk_7486314,7486314,9564,2010-01-03,DEBIT_CARD,75781,97,17,set_7486314,,,9678
bnk_7486315,7486315,2659,2010-01-03,DEBIT_CARD,86410,27,5,set_7486315,,,2691
bnk_7486316,7486316,1930,2010-01-03,DEBIT_CARD,92192,20,4,set_7486316,,,1954
bnk_7486317,7486317,4731,2010-01-03,DEBIT_CARD,19964,48,9,set_7486317,,,4788
bnk_7486318,7486318,4563,2010-01-03,CREDIT_CARD,86959,93,17,set_7486318,,,4674
bnk_7486319,7486319,14951,2010-01-03,CREDIT_CARD,30286,306,55,set_7486319,,,15312
bnk_7486320,7486320,10799,2010-01-03,DEBIT_CARD,22938,109,20,set_7486320,,,10928
bnk_7486321,7486321,131,2010-01-03,DEBIT_CARD,50783,1,0,set_7486321,,,132
bnk_7486322,7486322,2195,2010-01-03,DEBIT_CARD,47910,22,4,set_7486322,,,2221
bnk_7486323,7486323,11148,2010-01-03,CREDIT_CARD,8207,228,41,set_7486323,,,11417
bnk_7486324,7486324,6629,2010-01-03,DEBIT_CARD,17493,67,12,set_7486324,,,6708
bnk_7486325,7486325,1226,2010-01-03,DEBIT_CARD,40568,12,2,set_7486325,,,1240
bnk_7486326,7486326,8147,2010-01-03,DEBIT_CARD,17969,82,15,set_7486326,,,8244
bnk_7486328,7486328,1709,2010-01-03,CREDIT_CARD,53527,35,6,set_7486328,,,1750
bnk_7486329,7486329,11700,2010-01-03,CREDIT_CARD,61195,240,43,set_7486329,,,11983
bnk_7486331,7486331,3255,2010-01-03,DEBIT_CARD,55060,33,6,set_7486331,,,3294
bnk_7486332,7486332,643,2010-01-03,DEBIT_CARD,43293,7,1,set_7486332,,,651
bnk_7486334,7486334,7658,2010-01-03,DEBIT_CARD,55060,77,14,set_7486334,,,7669
bnk_7486335,7486335,681,2010-01-03,DEBIT_CARD,5909,7,1,set_7486335,,,689
bnk_7486336,7486336,3618,2010-01-03,DEBIT_CARD,55060,37,7,set_7486336,,,3662
bnk_7486337,7486337,2114,2010-01-03,DEBIT_CARD,26844,21,4,set_7486337,,,2139
bnk_7486339,7486339,3929,2010-01-03,CREDIT_CARD,48832,80,14,set_7486339,,,4023
bnk_7486340,7486340,2050,2010-01-03,CREDIT_CARD,43293,42,8,set_7486340,,,2100
bnk_7486341,7486341,2628,2010-01-03,DEBIT_CARD,25887,27,5,set_7486341,,,2660
bnk_7486344,7486344,1372,2010-01-03,DEBIT_CARD,10062,14,3,set_7486344,,,1389
bnk_7486347,7486347,2056,2010-01-03,DEBIT_CARD,31668,21,4,set_7486347,,,2081
bnk_7486350,7486350,4534,2010-01-03,DEBIT_CARD,23481,46,8,set_7486350,,,4588
bnk_7486351,7486351,9764,2010-01-03,CREDIT_CARD,43293,200,36,set_7486351,,,10000
bnk_7486352,7486352,4037,2010-01-03,DEBIT_CARD,39021,41,7,set_7486352,,,4085
bnk_7486353,7486353,2469,2010-01-03,CREDIT_CARD,18563,49,9,set_7486353,,,2469
bnk_7486354,7486354,5992,2010-01-03,DEBIT_CARD,79927,61,11,set_7486354,,,6064
bnk_7486355,7486355,7416,2010-01-03,DEBIT_CARD,81841,75,14,set_7486355,,,7505
bnk_7486357,7486357,6714,2010-01-03,DEBIT_CARD,19964,68,12,set_7486357,,,6794
bnk_7486359,7486359,3162,2010-01-03,DEBIT_CARD,11468,32,6,set_7486359,,,3200
bnk_7486360,7486360,3257,2010-01-03,CREDIT_CARD,32606,67,12,set_7486360,,,3336
bnk_7486361,7486361,200,2010-01-03,DEBIT_CARD,48714,2,0,set_7486361,,,202
bnk_7486362,7486362,2709,2010-01-03,DEBIT_CARD,92400,27,5,set_7486362,,,2741
bnk_7486363,7486363,9425,2010-01-03,DEBIT_CARD,94625,95,17,set_7486363,,,9537
bnk_7486365,7486365,9789,2010-01-03,CREDIT_CARD,79664,201,36,set_7486365,,,10025
bnk_7486366,7486366,9457,2010-01-03,DEBIT_CARD,86959,96,17,set_7486366,,,9570
bnk_7486367,7486367,5342,2010-01-03,CREDIT_CARD,760,109,20,set_7486367,,,5471
bnk_7486368,7486368,3043,2010-01-03,DEBIT_CARD,9028,31,6,set_7486368,,,3080
bnk_7486369,7486369,4996,2010-01-03,DEBIT_CARD,25887,51,9,set_7486369,,,5056
bnk_7486370,7486370,383,2010-01-03,DEBIT_CARD,87542,4,1,set_7486370,,,388
bnk_7486370b,7486370,383,2010-01-03,DEBIT_CARD,87542,4,1,set_7486370b,,,388
bnk_7486372,7486372,4471,2010-01-03,DEBIT_CARD,2402,45,8,set_7486372,,,4524
bnk_7486373,7486373,1976,2010-01-03,DEBIT_CARD,27092,20,4,set_7486373,,,2000
bnk_7486374,7486374,6279,2010-01-03,DEBIT_CARD,61195,64,12,set_7486374,,,6355
bnk_7486375,7486375,5945,2010-01-03,DEBIT_CARD,83743,60,11,set_7486375,,,6016
bnk_7486376,7486376,3960,2010-01-03,DEBIT_CARD,40464,40,7,set_7486376,,,4007
bnk_7486377,7486377,3166,2010-01-03,CREDIT_CARD,36026,65,12,set_7486377,,,3243
bnk_7486378,7486378,6102,2010-01-03,DEBIT_CARD,60569,62,11,set_7486378,,,6175
bnk_7486381,7486381,3733,2010-01-03,DEBIT_CARD,78454,38,7,set_7486381,,,3778
bnk_7486382,7486382,2992,2010-01-03,CREDIT_CARD,45926,61,11,set_7486382,,,3064
bnk_7486384,7486384,1470,2010-01-03,DEBIT_CARD,61195,15,3,set_7486384,,,1488
bnk_7486385,7486385,3797,2010-01-03,DEBIT_CARD,56981,38,7,set_7486385,,,3842
bnk_7486386,7486386,4519,2010-01-03,CREDIT_CARD,25717,93,17,set_7486386,,,4629
bnk_7486387,7486387,1744,2010-01-03,DEBIT_CARD,99416,18,3,set_7486387,,,1765
bnk_7486389,7486389,1387,2010-01-03,DEBIT_CARD,65392,14,3,set_7486389,,,1404
bnk_7486390,7486390,4995,2010-01-03,CREDIT_CARD,2703,102,18,set_7486390,,,5115
bnk_7486392,7486392,5534,2010-01-03,DEBIT_CARD,61195,56,10,set_7486392,,,5600
bnk_7486393,7486393,5468,2010-01-03,CREDIT_CARD,22204,112,20,set_7486393,,,5600
bnk_7486394,7486394,4428,2010-01-03,DEBIT_CARD,69972,45,8,set_7486394,,,4481
bnk_7486395,7486395,38004,2010-01-03,DEBIT_CARD,52923,385,69,set_7486395,,,38458
bnk_7486396,7486396,112,2010-01-03,CREDIT_CARD,14528,2,0,set_7486396,,,114
bnk_7486397,7486397,7291,2010-01-03,CREDIT_CARD,75781,149,27,set_7486397,,,7467
bnk_7486399,7486399,3460,2010-01-03,DEBIT_CARD,88646,35,6,set_7486399,,,3501
bnk_7486401,7486401,109,2010-01-03,DEBIT_CARD,86438,1,0,set_7486401,,,110
bnk_7486402,7486402,7244,2010-01-03,DEBIT_CARD,24827,73,13,set_7486402,,,7330
bnk_7486403,7486403,6968,2010-01-03,CREDIT_CARD,75447,143,26,set_7486403,,,7137
bnk_7486404,7486404,8467,2010-01-03,CREDIT_CARD,78454,173,31,set_7486404,,,8671
bnk_7486405,7486405,4208,2010-01-03,CREDIT_CARD,72681,86,15,set_7486405,,,4309
bnk_7486406,7486406,6982,2010-01-03,DEBIT_CARD,20519,71,13,set_7486406,,,7066
bnk_7486407,7486407,125,2010-01-03,DEBIT_CARD,14528,1,0,set_7486407,,,126
bnk_7486408,7486408,13670,2010-01-03,CREDIT_CARD,27092,280,50,set_7486408,,,14000
bnk_7486409,7486409,1686,2010-01-03,CREDIT_CARD,22204,35,6,set_7486409,,,1727
bnk_7486410,7486410,910,2010-01-03,DEBIT_CARD,82499,9,2,set_7486410,,,921
bnk_7486411,7486411,270,2010-01-03,DEBIT_CARD,45926,2,0,set_7486411,,,182
bnk_7486412,7486412,5426,2010-01-03,DEBIT_CARD,32175,55,10,set_7486412,,,5491
bnk_7486413,7486413,1640,2010-01-03,DEBIT_CARD,44682,17,3,set_7486413,,,1660
bnk_7486414,7486414,6207,2010-01-03,DEBIT_CARD,71667,63,11,set_7486414,,,6281
bnk_7486415,7486415,341,2010-01-03,DEBIT_CARD,74443,3,1,set_7486415,,,345
bnk_7486416,7486416,4306,2010-01-03,CREDIT_CARD,16798,88,16,set_7486416,,,4410
bnk_7486417,7486417,4016,2010-01-03,DEBIT_CARD,59397,41,7,set_7486417,,,4064
bnk_7486418,7486418,4159,2010-01-03,CREDIT_CARD,13646,84,15,set_7486418,,,4205
bnk_7486419,7486419,150,2010-01-03,DEBIT_CARD,86438,2,0,set_7486419,,,152
bnk_7486421,7486421,15679,2010-01-03,DEBIT_CARD,50783,159,29,set_7486421,,,15867
bnk_7486422,7486422,4619,2010-01-03,DEBIT_CARD,35451,47,8,set_7486422,,,4674
bnk_7486424,7486424,6351,2010-01-03,DEBIT_CARD,50867,64,12,set_7486424,,,6427
bnk_7486425,7486425,867,2010-01-03,CREDIT_CARD,22204,18,3,set_7486425,,,888
bnk_7486426,7486426,9882,2010-01-03,DEBIT_CARD,27092,100,18,set_7486426,,,10000
bnk_7486427,7486427,5153,2010-01-03,DEBIT_CARD,87625,52,9,set_7486427,,,5214
bnk_7486429,7486429,4059,2010-01-03,DEBIT_CARD,75936,40,7,set_7486429,,,3959
bnk_7486430,7486430,1941,2010-01-03,CREDIT_CARD,13646,40,7,set_7486430,,,1988
bnk_7486432,7486432,5734,2010-01-03,CREDIT_CARD,34490,117,21,set_7486432,,,5872
bnk_7486434,7486434,8004,2010-01-03,DEBIT_CARD,50867,81,15,set_7486434,,,8100
bnk_7486435,7486435,10940,2010-01-03,CREDIT_CARD,92883,224,40,set_7486435,,,11204
bnk_7486437,7486437,8275,2010-01-03,DEBIT_CARD,50783,84,15,set_7486437,,,8374
bnk_7486439,7486439,6342,2010-01-03,DEBIT_CARD,22938,64,12,set_7486439,,,6418
bnk_7486440,7486440,10534,2010-01-03,DEBIT_CARD,31893,107,19,set_7486440,,,10660
bnk_7486441,7486441,5874,2010-01-03,DEBIT_CARD,17493,59,11,set_7486441,,,5944
bnk_7486443,7486443,5315,2010-01-03,DEBIT_CARD,17493,54,10,set_7486443,,,5378
bnk_7486444,7486444,2182,2010-01-03,DEBIT_CARD,85247,22,4,set_7486444,,,2208
bnk_7486445,7486445,1941,2010-01-03,DEBIT_CARD,16712,20,4,set_7486445,,,1965
bnk_7486446,7486446,1482,2010-01-03,DEBIT_CARD,50783,15,3,set_7486446,,,1500
bnk_7486447,7486447,6661,2010-01-03,DEBIT_CARD,35451,67,12,set_7486447,,,6740
bnk_7486448,7486448,3766,2010-01-03,DEBIT_CARD,98648,38,7,set_7486448,,,3811
bnk_7486449,7486449,4789,2010-01-03,CREDIT_CARD,46284,98,18,set_7486449,,,4905
bnk_7486450,7486450,8298,2010-01-03,DEBIT_CARD,48516,84,15,set_7486450,,,8397
bnk_7486451,7486451,2809,2010-01-03,DEBIT_CARD,45926,28,5,set_7486451,,,2842
bnk_7486452,7486452,6896,2010-01-03,CREDIT_CARD,60569,141,25,set_7486452,,,7062
bnk_7486453,7486453,1995,2010-01-03,DEBIT_CARD,83480,20,4,set_7486453,,,2019
bnk_7486455,7486455,7573,2010-01-03,DEBIT_CARD,24558,77,14,set_7486455,,,7664
bnk_7486456,7486456,2383,2010-01-03,CREDIT_CARD,55060,49,9,set_7486456,,,2441
bnk_7486457,7486457,6133,2010-01-03,DEBIT_CARD,1022,62,11,set_7486457,,,6206
bnk_7486459,7486459,5179,2010-01-03,DEBIT_CARD,39021,52,9,set_7486459,,,5240
bnk_7486460,7486460,3226,2010-01-03,CREDIT_CARD,18563,66,12,set_7486460,,,3304
bnk_7486461,7486461,9259,2010-01-03,DEBIT_CARD,19964,94,17,set_7486461,,,9370
bnk_7486462,7486462,10331,2010-01-03,CREDIT_CARD,77348,212,38,set_7486462,,,10581
bnk_7486463,7486463,187,2010-01-03,DEBIT_CARD,14528,2,0,set_7486463,,,189
bnk_7486464,7486464,1803,2010-01-03,CREDIT_CARD,20519,37,7,set_7486464,,,1847
bnk_7486465,7486465,5138,2010-01-03,CREDIT_CARD,55060,105,19,set_7486465,,,5262
bnk_7486467,7486467,10770,2010-01-03,DEBIT_CARD,87625,109,20,set_7486467,,,10899
bnk_7486470,7486470,4895,2010-01-03,DEBIT_CARD,21420,50,9,set_7486470,,,4954
bnk_7486471,7486471,5858,2010-01-03,CREDIT_CARD,27092,120,22,set_7486471,,,6000
bnk_7486472,7486472,8690,2010-01-03,DEBIT_CARD,9932,88,16,set_7486472,,,8794
bnk_7486473,7486473,3937,2010-01-03,DEBIT_CARD,41122,40,7,set_7486473,,,3984
bnk_7486474,7486474,10976,2010-01-03,CREDIT_CARD,34488,225,41,set_7486474,,,11242
bnk_7486475,7486475,3229,2010-01-03,CREDIT_CARD,41122,66,12,set_7486475,,,3307
bnk_7486476,7486476,2381,2010-01-03,CREDIT_CARD,66428,49,9,set_7486476,,,2439
bnk_7486477,7486477,11082,2010-01-03,CREDIT_CARD,50783,227,41,set_7486477,,,11350
bnk_7486478,7486478,358,2010-01-03,DEBIT_CARD,26810,4,1,set_7486478,,,363
bnk_7486479,7486479,2895,2010-01-03,DEBIT_CARD,25887,29,5,set_7486479,,,2929
bnk_7486480,7486480,897,2010-01-03,DEBIT_CARD,12029,9,2,set_7486480,,,908
bnk_7486481,7486481,840,2010-01-03,CREDIT_CARD,32066,17,3,set_7486481,,,860
bnk_7486482,7486482,2590,2010-01-03,CREDIT_CARD,77246,53,10,set_7486482,,,2654
bnk_7486483,7486483,5499,2010-01-03,DEBIT_CARD,39021,56,10,set_7486483,,,5565
bnk_7486484,7486484,5256,2010-01-03,CREDIT_CARD,56193,105,19,set_7486484,,,5249
bnk_7486485,7486485,12471,2010-01-03,DEBIT_CARD,75781,126,23,set_7486485,,,12620
bnk_7486486,7486486,739,2010-01-03,DEBIT_CARD,79927,7,1,set_7486486,,,747
bnk_7486488,7486488,5278,2010-01-03,DEBIT_CARD,98648,52,9,set_7486488,,,5202
bnk_7486489,7486489,2263,2010-01-03,CREDIT_CARD,39021,46,8,set_7486489,,,2317
bnk_7486490,7486490,2911,2010-01-03,DEBIT_CARD,44578,29,5,set_7486490,,,2945
bnk_7486491,7486491,2915,2010-01-03,CREDIT_CARD,69490,60,11,set_7486491,,,2986
bnk_7486492,7486492,4702,2010-01-03,DEBIT_CARD,75936,48,9,set_7486492,,,4759
bnk_7486493,7486493,8495,2010-01-03,CREDIT_CARD,59935,174,31,set_7486493,,,8700
bnk_7486494,7486494,471,2010-01-03,DEBIT_CARD,60569,5,1,set_7486494,,,477
bnk_7486495,7486495,2815,2010-01-03,CREDIT_CARD,52736,58,10,set_7486495,,,2883
bnk_7486496,7486496,7423,2010-01-03,DEBIT_CARD,50783,75,14,set_7486496,,,7512
bnk_7486497,7486497,6295,2010-01-03,DEBIT_CARD,75781,64,12,set_7486497,,,6371
bnk_7486498,7486498,1661,2010-01-03,CREDIT_CARD,13646,34,6,set_7486498,,,1701
bnk_7486499,7486499,7906,2010-01-03,DEBIT_CARD,27092,80,14,set_7486499,,,8000
bnk_7486500,7486500,3697,2010-01-03,DEBIT_CARD,99586,37,7,set_7486500,,,3741
bnk_7486501,7486501,6316,2010-01-03,CREDIT_CARD,50404,129,23,set_7486501,,,6468
bnk_7486502,7486502,3254,2010-01-03,DEBIT_CARD,96246,33,6,set_7486502,,,3293
bnk_7486503,7486503,2731,2010-01-03,DEBIT_CARD,44919,28,5,set_7486503,,,2764
bnk_7486504,7486504,7300,2010-01-03,DEBIT_CARD,42636,74,13,set_7486504,,,7387
bnk_7486506,7486506,3760,2010-01-03,DEBIT_CARD,72515,38,7,set_7486506,,,3805
bnk_7486507,7486507,2746,2010-01-03,DEBIT_CARD,34120,28,5,set_7486507,,,2779
bnk_7486508,7486508,4902,2010-01-03,CREDIT_CARD,23481,100,18,set_7486508,,,5020
bnk_7486510,7486510,3773,2010-01-03,DEBIT_CARD,68079,38,7,set_7486510,,,3818
bnk_7486511,7486511,5223,2010-01-03,CREDIT_CARD,59935,107,19,set_7486511,,,5349
bnk_7486513,7486513,6231,2010-01-03,CREDIT_CARD,75781,128,23,set_7486513,,,6382
bnk_7486514,7486514,21887,2010-01-03,DEBIT_CARD,20561,221,40,set_7486514,,,22148
bnk_7486515,7486515,2596,2010-01-03,CREDIT_CARD,9028,53,10,set_7486515,,,2659
bnk_7486516,7486516,1282,2010-01-03,DEBIT_CARD,26810,13,2,set_7486516,,,1297
bnk_7486517,7486517,3934,2010-01-03,CREDIT_CARD,53097,81,15,set_7486517,,,4030
bnk_7486522,7486522,5346,2010-01-03,DEBIT_CARD,23481,54,10,set_7486522,,,5410
bnk_7486525,7486525,3389,2010-01-03,DEBIT_CARD,15143,34,6,set_7486525,,,3429
bnk_7486526,7486526,8048,2010-01-03,DEBIT_CARD,28250,81,15,set_7486526,,,8144
bnk_7486527,7486527,7313,2010-01-03,DEBIT_CARD,26810,74,13,set_7486527,,,7400
bnk_7486528,7486528,10471,2010-01-03,DEBIT_CARD,49944,106,19,set_7486528,,,10596
bnk_7486529,7486529,261,2010-01-03,DEBIT_CARD,50783,3,1,set_7486529,,,265
bnk_7486530,7486530,9834,2010-01-03,DEBIT_CARD,804,100,18,set_7486530,,,9952
bnk_7486531,7486531,2992,2010-01-03,DEBIT_CARD,59935,30,5,set_7486531,,,3027
bnk_7486532,7486532,5353,2010-01-03,DEBIT_CARD,24967,54,10,set_7486532,,,5417
bnk_7486533,7486533,9678,2010-01-03,DEBIT_CARD,40682,98,18,set_7486533,,,9794
bnk_7486534,7486534,4539,2010-01-03,DEBIT_CARD,13646,46,8,set_7486534,,,4593
bnk_7486534b,7486534,4539,2010-01-03,DEBIT_CARD,13646,46,8,set_7486534b,,,4593
bnk_7486535,7486535,4979,2010-01-03,DEBIT_CARD,50867,50,9,set_7486535,,,5038
bnk_7486536,7486536,9666,2010-01-03,DEBIT_CARD,54773,98,18,set_7486536,,,9782
bnk_7486537,7486537,4720,2010-01-03,DEBIT_CARD,75781,48,9,set_7486537,,,4777
bnk_7486538,7486538,3861,2010-01-03,DEBIT_CARD,41122,39,7,set_7486538,,,3907
bnk_7486539,7486539,5237,2010-01-03,DEBIT_CARD,59935,53,10,set_7486539,,,5300
bnk_7486540,7486540,9359,2010-01-03,CREDIT_CARD,18854,192,35,set_7486540,,,9586
bnk_7486541,7486541,9075,2010-01-03,DEBIT_CARD,47395,92,17,set_7486541,,,9184
bnk_7486542,7486542,5276,2010-01-03,DEBIT_CARD,9932,53,10,set_7486542,,,5339
bnk_7486543,7486543,212,2010-01-03,DEBIT_CARD,24504,2,0,set_7486543,,,214
bnk_7486546,7486546,6763,2010-01-03,DEBIT_CARD,50292,68,12,set_7486546,,,6843
bnk_7486547,7486547,273,2010-01-03,DEBIT_CARD,14528,3,1,set_7486547,,,277
bnk_7486549,7486549,247,2010-01-03,DEBIT_CARD,19964,2,0,set_7486549,,,249
bnk_7486553,7486553,10368,2010-01-03,DEBIT_CARD,24558,105,19,set_7486553,,,10492
bnk_7486554,7486554,5122,2010-01-03,DEBIT_CARD,71667,52,9,set_7486554,,,5183
bnk_7486557,7486557,5873,2010-01-03,DEBIT_CARD,28282,59,11,set_7486557,,,5943
bnk_7486558,7486558,907,2010-01-03,DEBIT_CARD,67283,9,2,set_7486558,,,918
bnk_7486559,7486559,8468,2010-01-03,DEBIT_CARD,59935,86,15,set_7486559,,,8569
bnk_7486560,7486560,2192,2010-01-03,DEBIT_CARD,18563,22,4,set_7486560,,,2218
bnk_7486561,7486561,1406,2010-01-03,DEBIT_CARD,41943,14,3,set_7486561,,,1423
bnk_7486562,7486562,3679,2010-01-03,CREDIT_CARD,2703,75,14,set_7486562,,,3768
bnk_7486563,7486563,332,2010-01-03,CREDIT_CARD,60569,7,1,set_7486563,,,340
bnk_7486564,7486564,7906,2010-01-03,DEBIT_CARD,59935,80,14,set_7486564,,,8000
bnk_7486566,7486566,5027,2010-01-03,DEBIT_CARD,41122,51,9,set_7486566,,,5088
bnk_7486567,7486567,3836,2010-01-03,DEBIT_CARD,42638,39,7,set_7486567,,,3882
bnk_7486568,7486568,465,2010-01-03,CREDIT_CARD,5409,10,2,set_7486568,,,477
bnk_7486569,7486569,3963,2010-01-03,DEBIT_CARD,44578,39,7,set_7486569,,,3861
bnk_7486570,7486570,4865,2010-01-03,DEBIT_CARD,17266,48,9,set_7486570,,,4814
bnk_7486571,7486571,15811,2010-01-03,DEBIT_CARD,27092,160,29,set_7486571,,,16000
bnk_7486572,7486572,90,2010-01-03,DEBIT_CARD,49937,1,0,set_7486572,,,91
bnk_7486573,7486573,5826,2010-01-03,DEBIT_CARD,26909,59,11,set_7486573,,,5896
bnk_7486574,7486574,2838,2010-01-03,DEBIT_CARD,21374,28,5,set_7486574,,,2820
bnk_7486576,7486576,2472,2010-01-03,DEBIT_CARD,71046,25,5,set_7486576,,,2502
bnk_7486579,7486579,6226,2010-01-03,DEBIT_CARD,50867,63,11,set_7486579,,,6300
bnk_7486580,7486580,7300,2010-01-03,DEBIT_CARD,51216,74,13,set_7486580,,,7387
bnk_7486581,7486581,7066,2010-01-03,DEBIT_CARD,50867,72,13,set_7486581,,,7151
bnk_7486582,7486582,5929,2010-01-03,DEBIT_CARD,27092,60,11,set_7486582,,,6000
bnk_7486583,7486583,8480,2010-01-03,CREDIT_CARD,30286,174,31,set_7486583,,,8685
bnk_7486585,7486585,4510,2010-01-03,DEBIT_CARD,65392,46,8,set_7486585,,,4564
bnk_7486586,7486586,4138,2010-01-03,DEBIT_CARD,25887,42,8,set_7486586,,,4188
bnk_7486587,7486587,204,2010-01-03,CREDIT_CARD,75781,4,1,set_7486587,,,209
bnk_7486588,7486588,203,2010-01-03,DEBIT_CARD,61195,2,0,set_7486588,,,205
bnk_7486590,7486590,5141,2010-01-03,DEBIT_CARD,16222,52,9,set_7486590,,,5202
bnk_7486593,7486593,17118,2010-01-03,DEBIT_CARD,93875,173,31,set_7486593,,,17322
bnk_7486594,7486594,35485,2010-01-03,CREDIT_CARD,74934,726,131,set_7486594,,,36280
bnk_7486595,7486595,9882,2010-01-03,DEBIT_CARD,27092,100,18,set_7486595,,,10000
bnk_7486596,7486596,2989,2010-01-03,CREDIT_CARD,39021,61,11,set_7486596,,,3061
bnk_7486597,7486597,6770,2010-01-03,CREDIT_CARD,39021,139,25,set_7486597,,,6934
bnk_7486599,7486599,445,2010-01-03,CREDIT_CARD,22204,9,2,set_7486599,,,456
bnk_7486602,7486602,5063,2010-01-03,CREDIT_CARD,35451,104,19,set_7486602,,,5186
bnk_7486603,7486603,142,2010-01-03,DEBIT_CARD,86438,1,0,set_7486603,,,143
bnk_7486605,7486605,23162,2010-01-03,CREDIT_CARD,43400,474,85,set_7486605,,,23721
bnk_7486606,7486606,1723,2010-01-03,DEBIT_CARD,75936,17,3,set_7486606,,,1743
bnk_7486607,7486607,4471,2010-01-03,DEBIT_CARD,16954,45,8,set_7486607,,,4524
bnk_7486609,7486609,3442,2010-01-03,DEBIT_CARD,986,34,6,set_7486609,,,3365
bnk_7486610,7486610,422,2010-01-03,CREDIT_CARD,39234,6,1,set_7486610,,,284
bnk_7486611,7486611,179,2010-01-03,DEBIT_CARD,81833,2,0,set_7486611,,,181
bnk_7486612,7486612,6982,2010-01-03,DEBIT_CARD,59935,71,13,set_7486612,,,7066
bnk_7486614,7486614,4712,2010-01-03,DEBIT_CARD,70692,48,9,set_7486614,,,4769
bnk_7486615,7486615,7162,2010-01-03,CREDIT_CARD,26810,147,26,set_7486615,,,7335
bnk_7486616,7486616,3671,2010-01-03,DEBIT_CARD,11468,37,7,set_7486616,,,3660
bnk_7486617,7486617,7001,2010-01-03,DEBIT_CARD,86959,71,13,set_7486617,,,7085
bnk_7486618,7486618,3524,2010-01-03,DEBIT_CARD,1238,36,6,set_7486618,,,3566
bnk_7486619,7486619,3496,2010-01-03,CREDIT_CARD,92156,72,13,set_7486619,,,3580
bnk_7486620,7486620,9882,2010-01-03,DEBIT_CARD,27092,100,18,set_7486620,,,10000
bnk_7486621,7486621,7442,2010-01-03,CREDIT_CARD,54441,152,27,set_7486621,,,7621
bnk_7486622,7486622,6720,2010-01-03,DEBIT_CARD,61195,68,12,set_7486622,,,6800
bnk_7486623,7486623,6821,2010-01-03,DEBIT_CARD,86959,69,12,set_7486623,,,6902
bnk_7486624,7486624,383,2010-01-03,CREDIT_CARD,23340,8,1,set_7486624,,,392
bnk_7486625,7486625,4732,2010-01-03,CREDIT_CARD,69972,97,17,set_7486625,,,4846
bnk_7486626,7486626,6295,2010-01-03,DEBIT_CARD,67455,64,12,set_7486626,,,6371
bnk_7486628,7486628,2909,2010-01-03,DEBIT_CARD,23481,29,5,set_7486628,,,2943
bnk_7486629,7486629,1178,2010-01-03,DEBIT_CARD,92640,12,2,set_7486629,,,1192
bnk_7486630,7486630,142,2010-01-03,DEBIT_CARD,14528,1,0,set_7486630,,,143
bnk_7486631,7486631,10601,2010-01-03,DEBIT_CARD,86410,107,19,set_7486631,,,10726
bnk_7486632,7486632,6382,2010-01-03,DEBIT_CARD,35451,63,11,set_7486632,,,6315
bnk_7486634,7486634,1957,2010-01-03,CREDIT_CARD,96246,40,7,set_7486634,,,2004
bnk_7486635,7486635,6978,2010-01-03,DEBIT_CARD,69972,71,13,set_7486635,,,7062
bnk_7486637,7486637,6670,2010-01-03,DEBIT_CARD,55060,67,12,set_7486637,,,6749
bnk_7486638,7486638,320,2010-01-03,DEBIT_CARD,68796,3,1,set_7486638,,,324
bnk_7486639,7486639,13832,2010-01-03,DEBIT_CARD,69345,140,25,set_7486639,,,13997
bnk_7486640,7486640,2988,2010-01-03,DEBIT_CARD,79031,30,5,set_7486640,,,3023
bnk_7486643,7486643,11637,2010-01-03,DEBIT_CARD,12187,118,21,set_7486643,,,11776
bnk_7486644,7486644,2124,2010-01-03,DEBIT_CARD,45926,21,4,set_7486644,,,2149
bnk_7486645,7486645,2605,2010-01-03,DEBIT_CARD,25887,26,5,set_7486645,,,2636
bnk_7486646,7486646,2530,2010-01-03,CREDIT_CARD,71707,52,9,set_7486646,,,2591
bnk_7486648,7486648,5929,2010-01-03,DEBIT_CARD,27092,60,11,set_7486648,,,6000
bnk_7486650,7486650,3136,2010-01-03,DEBIT_CARD,92854,32,6,set_7486650,,,3174
bnk_7486650b,7486650,3136,2010-01-03,DEBIT_CARD,92854,32,6,set_7486650b,,,3174
bnk_7486651,7486651,625,2010-01-03,DEBIT_CARD,60569,6,1,set_7486651,,,632
bnk_7486652,7486652,11662,2010-01-03,DEBIT_CARD,96529,117,21,set_7486652,,,11730
bnk_7486653,7486653,854,2010-01-03,DEBIT_CARD,25844,9,2,set_7486653,,,865
bnk_7486654,7486654,10001,2010-01-03,CREDIT_CARD,22204,202,36,set_7486654,,,10120
bnk_7486655,7486655,8175,2010-01-03,CREDIT_CARD,8021,167,30,set_7486655,,,8372
bnk_7486656,7486656,2951,2010-01-03,DEBIT_CARD,72606,30,5,set_7486656,,,2986
bnk_7486657,7486657,15130,2010-01-03,DEBIT_CARD,82981,153,28,set_7486657,,,15311
bnk_7486658,7486658,5305,2010-01-03,DEBIT_CARD,89001,54,10,set_7486658,,,5369
bnk_7486659,7486659,30442,2010-01-03,DEBIT_CARD,726,308,55,set_7486659,,,30805
bnk_7486661,7486661,3082,2010-01-03,DEBIT_CARD,61195,31,6,set_7486661,,,3119
bnk_7486662,7486662,997,2010-01-03,CREDIT_CARD,47680,20,4,set_7486662,,,1021
bnk_7486663,7486663,11032,2010-01-03,DEBIT_CARD,75781,112,20,set_7486663,,,11164
bnk_7486664,7486664,34686,2010-01-03,DEBIT_CARD,52073,351,63,set_7486664,,,35100
bnk_7486666,7486666,2035,2010-01-03,DEBIT_CARD,69032,21,4,set_7486666,,,2060
bnk_7486668,7486668,5830,2010-01-03,DEBIT_CARD,59935,59,11,set_7486668,,,5900
bnk_7486670,7486670,4552,2010-01-03,CREDIT_CARD,59199,93,17,set_7486670,,,4662
bnk_7486671,7486671,190,2010-01-03,CREDIT_CARD,86438,4,1,set_7486671,,,195
bnk_7486672,7486672,16311,2010-01-03,DEBIT_CARD,19479,165,30,set_7486672,,,16506
bnk_7486673,7486673,21021,2010-01-03,CREDIT_CARD,13616,431,78,set_7486673,,,21530
bnk_7486674,7486674,4351,2010-01-03,CREDIT_CARD,31603,89,16,set_7486674,,,4456
bnk_7486675,7486675,8705,2010-01-03,DEBIT_CARD,46476,88,16,set_7486675,,,8809
bnk_7486676,7486676,190,2010-01-03,CREDIT_CARD,75781,4,1,set_7486676,,,195
bnk_7486677,7486677,4797,2010-01-03,DEBIT_CARD,27601,49,9,set_7486677,,,4855
bnk_7486678,7486678,1272,2010-01-03,DEBIT_CARD,43293,13,2,set_7486678,,,1287
bnk_7486680,7486680,1793,2010-01-03,CREDIT_CARD,75936,37,7,set_7486680,,,1837
bnk_7486681,7486681,4299,2010-01-03,CREDIT_CARD,74907,88,16,set_7486681,,,4403
bnk_7486683,7486683,11690,2010-01-03,DEBIT_CARD,59350,118,21,set_7486683,,,11829
bnk_7486685,7486685,8139,2010-01-03,DEBIT_CARD,44578,82,15,set_7486685,,,8236
bnk_7486686,7486686,2363,2010-01-03,DEBIT_CARD,26810,24,4,set_7486686,,,2391
bnk_7486687,7486687,3323,2010-01-03,CREDIT_CARD,13109,68,12,set_7486687,,,3403
bnk_7486688,7486688,1188,2010-01-03,DEBIT_CARD,8594,12,2,set_7486688,,,1202
bnk_7486690,7486690,27616,2010-01-03,DEBIT_CARD,5594,279,50,set_7486690,,,27895
bnk_7486691,7486691,5929,2010-01-03,DEBIT_CARD,27092,60,11,set_7486691,,,6000
bnk_7486692,7486692,6817,2010-01-03,CREDIT_CARD,92883,140,25,set_7486692,,,6982
bnk_7486693,7486693,105,2010-01-03,DEBIT_CARD,86438,1,0,set_7486693,,,106
bnk_7486694,7486694,1981,2010-01-03,DEBIT_CARD,81833,20,4,set_7486694,,,2005
bnk_7486696,7486696,2185,2010-01-03,DEBIT_CARD,75936,22,4,set_7486696,,,2211
bnk_7486697,7486697,2512,2010-01-03,DEBIT_CARD,56060,25,5,set_7486697,,,2542
bnk_7486698,7486698,10276,2010-01-03,CREDIT_CARD,20561,211,38,set_7486698,,,10525
bnk_7486699,7486699,10495,2010-01-03,CREDIT_CARD,52205,215,39,set_7486699,,,10749
bnk_7486700,7486700,9420,2010-01-03,CREDIT_CARD,88864,193,35,set_7486700,,,9648
bnk_7486701,7486701,6612,2010-01-03,CREDIT_CARD,32858,135,24,set_7486701,,,6771
bnk_7486702,7486702,713,2010-01-03,DEBIT_CARD,45751,7,1,set_7486702,,,721
bnk_7486703,7486703,1189,2010-01-03,DEBIT_CARD,93432,12,2,set_7486703,,,1203
bnk_7486704,7486704,10645,2010-01-03,CREDIT_CARD,71667,218,39,set_7486704,,,10902
bnk_7486705,7486705,4941,2010-01-03,DEBIT_CARD,43580,50,9,set_7486705,,,5000
bnk_7486706,7486706,12081,2010-01-03,DEBIT_CARD,91142,122,22,set_7486706,,,12225
bnk_7486706b,7486706,12081,2010-01-03,DEBIT_CARD,91142,122,22,set_7486706b,,,12225
bnk_7486707,7486707,4349,2010-01-03,DEBIT_CARD,61195,44,8,set_7486707,,,4401
bnk_7486708,7486708,2887,2010-01-03,DEBIT_CARD,60569,29,5,set_7486708,,,2921
bnk_7486712,7486712,11294,2010-01-03,CREDIT_CARD,50783,231,42,set_7486712,,,11567
bnk_7486713,7486713,3860,2010-01-03,DEBIT_CARD,25887,39,7,set_7486713,,,3906
bnk_7486714,7486714,6720,2010-01-03,DEBIT_CARD,26810,68,12,set_7486714,,,6800
bnk_7486718,7486718,1361,2010-01-03,DEBIT_CARD,18563,14,3,set_7486718,,,1378
bnk_7486719,7486719,588,2010-01-03,DEBIT_CARD,93391,5,1,set_7486719,,,462
bnk_7486720,7486720,1212,2010-01-03,CREDIT_CARD,77948,25,5,set_7486720,,,1242
bnk_7486721,7486721,5678,2010-01-03,DEBIT_CARD,88459,57,10,set_7486721,,,5745
bnk_7486722,7486722,11104,2010-01-03,DEBIT_CARD,33699,112,20,set_7486722,,,11236
bnk_7486725,7486725,33500,2010-01-03,DEBIT_CARD,3558,339,61,set_7486725,,,33900
bnk_7486726,7486726,284,2010-01-03,DEBIT_CARD,97432,2,0,set_7486726,,,224
bnk_7486727,7486727,5929,2010-01-03,DEBIT_CARD,27092,60,11,set_7486727,,,6000
bnk_7486729,7486729,2232,2010-01-03,DEBIT_CARD,18563,23,4,set_7486729,,,2259
bnk_7486730,7486730,8507,2010-01-03,CREDIT_CARD,81833,174,31,set_7486730,,,8712
bnk_7486731,7486731,11858,2010-01-03,DEBIT_CARD,27092,120,22,set_7486731,,,12000
bnk_7486732,7486732,4435,2010-01-03,DEBIT_CARD,69972,45,8,set_7486732,,,4488
bnk_7486733,7486733,9684,2010-01-03,DEBIT_CARD,61195,98,18,set_7486733,,,9800
bnk_7486735,7486735,1976,2010-01-03,CREDIT_CARD,18131,40,7,set_7486735,,,2023
bnk_7486736,7486736,5274,2010-01-03,CREDIT_CARD,25887,108,19,set_7486736,,,5401
bnk_7486740,7486740,67,2010-01-03,DEBIT_CARD,86438,1,0,set_7486740,,,68
bnk_7486741,7486741,8785,2010-01-03,DEBIT_CARD,60569,89,16,set_7486741,,,8890
bnk_7486742,7486742,3195,2010-01-03,CREDIT_CARD,11468,65,12,set_7486742,,,3272
bnk_7486743,7486743,734,2010-01-03,CREDIT_CARD,81833,15,3,set_7486743,,,752
bnk_7486744,7486744,3881,2010-01-03,CREDIT_CARD,13646,79,14,set_7486744,,,3974
bnk_7486745,7486745,1682,2010-01-03,DEBIT_CARD,77668,17,3,set_7486745,,,1702
bnk_7486746,7486746,1439,2010-01-03,CREDIT_CARD,60658,29,5,set_7486746,,,1473
bnk_7486749,7486749,2949,2010-01-03,DEBIT_CARD,15177,30,5,set_7486749,,,2984
bnk_7486750,7486750,6959,2010-01-03,CREDIT_CARD,88646,143,26,set_7486750,,,7128
bnk_7486751,7486751,5999,2010-01-03,CREDIT_CARD,75936,123,22,set_7486751,,,6144
bnk_7486752,7486752,9569,2010-01-03,CREDIT_CARD,59935,196,35,set_7486752,,,9800
bnk_7486753,7486753,11528,2010-01-03,DEBIT_CARD,30286,117,21,set_7486753,,,11666
bnk_7486755,7486755,4255,2010-01-03,DEBIT_CARD,41122,43,8,set_7486755,,,4306
bnk_7486756,7486756,2949,2010-01-03,CREDIT_CARD,35451,60,11,set_7486756,,,3020
bnk_7486757,7486757,5616,2010-01-03,CREDIT_CARD,46474,115,21,set_7486757,,,5752
bnk_7486758,7486758,4071,2010-01-03,DEBIT_CARD,78454,41,7,set_7486758,,,4119
bnk_7486759,7486759,4872,2010-01-03,CREDIT_CARD,100185,100,18,set_7486759,,,4990
bnk_7486760,7486760,4799,2010-01-03,DEBIT_CARD,75936,49,9,set_7486760,,,4857
bnk_7486761,7486761,4435,2010-01-03,CREDIT_CARD,44919,91,16,set_7486761,,,4542
bnk_7486762,7486762,2672,2010-01-03,DEBIT_CARD,602,27,5,set_7486762,,,2704
bnk_7486763,7486763,3068,2010-01-03,CREDIT_CARD,39021,63,11,set_7486763,,,3142
bnk_7486764,7486764,513,2010-01-03,CREDIT_CARD,88699,11,2,set_7486764,,,526
bnk_7486765,7486765,11327,2010-01-03,CREDIT_CARD,45645,232,42,set_7486765,,,11601
bnk_7486766,7486766,9104,2010-01-03,DEBIT_CARD,91128,92,17,set_7486766,,,9213
bnk_7486767,7486767,9091,2010-01-03,DEBIT_CARD,61195,92,17,set_7486767,,,9200
bnk_7486769,7486769,15699,2010-01-03,DEBIT_CARD,25724,159,29,set_7486769,,,15887
bnk_7486771,7486771,1718,2010-01-03,CREDIT_CARD,14005,33,6,set_7486771,,,1644
bnk_7486772,7486772,306,2010-01-03,DEBIT_CARD,23644,3,1,set_7486772,,,310
bnk_7486773,7486773,6855,2010-01-03,DEBIT_CARD,75936,69,12,set_7486773,,,6936
bnk_7486774,7486774,3518,2010-01-03,DEBIT_CARD,25717,36,6,set_7486774,,,3560
bnk_7486775,7486775,2468,2010-01-03,DEBIT_CARD,60569,25,5,set_7486775,,,2498
bnk_7486776,7486776,13897,2010-01-03,DEBIT_CARD,75694,141,25,set_7486776,,,14063
bnk_7486777,7486777,5906,2010-01-03,DEBIT_CARD,25717,60,11,set_7486777,,,5977
bnk_7486779,7486779,6843,2010-01-03,DEBIT_CARD,1690,69,12,set_7486779,,,6924
bnk_7486780,7486780,329,2010-01-03,DEBIT_CARD,14528,2,0,set_7486780,,,229
bnk_7486781,7486781,521,2010-01-03,CREDIT_CARD,88699,11,2,set_7486781,,,534
bnk_7486782,7486782,4431,2010-01-03,DEBIT_CARD,12614,45,8,set_7486782,,,4484
bnk_7486784,7486784,13670,2010-01-03,CREDIT_CARD,27092,280,50,set_7486784,,,14000
bnk_7486784b,7486784,13670,2010-01-03,CREDIT_CARD,27092,280,50,set_7486784b,,,14000
bnk_7486785,7486785,17012,2010-01-03,DEBIT_CARD,49637,171,31,set_7486785,,,17136
bnk_7486787,7486787,2364,2010-01-03,DEBIT_CARD,18563,24,4,set_7486787,,,2392
bnk_7486788,7486788,14472,2010-01-03,CREDIT_CARD,69965,296,53,set_7486788,,,14821
bnk_7486790,7486790,3146,2010-01-03,DEBIT_CARD,45496,32,6,set_7486790,,,3184
bnk_7486791,7486791,6432,2010-01-03,CREDIT_CARD,37369,132,24,set_7486791,,,6588
bnk_7486793,7486793,1892,2010-01-03,CREDIT_CARD,59935,39,7,set_7486793,,,1938
bnk_7486794,7486794,3530,2010-01-03,CREDIT_CARD,51961,71,13,set_7486794,,,3564
bnk_7486795,7486795,5752,2010-01-03,CREDIT_CARD,11468,116,21,set_7486795,,,5794
bnk_7486796,7486796,599,2010-01-03,DEBIT_CARD,61195,6,1,set_7486796,,,606
bnk_7486797,7486797,1523,2010-01-03,CREDIT_CARD,13078,31,6,set_7486797,,,1560
bnk_7486798,7486798,2492,2010-01-03,CREDIT_CARD,75936,51,9,set_7486798,,,2552
bnk_7486801,7486801,3407,2010-01-03,CREDIT_CARD,15143,70,13,set_7486801,,,3490
bnk_7486804,7486804,5087,2010-01-03,DEBIT_CARD,44578,51,9,set_7486804,,,5147
bnk_7486806,7486806,1747,2010-01-03,DEBIT_CARD,41904,18,3,set_7486806,,,1768
bnk_7486807,7486807,2907,2010-01-03,DEBIT_CARD,39034,29,5,set_7486807,,,2941
bnk_7486808,7486808,318,2010-01-03,CREDIT_CARD,75936,7,1,set_7486808,,,326
bnk_7486809,7486809,2523,2010-01-03,DEBIT_CARD,81223,26,5,set_7486809,,,2554
bnk_7486810,7486810,1627,2010-01-03,CREDIT_CARD,45788,33,6,set_7486810,,,1666
bnk_7486811,7486811,4770,2010-01-03,DEBIT_CARD,92883,48,9,set_7486811,,,4827
bnk_7486812,7486812,4101,2010-01-03,DEBIT_CARD,75936,42,8,set_7486812,,,4151
bnk_7486813,7486813,880,2010-01-03,DEBIT_CARD,10982,9,2,set_7486813,,,891
bnk_7486814,7486814,3180,2010-01-03,DEBIT_CARD,50783,32,6,set_7486814,,,3218
bnk_7486815,7486815,3951,2010-01-03,DEBIT_CARD,18215,40,7,set_7486815,,,3998
bnk_7486816,7486816,9400,2010-01-03,DEBIT_CARD,59397,95,17,set_7486816,,,9512
bnk_7486818,7486818,14752,2010-01-03,DEBIT_CARD,45075,149,27,set_7486818,,,14928
bnk_7486819,7486819,3906,2010-01-03,CREDIT_CARD,27092,80,14,set_7486819,,,4000
bnk_7486820,7486820,6253,2010-01-03,DEBIT_CARD,48685,63,11,set_7486820,,,6327
bnk_7486821,7486821,1953,2010-01-03,CREDIT_CARD,27092,40,7,set_7486821,,,2000
bnk_7486822,7486822,20537,2010-01-03,DEBIT_CARD,15574,208,37,set_7486822,,,20782
bnk_7486823,7486823,2820,2010-01-03,DEBIT_CARD,59935,29,5,set_7486823,,,2854
bnk_7486824,7486824,3825,2010-01-03,DEBIT_CARD,50404,39,7,set_7486824,,,3871
bnk_7486825,7486825,1160,2010-01-03,DEBIT_CARD,83221,12,2,set_7486825,,,1174
bnk_7486826,7486826,867,2010-01-03,CREDIT_CARD,24802,18,3,set_7486826,,,888
bnk_7486827,7486827,7981,2010-01-03,DEBIT_CARD,19479,80,14,set_7486827,,,8012
bnk_7486829,7486829,8774,2010-01-03,CREDIT_CARD,256,180,32,set_7486829,,,8986
bnk_7486830,7486830,1976,2010-01-03,DEBIT_CARD,27092,20,4,set_7486830,,,2000
bnk_7486831,7486831,5795,2010-01-03,CREDIT_CARD,6204,119,21,set_7486831,,,5935
bnk_7486832,7486832,1110,2010-01-03,DEBIT_CARD,45928,11,2,set_7486832,,,1123
bnk_7486833,7486833,4295,2010-01-03,DEBIT_CARD,88646,43,8,set_7486833,,,4346
bnk_7486835,7486835,1106,2010-01-03,CREDIT_CARD,21054,23,4,set_7486835,,,1133
bnk_7486836,7486836,2503,2010-01-03,DEBIT_CARD,1408,25,5,set_7486836,,,2533
bnk_7486837,7486837,5929,2010-01-03,DEBIT_CARD,27092,60,11,set_7486837,,,6000
bnk_7486837b,7486837,5929,2010-01-03,DEBIT_CARD,27092,60,11,set_7486837b,,,6000
bnk_7486839,7486839,3102,2010-01-03,DEBIT_CARD,88646,31,6,set_7486839,,,3139
bnk_7486840,7486840,3897,2010-01-03,CREDIT_CARD,32164,80,14,set_7486840,,,3991
bnk_7486841,7486841,2831,2010-01-03,DEBIT_CARD,17493,29,5,set_7486841,,,2865
bnk_7486842,7486842,2408,2010-01-03,DEBIT_CARD,17810,24,4,set_7486842,,,2436
bnk_7486843,7486843,3319,2010-01-03,DEBIT_CARD,17028,34,6,set_7486843,,,3359
bnk_7486844,7486844,2855,2010-01-03,DEBIT_CARD,30055,29,5,set_7486844,,,2889
bnk_7486845,7486845,513,2010-01-03,DEBIT_CARD,13646,5,1,set_7486845,,,519
bnk_7486846,7486846,5563,2010-01-03,DEBIT_CARD,69972,56,10,set_7486846,,,5629
bnk_7486847,7486847,4250,2010-01-03,DEBIT_CARD,55060,43,8,set_7486847,,,4301
bnk_7486847b,7486847,4250,2010-01-03,DEBIT_CARD,55060,43,8,set_7486847b,,,4301
bnk_7486848,7486848,12600,2010-01-03,DEBIT_CARD,18131,128,23,set_7486848,,,12751
bnk_7486849,7486849,4736,2010-01-03,CREDIT_CARD,69972,97,17,set_7486849,,,4850
bnk_7486850,7486850,1853,2010-01-03,DEBIT_CARD,20561,19,3,set_7486850,,,1875
bnk_7486851,7486851,8004,2010-01-03,DEBIT_CARD,59935,81,15,set_7486851,,,8100
bnk_7486852,7486852,1755,2010-01-03,CREDIT_CARD,82981,36,6,set_7486852,,,1797
bnk_7486853,7486853,16819,2010-01-03,CREDIT_CARD,56276,345,62,set_7486853,,,17226
bnk_7486854,7486854,4051,2010-01-03,DEBIT_CARD,11468,41,7,set_7486854,,,4099
bnk_7486855,7486855,14283,2010-01-03,CREDIT_CARD,73186,293,53,set_7486855,,,14629
bnk_7486856,7486856,4425,2010-01-03,DEBIT_CARD,24823,45,8,set_7486856,,,4478
bnk_7486857,7486857,2311,2010-01-03,DEBIT_CARD,53801,23,4,set_7486857,,,2338
bnk_7486859,7486859,3839,2010-01-03,CREDIT_CARD,35451,79,14,set_7486859,,,3932
bnk_7486861,7486861,52,2010-01-03,DEBIT_CARD,14528,1,0,set_7486861,,,53
bnk_7486862,7486862,7151,2010-01-03,DEBIT_CARD,50783,72,13,set_7486862,,,7236
bnk_7486863,7486863,869,2010-01-03,DEBIT_CARD,13523,9,2,set_7486863,,,880
bnk_7486864,7486864,4663,2010-01-03,DEBIT_CARD,41260,47,8,set_7486864,,,4718
bnk_7486864b,7486864,4663,2010-01-03,DEBIT_CARD,41260,47,8,set_7486864b,,,4718
bnk_7486865,7486865,8696,2010-01-03,DEBIT_CARD,41260,88,16,set_7486865,,,8800
bnk_7486866,7486866,11887,2010-01-03,DEBIT_CARD,71203,120,22,set_7486866,,,12029
bnk_7486867,7486867,7299,2010-01-03,DEBIT_CARD,86959,74,13,set_7486867,,,7386
bnk_7486868,7486868,8524,2010-01-03,CREDIT_CARD,81833,175,32,set_7486868,,,8731
bnk_7486869,7486869,11636,2010-01-03,CREDIT_CARD,61195,238,43,set_7486869,,,11917
bnk_7486870,7486870,3410,2010-01-03,DEBIT_CARD,27601,35,6,set_7486870,,,3451
bnk_7486871,7486871,3040,2010-01-03,DEBIT_CARD,59935,31,6,set_7486871,,,3077
bnk_7486871b,7486871,3040,2010-01-03,DEBIT_CARD,59935,31,6,set_7486871b,,,3077
bnk_7486872,7486872,7361,2010-01-03,DEBIT_CARD,23481,75,14,set_7486872,,,7450
bnk_7486873,7486873,4406,2010-01-03,DEBIT_CARD,35451,45,8,set_7486873,,,4459
bnk_7486875,7486875,6509,2010-01-03,CREDIT_CARD,25390,133,24,set_7486875,,,6666
bnk_7486876,7486876,1750,2010-01-03,CREDIT_CARD,2177,36,6,set_7486876,,,1792
bnk_7486877,7486877,4955,2010-01-03,CREDIT_CARD,44578,101,18,set_7486877,,,5074
bnk_7486878,7486878,1915,2010-01-03,DEBIT_CARD,17493,18,3,set_7486878,,,1809
bnk_7486881,7486881,74,2010-01-03,DEBIT_CARD,45642,1,0,set_7486881,,,75
bnk_7486883,7486883,570,2010-01-03,DEBIT_CARD,60569,6,1,set_7486883,,,577
bnk_7486884,7486884,9223,2010-01-03,DEBIT_CARD,80424,93,17,set_7486884,,,9333
bnk_7486885,7486885,7811,2010-01-03,CREDIT_CARD,27092,160,29,set_7486885,,,8000
bnk_7486887,7486887,2245,2010-01-03,DEBIT_CARD,16798,23,4,set_7486887,,,2272
bnk_7486888,7486888,5748,2010-01-03,DEBIT_CARD,24823,58,10,set_7486888,,,5816
bnk_7486889,7486889,2086,2010-01-03,DEBIT_CARD,72812,21,4,set_7486889,,,2111
bnk_7486890,7486890,5835,2010-01-03,CREDIT_CARD,43041,120,22,set_7486890,,,5977
bnk_7486891,7486891,3269,2010-01-03,DEBIT_CARD,20519,33,6,set_7486891,,,3308
bnk_7486892,7486892,3130,2010-01-03,DEBIT_CARD,48919,32,6,set_7486892,,,3168
bnk_7486893,7486893,7910,2010-01-03,DEBIT_CARD,99370,80,14,set_7486893,,,8004
bnk_7486894,7486894,36789,2010-01-03,DEBIT_CARD,68977,372,67,set_7486894,,,37228
bnk_7486895,7486895,7534,2010-01-03,DEBIT_CARD,2374,76,14,set_7486895,,,7624
bnk_7486898,7486898,3662,2010-01-03,DEBIT_CARD,7791,37,7,set_7486898,,,3706
bnk_7486899,7486899,3956,2010-01-03,CREDIT_CARD,75936,81,15,set_7486899,,,4052
bnk_7486900,7486900,6350,2010-01-03,DEBIT_CARD,98648,64,12,set_7486900,,,6426
bnk_7486902,7486902,1204,2010-01-03,DEBIT_CARD,94123,12,2,set_7486902,,,1218
bnk_7486903,7486903,14695,2010-01-03,DEBIT_CARD,35451,149,27,set_7486903,,,14871
bnk_7486904,7486904,7906,2010-01-03,DEBIT_CARD,27092,80,14,set_7486904,,,8000
bnk_7486905,7486905,23801,2010-01-03,CREDIT_CARD,73186,486,87,set_7486905,,,24320
bnk_7486907,7486907,5139,2010-01-03,DEBIT_CARD,59935,52,9,set_7486907,,,5200
bnk_7486908,7486908,188,2010-01-03,DEBIT_CARD,18563,2,0,set_7486908,,,190
bnk_7486909,7486909,104,2010-01-03,DEBIT_CARD,14528,1,0,set_7486909,,,105
bnk_7486910,7486910,7978,2010-01-03,CREDIT_CARD,25717,163,29,set_7486910,,,8170
bnk_7486911,7486911,15962,2010-01-03,DEBIT_CARD,36340,162,29,set_7486911,,,16153
bnk_7486912,7486912,3691,2010-01-03,DEBIT_CARD,25887,37,7,set_7486912,,,3735
bnk_7486913,7486913,1662,2010-01-03,CREDIT_CARD,30055,34,6,set_7486913,,,1702
bnk_7486914,7486914,2454,2010-01-03,CREDIT_CARD,50783,50,9,set_7486914,,,2513
bnk_7486915,7486915,11843,2010-01-03,DEBIT_CARD,31263,120,22,set_7486915,,,11985
bnk_7486916,7486916,4553,2010-01-03,CREDIT_CARD,18563,93,17,set_7486916,,,4663
bnk_7486918,7486918,834,2010-01-03,DEBIT_CARD,81703,7,1,set_7486918,,,700
bnk_7486919,7486919,3707,2010-01-03,DEBIT_CARD,24823,38,7,set_7486919,,,3752
bnk_7486920,7486920,1372,2010-01-03,DEBIT_CARD,99370,14,3,set_7486920,,,1389
bnk_7486921,7486921,2450,2010-01-03,CREDIT_CARD,88646,50,9,set_7486921,,,2509
bnk_7486922,7486922,5929,2010-01-03,DEBIT_CARD,27092,60,11,set_7486922,,,6000
bnk_7486923,7486923,4761,2010-01-03,CREDIT_CARD,88646,98,18,set_7486923,,,4877
bnk_7486924,7486924,4237,2010-01-03,CREDIT_CARD,75936,87,16,set_7486924,,,4340
bnk_7486925,7486925,9676,2010-01-03,DEBIT_CARD,4439,98,18,set_7486925,,,9792
bnk_7486927,7486927,3844,2010-01-03,DEBIT_CARD,31893,39,7,set_7486927,,,3890
bnk_7486928,7486928,2709,2010-01-03,DEBIT_CARD,100043,27,5,set_7486928,,,2741
bnk_7486929,7486929,1311,2010-01-03,CREDIT_CARD,81536,27,5,set_7486929,,,1343
bnk_7486930,7486930,7463,2010-01-03,CREDIT_CARD,69972,153,28,set_7486930,,,7644
bnk_7486931,7486931,2711,2010-01-03,DEBIT_CARD,91264,27,5,set_7486931,,,2743
bnk_7486932,7486932,16871,2010-01-03,DEBIT_CARD,80770,171,31,set_7486932,,,17073
bnk_7486933,7486933,1037,2010-01-03,DEBIT_CARD,30673,10,2,set_7486933,,,1049
bnk_7486934,7486934,2786,2010-01-03,DEBIT_CARD,36385,28,5,set_7486934,,,2819
bnk_7486936,7486936,2362,2010-01-03,CREDIT_CARD,53835,48,9,set_7486936,,,2419
bnk_7486937,7486937,54,2010-01-03,DEBIT_CARD,86438,1,0,set_7486937,,,55
bnk_7486938,7486938,1133,2010-01-03,DEBIT_CARD,74146,11,2,set_7486938,,,1146
bnk_7486939,7486939,91,2010-01-03,CREDIT_CARD,86438,2,0,set_7486939,,,93
bnk_7486940,7486940,7161,2010-01-03,DEBIT_CARD,54850,71,13,set_7486940,,,7103
bnk_7486942,7486942,3906,2010-01-03,CREDIT_CARD,27092,80,14,set_7486942,,,4000
bnk_7486943,7486943,10061,2010-01-03,CREDIT_CARD,90949,206,37,set_7486943,,,10304
bnk_7486944,7486944,2913,2010-01-03,DEBIT_CARD,24823,29,5,set_7486944,,,2947
bnk_7486945,7486945,1953,2010-01-03,CREDIT_CARD,27092,40,7,set_7486945,,,2000
bnk_7486947,7486947,3735,2010-01-03,DEBIT_CARD,22938,38,7,set_7486947,,,3780
bnk_7486948,7486948,16604,2010-01-03,CREDIT_CARD,54850,340,61,set_7486948,,,17005
bnk_7486949,7486949,9823,2010-01-03,DEBIT_CARD,50783,99,18,set_7486949,,,9940
bnk_7486950,7486950,6056,2010-01-03,DEBIT_CARD,80012,61,11,set_7486950,,,6128
bnk_7486951,7486951,4604,2010-01-03,DEBIT_CARD,48919,47,8,set_7486951,,,4659
bnk_7486952,7486952,3904,2010-01-03,DEBIT_CARD,81833,40,7,set_7486952,,,3951
bnk_7486954,7486954,901,2010-01-03,CREDIT_CARD,58626,18,3,set_7486954,,,922
bnk_7486955,7486955,6077,2010-01-03,DEBIT_CARD,67763,62,11,set_7486955,,,6150
bnk_7486956,7486956,575,2010-01-03,DEBIT_CARD,12329,6,1,set_7486956,,,582
bnk_7486957,7486957,4514,2010-01-03,DEBIT_CARD,47588,46,8,set_7486957,,,4568
bnk_7486958,7486958,914,2010-01-03,DEBIT_CARD,81833,9,2,set_7486958,,,925
bnk_7486959,7486959,13160,2010-01-03,CREDIT_CARD,86616,270,49,set_7486959,,,13479
bnk_7486960,7486960,458,2010-01-03,DEBIT_CARD,26909,5,1,set_7486960,,,464
bnk_7486961,7486961,1744,2010-01-03,CREDIT_CARD,61195,36,6,set_7486961,,,1786
bnk_7486962,7486962,3155,2010-01-03,DEBIT_CARD,18563,32,6,set_7486962,,,3193
bnk_7486963,7486963,18682,2010-01-03,DEBIT_CARD,98686,189,34,set_7486963,,,18905
bnk_7486964,7486964,2402,2010-01-03,DEBIT_CARD,58395,24,4,set_7486964,,,2430
bnk_7486965,7486965,1235,2010-01-03,DEBIT_CARD,69972,13,2,set_7486965,,,1250
bnk_7486966,7486966,3765,2010-01-03,DEBIT_CARD,69956,38,7,set_7486966,,,3810
bnk_7486967,7486967,6841,2010-01-03,DEBIT_CARD,9932,69,12,set_7486967,,,6922
bnk_7486968,7486968,4827,2010-01-03,DEBIT_CARD,1554,49,9,set_7486968,,,4885
bnk_7486969,7486969,2351,2010-01-03,CREDIT_CARD,63390,48,9,set_7486969,,,2408
bnk_7486970,7486970,1476,2010-01-03,DEBIT_CARD,20561,15,3,set_7486970,,,1494
bnk_7486971,7486971,10335,2010-01-03,DEBIT_CARD,86616,105,19,set_7486971,,,10459
bnk_7486972,7486972,1710,2010-01-03,DEBIT_CARD,3211,17,3,set_7486972,,,1730
bnk_7486973,7486973,6820,2010-01-03,DEBIT_CARD,62238,69,12,set_7486973,,,6901
bnk_7486974,7486974,1333,2010-01-03,DEBIT_CARD,7275,12,2,set_7486974,,,1237
bnk_7486975,7486975,2940,2010-01-03,CREDIT_CARD,86959,60,11,set_7486975,,,3011
bnk_7486977,7486977,5710,2010-01-03,DEBIT_CARD,32361,58,10,set_7486977,,,5778
bnk_7486978,7486978,5999,2010-01-03,DEBIT_CARD,66558,61,11,set_7486978,,,6071
bnk_7486979,7486979,29097,2010-01-03,CREDIT_CARD,39991,596,107,set_7486979,,,29800
bnk_7486981,7486981,5438,2010-01-03,DEBIT_CARD,75936,55,10,set_7486981,,,5503
bnk_7486982,7486982,202,2010-01-03,DEBIT_CARD,75781,2,0,set_7486982,,,204
bnk_7486983,7486983,134,2010-01-03,DEBIT_CARD,56431,1,0,set_7486983,,,135
bnk_7486984,7486984,1021,2010-01-03,DEBIT_CARD,89069,10,2,set_7486984,,,1033
bnk_7486985,7486985,114,2010-01-03,DEBIT_CARD,20519,1,0,set_7486985,,,115
bnk_7486986,7486986,324,2010-01-03,DEBIT_CARD,6853,3,1,set_7486986,,,328
bnk_7486988,7486988,124,2010-01-03,CREDIT_CARD,14528,3,1,set_7486988,,,128
bnk_7486989,7486989,4115,2010-01-03,DEBIT_CARD,16229,42,8,set_7486989,,,4165
bnk_7486990,7486990,2902,2010-01-03,CREDIT_CARD,5684,59,11,set_7486990,,,2972
bnk_7486991,7486991,6499,2010-01-03,CREDIT_CARD,81477,133,24,set_7486991,,,6656
bnk_7486992,7486992,1806,2010-01-03,DEBIT_CARD,16798,18,3,set_7486992,,,1827
bnk_7486994,7486994,8720,2010-01-03,DEBIT_CARD,20561,88,16,set_7486994,,,8824
bnk_7486996,7486996,14870,2010-01-03,DEBIT_CARD,69338,149,27,set_7486996,,,14919
bnk_7486998,7486998,5929,2010-01-03,DEBIT_CARD,27092,60,11,set_7486998,,,6000
bnk_7486999,7486999,981,2010-01-03,DEBIT_CARD,66758,10,2,set_7486999,,,993
bnk_7487000,7487000,8231,2010-01-03,CREDIT_CARD,1897,169,30,set_7487000,,,8430
bnk_7487001,7487001,7205,2010-01-03,DEBIT_CARD,32175,73,13,set_7487001,,,7291
bnk_7487002,7487002,1953,2010-01-03,CREDIT_CARD,27092,40,7,set_7487002,,,2000
bnk_7487003,7487003,12926,2010-01-04,DEBIT_CARD,23183,131,24,set_7487003,,,13081
bnk_7487004,7487004,1353,2010-01-04,DEBIT_CARD,75781,14,3,set_7487004,,,1370
bnk_7487005,7487005,12162,2010-01-04,DEBIT_CARD,69056,123,22,set_7487005,,,12307
bnk_7487006,7487006,815,2010-01-04,DEBIT_CARD,39261,8,1,set_7487006,,,824
bnk_7487007,7487007,11717,2010-01-04,CREDIT_CARD,27092,240,43,set_7487007,,,12000
bnk_7487008,7487008,343,2010-01-04,DEBIT_CARD,92883,3,1,set_7487008,,,347
bnk_7487009,7487009,355,2010-01-04,DEBIT_CARD,19964,4,1,set_7487009,,,360
bnk_7487011,7487011,9231,2010-01-04,DEBIT_CARD,30286,93,17,set_7487011,,,9341
bnk_7487013,7487013,11713,2010-01-04,DEBIT_CARD,635,119,21,set_7487013,,,11853
bnk_7487014,7487014,47,2010-01-04,DEBIT_CARD,20561,0,0,set_7487014,,,48
bnk_7487015,7487015,3505,2010-01-04,CREDIT_CARD,81759,71,13,set_7487015,,,3530
bnk_7487016,7487016,9882,2010-01-04,DEBIT_CARD,27092,100,18,set_7487016,,,10000
bnk_7487017,7487017,2410,2010-01-04,DEBIT_CARD,39021,24,4,set_7487017,,,2438
bnk_7487018,7487018,407,2010-01-04,DEBIT_CARD,59935,4,1,set_7487018,,,412
bnk_7487020,7487020,313,2010-01-04,CREDIT_CARD,75936,6,1,set_7487020,,,320
bnk_7487021,7487021,4990,2010-01-04,DEBIT_CARD,61195,50,9,set_7487021,,,5049
bnk_7487022,7487022,8661,2010-01-04,DEBIT_CARD,81833,88,16,set_7487022,,,8765
bnk_7487023,7487023,5633,2010-01-04,DEBIT_CARD,61195,57,10,set_7487023,,,5700
bnk_7487025,7487025,1372,2010-01-04,DEBIT_CARD,47399,14,3,set_7487025,,,1389
bnk_7487026,7487026,2867,2010-01-04,DEBIT_CARD,88646,29,5,set_7487026,,,2902
bnk_7487027,7487027,9373,2010-01-04,CREDIT_CARD,43293,192,35,set_7487027,,,9600
bnk_7487028,7487028,519,2010-01-04,DEBIT_CARD,21739,5,1,set_7487028,,,525
bnk_7487029,7487029,223,2010-01-04,CREDIT_CARD,17493,5,1,set_7487029,,,229
bnk_7487030,7487030,8123,2010-01-04,DEBIT_CARD,50783,82,15,set_7487030,,,8220
bnk_7487031,7487031,1875,2010-01-04,CREDIT_CARD,16798,38,7,set_7487031,,,1920
bnk_7487032,7487032,4884,2010-01-04,CREDIT_CARD,60600,100,18,set_7487032,,,5002
bnk_7487035,7487035,4882,2010-01-04,CREDIT_CARD,60600,100,18,set_7487035,,,5000
bnk_7487038,7487038,290,2010-01-04,CREDIT_CARD,43293,6,1,set_7487038,,,297
bnk_7487040,7487040,5760,2010-01-04,DEBIT_CARD,88646,58,10,set_7487040,,,5828
bnk_7487041,7487041,4011,2010-01-04,DEBIT_CARD,27092,40,7,set_7487041,,,4000
bnk_7487042,7487042,10316,2010-01-04,DEBIT_CARD,20519,104,19,set_7487042,,,10439
bnk_7487043,7487043,383,2010-01-04,CREDIT_CARD,34702,8,1,set_7487043,,,392
bnk_7487044,7487044,3787,2010-01-04,CREDIT_CARD,61195,78,14,set_7487044,,,3879
bnk_7487046,7487046,769,2010-01-04,DEBIT_CARD,46284,8,1,set_7487046,,,778
bnk_7487048,7487048,12692,2010-01-04,CREDIT_CARD,32480,260,47,set_7487048,,,12999
bnk_7487049,7487049,10187,2010-01-04,DEBIT_CARD,99370,103,19,set_7487049,,,10309
bnk_7487050,7487050,2571,2010-01-04,DEBIT_CARD,32175,26,5,set_7487050,,,2602
bnk_7487051,7487051,2542,2010-01-04,DEBIT_CARD,29232,26,5,set_7487051,,,2573
bnk_7487052,7487052,7276,2010-01-04,DEBIT_CARD,18215,74,13,set_7487052,,,7363
bnk_7487053,7487053,1627,2010-01-04,CREDIT_CARD,14005,33,6,set_7487053,,,1666
bnk_7487054,7487054,110,2010-01-04,CREDIT_CARD,14528,2,0,set_7487054,,,112
bnk_7487055,7487055,691,2010-01-04,CREDIT_CARD,47399,14,3,set_7487055,,,708
bnk_7487056,7487056,17535,2010-01-04,CREDIT_CARD,10991,359,65,set_7487056,,,17959
bnk_7487057,7487057,255,2010-01-04,DEBIT_CARD,22204,3,1,set_7487057,,,259
bnk_7487058,7487058,2947,2010-01-04,DEBIT_CARD,34256,30,5,set_7487058,,,2982
bnk_7487058b,7487058,2947,2010-01-04,DEBIT_CARD,34256,30,5,set_7487058b,,,2982
bnk_7487059,7487059,3759,2010-01-04,DEBIT_CARD,20519,38,7,set_7487059,,,3804
bnk_7487060,7487060,3906,2010-01-04,CREDIT_CARD,27092,80,14,set_7487060,,,4000
bnk_7487061,7487061,8314,2010-01-04,CREDIT_CARD,73186,170,31,set_7487061,,,8515
bnk_7487062,7487062,10349,2010-01-04,CREDIT_CARD,73186,210,38,set_7487062,,,10490
bnk_7487063,7487063,2369,2010-01-04,DEBIT_CARD,18980,24,4,set_7487063,,,2397
bnk_7487064,7487064,5048,2010-01-04,DEBIT_CARD,18215,51,9,set_7487064,,,5108
bnk_7487065,7487065,206,2010-01-04,DEBIT_CARD,25887,2,0,set_7487065,,,208
bnk_7487066,7487066,18949,2010-01-04,CREDIT_CARD,73186,388,70,set_7487066,,,19407
bnk_7487067,7487067,383,2010-01-04,DEBIT_CARD,69345,4,1,set_7487067,,,388
bnk_7487068,7487068,3648,2010-01-04,CREDIT_CARD,88192,73,13,set_7487068,,,3634
bnk_7487069,7487069,10899,2010-01-04,CREDIT_CARD,65108,223,40,set_7487069,,,11162
bnk_7487071,7487071,9985,2010-01-04,DEBIT_CARD,24827,101,18,set_7487071,,,10104
bnk_7487072,7487072,215,2010-01-04,CREDIT_CARD,81833,4,1,set_7487072,,,220
bnk_7487073,7487073,4639,2010-01-04,CREDIT_CARD,54850,95,17,set_7487073,,,4752
bnk_7487074,7487074,3113,2010-01-04,DEBIT_CARD,88646,32,6,set_7487074,,,3151
bnk_7487077,7487077,6955,2010-01-04,CREDIT_CARD,50783,142,26,set_7487077,,,7123
bnk_7487078,7487078,979,2010-01-04,CREDIT_CARD,14005,19,3,set_7487078,,,940
bnk_7487079,7487079,2926,2010-01-04,DEBIT_CARD,19964,29,5,set_7487079,,,2910
bnk_7487080,7487080,10166,2010-01-04,CREDIT_CARD,98648,208,37,set_7487080,,,10411
bnk_7487081,7487081,4828,2010-01-04,CREDIT_CARD,20519,99,18,set_7487081,,,4945
bnk_7487082,7487082,5780,2010-01-04,DEBIT_CARD,35451,59,11,set_7487082,,,5850
bnk_7487083,7487083,807,2010-01-04,CREDIT_CARD,50783,17,3,set_7487083,,,827
bnk_7487084,7487084,9134,2010-01-04,CREDIT_CARD,54298,187,34,set_7487084,,,9355
bnk_7487085,7487085,4826,2010-01-04,DEBIT_CARD,4439,49,9,set_7487085,,,4884
bnk_7487086,7487086,5843,2010-01-04,CREDIT_CARD,39021,120,22,set_7487086,,,5985
bnk_7487088,7487088,555,2010-01-04,DEBIT_CARD,2177,6,1,set_7487088,,,562
bnk_7487089,7487089,551,2010-01-04,DEBIT_CARD,23481,6,1,set_7487089,,,558
bnk_7487090,7487090,10174,2010-01-04,DEBIT_CARD,30286,103,19,set_7487090,,,10296
bnk_7487091,7487091,418,2010-01-04,DEBIT_CARD,75781,4,1,set_7487091,,,423
bnk_7487092,7487092,4879,2010-01-04,CREDIT_CARD,92872,100,18,set_7487092,,,4997
bnk_7487093,7487093,6913,2010-01-04,DEBIT_CARD,9932,70,13,set_7487093,,,6996
bnk_7487094,7487094,1333,2010-01-04,DEBIT_CARD,43293,14,3,set_7487094,,,1350
bnk_7487095,7487095,151,2010-01-04,CREDIT_CARD,2177,3,1,set_7487095,,,155
bnk_7487096,7487096,12733,2010-01-04,CREDIT_CARD,76830,261,47,set_7487096,,,13041
bnk_7487097,7487097,2226,2010-01-04,DEBIT_CARD,39021,23,4,set_7487097,,,2253
bnk_7487098,7487098,2498,2010-01-04,DEBIT_CARD,87530,25,5,set_7487098,,,2528
bnk_7487099,7487099,243,2010-01-04,DEBIT_CARD,12727,2,0,set_7487099,,,245
bnk_7487100,7487100,408,2010-01-04,DEBIT_CARD,59397,4,1,set_7487100,,,413
bnk_7487101,7487101,3842,2010-01-04,DEBIT_CARD,94123,39,7,set_7487101,,,3888
bnk_7487102,7487102,200,2010-01-04,DEBIT_CARD,75936,2,0,set_7487102,,,202
bnk_7487103,7487103,5427,2010-01-04,DEBIT_CARD,72548,55,10,set_7487103,,,5492
bnk_7487105,7487105,2676,2010-01-04,CREDIT_CARD,86616,55,10,set_7487105,,,2741
bnk_7487106,7487106,631,2010-01-04,DEBIT_CARD,43007,6,1,set_7487106,,,638
bnk_7487108,7487108,4804,2010-01-04,CREDIT_CARD,81477,98,18,set_7487108,,,4920
bnk_7487109,7487109,4024,2010-01-04,DEBIT_CARD,86313,41,7,set_7487109,,,4072
bnk_7487110,7487110,1628,2010-01-04,DEBIT_CARD,68197,16,3,set_7487110,,,1647
bnk_7487111,7487111,469,2010-01-04,DEBIT_CARD,69972,5,1,set_7487111,,,475
bnk_7487112,7487112,8231,2010-01-04,DEBIT_CARD,26909,83,15,set_7487112,,,8329
bnk_7487116,7487116,17456,2010-01-04,DEBIT_CARD,54850,177,32,set_7487116,,,17665
bnk_7487117,7487117,251,2010-01-04,DEBIT_CARD,35954,3,1,set_7487117,,,255
bnk_7487118,7487118,7464,2010-01-04,DEBIT_CARD,15428,76,14,set_7487118,,,7554
bnk_7487119,7487119,7811,2010-01-04,CREDIT_CARD,27092,160,29,set_7487119,,,8000
bnk_7487120,7487120,6185,2010-01-04,DEBIT_CARD,11468,63,11,set_7487120,,,6259
bnk_7487123,7487123,7454,2010-01-04,CREDIT_CARD,31893,153,28,set_7487123,,,7635
bnk_7487124,7487124,530,2010-01-04,DEBIT_CARD,82981,5,1,set_7487124,,,535
bnk_7487125,7487125,11655,2010-01-04,DEBIT_CARD,30286,117,21,set_7487125,,,11657
bnk_7487126,7487126,10515,2010-01-04,CREDIT_CARD,43642,215,39,set_7487126,,,10769
bnk_7487127,7487127,11956,2010-01-04,DEBIT_CARD,73186,121,22,set_7487127,,,12099
bnk_7487128,7487128,1298,2010-01-04,DEBIT_CARD,2205,13,2,set_7487128,,,1313
bnk_7487129,7487129,1182,2010-01-04,DEBIT_CARD,85247,12,2,set_7487129,,,1196
bnk_7487131,7487131,1633,2010-01-04,CREDIT_CARD,20519,33,6,set_7487131,,,1672
bnk_7487132,7487132,2228,2010-01-04,DEBIT_CARD,49258,23,4,set_7487132,,,2255
bnk_7487133,7487133,2827,2010-01-04,CREDIT_CARD,66579,58,10,set_7487133,,,2895
bnk_7487134,7487134,377,2010-01-04,CREDIT_CARD,89738,8,1,set_7487134,,,386
bnk_7487135,7487135,310,2010-01-04,DEBIT_CARD,39261,3,1,set_7487135,,,314
bnk_7487137,7487137,13454,2010-01-04,CREDIT_CARD,6686,276,50,set_7487137,,,13780
bnk_7487138,7487138,13374,2010-01-04,CREDIT_CARD,1827,274,49,set_7487138,,,13697
bnk_7487139,7487139,5387,2010-01-04,DEBIT_CARD,20561,55,10,set_7487139,,,5452
bnk_7487140,7487140,99,2010-01-04,DEBIT_CARD,14528,1,0,set_7487140,,,100
bnk_7487141,7487141,1347,2010-01-04,DEBIT_CARD,2205,14,3,set_7487141,,,1364
bnk_7487142,7487142,6485,2010-01-04,DEBIT_CARD,20561,66,12,set_7487142,,,6563
bnk_7487143,7487143,3398,2010-01-04,DEBIT_CARD,86410,34,6,set_7487143,,,3438
bnk_7487144,7487144,5432,2010-01-04,DEBIT_CARD,87530,55,10,set_7487144,,,5497
bnk_7487145,7487145,5616,2010-01-04,CREDIT_CARD,73186,115,21,set_7487145,,,5752
bnk_7487146,7487146,10272,2010-01-04,CREDIT_CARD,19751,210,38,set_7487146,,,10520
bnk_7487147,7487147,7811,2010-01-04,CREDIT_CARD,27092,160,29,set_7487147,,,8000
bnk_7487148,7487148,1063,2010-01-04,DEBIT_CARD,99370,11,2,set_7487148,,,1076
bnk_7487149,7487149,5272,2010-01-04,CREDIT_CARD,81759,108,19,set_7487149,,,5399
bnk_7487150,7487150,17635,2010-01-04,CREDIT_CARD,87530,361,65,set_7487150,,,18060
bnk_7487151,7487151,269,2010-01-04,DEBIT_CARD,26810,3,1,set_7487151,,,273
bnk_7487152,7487152,3618,2010-01-04,DEBIT_CARD,60569,37,7,set_7487152,,,3662
bnk_7487153,7487153,12526,2010-01-04,CREDIT_CARD,5355,257,46,set_7487153,,,12829
bnk_7487155,7487155,468,2010-01-04,DEBIT_CARD,20519,4,1,set_7487155,,,404
bnk_7487159,7487159,163,2010-01-04,DEBIT_CARD,28965,2,0,set_7487159,,,165
bnk_7487159b,7487159,163,2010-01-04,DEBIT_CARD,28965,2,0,set_7487159b,,,165
bnk_7487160,7487160,2476,2010-01-04,DEBIT_CARD,27310,25,5,set_7487160,,,2506
bnk_7487161,7487161,1259,2010-01-04,CREDIT_CARD,49709,26,5,set_7487161,,,1290
bnk_7487162,7487162,4032,2010-01-04,DEBIT_CARD,82981,41,7,set_7487162,,,4080
bnk_7487163,7487163,2009,2010-01-04,DEBIT_CARD,15143,20,4,set_7487163,,,2033
bnk_7487164,7487164,1192,2010-01-04,CREDIT_CARD,99370,24,4,set_7487164,,,1220
bnk_7487165,7487165,2322,2010-01-04,DEBIT_CARD,39021,24,4,set_7487165,,,2350
bnk_7487166,7487166,602,2010-01-04,DEBIT_CARD,50783,6,1,set_7487166,,,609
bnk_7487167,7487167,256,2010-01-04,DEBIT_CARD,44578,3,1,set_7487167,,,260
bnk_7487168,7487168,9637,2010-01-04,DEBIT_CARD,48919,98,18,set_7487168,,,9753
bnk_7487169,7487169,3483,2010-01-04,CREDIT_CARD,71732,71,13,set_7487169,,,3567
bnk_7487170,7487170,383,2010-01-04,DEBIT_CARD,44578,4,1,set_7487170,,,388
bnk_7487171,7487171,2479,2010-01-04,CREDIT_CARD,47399,51,9,set_7487171,,,2539
bnk_7487172,7487172,2483,2010-01-04,DEBIT_CARD,13523,25,5,set_7487172,,,2513
bnk_7487173,7487173,6966,2010-01-04,DEBIT_CARD,14819,71,13,set_7487173,,,7050
bnk_7487174,7487174,7921,2010-01-04,CREDIT_CARD,75781,162,29,set_7487174,,,8112
bnk_7487175,7487175,6357,2010-01-04,CREDIT_CARD,73186,130,23,set_7487175,,,6510
bnk_7487176,7487176,84,2010-01-04,DEBIT_CARD,14528,1,0,set_7487176,,,85
bnk_7487177,7487177,4114,2010-01-04,CREDIT_CARD,30286,84,15,set_7487177,,,4213
bnk_7487178,7487178,2243,2010-01-04,DEBIT_CARD,16798,23,4,set_7487178,,,2270
bnk_7487179,7487179,4927,2010-01-04,CREDIT_CARD,30286,101,18,set_7487179,,,5046
bnk_7487180,7487180,2003,2010-01-04,DEBIT_CARD,41363,20,4,set_7487180,,,2027
bnk_7487181,7487181,3683,2010-01-04,DEBIT_CARD,45926,37,7,set_7487181,,,3727
bnk_7487182,7487182,6542,2010-01-04,DEBIT_CARD,86369,66,12,set_7487182,,,6620
bnk_7487183,7487183,6612,2010-01-04,CREDIT_CARD,86616,135,24,set_7487183,,,6771
bnk_7487184,7487184,11619,2010-01-04,CREDIT_CARD,39991,238,43,set_7487184,,,11900
bnk_7487185,7487185,31633,2010-01-04,CREDIT_CARD,74934,648,117,set_7487185,,,32398
bnk_7487187,7487187,4108,2010-01-04,CREDIT_CARD,81759,84,15,set_7487187,,,4207
bnk_7487188,7487188,10076,2010-01-04,DEBIT_CARD,4057,102,18,set_7487188,,,10196
bnk_7487188b,7487188,10076,2010-01-04,DEBIT_CARD,4057,102,18,set_7487188b,,,10196
bnk_7487189,7487189,8880,2010-01-04,CREDIT_CARD,32175,179,32,set_7487189,,,8974
bnk_7487190,7487190,3352,2010-01-04,DEBIT_CARD,74678,34,6,set_7487190,,,3392
bnk_7487191,7487191,618,2010-01-04,DEBIT_CARD,92625,6,1,set_7487191,,,625
bnk_7487193,7487193,11858,2010-01-04,DEBIT_CARD,27092,120,22,set_7487193,,,12000
bnk_7487194,7487194,3049,2010-01-04,DEBIT_CARD,42465,31,6,set_7487194,,,3086
bnk_7487195,7487195,12144,2010-01-04,CREDIT_CARD,20884,249,45,set_7487195,,,12438
bnk_7487196,7487196,12554,2010-01-04,CREDIT_CARD,3997,257,46,set_7487196,,,12857
bnk_7487197,7487197,1196,2010-01-04,DEBIT_CARD,39261,11,2,set_7487197,,,1096
bnk_7487198,7487198,6359,2010-01-04,DEBIT_CARD,13646,64,12,set_7487198,,,6435
bnk_7487199,7487199,834,2010-01-04,DEBIT_CARD,71904,8,1,set_7487199,,,843
bnk_7487200,7487200,17139,2010-01-04,CREDIT_CARD,88275,351,63,set_7487200,,,17553
bnk_7487201,7487201,4807,2010-01-04,DEBIT_CARD,21189,49,9,set_7487201,,,4865
bnk_7487202,7487202,1004,2010-01-04,CREDIT_CARD,60354,21,4,set_7487202,,,1028
bnk_7487203,7487203,4018,2010-01-04,CREDIT_CARD,95072,82,15,set_7487203,,,4115
bnk_7487204,7487204,372,2010-01-04,DEBIT_CARD,20519,4,1,set_7487204,,,377
bnk_7487206,7487206,11130,2010-01-04,CREDIT_CARD,95915,228,41,set_7487206,,,11399
bnk_7487207,7487207,80,2010-01-04,CREDIT_CARD,88646,2,0,set_7487207,,,82
bnk_7487208,7487208,3441,2010-01-04,CREDIT_CARD,20561,70,13,set_7487208,,,3524
bnk_7487210,7487210,13720,2010-01-04,DEBIT_CARD,60569,139,25,set_7487210,,,13884
bnk_7487211,7487211,4363,2010-01-04,DEBIT_CARD,100235,44,8,set_7487211,,,4415
bnk_7487211b,7487211,4363,2010-01-04,DEBIT_CARD,100235,44,8,set_7487211b,,,4415
bnk_7487212,7487212,10189,2010-01-04,DEBIT_CARD,75936,103,19,set_7487212,,,10311
bnk_7487213,7487213,3701,2010-01-04,CREDIT_CARD,20561,76,14,set_7487213,,,3791
bnk_7487215,7487215,531,2010-01-04,CREDIT_CARD,24550,11,2,set_7487215,,,544
bnk_7487216,7487216,308,2010-01-04,DEBIT_CARD,44578,3,1,set_7487216,,,312
bnk_7487217,7487217,8185,2010-01-04,CREDIT_CARD,6689,168,30,set_7487217,,,8383
bnk_7487219,7487219,4472,2010-01-04,CREDIT_CARD,1725,92,17,set_7487219,,,4581
bnk_7487222,7487222,3184,2010-01-04,CREDIT_CARD,60989,62,11,set_7487222,,,3117
bnk_7487223,7487223,280,2010-01-04,CREDIT_CARD,20519,6,1,set_7487223,,,287
bnk_7487224,7487224,39627,2010-01-04,DEBIT_CARD,15574,401,72,set_7487224,,,40100
bnk_7487225,7487225,1186,2010-01-04,CREDIT_CARD,22204,24,4,set_7487225,,,1214
bnk_7487226,7487226,338,2010-01-04,DEBIT_CARD,83229,3,1,set_7487226,,,342
bnk_7487227,7487227,636,2010-01-04,DEBIT_CARD,39021,6,1,set_7487227,,,643
bnk_7487228,7487228,253,2010-01-04,DEBIT_CARD,50783,3,1,set_7487228,,,257
bnk_7487229,7487229,1375,2010-01-04,DEBIT_CARD,5909,14,3,set_7487229,,,1392
bnk_7487230,7487230,11666,2010-01-04,CREDIT_CARD,79000,239,43,set_7487230,,,11948
bnk_7487234,7487234,1176,2010-01-04,CREDIT_CARD,81833,24,4,set_7487234,,,1204
bnk_7487235,7487235,2337,2010-01-04,DEBIT_CARD,79927,24,4,set_7487235,,,2365
bnk_7487236,7487236,524,2010-01-04,DEBIT_CARD,59935,5,1,set_7487236,,,530
bnk_7487237,7487237,169,2010-01-04,CREDIT_CARD,59397,3,1,set_7487237,,,173
bnk_7487238,7487238,235,2010-01-04,DEBIT_CARD,25887,2,0,set_7487238,,,237
bnk_7487240,7487240,142,2010-01-04,DEBIT_CARD,25887,1,0,set_7487240,,,143
bnk_7487241,7487241,2577,2010-01-04,DEBIT_CARD,20561,26,5,set_7487241,,,2608
bnk_7487242,7487242,242,2010-01-04,CREDIT_CARD,58343,5,1,set_7487242,,,248
bnk_7487243,7487243,5561,2010-01-04,CREDIT_CARD,43293,114,21,set_7487243,,,5696
bnk_7487244,7487244,5209,2010-01-04,DEBIT_CARD,39021,53,10,set_7487244,,,5272
bnk_7487246,7487246,265,2010-01-04,DEBIT_CARD,20519,3,1,set_7487246,,,269
bnk_7487247,7487247,284,2010-01-04,DEBIT_CARD,10186,3,1,set_7487247,,,288
bnk_7487248,7487248,9160,2010-01-04,DEBIT_CARD,59935,92,17,set_7487248,,,9168
bnk_7487249,7487249,22827,2010-01-04,DEBIT_CARD,78644,231,42,set_7487249,,,23100
bnk_7487250,7487250,8148,2010-01-04,DEBIT_CARD,88183,82,15,set_7487250,,,8245
bnk_7487251,7487251,1922,2010-01-04,DEBIT_CARD,75781,19,3,set_7487251,,,1944
bnk_7487253,7487253,11830,2010-01-04,CREDIT_CARD,27092,240,43,set_7487253,,,12000
bnk_7487254,7487254,356,2010-01-04,DEBIT_CARD,23481,4,1,set_7487254,,,361
bnk_7487255,7487255,10321,2010-01-04,CREDIT_CARD,67570,211,38,set_7487255,,,10570
bnk_7487259,7487259,15519,2010-01-04,DEBIT_CARD,61195,157,28,set_7487259,,,15704
bnk_7487262,7487262,110,2010-01-04,DEBIT_CARD,14528,1,0,set_7487262,,,111
bnk_7487263,7487263,1006,2010-01-04,CREDIT_CARD,63694,21,4,set_7487263,,,1031
bnk_7487264,7487264,14995,2010-01-04,CREDIT_CARD,47219,307,55,set_7487264,,,15357
bnk_7487265,7487265,2439,2010-01-04,DEBIT_CARD,26909,23,4,set_7487265,,,2345
bnk_7487266,7487266,9289,2010-01-04,DEBIT_CARD,26810,94,17,set_7487266,,,9400
bnk_7487267,7487267,6423,2010-01-04,DEBIT_CARD,59935,65,12,set_7487267,,,6500
bnk_7487268,7487268,167,2010-01-04,DEBIT_CARD,20519,2,0,set_7487268,,,169
bnk_7487269,7487269,4751,2010-01-04,CREDIT_CARD,34490,97,17,set_7487269,,,4865
bnk_7487270,7487270,2274,2010-01-04,DEBIT_CARD,24504,23,4,set_7487270,,,2301
bnk_7487271,7487271,5979,2010-01-04,CREDIT_CARD,31893,120,22,set_7487271,,,6023
bnk_7487272,7487272,9988,2010-01-04,CREDIT_CARD,50783,205,37,set_7487272,,,10230
bnk_7487273,7487273,1224,2010-01-04,DEBIT_CARD,39200,12,2,set_7487273,,,1238
bnk_7487274,7487274,1352,2010-01-04,DEBIT_CARD,61008,14,3,set_7487274,,,1369
bnk_7487274b,7487274,1352,2010-01-04,DEBIT_CARD,61008,14,3,set_7487274b,,,1369
bnk_7487275,7487275,301,2010-01-04,DEBIT_CARD,55060,3,1,set_7487275,,,305
bnk_7487276,7487276,556,2010-01-04,DEBIT_CARD,78758,6,1,set_7487276,,,563
bnk_7487277,7487277,338,2010-01-04,DEBIT_CARD,20519,2,0,set_7487277,,,215
bnk_7487279,7487279,3580,2010-01-04,DEBIT_CARD,39021,36,6,set_7487279,,,3622
bnk_7487280,7487280,209,2010-01-04,DEBIT_CARD,78454,2,0,set_7487280,,,211
bnk_7487282,7487282,3608,2010-01-04,DEBIT_CARD,31893,37,7,set_7487282,,,3652
bnk_7487283,7487283,5789,2010-01-04,DEBIT_CARD,44873,59,11,set_7487283,,,5859
bnk_7487284,7487284,3997,2010-01-04,CREDIT_CARD,10465,82,15,set_7487284,,,4094
bnk_7487287,7487287,276,2010-01-04,DEBIT_CARD,61195,3,1,set_7487287,,,280
bnk_7487288,7487288,96,2010-01-04,DEBIT_CARD,86438,1,0,set_7487288,,,97
bnk_7487290,7487290,1696,2010-01-04,DEBIT_CARD,20519,17,3,set_7487290,,,1716
bnk_7487292,7487292,16920,2010-01-04,CREDIT_CARD,89650,347,62,set_7487292,,,17329
bnk_7487293,7487293,402,2010-01-04,DEBIT_CARD,39021,4,1,set_7487293,,,407
bnk_7487296,7487296,2361,2010-01-04,DEBIT_CARD,20561,24,4,set_7487296,,,2389
bnk_7487297,7487297,542,2010-01-04,DEBIT_CARD,61195,5,1,set_7487297,,,548
bnk_7487298,7487298,311,2010-01-04,DEBIT_CARD,75781,3,1,set_7487298,,,314
bnk_7487299,7487299,2998,2010-01-04,DEBIT_CARD,91128,30,5,set_7487299,,,3033
bnk_7487300,7487300,1870,2010-01-04,CREDIT_CARD,32175,38,7,set_7487300,,,1915
bnk_7487302,7487302,362,2010-01-04,DEBIT_CARD,61195,2,0,set_7487302,,,221
bnk_7487303,7487303,141,2010-01-04,DEBIT_CARD,20561,1,0,set_7487303,,,142
bnk_7487304,7487304,3319,2010-01-04,CREDIT_CARD,20561,68,12,set_7487304,,,3398
bnk_7487305,7487305,8214,2010-01-04,CREDIT_CARD,15715,168,30,set_7487305,,,8412
bnk_7487306,7487306,2329,2010-01-04,CREDIT_CARD,46474,48,9,set_7487306,,,2386
bnk_7487307,7487307,41032,2010-01-04,DEBIT_CARD,89427,415,75,set_7487307,,,41522
bnk_7487308,7487308,2238,2010-01-04,CREDIT_CARD,36934,46,8,set_7487308,,,2292
bnk_7487309,7487309,2159,2010-01-04,DEBIT_CARD,75123,22,4,set_7487309,,,2185
bnk_7487310,7487310,332,2010-01-04,DEBIT_CARD,17220,3,1,set_7487310,,,336
bnk_7487311,7487311,4012,2010-01-04,DEBIT_CARD,20561,41,7,set_7487311,,,4060
bnk_7487312,7487312,24136,2010-01-04,CREDIT_CARD,14914,494,89,set_7487312,,,24719
bnk_7487313,7487313,2156,2010-01-04,DEBIT_CARD,30317,22,4,set_7487313,,,2182
bnk_7487315,7487315,4321,2010-01-04,DEBIT_CARD,32175,44,8,set_7487315,,,4373
bnk_7487317,7487317,4633,2010-01-04,CREDIT_CARD,5738,95,17,set_7487317,,,4745
bnk_7487318,7487318,257,2010-01-04,DEBIT_CARD,14528,3,1,set_7487318,,,261
bnk_7487320,7487320,6444,2010-01-04,CREDIT_CARD,43293,132,24,set_7487320,,,6600
bnk_7487321,7487321,828,2010-01-04,DEBIT_CARD,20561,8,1,set_7487321,,,837
bnk_7487322,7487322,38762,2010-01-04,DEBIT_CARD,32858,392,71,set_7487322,,,39225
bnk_7487323,7487323,2888,2010-01-04,CREDIT_CARD,39021,59,11,set_7487323,,,2958
bnk_7487324,7487324,200,2010-01-04,DEBIT_CARD,75781,2,0,set_7487324,,,202
bnk_7487326,7487326,6454,2010-01-04,CREDIT_CARD,19300,132,24,set_7487326,,,6610
bnk_7487327,7487327,382,2010-01-04,DEBIT_CARD,60569,4,1,set_7487327,,,387
bnk_7487328,7487328,11765,2010-01-04,CREDIT_CARD,3997,241,43,set_7487328,,,12049
bnk_7487329,7487329,294,2010-01-04,CREDIT_CARD,20519,6,1,set_7487329,,,301
bnk_7487330,7487330,2022,2010-01-04,CREDIT_CARD,90588,41,7,set_7487330,,,2070
bnk_7487331,7487331,150,2010-01-04,CREDIT_CARD,20058,3,1,set_7487331,,,154
bnk_7487332,7487332,336,2010-01-04,DEBIT_CARD,20519,3,1,set_7487332,,,340
bnk_7487333,7487333,337,2010-01-04,DEBIT_CARD,78758,3,1,set_7487333,,,341
bnk_7487334,7487334,510,2010-01-04,DEBIT_CARD,61195,5,1,set_7487334,,,516
bnk_7487335,7487335,227,2010-01-04,DEBIT_CARD,88646,2,0,set_7487335,,,229
bnk_7487336,7487336,5929,2010-01-04,DEBIT_CARD,27092,60,11,set_7487336,,,6000
bnk_7487337,7487337,3818,2010-01-04,CREDIT_CARD,75781,78,14,set_7487337,,,3910
bnk_7487337b,7487337,3818,2010-01-04,CREDIT_CARD,75781,78,14,set_7487337b,,,3910
bnk_7487338,7487338,5039,2010-01-04,DEBIT_CARD,39021,51,9,set_7487338,,,5099
bnk_7487339,7487339,4452,2010-01-04,DEBIT_CARD,78854,45,8,set_7487339,,,4505
bnk_7487340,7487340,9637,2010-01-04,CREDIT_CARD,41260,197,35,set_7487340,,,9869
bnk_7487341,7487341,7855,2010-01-04,DEBIT_CARD,26810,79,14,set_7487341,,,7948
bnk_7487342,7487342,5284,2010-01-04,CREDIT_CARD,13646,108,19,set_7487342,,,5411
bnk_7487343,7487343,9882,2010-01-04,DEBIT_CARD,27092,100,18,set_7487343,,,10000
bnk_7487344,7487344,2846,2010-01-04,DEBIT_CARD,66051,29,5,set_7487344,,,2880
bnk_7487345,7487345,2854,2010-01-04,DEBIT_CARD,18563,29,5,set_7487345,,,2888
bnk_7487346,7487346,206,2010-01-04,DEBIT_CARD,99795,2,0,set_7487346,,,208
bnk_7487348,7487348,390,2010-01-04,DEBIT_CARD,22204,4,1,set_7487348,,,395
bnk_7487349,7487349,372,2010-01-04,DEBIT_CARD,22268,4,1,set_7487349,,,377
bnk_7487350,7487350,3431,2010-01-04,DEBIT_CARD,87785,35,6,set_7487350,,,3472
bnk_7487351,7487351,5929,2010-01-04,DEBIT_CARD,27092,60,11,set_7487351,,,6000
bnk_7487352,7487352,13835,2010-01-04,DEBIT_CARD,27092,140,25,set_7487352,,,14000
bnk_7487353,7487353,3506,2010-01-04,CREDIT_CARD,50072,72,13,set_7487353,,,3591
bnk_7487356,7487356,337,2010-01-04,DEBIT_CARD,17493,3,1,set_7487356,,,341
bnk_7487358,7487358,207,2010-01-04,DEBIT_CARD,20519,2,0,set_7487358,,,209
bnk_7487360,7487360,434,2010-01-04,CREDIT_CARD,2177,9,2,set_7487360,,,445
bnk_7487362,7487362,238,2010-01-04,DEBIT_CARD,27364,2,0,set_7487362,,,240
bnk_7487364,7487364,845,2010-01-04,DEBIT_CARD,34702,9,2,set_7487364,,,856
bnk_7487365,7487365,4168,2010-01-04,DEBIT_CARD,96246,42,8,set_7487365,,,4218
bnk_7487366,7487366,6487,2010-01-04,CREDIT_CARD,34490,133,24,set_7487366,,,6644
bnk_7487367,7487367,8739,2010-01-04,DEBIT_CARD,75936,88,16,set_7487367,,,8843
bnk_7487368,7487368,464,2010-01-04,DEBIT_CARD,81833,5,1,set_7487368,,,470
bnk_7487370,7487370,7906,2010-01-04,DEBIT_CARD,27092,80,14,set_7487370,,,8000
bnk_7487371,7487371,6564,2010-01-04,CREDIT_CARD,32213,134,24,set_7487371,,,6722
bnk_7487372,7487372,9285,2010-01-04,DEBIT_CARD,86369,94,17,set_7487372,,,9396
bnk_7487374,7487374,1507,2010-01-04,DEBIT_CARD,59935,15,3,set_7487374,,,1525
bnk_7487377,7487377,3456,2010-01-04,CREDIT_CARD,39021,71,13,set_7487377,,,3540
bnk_7487380,7487380,2939,2010-01-04,DEBIT_CARD,80056,30,5,set_7487380,,,2974
bnk_7487381,7487381,1096,2010-01-04,CREDIT_CARD,96889,22,4,set_7487381,,,1122
bnk_7487382,7487382,134,2010-01-04,DEBIT_CARD,25887,1,0,set_7487382,,,135
bnk_7487383,7487383,11478,2010-01-04,DEBIT_CARD,38722,116,21,set_7487383,,,11615
bnk_7487384,7487384,482,2010-01-04,DEBIT_CARD,75781,5,1,set_7487384,,,488
bnk_7487385,7487385,1076,2010-01-04,DEBIT_CARD,19252,11,2,set_7487385,,,1089
bnk_7487385b,7487385,1076,2010-01-04,DEBIT_CARD,19252,11,2,set_7487385b,,,1089
bnk_7487386,7487386,222,2010-01-04,DEBIT_CARD,78454,2,0,set_7487386,,,224
bnk_7487387,7487387,525,2010-01-04,DEBIT_CARD,58739,5,1,set_7487387,,,531
bnk_7487388,7487388,963,2010-01-04,DEBIT_CARD,20993,10,2,set_7487388,,,975
bnk_7487389,7487389,1835,2010-01-04,DEBIT_CARD,83271,19,3,set_7487389,,,1857
bnk_7487390,7487390,11800,2010-01-04,CREDIT_CARD,3997,242,44,set_7487390,,,12086
bnk_7487391,7487391,6835,2010-01-04,CREDIT_CARD,59935,140,25,set_7487391,,,7000
bnk_7487392,7487392,240,2010-01-04,CREDIT_CARD,20561,5,1,set_7487392,,,246
bnk_7487393,7487393,2141,2010-01-04,CREDIT_CARD,96343,44,8,set_7487393,,,2193
bnk_7487394,7487394,271,2010-01-04,DEBIT_CARD,75936,3,1,set_7487394,,,275
bnk_7487396,7487396,1313,2010-01-04,DEBIT_CARD,81833,13,2,set_7487396,,,1328
bnk_7487397,7487397,1335,2010-01-04,DEBIT_CARD,70635,14,3,set_7487397,,,1352
bnk_7487398,7487398,2170,2010-01-04,DEBIT_CARD,70757,22,4,set_7487398,,,2196
bnk_7487399,7487399,2043,2010-01-04,DEBIT_CARD,39021,21,4,set_7487399,,,2068
bnk_7487401,7487401,3085,2010-01-04,DEBIT_CARD,39021,31,6,set_7487401,,,3122
bnk_7487402,7487402,10746,2010-01-04,DEBIT_CARD,11468,109,20,set_7487402,,,10875
bnk_7487403,7487403,9785,2010-01-04,CREDIT_CARD,60569,200,36,set_7487403,,,10021
bnk_7487404,7487404,1654,2010-01-04,DEBIT_CARD,20561,17,3,set_7487404,,,1674
bnk_7487405,7487405,187,2010-01-04,DEBIT_CARD,35451,2,0,set_7487405,,,189
bnk_7487406,7487406,2317,2010-01-04,DEBIT_CARD,30286,23,4,set_7487406,,,2344
bnk_7487407,7487407,820,2010-01-04,DEBIT_CARD,83271,7,1,set_7487407,,,681
bnk_7487408,7487408,9290,2010-01-04,DEBIT_CARD,59935,94,17,set_7487408,,,9400
bnk_7487412,7487412,3648,2010-01-04,DEBIT_CARD,15327,37,7,set_7487412,,,3691
bnk_7487413,7487413,9882,2010-01-04,DEBIT_CARD,27092,100,18,set_7487413,,,10000
bnk_7487415,7487415,262,2010-01-04,DEBIT_CARD,59935,3,1,set_7487415,,,266
bnk_7487416,7487416,5750,2010-01-04,DEBIT_CARD,39021,58,10,set_7487416,,,5818
bnk_7487417,7487417,7214,2010-01-04,DEBIT_CARD,59935,73,13,set_7487417,,,7300
bnk_7487417b,7487417,7214,2010-01-04,DEBIT_CARD,59935,73,13,set_7487417b,,,7300
bnk_7487418,7487418,3892,2010-01-04,DEBIT_CARD,20561,39,7,set_7487418,,,3938
bnk_7487420,7487420,1091,2010-01-04,CREDIT_CARD,50783,22,4,set_7487420,,,1117
bnk_7487421,7487421,585,2010-01-04,CREDIT_CARD,75781,12,2,set_7487421,,,599
bnk_7487423,7487423,6817,2010-01-04,DEBIT_CARD,22204,68,12,set_7487423,,,6777
bnk_7487422,7487422,7016,2010-01-04,DEBIT_CARD,22204,71,13,set_7487422,,,7100
bnk_7487424,7487424,1525,2010-01-04,DEBIT_CARD,20519,15,3,set_7487424,,,1543
bnk_7487425,7487425,382,2010-01-04,DEBIT_CARD,75936,4,1,set_7487425,,,388
bnk_7487426,7487426,843,2010-01-04,CREDIT_CARD,26810,17,3,set_7487426,,,863
bnk_7487428,7487428,112,2010-01-04,DEBIT_CARD,25717,1,0,set_7487428,,,113
bnk_7487430,7487430,132,2010-01-04,DEBIT_CARD,75781,1,0,set_7487430,,,133
bnk_7487431,7487431,178,2010-01-04,DEBIT_CARD,50783,2,0,set_7487431,,,180
bnk_7487433,7487433,252,2010-01-04,DEBIT_CARD,13190,3,1,set_7487433,,,256
bnk_7487434,7487434,691,2010-01-04,DEBIT_CARD,9932,7,1,set_7487434,,,699
bnk_7487436,7487436,4495,2010-01-04,CREDIT_CARD,20561,92,17,set_7487436,,,4604
bnk_7487437,7487437,432,2010-01-04,DEBIT_CARD,11947,4,1,set_7487437,,,437
bnk_7487438,7487438,5871,2010-01-04,CREDIT_CARD,34490,120,22,set_7487438,,,6013
bnk_7487439,7487439,444,2010-01-04,DEBIT_CARD,68812,5,1,set_7487439,,,450
bnk_7487440,7487440,172,2010-01-04,CREDIT_CARD,14528,4,1,set_7487440,,,177
bnk_7487441,7487441,325,2010-01-04,CREDIT_CARD,50783,7,1,set_7487441,,,333
bnk_7487443,7487443,3484,2010-01-04,CREDIT_CARD,59935,71,13,set_7487443,,,3568
bnk_7487444,7487444,1143,2010-01-04,DEBIT_CARD,50783,12,2,set_7487444,,,1157
bnk_7487445,7487445,5254,2010-01-04,CREDIT_CARD,50783,108,19,set_7487445,,,5381
bnk_7487446,7487446,5758,2010-01-04,CREDIT_CARD,30286,118,21,set_7487446,,,5897
bnk_7487448,7487448,2545,2010-01-04,DEBIT_CARD,59935,25,5,set_7487448,,,2510
bnk_7487449,7487449,3392,2010-01-04,DEBIT_CARD,50404,34,6,set_7487449,,,3432
bnk_7487451,7487451,2472,2010-01-04,CREDIT_CARD,39021,51,9,set_7487451,,,2532
bnk_7487452,7487452,18085,2010-01-04,CREDIT_CARD,85090,370,67,set_7487452,,,18522
bnk_7487453,7487453,291,2010-01-04,DEBIT_CARD,4547,3,1,set_7487453,,,295
bnk_7487454,7487454,1386,2010-01-04,DEBIT_CARD,20519,14,3,set_7487454,,,1403
bnk_7487455,7487455,1947,2010-01-04,DEBIT_CARD,18563,20,4,set_7487455,,,1971
bnk_7487456,7487456,6524,2010-01-04,DEBIT_CARD,72945,66,12,set_7487456,,,6602
bnk_7487457,7487457,766,2010-01-04,CREDIT_CARD,28032,16,3,set_7487457,,,785
bnk_7487458,7487458,1117,2010-01-04,DEBIT_CARD,81833,11,2,set_7487458,,,1130
bnk_7487459,7487459,17506,2010-01-04,CREDIT_CARD,73186,359,65,set_7487459,,,17930
bnk_7487460,7487460,5039,2010-01-04,DEBIT_CARD,59935,51,9,set_7487460,,,5099
bnk_7487461,7487461,1030,2010-01-04,DEBIT_CARD,50783,10,2,set_7487461,,,1042
bnk_7487462,7487462,10705,2010-01-04,CREDIT_CARD,68668,219,39,set_7487462,,,10963
bnk_7487463,7487463,4339,2010-01-04,CREDIT_CARD,39021,89,16,set_7487463,,,4444
bnk_7487465,7487465,3599,2010-01-04,DEBIT_CARD,41122,36,6,set_7487465,,,3641
bnk_7487466,7487466,1242,2010-01-04,CREDIT_CARD,98374,25,5,set_7487466,,,1272
bnk_7487467,7487467,127,2010-01-04,DEBIT_CARD,62965,1,0,set_7487467,,,128
bnk_7487468,7487468,161,2010-01-04,DEBIT_CARD,18846,2,0,set_7487468,,,163
bnk_7487469,7487469,3790,2010-01-04,CREDIT_CARD,59935,78,14,set_7487469,,,3882
bnk_7487470,7487470,338,2010-01-04,DEBIT_CARD,75936,3,1,set_7487470,,,342
bnk_7487471,7487471,2613,2010-01-04,CREDIT_CARD,18563,54,10,set_7487471,,,2677
bnk_7487472,7487472,4126,2010-01-04,DEBIT_CARD,39021,42,8,set_7487472,,,4176
bnk_7487473,7487473,144,2010-01-04,DEBIT_CARD,50783,1,0,set_7487473,,,145
bnk_7487474,7487474,294,2010-01-04,DEBIT_CARD,70995,3,1,set_7487474,,,298
bnk_7487475,7487475,146,2010-01-04,CREDIT_CARD,14528,3,1,set_7487475,,,150
bnk_7487478,7487478,3624,2010-01-04,DEBIT_CARD,82981,37,7,set_7487478,,,3668
bnk_7487480,7487480,13915,2010-01-04,CREDIT_CARD,43293,285,51,set_7487480,,,14251
bnk_7487481,7487481,8671,2010-01-04,DEBIT_CARD,34490,86,15,set_7487481,,,8630
bnk_7487483,7487483,1963,2010-01-04,DEBIT_CARD,59935,20,4,set_7487483,,,1987
bnk_7487484,7487484,3077,2010-01-04,DEBIT_CARD,39021,31,6,set_7487484,,,3114
bnk_7487485,7487485,7483,2010-01-04,DEBIT_CARD,22204,75,14,set_7487485,,,7483
bnk_7487487,7487487,4100,2010-01-04,DEBIT_CARD,59935,41,7,set_7487487,,,4148
bnk_7487486,7487486,8993,2010-01-04,DEBIT_CARD,59935,91,16,set_7487486,,,9100
bnk_7487488,7487488,1025,2010-01-04,CREDIT_CARD,59935,19,3,set_7487488,,,968
bnk_7487489,7487489,5237,2010-01-04,DEBIT_CARD,59935,53,10,set_7487489,,,5300
bnk_7487491,7487491,133,2010-01-04,DEBIT_CARD,86438,1,0,set_7487491,,,134
bnk_7487493,7487493,399,2010-01-04,CREDIT_CARD,61195,8,1,set_7487493,,,408
bnk_7487494,7487494,295,2010-01-04,DEBIT_CARD,59935,3,1,set_7487494,,,299
bnk_7487495,7487495,4835,2010-01-04,CREDIT_CARD,18563,99,18,set_7487495,,,4952
bnk_7487496,7487496,1388,2010-01-04,DEBIT_CARD,89001,14,3,set_7487496,,,1405
bnk_7487498,7487498,466,2010-01-04,DEBIT_CARD,83271,5,1,set_7487498,,,472
bnk_7487499,7487499,4436,2010-01-04,DEBIT_CARD,39021,45,8,set_7487499,,,4489
bnk_7487500,7487500,252,2010-01-04,CREDIT_CARD,20519,5,1,set_7487500,,,258
bnk_7487502,7487502,4142,2010-01-04,DEBIT_CARD,19964,42,8,set_7487502,,,4192
bnk_7487503,7487503,5544,2010-01-04,CREDIT_CARD,59935,112,20,set_7487503,,,5624
bnk_7487504,7487504,5718,2010-01-04,CREDIT_CARD,20561,117,21,set_7487504,,,5856
bnk_7487505,7487505,8981,2010-01-04,DEBIT_CARD,79927,91,16,set_7487505,,,9088
bnk_7487506,7487506,4871,2010-01-04,DEBIT_CARD,39021,49,9,set_7487506,,,4929
bnk_7487507,7487507,316,2010-01-04,DEBIT_CARD,69735,3,1,set_7487507,,,320
bnk_7487508,7487508,4496,2010-01-04,DEBIT_CARD,23882,45,8,set_7487508,,,4549
bnk_7487509,7487509,1294,2010-01-04,DEBIT_CARD,46284,13,2,set_7487509,,,1309
bnk_7487510,7487510,245,2010-01-04,CREDIT_CARD,83229,5,1,set_7487510,,,251
bnk_7487511,7487511,312,2010-01-04,DEBIT_CARD,48919,3,1,set_7487511,,,316
bnk_7487512,7487512,162,2010-01-04,DEBIT_CARD,19205,2,0,set_7487512,,,164
bnk_7487513,7487513,20,2010-01-04,DEBIT_CARD,43293,0,0,set_7487513,,,20
bnk_7487514,7487514,234,2010-01-04,DEBIT_CARD,17493,2,0,set_7487514,,,236
bnk_7487515,7487515,446,2010-01-04,DEBIT_CARD,59935,5,1,set_7487515,,,452
bnk_7487516,7487516,1017,2010-01-04,DEBIT_CARD,75363,10,2,set_7487516,,,1029
bnk_7487517,7487517,2975,2010-01-04,CREDIT_CARD,23438,61,11,set_7487517,,,3047
bnk_7487518,7487518,381,2010-01-04,DEBIT_CARD,98374,4,1,set_7487518,,,386
bnk_7487520,7487520,148,2010-01-04,DEBIT_CARD,14528,1,0,set_7487520,,,149
bnk_7487521,7487521,3544,2010-01-04,DEBIT_CARD,20519,36,6,set_7487521,,,3586
bnk_7487522,7487522,249,2010-01-04,CREDIT_CARD,20519,5,1,set_7487522,,,255
bnk_7487523,7487523,5226,2010-01-04,DEBIT_CARD,59935,53,10,set_7487523,,,5289
bnk_7487524,7487524,1112,2010-01-04,CREDIT_CARD,13155,23,4,set_7487524,,,1139
bnk_7487525,7487525,368,2010-01-04,DEBIT_CARD,61195,4,1,set_7487525,,,373
bnk_7487526,7487526,174,2010-01-04,DEBIT_CARD,75936,2,0,set_7487526,,,176
bnk_7487527,7487527,12896,2010-01-04,CREDIT_CARD,31707,264,48,set_7487527,,,13208
bnk_7487528,7487528,237,2010-01-04,DEBIT_CARD,75936,2,0,set_7487528,,,239
bnk_7487529,7487529,3949,2010-01-04,DEBIT_CARD,26810,40,7,set_7487529,,,3996
bnk_7487530,7487530,2479,2010-01-04,CREDIT_CARD,50783,51,9,set_7487530,,,2539
bnk_7487533,7487533,237,2010-01-04,DEBIT_CARD,68450,2,0,set_7487533,,,239
bnk_7487534,7487534,3209,2010-01-04,CREDIT_CARD,14565,66,12,set_7487534,,,3287
bnk_7487535,7487535,458,2010-01-04,DEBIT_CARD,29209,5,1,set_7487535,,,464
bnk_7487536,7487536,41,2010-01-04,CREDIT_CARD,61195,1,0,set_7487536,,,42
bnk_7487536b,7487536,41,2010-01-04,CREDIT_CARD,61195,1,0,set_7487536b,,,42
bnk_7487537,7487537,828,2010-01-04,CREDIT_CARD,74649,17,3,set_7487537,,,848
bnk_7487538,7487538,271,2010-01-04,DEBIT_CARD,97871,3,1,set_7487538,,,275
bnk_7487539,7487539,801,2010-01-04,CREDIT_CARD,60569,16,3,set_7487539,,,820
bnk_7487540,7487540,4610,2010-01-04,DEBIT_CARD,56431,47,8,set_7487540,,,4665
bnk_7487541,7487541,1894,2010-01-04,DEBIT_CARD,98672,19,3,set_7487541,,,1916
bnk_7487542,7487542,135,2010-01-04,DEBIT_CARD,44578,1,0,set_7487542,,,136
bnk_7487543,7487543,2834,2010-01-04,DEBIT_CARD,20519,29,5,set_7487543,,,2869
bnk_7487544,7487544,2915,2010-01-04,DEBIT_CARD,60569,29,5,set_7487544,,,2887
bnk_7487546,7487546,35,2010-01-04,CREDIT_CARD,59935,1,0,set_7487546,,,36
bnk_7487548,7487548,734,2010-01-04,DEBIT_CARD,22204,7,1,set_7487548,,,742
bnk_7487549,7487549,5048,2010-01-04,CREDIT_CARD,59935,102,18,set_7487549,,,5100
bnk_7487550,7487550,946,2010-01-04,DEBIT_CARD,81833,10,2,set_7487550,,,958
bnk_7487551,7487551,789,2010-01-04,DEBIT_CARD,25887,8,1,set_7487551,,,798
bnk_7487552,7487552,8597,2010-01-04,DEBIT_CARD,22204,87,16,set_7487552,,,8700
bnk_7487554,7487554,390,2010-01-04,DEBIT_CARD,50783,4,1,set_7487554,,,395
bnk_7487555,7487555,139,2010-01-04,DEBIT_CARD,86438,1,0,set_7487555,,,140
bnk_7487557,7487557,189,2010-01-04,DEBIT_CARD,33041,2,0,set_7487557,,,191
bnk_7487558,7487558,536,2010-01-04,CREDIT_CARD,69972,11,2,set_7487558,,,549
bnk_7487562,7487562,710,2010-01-04,DEBIT_CARD,37420,7,1,set_7487562,,,718
bnk_7487564,7487564,1528,2010-01-04,CREDIT_CARD,24504,31,6,set_7487564,,,1565
bnk_7487565,7487565,250,2010-01-04,DEBIT_CARD,20519,3,1,set_7487565,,,254
bnk_7487566,7487566,138,2010-01-04,DEBIT_CARD,20884,1,0,set_7487566,,,139
bnk_7487568,7487568,434,2010-01-04,DEBIT_CARD,22204,4,1,set_7487568,,,439
bnk_7487569,7487569,325,2010-01-04,DEBIT_CARD,75936,2,0,set_7487569,,,209
bnk_7487570,7487570,6324,2010-01-04,DEBIT_CARD,59935,64,12,set_7487570,,,6400
bnk_7487571,7487571,1623,2010-01-04,CREDIT_CARD,98374,33,6,set_7487571,,,1662
bnk_7487572,7487572,555,2010-01-04,CREDIT_CARD,65089,11,2,set_7487572,,,568
bnk_7487572b,7487572,555,2010-01-04,CREDIT_CARD,65089,11,2,set_7487572b,,,568
bnk_7487573,7487573,1739,2010-01-04,DEBIT_CARD,89069,18,3,set_7487573,,,1760
bnk_7487575,7487575,5370,2010-01-04,CREDIT_CARD,43293,110,20,set_7487575,,,5500
bnk_7487576,7487576,8104,2010-01-04,CREDIT_CARD,59935,166,30,set_7487576,,,8300
bnk_7487577,7487577,4257,2010-01-04,DEBIT_CARD,20561,43,8,set_7487577,,,4308
bnk_7487578,7487578,2779,2010-01-04,DEBIT_CARD,11429,28,5,set_7487578,,,2812
bnk_7487579,7487579,109,2010-01-04,DEBIT_CARD,79463,1,0,set_7487579,,,110
bnk_7487580,7487580,1182,2010-01-04,DEBIT_CARD,1361,12,2,set_7487580,,,1196
bnk_7487581,7487581,3103,2010-01-04,DEBIT_CARD,4076,31,6,set_7487581,,,3140
bnk_7487582,7487582,14452,2010-01-04,CREDIT_CARD,99860,296,53,set_7487582,,,14801
bnk_7487583,7487583,2899,2010-01-04,DEBIT_CARD,50783,29,5,set_7487583,,,2933
bnk_7487584,7487584,8315,2010-01-04,DEBIT_CARD,50783,84,15,set_7487584,,,8414
bnk_7487586,7487586,401,2010-01-04,DEBIT_CARD,20519,4,1,set_7487586,,,406
bnk_7487587,7487587,8952,2010-01-04,CREDIT_CARD,30055,183,33,set_7487587,,,9168
bnk_7487588,7487588,2388,2010-01-04,CREDIT_CARD,68069,49,9,set_7487588,,,2446
bnk_7487591,7487591,3016,2010-01-04,DEBIT_CARD,20561,31,6,set_7487591,,,3053
bnk_7487592,7487592,4134,2010-01-04,DEBIT_CARD,49944,42,8,set_7487592,,,4184
bnk_7487593,7487593,9963,2010-01-04,CREDIT_CARD,61195,204,37,set_7487593,,,10204
bnk_7487595,7487595,1071,2010-01-04,DEBIT_CARD,59935,11,2,set_7487595,,,1084
bnk_7487597,7487597,2535,2010-01-04,CREDIT_CARD,24504,52,9,set_7487597,,,2596
bnk_7487598,7487598,2053,2010-01-04,DEBIT_CARD,60569,21,4,set_7487598,,,2078
bnk_7487599,7487599,3156,2010-01-04,DEBIT_CARD,15143,32,6,set_7487599,,,3194
bnk_7487600,7487600,7811,2010-01-04,DEBIT_CARD,31707,79,14,set_7487600,,,7904
bnk_7487601,7487601,940,2010-01-04,DEBIT_CARD,34129,10,2,set_7487601,,,952
bnk_7487602,7487602,15311,2010-01-04,DEBIT_CARD,70903,155,28,set_7487602,,,15494
bnk_7487603,7487603,2413,2010-01-04,DEBIT_CARD,88998,24,4,set_7487603,,,2441
bnk_7487604,7487604,330,2010-01-04,CREDIT_CARD,56431,7,1,set_7487604,,,338
bnk_7487606,7487606,26,2010-01-04,CREDIT_CARD,35451,1,0,set_7487606,,,27
bnk_7487607,7487607,739,2010-01-04,DEBIT_CARD,75781,7,1,set_7487607,,,747
bnk_7487609,7487609,425,2010-01-04,CREDIT_CARD,45926,9,2,set_7487609,,,436
bnk_7487610,7487610,706,2010-01-04,CREDIT_CARD,83229,14,3,set_7487610,,,723
bnk_7487611,7487611,1707,2010-01-04,DEBIT_CARD,61195,17,3,set_7487611,,,1727
bnk_7487612,7487612,4414,2010-01-04,CREDIT_CARD,61195,90,16,set_7487612,,,4520
bnk_7487613,7487613,7609,2010-01-04,DEBIT_CARD,61195,77,14,set_7487613,,,7700
bnk_7487614,7487614,11858,2010-01-04,DEBIT_CARD,27092,120,22,set_7487614,,,12000
bnk_7487615,7487615,4295,2010-01-04,DEBIT_CARD,100251,43,8,set_7487615,,,4346
bnk_7487616,7487616,17227,2010-01-04,DEBIT_CARD,88916,174,31,set_7487616,,,17432
bnk_7487618,7487618,16,2010-01-04,CREDIT_CARD,41260,0,0,set_7487618,,,16
bnk_7487619,7487619,297,2010-01-04,DEBIT_CARD,20519,3,1,set_7487619,,,301
bnk_7487621,7487621,2857,2010-01-04,CREDIT_CARD,61195,59,11,set_7487621,,,2927
bnk_7487622,7487622,7801,2010-01-04,DEBIT_CARD,64057,79,14,set_7487622,,,7894
bnk_7487623,7487623,311,2010-01-04,DEBIT_CARD,50783,3,1,set_7487623,,,315
bnk_7487624,7487624,8993,2010-01-04,DEBIT_CARD,61195,91,16,set_7487624,,,9100
bnk_7487625,7487625,8202,2010-01-04,CREDIT_CARD,22204,168,30,set_7487625,,,8400
bnk_7487626,7487626,8397,2010-01-04,CREDIT_CARD,61195,172,31,set_7487626,,,8600
bnk_7487628,7487628,8696,2010-01-04,DEBIT_CARD,59935,88,16,set_7487628,,,8800
bnk_7487629,7487629,1782,2010-01-04,DEBIT_CARD,82981,18,3,set_7487629,,,1803
bnk_7487630,7487630,543,2010-01-04,CREDIT_CARD,88998,11,2,set_7487630,,,556
bnk_7487631,7487631,3396,2010-01-04,DEBIT_CARD,75781,34,6,set_7487631,,,3436
bnk_7487632,7487632,674,2010-01-04,DEBIT_CARD,97871,7,1,set_7487632,,,682
bnk_7487634,7487634,6337,2010-01-04,DEBIT_CARD,60569,64,12,set_7487634,,,6413
bnk_7487635,7487635,2725,2010-01-04,DEBIT_CARD,50404,28,5,set_7487635,,,2758
bnk_7487637,7487637,725,2010-01-04,DEBIT_CARD,94443,7,1,set_7487637,,,733
bnk_7487638,7487638,8148,2010-01-04,CREDIT_CARD,71892,167,30,set_7487638,,,8345
bnk_7487641,7487641,7128,2010-01-04,CREDIT_CARD,22204,146,26,set_7487641,,,7300
bnk_7487641b,7487641,7128,2010-01-04,CREDIT_CARD,22204,146,26,set_7487641b,,,7300
bnk_7487642,7487642,1669,2010-01-04,DEBIT_CARD,39021,17,3,set_7487642,,,1689
bnk_7487643,7487643,407,2010-01-04,DEBIT_CARD,50783,4,1,set_7487643,,,412
bnk_7487644,7487644,3693,2010-01-04,DEBIT_CARD,26909,37,7,set_7487644,,,3737
bnk_7487646,7487646,1137,2010-01-04,DEBIT_CARD,20561,12,2,set_7487646,,,1151
bnk_7487647,7487647,4406,2010-01-04,DEBIT_CARD,38602,45,8,set_7487647,,,4459
bnk_7487648,7487648,1047,2010-01-04,DEBIT_CARD,24504,11,2,set_7487648,,,1060
bnk_7487649,7487649,276,2010-01-04,DEBIT_CARD,25887,3,1,set_7487649,,,280
bnk_7487650,7487650,4882,2010-01-04,CREDIT_CARD,50867,100,18,set_7487650,,,5000
bnk_7487651,7487651,341,2010-01-04,DEBIT_CARD,53544,3,1,set_7487651,,,345
bnk_7487652,7487652,3505,2010-01-04,CREDIT_CARD,13646,72,13,set_7487652,,,3590
bnk_7487654,7487654,15622,2010-01-04,CREDIT_CARD,27092,320,58,set_7487654,,,16000
bnk_7487655,7487655,2071,2010-01-04,DEBIT_CARD,16798,21,4,set_7487655,,,2096
bnk_7487656,7487656,874,2010-01-04,DEBIT_CARD,48919,9,2,set_7487656,,,885
bnk_7487657,7487657,8696,2010-01-04,DEBIT_CARD,72351,88,16,set_7487657,,,8800
bnk_7487658,7487658,3987,2010-01-04,DEBIT_CARD,72351,40,7,set_7487658,,,4034
bnk_7487659,7487659,1065,2010-01-04,DEBIT_CARD,75936,11,2,set_7487659,,,1078
bnk_7487660,7487660,248,2010-01-04,DEBIT_CARD,82981,3,1,set_7487660,,,252
