transaction_id,amount_paise,day,merchant_id,instrument_type
7475328,1457,2010-01-01,67570,CREDIT_CARD
7475329,8000,2010-01-01,27092,DEBIT_CARD
7475331,20000,2010-01-01,27092,DEBIT_CARD
7475332,4641,2010-01-01,13051,DEBIT_CARD
7475333,481,2010-01-01,20519,DEBIT_CARD
7475334,7700,2010-01-01,59935,DEBIT_CARD
7475336,26158,2010-01-01,50292,DEBIT_CARD
7475337,1074,2010-01-01,3864,DEBIT_CARD
7475338,351,2010-01-01,67570,DEBIT_CARD
7475339,258,2010-01-01,75781,DEBIT_CARD
7475340,3963,2010-01-01,59935,DEBIT_CARD
7475341,4333,2010-01-01,33326,DEBIT_CARD
7475343,109,2010-01-01,20519,DEBIT_CARD
7475344,7379,2010-01-01,1636,CREDIT_CARD
7475345,10000,2010-01-01,27092,DEBIT_CARD
7475346,2604,2010-01-01,39021,DEBIT_CARD
7475348,5427,2010-01-01,88945,CREDIT_CARD
7475349,2074,2010-01-01,21586,CREDIT_CARD
7475350,6400,2010-01-01,61195,DEBIT_CARD
7475351,5754,2010-01-01,11901,DEBIT_CARD
7475353,1017,2010-01-01,39021,CREDIT_CARD
7475356,1686,2010-01-01,16798,CREDIT_CARD
7475357,464,2010-01-01,50783,DEBIT_CARD
7475358,66988,2010-01-01,68977,DEBIT_CARD
7475360,240,2010-01-01,74624,DEBIT_CARD
7475361,4035,2010-01-01,69972,DEBIT_CARD
7475362,1457,2010-01-01,78632,CREDIT_CARD
7475363,780,2010-01-01,81536,DEBIT_CARD
7475364,295,2010-01-01,61195,DEBIT_CARD
7475365,27022,2010-01-01,73186,DEBIT_CARD
7475366,7800,2010-01-01,43293,CREDIT_CARD
7475367,8709,2010-01-01,17976,DEBIT_CARD
7475368,14839,2010-01-01,5258,DEBIT_CARD
7475370,4812,2010-01-01,88646,DEBIT_CARD
7475371,775,2010-01-01,86977,DEBIT_CARD
7475372,1466,2010-01-01,16798,CREDIT_CARD
7475373,396,2010-01-01,44625,DEBIT_CARD
7475374,1267,2010-01-01,39021,DEBIT_CARD
7475376,58098,2010-01-01,73661,DEBIT_CARD
7475377,1034,2010-01-01,12399,DEBIT_CARD
7475378,1714,2010-01-01,29232,DEBIT_CARD
7475379,185,2010-01-01,14528,DEBIT_CARD
7475380,7172,2010-01-01,43293,CREDIT_CARD
7475381,20000,2010-01-01,27092,CREDIT_CARD
7475383,2308,2010-01-01,80797,CREDIT_CARD
7475385,4000,2010-01-01,27092,DEBIT_CARD
7475388,243,2010-01-01,46284,DEBIT_CARD
7475389,377,2010-01-01,20519,DEBIT_CARD
7475390,329,2010-01-01,92883,DEBIT_CARD
7475391,6298,2010-01-01,17976,DEBIT_CARD
7475394,3434,2010-01-01,16798,DEBIT_CARD
7475396,916,2010-01-01,23462,DEBIT_CARD
7475397,54129,2010-01-01,40475,CREDIT_CARD
7475398,3069,2010-01-01,32175,DEBIT_CARD
7475399,17741,2010-01-01,86616,CREDIT_CARD
7475400,1420,2010-01-01,66541,DEBIT_CARD
7475401,11923,2010-01-01,87530,DEBIT_CARD
7475402,1061,2010-01-01,82981,DEBIT_CARD
7475403,5298,2010-01-01,39021,CREDIT_CARD
7475404,335,2010-01-01,44625,DEBIT_CARD
7475406,3905,2010-01-01,58215,DEBIT_CARD
7475407,679,2010-01-01,72351,DEBIT_CARD
7475410,10000,2010-01-01,27092,DEBIT_CARD
7475411,19622,2010-01-01,5009,DEBIT_CARD
7475412,383,2010-01-01,2177,CREDIT_CARD
7475413,187,2010-01-01,81833,CREDIT_CARD
7475414,663,2010-01-01,45926,DEBIT_CARD
7475415,830,2010-01-01,43293,DEBIT_CARD
7475416,275,2010-01-01,75781,DEBIT_CARD
7475417,407,2010-01-01,49789,DEBIT_CARD
7475419,231,2010-01-01,95811,CREDIT_CARD
7475420,21,2010-01-01,61195,DEBIT_CARD
7475421,39603,2010-01-01,73661,CREDIT_CARD
7475423,9102,2010-01-01,35451,CREDIT_CARD
7475424,368,2010-01-01,59397,DEBIT_CARD
7475425,3811,2010-01-01,17976,DEBIT_CARD
7475426,2597,2010-01-01,45389,DEBIT_CARD
7475427,6605,2010-01-01,39021,CREDIT_CARD
7475429,3302,2010-01-01,71416,DEBIT_CARD
7475431,233,2010-01-01,61195,DEBIT_CARD
7475432,5158,2010-01-01,98436,DEBIT_CARD
7475435,287,2010-01-01,61195,DEBIT_CARD
7475436,2763,2010-01-01,1903,CREDIT_CARD
7475437,7676,2010-01-01,59288,DEBIT_CARD
7475438,910,2010-01-01,75936,DEBIT_CARD
7475439,75,2010-01-01,99312,DEBIT_CARD
7475440,16000,2010-01-01,27092,CREDIT_CARD
7475441,2821,2010-01-01,20561,DEBIT_CARD
7475442,4486,2010-01-01,1238,DEBIT_CARD
7475443,5773,2010-01-01,68751,DEBIT_CARD
7475444,652,2010-01-01,75781,DEBIT_CARD
7475446,404,2010-01-01,10455,CREDIT_CARD
7475447,393,2010-01-01,61195,DEBIT_CARD
7475449,512,2010-01-01,95811,CREDIT_CARD
7475450,1915,2010-01-01,73365,DEBIT_CARD
7475452,5885,2010-01-01,88544,CREDIT_CARD
7475453,277,2010-01-01,61746,DEBIT_CARD
7475454,275,2010-01-01,47756,DEBIT_CARD
7475455,11537,2010-01-01,98648,CREDIT_CARD
7475456,7770,2010-01-01,60569,DEBIT_CARD
7475457,12087,2010-01-01,61195,CREDIT_CARD
7475458,2386,2010-01-01,45389,DEBIT_CARD
7475459,1118,2010-01-01,2205,DEBIT_CARD
7475461,392,2010-01-01,75936,DEBIT_CARD
7475462,2729,2010-01-01,73365,DEBIT_CARD
7475463,4089,2010-01-01,59350,DEBIT_CARD
7475464,1421,2010-01-01,44795,DEBIT_CARD
7475465,2447,2010-01-01,35001,CREDIT_CARD
7475466,2960,2010-01-01,54850,CREDIT_CARD
7475467,2277,2010-01-01,44919,DEBIT_CARD
7475468,5847,2010-01-01,80770,DEBIT_CARD
7475469,3709,2010-01-01,96712,DEBIT_CARD
7475470,1144,2010-01-01,46284,CREDIT_CARD
7475471,478,2010-01-01,50783,DEBIT_CARD
7475473,3523,2010-01-01,45188,DEBIT_CARD
7475474,10227,2010-01-01,51664,CREDIT_CARD
7475475,358,2010-01-01,75936,DEBIT_CARD
7475476,1436,2010-01-01,98374,DEBIT_CARD
7475477,17644,2010-01-01,1827,CREDIT_CARD
7475478,12000,2010-01-01,27092,DEBIT_CARD
7475479,439,2010-01-01,50783,DEBIT_CARD
7475480,672,2010-01-01,75781,DEBIT_CARD
7475481,1379,2010-01-01,56241,DEBIT_CARD
7475482,6350,2010-01-01,70766,CREDIT_CARD
7475483,5944,2010-01-01,55604,DEBIT_CARD
7475485,1589,2010-01-01,39261,CREDIT_CARD
7475486,9663,2010-01-01,20561,CREDIT_CARD
7475487,9313,2010-01-01,22014,DEBIT_CARD
7475489,162,2010-01-01,20519,DEBIT_CARD
7475490,2086,2010-01-01,41122,DEBIT_CARD
7475491,771,2010-01-01,50404,DEBIT_CARD
7475492,3319,2010-01-01,35001,DEBIT_CARD
7475493,10813,2010-01-01,98374,DEBIT_CARD
7475494,16634,2010-01-01,56276,CREDIT_CARD
7475495,1450,2010-01-01,45501,DEBIT_CARD
7475496,336,2010-01-01,98374,DEBIT_CARD
7475497,256,2010-01-01,59397,DEBIT_CARD
7475498,5579,2010-01-01,24823,DEBIT_CARD
7475499,17406,2010-01-01,68671,DEBIT_CARD
7475500,5498,2010-01-01,73186,DEBIT_CARD
7475501,2223,2010-01-01,16798,DEBIT_CARD
7475502,6000,2010-01-01,27092,CREDIT_CARD
7475505,6009,2010-01-01,20916,DEBIT_CARD
7475506,7476,2010-01-01,32175,DEBIT_CARD
7475507,2993,2010-01-01,95377,DEBIT_CARD
7475508,11942,2010-01-01,84708,CREDIT_CARD
7475509,4621,2010-01-01,15143,DEBIT_CARD
7475510,2638,2010-01-01,39021,DEBIT_CARD
7475511,6709,2010-01-01,40475,DEBIT_CARD
7475512,114,2010-01-01,14528,DEBIT_CARD
7475513,6985,2010-01-01,49286,DEBIT_CARD
7475514,873,2010-01-01,50783,DEBIT_CARD
7475515,10440,2010-01-01,32175,CREDIT_CARD
7475516,10410,2010-01-01,32175,CREDIT_CARD
7475517,7970,2010-01-01,60569,DEBIT_CARD
7475518,268,2010-01-01,59935,CREDIT_CARD
7475519,4605,2010-01-01,39021,DEBIT_CARD
7475520,18560,2010-01-01,80770,CREDIT_CARD
7475521,6000,2010-01-01,27092,DEBIT_CARD
7475522,6000,2010-01-01,27092,DEBIT_CARD
7475523,1178,2010-01-01,76199,DEBIT_CARD
7475524,443,2010-01-01,39021,CREDIT_CARD
7475525,1824,2010-01-01,715,CREDIT_CARD
7475526,14000,2010-01-01,27092,CREDIT_CARD
7475527,676,2010-01-01,50867,DEBIT_CARD
7475529,6725,2010-01-01,94050,DEBIT_CARD
7475531,4876,2010-01-01,76639,CREDIT_CARD
7475532,884,2010-01-01,41943,DEBIT_CARD
7475533,3653,2010-01-01,42465,CREDIT_CARD
7475534,4130,2010-01-01,17976,DEBIT_CARD
7475535,1671,2010-01-01,32175,DEBIT_CARD
7475538,683,2010-01-01,22938,CREDIT_CARD
7475539,402,2010-01-01,35451,DEBIT_CARD
7475540,18,2010-01-01,86438,CREDIT_CARD
7475542,198,2010-01-01,50783,CREDIT_CARD
7475543,6698,2010-01-01,21189,DEBIT_CARD
7475544,291,2010-01-01,25705,CREDIT_CARD
7475545,1616,2010-01-01,2124,CREDIT_CARD
7475546,4601,2010-01-01,39021,DEBIT_CARD
7475547,100,2010-01-01,86438,CREDIT_CARD
7475548,1191,2010-01-01,73840,CREDIT_CARD
7475551,11582,2010-01-01,26810,DEBIT_CARD
7475552,3446,2010-01-01,53187,DEBIT_CARD
7475555,140,2010-01-01,88374,DEBIT_CARD
7475556,9113,2010-01-01,20884,DEBIT_CARD
7475557,1667,2010-01-01,69956,DEBIT_CARD
7475559,1045,2010-01-01,50292,CREDIT_CARD
7475561,188,2010-01-01,19252,DEBIT_CARD
7475562,26247,2010-01-01,16041,DEBIT_CARD
7475563,340,2010-01-01,23098,DEBIT_CARD
7475564,298,2010-01-01,88646,DEBIT_CARD
7475565,1079,2010-01-01,27156,DEBIT_CARD
7475566,30048,2010-01-01,23008,DEBIT_CARD
7475568,329,2010-01-01,43293,DEBIT_CARD
7475569,984,2010-01-01,11264,DEBIT_CARD
7475570,4313,2010-01-01,11468,DEBIT_CARD
7475571,341,2010-01-01,89738,CREDIT_CARD
7475572,1281,2010-01-01,39021,CREDIT_CARD
7475573,9500,2010-01-01,59935,DEBIT_CARD
7475574,212,2010-01-01,75781,CREDIT_CARD
7475575,6037,2010-01-01,83743,DEBIT_CARD
7475576,4195,2010-01-01,40475,CREDIT_CARD
7475577,3692,2010-01-01,63909,DEBIT_CARD
7475578,1467,2010-01-01,50404,DEBIT_CARD
7475579,10000,2010-01-01,27092,CREDIT_CARD
7475580,398,2010-01-01,23492,DEBIT_CARD
7475582,333,2010-01-01,20519,DEBIT_CARD
7475584,3364,2010-01-01,3316,CREDIT_CARD
7475585,7805,2010-01-01,32175,CREDIT_CARD
7475586,968,2010-01-01,39021,DEBIT_CARD
7475588,6439,2010-01-01,43293,DEBIT_CARD
7475589,873,2010-01-01,50867,DEBIT_CARD
7475590,213,2010-01-01,22484,DEBIT_CARD
7475591,3590,2010-01-01,83070,CREDIT_CARD
7475592,2361,2010-01-01,39021,CREDIT_CARD
7475594,272,2010-01-01,88374,DEBIT_CARD
7475595,6600,2010-01-01,59935,DEBIT_CARD
7475596,154,2010-01-01,12547,CREDIT_CARD
7475598,1002,2010-01-01,50856,CREDIT_CARD
7475599,404,2010-01-01,35433,CREDIT_CARD
7475601,4228,2010-01-01,39021,DEBIT_CARD
7475602,11309,2010-01-01,71667,CREDIT_CARD
7475603,133,2010-01-01,59935,DEBIT_CARD
7475604,709,2010-01-01,19464,DEBIT_CARD
7475605,238,2010-01-01,53402,DEBIT_CARD
7475606,689,2010-01-01,44678,DEBIT_CARD
7475607,18929,2010-01-01,90999,DEBIT_CARD
7475608,14000,2010-01-01,27092,CREDIT_CARD
7475609,14468,2010-01-01,93195,DEBIT_CARD
7475610,133,2010-01-01,14528,DEBIT_CARD
7475611,2884,2010-01-01,15143,DEBIT_CARD
7475614,12166,2010-01-01,5495,DEBIT_CARD
7475615,169,2010-01-01,14528,DEBIT_CARD
7475619,1070,2010-01-01,569,CREDIT_CARD
7475620,666,2010-01-01,75781,CREDIT_CARD
7475621,2383,2010-01-01,52436,DEBIT_CARD
7475622,487,2010-01-01,69972,DEBIT_CARD
7475625,1170,2010-01-01,75781,CREDIT_CARD
7475627,658,2010-01-01,17493,DEBIT_CARD
7475628,735,2010-01-01,68671,CREDIT_CARD
7475630,267,2010-01-01,86058,DEBIT_CARD
7475633,12000,2010-01-01,27092,DEBIT_CARD
7475634,177,2010-01-01,49903,DEBIT_CARD
7475635,298,2010-01-01,59935,DEBIT_CARD
7475636,1826,2010-01-01,15143,DEBIT_CARD
7475637,490,2010-01-01,27907,DEBIT_CARD
7475638,3551,2010-01-01,13646,DEBIT_CARD
7475639,2422,2010-01-01,98552,DEBIT_CARD
7475640,104,2010-01-01,56979,DEBIT_CARD
7475641,2728,2010-01-01,39021,CREDIT_CARD
7475642,8600,2010-01-01,43293,DEBIT_CARD
7475643,3858,2010-01-01,15143,DEBIT_CARD
7475644,269,2010-01-01,20519,DEBIT_CARD
7475645,311,2010-01-01,79664,DEBIT_CARD
7475646,7759,2010-01-01,61195,DEBIT_CARD
7475648,10179,2010-01-01,30286,DEBIT_CARD
7475649,3553,2010-01-01,98374,CREDIT_CARD
7475651,3907,2010-01-01,31893,DEBIT_CARD
7475652,3633,2010-01-01,39021,DEBIT_CARD
7475654,4761,2010-01-01,39021,DEBIT_CARD
7475655,7941,2010-01-01,59935,DEBIT_CARD
7475658,413,2010-01-01,78454,DEBIT_CARD
7475659,10000,2010-01-01,27092,DEBIT_CARD
7475660,337,2010-01-01,50783,CREDIT_CARD
7475661,236,2010-01-01,50783,DEBIT_CARD
7475662,227,2010-01-01,44919,DEBIT_CARD
7475663,19091,2010-01-01,14914,CREDIT_CARD
7475664,386,2010-01-01,39021,DEBIT_CARD
7475665,8400,2010-01-01,61195,DEBIT_CARD
7475666,437,2010-01-01,91264,DEBIT_CARD
7475670,137,2010-01-01,61195,DEBIT_CARD
7475671,10000,2010-01-01,27092,DEBIT_CARD
7475673,2854,2010-01-01,75781,CREDIT_CARD
7475674,7607,2010-01-01,69956,DEBIT_CARD
7475676,1100,2010-01-01,78499,DEBIT_CARD
7475677,2384,2010-01-01,13646,DEBIT_CARD
7475679,1064,2010-01-01,20519,CREDIT_CARD
7475680,1235,2010-01-01,50783,DEBIT_CARD
7475681,6700,2010-01-01,59935,DEBIT_CARD
7475682,10682,2010-01-01,40538,CREDIT_CARD
7475683,350,2010-01-01,55250,DEBIT_CARD
7475684,10664,2010-01-01,88647,DEBIT_CARD
7475688,10000,2010-01-01,27092,CREDIT_CARD
7475689,179,2010-01-01,51755,DEBIT_CARD
7475691,4632,2010-01-01,59935,DEBIT_CARD
7475692,263,2010-01-01,75936,DEBIT_CARD
7475694,161,2010-01-01,14528,DEBIT_CARD
7475696,331,2010-01-01,28620,DEBIT_CARD
7475697,708,2010-01-01,59935,DEBIT_CARD
7475698,638,2010-01-01,50783,DEBIT_CARD
7475699,366,2010-01-01,85247,DEBIT_CARD
7475700,495,2010-01-01,14532,DEBIT_CARD
7475701,7400,2010-01-01,59935,DEBIT_CARD
7475704,2801,2010-01-01,36934,CREDIT_CARD
7475705,350,2010-01-01,75781,DEBIT_CARD
7475706,397,2010-01-01,50379,CREDIT_CARD
7475707,3468,2010-01-01,13646,DEBIT_CARD
7475709,10570,2010-01-01,61195,DEBIT_CARD
7475711,496,2010-01-01,17493,DEBIT_CARD
7475712,4040,2010-01-01,39021,CREDIT_CARD
7475714,1205,2010-01-01,59935,CREDIT_CARD
7475715,126,2010-01-01,14528,DEBIT_CARD
7475717,696,2010-01-01,25887,DEBIT_CARD
7475718,292,2010-01-01,20519,CREDIT_CARD
7475719,378,2010-01-01,23671,DEBIT_CARD
7475720,2344,2010-01-01,39021,DEBIT_CARD
7475721,252,2010-01-01,59935,DEBIT_CARD
7475722,646,2010-01-01,26810,DEBIT_CARD
7475723,1213,2010-01-01,78454,DEBIT_CARD
7475724,1778,2010-01-01,710,DEBIT_CARD
7475725,2613,2010-01-01,78821,DEBIT_CARD
7475726,25003,2010-01-01,69965,CREDIT_CARD
7475727,5200,2010-01-01,59935,DEBIT_CARD
7475728,302,2010-01-01,61195,CREDIT_CARD
7475729,168,2010-01-01,50783,DEBIT_CARD
7475731,72,2010-01-01,60569,CREDIT_CARD
7475732,203,2010-01-01,43293,DEBIT_CARD
7475733,1972,2010-01-01,59935,CREDIT_CARD
7475734,4663,2010-01-01,15143,DEBIT_CARD
7475735,243,2010-01-01,61195,DEBIT_CARD
7475736,5860,2010-01-01,61195,DEBIT_CARD
7475737,17853,2010-01-01,73186,CREDIT_CARD
7475739,10000,2010-01-01,27092,DEBIT_CARD
7475740,4268,2010-01-01,19964,DEBIT_CARD
7475743,1410,2010-01-01,53326,CREDIT_CARD
7475744,10379,2010-01-01,96529,DEBIT_CARD
7475745,9222,2010-01-01,35166,CREDIT_CARD
7475747,138,2010-01-01,72351,DEBIT_CARD
7475749,115361,2010-01-01,29742,DEBIT_CARD
7475750,12000,2010-01-01,27092,DEBIT_CARD
7475751,4625,2010-01-01,40616,DEBIT_CARD
7475752,1060,2010-01-01,20519,DEBIT_CARD
7475753,88,2010-01-01,59251,DEBIT_CARD
7475754,8946,2010-01-01,50783,CREDIT_CARD
7475755,341,2010-01-01,75781,DEBIT_CARD
7475756,6898,2010-01-01,71750,DEBIT_CARD
7475758,7866,2010-01-01,90865,CREDIT_CARD
7475759,1064,2010-01-01,34488,DEBIT_CARD
7475761,400,2010-01-01,78454,CREDIT_CARD
7475762,3425,2010-01-01,27601,DEBIT_CARD
7475763,3939,2010-01-01,96246,CREDIT_CARD
7475765,6000,2010-01-01,27092,CREDIT_CARD
7475766,4072,2010-01-01,59935,DEBIT_CARD
7475767,5739,2010-01-01,75781,CREDIT_CARD
7475768,343,2010-01-01,69972,DEBIT_CARD
7475770,828,2010-01-01,59935,DEBIT_CARD
7475771,6000,2010-01-01,27092,CREDIT_CARD
7475772,3850,2010-01-01,39021,DEBIT_CARD
7475774,236,2010-01-01,50783,CREDIT_CARD
7475776,690,2010-01-01,46284,DEBIT_CARD
7475777,2813,2010-01-01,18563,DEBIT_CARD
7475779,8673,2010-01-01,47370,CREDIT_CARD
7475780,845,2010-01-01,22204,CREDIT_CARD
7475781,172,2010-01-01,63765,DEBIT_CARD
7475782,5640,2010-01-01,9041,DEBIT_CARD
7475783,4946,2010-01-01,39021,CREDIT_CARD
7475784,3912,2010-01-01,20519,DEBIT_CARD
7475785,2239,2010-01-01,39021,DEBIT_CARD
7475786,216,2010-01-01,75781,DEBIT_CARD
7475787,610,2010-01-01,20763,CREDIT_CARD
7475789,9000,2010-01-01,61195,DEBIT_CARD
7475790,203,2010-01-01,30928,DEBIT_CARD
7475791,9400,2010-01-01,22204,DEBIT_CARD
7475793,537,2010-01-01,75781,CREDIT_CARD
7475794,460,2010-01-01,78854,CREDIT_CARD
7475795,3480,2010-01-01,48919,CREDIT_CARD
7475798,382,2010-01-01,22204,DEBIT_CARD
7475799,15600,2010-01-01,5970,CREDIT_CARD
7475801,5768,2010-01-01,96246,CREDIT_CARD
7475802,8000,2010-01-01,27092,DEBIT_CARD
7475803,261,2010-01-01,20884,DEBIT_CARD
7475804,16291,2010-01-01,73186,DEBIT_CARD
7475806,202,2010-01-01,35451,DEBIT_CARD
7475807,4872,2010-01-01,89949,DEBIT_CARD
7475808,2544,2010-01-01,9556,CREDIT_CARD
7475809,3637,2010-01-01,36385,DEBIT_CARD
7475810,4327,2010-01-01,41122,DEBIT_CARD
7475811,674,2010-01-01,7237,DEBIT_CARD
7475812,210,2010-01-01,26603,DEBIT_CARD
7475813,4518,2010-01-01,42858,DEBIT_CARD
7475814,233,2010-01-01,20519,DEBIT_CARD
7475815,6600,2010-01-01,59935,CREDIT_CARD
7475816,6400,2010-01-01,59935,DEBIT_CARD
7475818,4917,2010-01-01,27601,DEBIT_CARD
7475819,2150,2010-01-01,79038,CREDIT_CARD
7475820,4195,2010-01-01,60569,DEBIT_CARD
7475821,7890,2010-01-01,22204,DEBIT_CARD
7475822,2869,2010-01-01,18563,DEBIT_CARD
7475823,10007,2010-01-01,20561,CREDIT_CARD
7475824,576,2010-01-01,10210,DEBIT_CARD
7475825,422,2010-01-01,28395,DEBIT_CARD
7475827,217,2010-01-01,14528,DEBIT_CARD
7475828,8000,2010-01-01,27092,DEBIT_CARD
7475830,348,2010-01-01,35451,DEBIT_CARD
7475831,384,2010-01-01,22204,DEBIT_CARD
7475832,765,2010-01-01,46284,DEBIT_CARD
7475833,2208,2010-01-01,39021,DEBIT_CARD
7475834,2402,2010-01-01,5030,CREDIT_CARD
7475835,251,2010-01-01,50783,DEBIT_CARD
7475836,2952,2010-01-01,18563,DEBIT_CARD
7475838,845,2010-01-01,75781,DEBIT_CARD
7475839,5463,2010-01-01,39021,CREDIT_CARD
7475840,199,2010-01-01,40041,DEBIT_CARD
7475841,7285,2010-01-01,73661,CREDIT_CARD
7475842,524,2010-01-01,30928,DEBIT_CARD
7475843,239,2010-01-01,75781,CREDIT_CARD
7475844,942,2010-01-01,61195,DEBIT_CARD
7475845,1964,2010-01-01,83070,CREDIT_CARD
7475847,803,2010-01-01,99695,DEBIT_CARD
7475848,145,2010-01-01,14528,CREDIT_CARD
7475849,131,2010-01-01,67296,CREDIT_CARD
7475850,48,2010-01-01,59935,CREDIT_CARD
7475851,1603,2010-01-01,85247,CREDIT_CARD
7475852,7814,2010-01-01,50867,DEBIT_CARD
7475854,14943,2010-01-01,73186,CREDIT_CARD
7475856,172,2010-01-01,14528,DEBIT_CARD
7475859,677,2010-01-01,50783,CREDIT_CARD
7475860,323,2010-01-01,59935,DEBIT_CARD
7475861,10392,2010-01-01,81833,CREDIT_CARD
7475862,4515,2010-01-01,39021,DEBIT_CARD
7475863,9458,2010-01-01,59935,CREDIT_CARD
7475864,535,2010-01-01,93508,DEBIT_CARD
7475865,2482,2010-01-01,16798,DEBIT_CARD
7475867,3963,2010-01-01,83434,DEBIT_CARD
7475868,178,2010-01-01,17493,DEBIT_CARD
7475869,6000,2010-01-01,27092,DEBIT_CARD
7475870,4164,2010-01-01,69410,CREDIT_CARD
7475871,18000,2010-01-01,27092,CREDIT_CARD
7475872,3366,2010-01-01,39021,DEBIT_CARD
7475874,1899,2010-01-01,12614,DEBIT_CARD
7475875,4257,2010-01-01,73186,DEBIT_CARD
7475877,1022,2010-01-01,25887,DEBIT_CARD
7475878,860,2010-01-01,43293,CREDIT_CARD
7475879,6000,2010-01-01,27092,DEBIT_CARD
7475880,224,2010-01-01,21842,DEBIT_CARD
7475881,3754,2010-01-01,89462,DEBIT_CARD
7475882,7200,2010-01-01,59935,CREDIT_CARD
7475884,10329,2010-01-01,30286,CREDIT_CARD
7475885,464,2010-01-01,69972,DEBIT_CARD
7475886,1751,2010-01-01,39021,DEBIT_CARD
7475887,150,2010-01-01,20986,CREDIT_CARD
7475888,169,2010-01-01,94761,DEBIT_CARD
7475889,4426,2010-01-01,89462,DEBIT_CARD
7475890,3278,2010-01-01,39021,DEBIT_CARD
7475892,7300,2010-01-01,50867,DEBIT_CARD
7475893,7152,2010-01-01,61195,DEBIT_CARD
7475895,7092,2010-01-01,27601,CREDIT_CARD
7475896,14000,2010-01-01,27092,DEBIT_CARD
7475897,120,2010-01-01,12322,DEBIT_CARD
7475898,2395,2010-01-01,59935,CREDIT_CARD
7475900,1140,2010-01-01,50783,DEBIT_CARD
7475902,560,2010-01-01,25887,DEBIT_CARD
7475903,336,2010-01-01,28395,DEBIT_CARD
7475904,347,2010-01-01,88998,DEBIT_CARD
7475907,93,2010-01-01,72351,DEBIT_CARD
7475909,119,2010-01-01,86438,CREDIT_CARD
7475910,14000,2010-01-01,27092,CREDIT_CARD
7475911,442,2010-01-01,75781,CREDIT_CARD
7475912,2426,2010-01-01,91514,DEBIT_CARD
7475913,204,2010-01-01,20519,CREDIT_CARD
7475914,646,2010-01-01,72158,CREDIT_CARD
7475916,1082,2010-01-01,61195,DEBIT_CARD
7475918,11828,2010-01-01,59350,DEBIT_CARD
7475920,5212,2010-01-01,36934,CREDIT_CARD
7475921,2463,2010-01-01,39021,CREDIT_CARD
7475922,71,2010-01-01,14528,DEBIT_CARD
7475923,7800,2010-01-01,61195,DEBIT_CARD
7475926,7832,2010-01-01,60569,DEBIT_CARD
7475927,2198,2010-01-01,16798,DEBIT_CARD
7475929,254,2010-01-01,75936,DEBIT_CARD
7475930,9800,2010-01-01,43293,CREDIT_CARD
7475932,4413,2010-01-01,32175,CREDIT_CARD
7475933,338,2010-01-01,20519,CREDIT_CARD
7475934,82,2010-01-01,20519,DEBIT_CARD
7475935,10481,2010-01-01,9263,CREDIT_CARD
7475936,228,2010-01-01,55730,CREDIT_CARD
7475938,3228,2010-01-01,39021,DEBIT_CARD
7475939,9340,2010-01-01,51700,CREDIT_CARD
7475941,1187,2010-01-01,59935,DEBIT_CARD
7475940,5500,2010-01-01,59935,DEBIT_CARD
7475947,10961,2010-01-01,65795,CREDIT_CARD
7475951,623,2010-01-01,88998,DEBIT_CARD
7475952,376,2010-01-01,55900,CREDIT_CARD
7475953,349,2010-01-01,22938,DEBIT_CARD
7475954,5280,2010-01-01,13646,DEBIT_CARD
7475955,160,2010-01-01,19590,DEBIT_CARD
7475956,2000,2010-01-01,15143,CREDIT_CARD
7475957,176,2010-01-01,50783,DEBIT_CARD
7475959,7508,2010-01-01,61195,DEBIT_CARD
7475960,5100,2010-01-01,59935,DEBIT_CARD
7475961,3769,2010-01-01,60569,DEBIT_CARD
7475962,540,2010-01-01,57885,DEBIT_CARD
7475964,5512,2010-01-01,96246,CREDIT_CARD
7475965,285,2010-01-01,20192,DEBIT_CARD
7475970,615,2010-01-01,106,DEBIT_CARD
7475971,87,2010-01-01,86438,DEBIT_CARD
7475973,5447,2010-01-01,38958,DEBIT_CARD
7475974,415,2010-01-01,30928,DEBIT_CARD
7475975,450,2010-01-01,69972,DEBIT_CARD
7475977,759,2010-01-01,23866,CREDIT_CARD
7475978,4000,2010-01-01,27092,DEBIT_CARD
7475979,225,2010-01-01,27583,DEBIT_CARD
7475980,2240,2010-01-01,25408,DEBIT_CARD
7475981,23,2010-01-01,44578,DEBIT_CARD
7475983,3128,2010-01-01,39021,DEBIT_CARD
7475984,980,2010-01-01,13523,DEBIT_CARD
7475985,870,2010-01-01,26788,DEBIT_CARD
7475986,296,2010-01-01,91128,DEBIT_CARD
7475987,605,2010-01-01,50783,DEBIT_CARD
7475988,5504,2010-01-01,69410,DEBIT_CARD
7475989,95,2010-01-01,79463,DEBIT_CARD
7475991,133,2010-01-01,49789,DEBIT_CARD
7475992,1250,2010-01-01,43293,CREDIT_CARD
7475993,12000,2010-01-01,27092,DEBIT_CARD
7475994,4383,2010-01-01,39021,CREDIT_CARD
7475995,8691,2010-01-01,84773,DEBIT_CARD
7475998,2283,2010-01-01,79927,DEBIT_CARD
7475999,7579,2010-01-01,61195,CREDIT_CARD
7476001,472,2010-01-01,50783,DEBIT_CARD
7476002,2358,2010-01-01,59935,DEBIT_CARD
7476003,3286,2010-01-01,18563,DEBIT_CARD
7476004,9010,2010-01-01,38958,DEBIT_CARD
7476006,13883,2010-01-01,30286,CREDIT_CARD
7476007,443,2010-01-01,61195,DEBIT_CARD
7476009,200,2010-01-01,43007,DEBIT_CARD
7476010,651,2010-01-01,22204,DEBIT_CARD
7476011,514,2010-01-01,81833,DEBIT_CARD
7476013,6400,2010-01-01,61195,CREDIT_CARD
7476014,566,2010-01-01,35451,CREDIT_CARD
7476015,6915,2010-01-01,15143,DEBIT_CARD
7476016,6302,2010-01-01,39021,DEBIT_CARD
7476018,2181,2010-01-01,47399,DEBIT_CARD
7476019,445,2010-01-01,50867,DEBIT_CARD
7476020,465,2010-01-01,68671,DEBIT_CARD
7476021,2991,2010-01-01,32175,CREDIT_CARD
7476022,1076,2010-01-01,57153,DEBIT_CARD
7476023,7632,2010-01-01,9263,CREDIT_CARD
7476026,2199,2010-01-01,44919,DEBIT_CARD
7476027,723,2010-01-01,10855,DEBIT_CARD
7476028,527,2010-01-01,61195,DEBIT_CARD
7476029,3983,2010-01-01,15143,CREDIT_CARD
7476030,685,2010-01-01,78605,CREDIT_CARD
7476031,223,2010-01-01,35451,DEBIT_CARD
7476032,122,2010-01-01,14528,DEBIT_CARD
7476033,10571,2010-01-01,42636,DEBIT_CARD
7476034,236,2010-01-01,19159,DEBIT_CARD
7476035,99,2010-01-01,14528,CREDIT_CARD
7476037,78,2010-01-01,14528,DEBIT_CARD
7476038,112,2010-01-01,86438,CREDIT_CARD
7476039,821,2010-01-01,59952,DEBIT_CARD
7476040,147,2010-01-01,82981,DEBIT_CARD
7476041,635,2010-01-01,83229,CREDIT_CARD
7476042,2389,2010-01-01,59935,DEBIT_CARD
7476043,6000,2010-01-01,27092,DEBIT_CARD
7476044,3431,2010-01-01,18563,DEBIT_CARD
7476045,2676,2010-01-01,49463,CREDIT_CARD
7476047,5657,2010-01-01,46965,DEBIT_CARD
7476048,640,2010-01-01,61195,DEBIT_CARD
7476049,10000,2010-01-01,27092,DEBIT_CARD
7476050,1437,2010-01-01,53889,CREDIT_CARD
7476051,159,2010-01-01,86438,DEBIT_CARD
7476053,820,2010-01-01,87625,DEBIT_CARD
7476054,8737,2010-01-01,15143,CREDIT_CARD
7476056,214,2010-01-01,61195,DEBIT_CARD
7476057,240,2010-01-01,50783,CREDIT_CARD
7476058,3717,2010-01-01,39021,DEBIT_CARD
7476060,4591,2010-01-01,89069,CREDIT_CARD
7476061,457,2010-01-01,20519,DEBIT_CARD
7476063,302,2010-01-01,96974,CREDIT_CARD
7476064,566,2010-01-01,46284,DEBIT_CARD
7476065,222,2010-01-01,88646,DEBIT_CARD
7476068,336,2010-01-01,89263,DEBIT_CARD
7476069,72,2010-01-01,87625,CREDIT_CARD
7476071,8274,2010-01-01,20645,DEBIT_CARD
7476072,417,2010-01-01,20884,DEBIT_CARD
7476074,2589,2010-01-01,59935,DEBIT_CARD
7476076,6600,2010-01-01,50867,DEBIT_CARD
7476077,60,2010-01-01,25857,DEBIT_CARD
7476078,2805,2010-01-01,36385,DEBIT_CARD
7476079,16571,2010-01-01,80770,DEBIT_CARD
7476080,457,2010-01-01,38422,DEBIT_CARD
7476081,400,2010-01-01,4392,DEBIT_CARD
7476084,1872,2010-01-01,81833,DEBIT_CARD
7476086,126,2010-01-01,14528,DEBIT_CARD
7476087,3272,2010-01-01,51769,DEBIT_CARD
7476088,6194,2010-01-01,50783,DEBIT_CARD
7476089,1064,2010-01-01,11468,DEBIT_CARD
7476091,8713,2010-01-01,37972,CREDIT_CARD
7476092,4000,2010-01-01,27092,CREDIT_CARD
7476093,181,2010-01-01,35451,CREDIT_CARD
7476096,170,2010-01-01,1903,DEBIT_CARD
7476097,3737,2010-01-01,43293,CREDIT_CARD
7476098,2159,2010-01-01,75781,DEBIT_CARD
7476099,675,2010-01-01,22938,DEBIT_CARD
7476100,514,2010-01-01,50783,DEBIT_CARD
7476101,8000,2010-01-01,59935,DEBIT_CARD
7476104,5119,2010-01-01,32175,DEBIT_CARD
7476106,12000,2010-01-01,27092,CREDIT_CARD
7476107,269,2010-01-01,75781,DEBIT_CARD
7476108,1060,2010-01-01,22204,DEBIT_CARD
7476109,550,2010-01-01,61005,CREDIT_CARD
7476110,3089,2010-01-01,50867,DEBIT_CARD
7476111,19147,2010-01-01,45003,DEBIT_CARD
7476112,9000,2010-01-01,43293,CREDIT_CARD
7476114,1177,2010-01-01,61195,DEBIT_CARD
7476115,2013,2010-01-01,42982,CREDIT_CARD
7476116,3164,2010-01-01,88998,DEBIT_CARD
7476117,791,2010-01-01,22204,DEBIT_CARD
7476118,330,2010-01-01,25717,CREDIT_CARD
7476119,750,2010-01-01,12014,DEBIT_CARD
7476120,695,2010-01-01,98374,DEBIT_CARD
7476121,404,2010-01-01,35451,DEBIT_CARD
7476123,1773,2010-01-01,44578,CREDIT_CARD
7476125,2302,2010-01-01,88852,CREDIT_CARD
7476126,9000,2010-01-01,59935,DEBIT_CARD
7476127,617,2010-01-01,50867,CREDIT_CARD
7476128,28247,2010-01-01,19363,CREDIT_CARD
7476129,1716,2010-01-01,24437,CREDIT_CARD
7476130,15077,2010-01-01,58739,DEBIT_CARD
7476131,202,2010-01-01,49789,DEBIT_CARD
7476132,286,2010-01-01,20519,CREDIT_CARD
7476133,412,2010-01-01,65503,DEBIT_CARD
7476138,18987,2010-01-01,16790,DEBIT_CARD
7476139,3000,2010-01-01,18563,DEBIT_CARD
7476141,174,2010-01-01,33526,DEBIT_CARD
7476142,345,2010-01-01,56431,CREDIT_CARD
7476143,3038,2010-01-01,44521,DEBIT_CARD
7476145,197,2010-01-01,20519,CREDIT_CARD
7476146,790,2010-01-01,33526,DEBIT_CARD
7476147,683,2010-01-01,61195,CREDIT_CARD
7476148,176,2010-01-01,71279,CREDIT_CARD
7476149,9100,2010-01-01,22204,CREDIT_CARD
7476150,4460,2010-01-01,22204,CREDIT_CARD
7476151,8592,2010-01-01,60569,CREDIT_CARD
7476152,2251,2010-01-01,39021,CREDIT_CARD
7476155,402,2010-01-01,4312,DEBIT_CARD
7476156,2907,2010-01-01,63683,DEBIT_CARD
7476157,697,2010-01-01,35451,CREDIT_CARD
7476158,6600,2010-01-01,43293,DEBIT_CARD
7476159,3102,2010-01-01,13646,CREDIT_CARD
7476161,10668,2010-01-01,20302,DEBIT_CARD
7476162,1221,2010-01-01,39021,CREDIT_CARD
7476163,393,2010-01-01,25887,CREDIT_CARD
7476164,601,2010-01-01,45926,DEBIT_CARD
7476165,3346,2010-01-01,15143,DEBIT_CARD
7476166,6770,2010-01-01,36934,DEBIT_CARD
7476167,542,2010-01-01,44919,DEBIT_CARD
7476169,2097,2010-01-01,16798,DEBIT_CARD
7476171,5300,2010-01-01,61195,CREDIT_CARD
7476173,221,2010-01-01,40948,DEBIT_CARD
7476175,247,2010-01-01,50783,DEBIT_CARD
7476177,2504,2010-01-01,16798,DEBIT_CARD
7476178,173,2010-01-01,93214,CREDIT_CARD
7476179,1651,2010-01-01,34125,CREDIT_CARD
7476180,4709,2010-01-01,59935,DEBIT_CARD
7476181,465,2010-01-01,86395,DEBIT_CARD
7476182,249,2010-01-01,50783,DEBIT_CARD
7476183,372,2010-01-01,33912,DEBIT_CARD
7476184,339,2010-01-01,20519,DEBIT_CARD
7476185,3736,2010-01-01,24823,DEBIT_CARD
7476186,4496,2010-01-01,32858,CREDIT_CARD
7476188,5589,2010-01-01,15143,CREDIT_CARD
7476190,860,2010-01-01,12280,DEBIT_CARD
7476191,337,2010-01-01,98648,DEBIT_CARD
7476192,1067,2010-01-01,87625,CREDIT_CARD
7476194,243,2010-01-01,32066,DEBIT_CARD
7476196,5700,2010-01-01,59935,DEBIT_CARD
7476197,1030,2010-01-01,68671,CREDIT_CARD
7476198,694,2010-01-01,88646,DEBIT_CARD
7476200,2822,2010-01-01,39021,DEBIT_CARD
7476201,12000,2010-01-01,27092,DEBIT_CARD
7476202,142,2010-01-01,35451,DEBIT_CARD
7476203,24356,2010-01-01,10001,DEBIT_CARD
7476206,4346,2010-01-01,39021,DEBIT_CARD
7476207,123,2010-01-01,86438,DEBIT_CARD
7476208,10000,2010-01-01,27092,DEBIT_CARD
7476209,6128,2010-01-01,61195,CREDIT_CARD
7476210,8000,2010-01-01,27092,DEBIT_CARD
7476211,8000,2010-01-01,27092,CREDIT_CARD
7476212,8995,2010-01-01,32175,DEBIT_CARD
7476213,753,2010-01-01,46417,CREDIT_CARD
7476214,533,2010-01-01,88646,DEBIT_CARD
7476215,8995,2010-01-01,75781,DEBIT_CARD
7476216,5530,2010-01-01,20561,DEBIT_CARD
7476218,2729,2010-01-01,16798,DEBIT_CARD
7476219,2723,2010-01-01,24823,DEBIT_CARD
7476221,857,2010-01-01,92883,DEBIT_CARD
7476222,6000,2010-01-01,27092,DEBIT_CARD
7476223,1663,2010-01-01,39261,DEBIT_CARD
7476224,225,2010-01-01,55060,DEBIT_CARD
7476226,385,2010-01-01,44919,DEBIT_CARD
7476227,322,2010-01-01,92883,DEBIT_CARD
7476229,188,2010-01-01,30317,DEBIT_CARD
7476231,52,2010-01-01,98648,DEBIT_CARD
7476232,7766,2010-01-01,83860,CREDIT_CARD
7476233,1364,2010-01-01,74772,CREDIT_CARD
7476234,9456,2010-01-01,9932,DEBIT_CARD
7476236,361,2010-01-01,20519,DEBIT_CARD
7476237,4518,2010-01-01,22204,CREDIT_CARD
7476238,650,2010-01-01,61195,DEBIT_CARD
7476239,248,2010-01-01,61195,DEBIT_CARD
7476241,301,2010-01-01,83229,DEBIT_CARD
7476243,6848,2010-01-01,86616,DEBIT_CARD
7476244,86,2010-01-01,50783,DEBIT_CARD
7476245,640,2010-01-01,30928,DEBIT_CARD
7476246,3908,2010-01-01,2414,DEBIT_CARD
7476247,20,2010-01-01,14528,CREDIT_CARD
7476248,4461,2010-01-01,88998,DEBIT_CARD
7476249,2807,2010-01-01,39021,CREDIT_CARD
7476252,1617,2010-01-01,18014,CREDIT_CARD
7476253,1641,2010-01-01,16798,DEBIT_CARD
7476254,121,2010-01-01,75781,CREDIT_CARD
7476255,206,2010-01-01,20519,CREDIT_CARD
7476259,497,2010-01-01,75781,DEBIT_CARD
7476260,256,2010-01-01,98648,DEBIT_CARD
7476262,1806,2010-01-01,20561,DEBIT_CARD
7476264,1153,2010-01-01,50783,DEBIT_CARD
7476267,364,2010-01-01,75936,CREDIT_CARD
7476268,1389,2010-01-01,39021,DEBIT_CARD
7476269,490,2010-01-01,45926,DEBIT_CARD
7476271,236,2010-01-01,44919,DEBIT_CARD
7476273,799,2010-01-01,61195,CREDIT_CARD
7476274,783,2010-01-01,21369,DEBIT_CARD
7476275,1577,2010-01-01,18563,DEBIT_CARD
7476276,5423,2010-01-01,46474,DEBIT_CARD
7476277,7208,2010-01-01,69956,DEBIT_CARD
7476278,14369,2010-01-01,71883,CREDIT_CARD
7476280,2029,2010-01-01,34125,DEBIT_CARD
7476283,115,2010-01-01,28644,DEBIT_CARD
7476285,12748,2010-01-01,94597,DEBIT_CARD
7476286,290,2010-01-01,45926,CREDIT_CARD
7476288,413,2010-01-01,41260,DEBIT_CARD
7476289,316,2010-01-01,30896,DEBIT_CARD
7476290,3433,2010-01-01,39021,DEBIT_CARD
7476291,2365,2010-01-01,39021,DEBIT_CARD
7476292,1021,2010-01-01,69956,DEBIT_CARD
7476294,8000,2010-01-01,27092,CREDIT_CARD
7476295,1914,2010-01-01,50404,DEBIT_CARD
7476297,2733,2010-01-01,83229,DEBIT_CARD
7476298,229,2010-01-01,61195,CREDIT_CARD
7476299,353,2010-01-01,78081,DEBIT_CARD
7476300,4572,2010-01-01,73838,DEBIT_CARD
7476301,1346,2010-01-01,50783,CREDIT_CARD
7476302,5294,2010-01-01,15143,DEBIT_CARD
7476303,1286,2010-01-01,50783,DEBIT_CARD
7476304,2349,2010-01-01,39021,DEBIT_CARD
7476307,368,2010-01-01,44578,CREDIT_CARD
7476308,1940,2010-01-01,22204,DEBIT_CARD
7476309,464,2010-01-01,72225,DEBIT_CARD
7476310,101,2010-01-01,75936,DEBIT_CARD
7476312,231,2010-01-01,46097,DEBIT_CARD
7476314,431,2010-01-01,86968,CREDIT_CARD
7476315,567,2010-01-01,61195,CREDIT_CARD
7476316,762,2010-01-01,50783,DEBIT_CARD
7476317,268,2010-01-01,50783,DEBIT_CARD
7476318,476,2010-01-01,20519,DEBIT_CARD
7476319,21,2010-01-01,59935,DEBIT_CARD
7476321,1018,2010-01-01,88852,DEBIT_CARD
7476322,844,2010-01-01,72351,CREDIT_CARD
7476323,4130,2010-01-01,73661,DEBIT_CARD
7476326,381,2010-01-01,26810,DEBIT_CARD
7476327,181,2010-01-01,20519,DEBIT_CARD
7476328,220,2010-01-01,43149,DEBIT_CARD
7476330,6000,2010-01-01,27092,DEBIT_CARD
7476331,172,2010-01-01,90329,DEBIT_CARD
7476332,2014,2010-01-01,16798,CREDIT_CARD
7476333,385,2010-01-01,75936,DEBIT_CARD
7476334,88,2010-01-01,12014,DEBIT_CARD
7476335,4176,2010-01-01,61195,DEBIT_CARD
7476336,4827,2010-01-01,43293,DEBIT_CARD
7476338,5673,2010-01-01,39021,CREDIT_CARD
7476339,603,2010-01-01,75781,DEBIT_CARD
7476341,3157,2010-01-01,16798,DEBIT_CARD
7476342,613,2010-01-01,89100,CREDIT_CARD
7476343,929,2010-01-01,50783,DEBIT_CARD
7476344,7976,2010-01-01,14801,DEBIT_CARD
7476345,799,2010-01-01,69972,DEBIT_CARD
7476346,864,2010-01-01,75781,DEBIT_CARD
7476348,304,2010-01-01,75781,CREDIT_CARD
7476349,376,2010-01-01,90401,DEBIT_CARD
7476350,12000,2010-01-01,27092,CREDIT_CARD
7476351,28,2010-01-01,14528,DEBIT_CARD
7476352,321,2010-01-01,73250,DEBIT_CARD
7476354,6189,2010-01-01,53692,DEBIT_CARD
7476356,885,2010-01-01,12780,DEBIT_CARD
7476357,148,2010-01-01,86438,CREDIT_CARD
7476358,486,2010-01-01,98374,DEBIT_CARD
7476359,5700,2010-01-01,22204,DEBIT_CARD
7476360,1084,2010-01-01,48245,DEBIT_CARD
7476361,354,2010-01-01,94434,DEBIT_CARD
7476362,325,2010-01-01,92445,CREDIT_CARD
7476363,249,2010-01-01,98648,DEBIT_CARD
7476367,255,2010-01-01,75936,CREDIT_CARD
7476368,4584,2010-01-01,81536,CREDIT_CARD
7476369,324,2010-01-01,15193,CREDIT_CARD
7476370,202,2010-01-01,75781,CREDIT_CARD
7476371,7800,2010-01-01,43293,DEBIT_CARD
7476372,4794,2010-01-01,39021,DEBIT_CARD
7476373,871,2010-01-01,98374,CREDIT_CARD
7476374,625,2010-01-01,21003,DEBIT_CARD
7476375,8000,2010-01-01,27092,DEBIT_CARD
7476376,643,2010-01-01,44578,DEBIT_CARD
7476377,157,2010-01-01,14528,CREDIT_CARD
7476378,149,2010-01-01,83229,DEBIT_CARD
7476382,15045,2010-01-01,79847,DEBIT_CARD
7476384,1095,2010-01-01,75936,CREDIT_CARD
7476385,2772,2010-01-01,63683,CREDIT_CARD
7476386,2769,2010-01-01,20561,DEBIT_CARD
7476388,368,2010-01-01,23233,DEBIT_CARD
7476389,1188,2010-01-01,59397,DEBIT_CARD
7476391,7100,2010-01-01,61195,DEBIT_CARD
7476393,10396,2010-01-01,60569,DEBIT_CARD
7476395,146,2010-01-01,44919,CREDIT_CARD
7476396,601,2010-01-01,61195,DEBIT_CARD
7476397,12585,2010-01-01,32480,CREDIT_CARD
7476398,563,2010-01-01,61195,DEBIT_CARD
7476399,597,2010-01-01,50783,DEBIT_CARD
7476402,419,2010-01-01,20519,DEBIT_CARD
7476403,817,2010-01-01,27583,DEBIT_CARD
7476405,2778,2010-01-01,28395,DEBIT_CARD
7476406,5729,2010-01-01,73186,CREDIT_CARD
7476407,484,2010-01-01,88646,CREDIT_CARD
7476408,154,2010-01-01,59935,DEBIT_CARD
7476410,14434,2010-01-01,30286,DEBIT_CARD
7476412,1211,2010-01-01,59935,DEBIT_CARD
7476413,1953,2010-01-01,39021,CREDIT_CARD
7476417,523,2010-01-01,50783,DEBIT_CARD
7476418,75,2010-01-01,75567,DEBIT_CARD
7476419,10079,2010-01-01,37372,DEBIT_CARD
7476420,2114,2010-01-01,59935,DEBIT_CARD
7476421,1302,2010-01-01,89589,DEBIT_CARD
7476423,1386,2010-01-01,22938,DEBIT_CARD
7476424,240,2010-01-01,50783,DEBIT_CARD
7476425,3228,2010-01-01,41122,CREDIT_CARD
7476427,61,2010-01-01,14528,DEBIT_CARD
7476429,308,2010-01-01,75781,DEBIT_CARD
7476430,10000,2010-01-01,27092,DEBIT_CARD
7476432,416,2010-01-01,68671,DEBIT_CARD
7476433,9900,2010-01-01,59935,DEBIT_CARD
7476434,18626,2010-01-01,73661,DEBIT_CARD
7476435,282,2010-01-01,44919,DEBIT_CARD
7476438,4066,2010-01-01,61195,CREDIT_CARD
7476439,5536,2010-01-01,58730,DEBIT_CARD
7476440,1038,2010-01-01,61195,DEBIT_CARD
7476441,2442,2010-01-01,13370,DEBIT_CARD
7476442,2164,2010-01-01,69956,CREDIT_CARD
7476443,1724,2010-01-01,49239,DEBIT_CARD
7476444,31,2010-01-01,20519,CREDIT_CARD
7476445,202,2010-01-01,50783,CREDIT_CARD
7476448,10526,2010-01-01,20561,DEBIT_CARD
7476449,484,2010-01-01,39637,DEBIT_CARD
7476450,6749,2010-01-01,18131,CREDIT_CARD
7476451,395,2010-01-01,59935,CREDIT_CARD
7476452,420,2010-01-01,15715,CREDIT_CARD
7476453,7837,2010-01-01,68671,DEBIT_CARD
7476455,6242,2010-01-01,61195,DEBIT_CARD
7476456,407,2010-01-01,20519,DEBIT_CARD
7476457,882,2010-01-01,12029,CREDIT_CARD
7476458,2008,2010-01-01,99340,DEBIT_CARD
7476459,848,2010-01-01,98374,DEBIT_CARD
7476460,1360,2010-01-01,22204,CREDIT_CARD
7476461,4000,2010-01-01,27092,DEBIT_CARD
7476462,232,2010-01-01,20519,DEBIT_CARD
7476464,525,2010-01-01,61195,DEBIT_CARD
7476466,8100,2010-01-01,61195,CREDIT_CARD
7476468,711,2010-01-01,75781,DEBIT_CARD
7476469,8180,2010-01-01,96642,CREDIT_CARD
7476470,1319,2010-01-01,5508,CREDIT_CARD
7476471,4175,2010-01-01,39021,CREDIT_CARD
7476472,392,2010-01-01,25887,DEBIT_CARD
7476473,9284,2010-01-01,99370,DEBIT_CARD
7476474,281,2010-01-01,78454,DEBIT_CARD
7476475,5010,2010-01-01,3632,DEBIT_CARD
7476476,7700,2010-01-01,43293,DEBIT_CARD
7476477,1183,2010-01-01,20519,DEBIT_CARD
7476480,3031,2010-01-01,73661,DEBIT_CARD
7476481,272,2010-01-01,54562,CREDIT_CARD
7476482,4295,2010-01-01,15143,DEBIT_CARD
7476484,8000,2010-01-01,27092,DEBIT_CARD
7476485,3678,2010-01-01,75227,DEBIT_CARD
7476486,6647,2010-01-01,86959,DEBIT_CARD
7476487,2004,2010-01-01,32595,DEBIT_CARD
7476489,907,2010-01-01,3668,CREDIT_CARD
7476490,6400,2010-01-01,61195,DEBIT_CARD
7476491,179,2010-01-01,89024,DEBIT_CARD
7476493,18335,2010-01-01,86616,DEBIT_CARD
7476496,6169,2010-01-01,43293,DEBIT_CARD
7476498,313,2010-01-01,45926,CREDIT_CARD
7476499,944,2010-01-01,98374,DEBIT_CARD
7476500,205,2010-01-01,14528,DEBIT_CARD
7476501,682,2010-01-01,22204,DEBIT_CARD
7476502,960,2010-01-01,50783,DEBIT_CARD
7476503,9646,2010-01-01,50783,CREDIT_CARD
7476507,277,2010-01-01,28325,DEBIT_CARD
7476508,249,2010-01-01,69831,DEBIT_CARD
7476509,992,2010-01-01,75781,DEBIT_CARD
7476512,402,2010-01-01,9109,CREDIT_CARD
7476514,849,2010-01-01,25887,DEBIT_CARD
7476515,14796,2010-01-01,65108,CREDIT_CARD
7476516,131,2010-01-01,69831,DEBIT_CARD
7476517,1708,2010-01-01,61195,DEBIT_CARD
7476519,109,2010-01-01,92527,CREDIT_CARD
7476521,8961,2010-01-01,64727,CREDIT_CARD
7476522,411,2010-01-01,40892,DEBIT_CARD
7476523,2359,2010-01-01,16798,DEBIT_CARD
7476524,98,2010-01-01,43293,DEBIT_CARD
7476525,281,2010-01-01,50783,DEBIT_CARD
7476527,1485,2010-01-01,59935,DEBIT_CARD
7476528,1219,2010-01-01,46417,DEBIT_CARD
7476529,238,2010-01-01,75781,DEBIT_CARD
7476530,7508,2010-01-01,39021,CREDIT_CARD
7476532,5826,2010-01-01,15143,CREDIT_CARD
7476536,8000,2010-01-01,27092,DEBIT_CARD
7476537,868,2010-01-01,75936,DEBIT_CARD
7476538,1763,2010-01-01,75781,CREDIT_CARD
7476539,1131,2010-01-01,75936,DEBIT_CARD
7476542,8400,2010-01-01,22204,DEBIT_CARD
7476543,7563,2010-01-01,61195,DEBIT_CARD
7476545,20459,2010-01-01,22204,DEBIT_CARD
7476546,2242,2010-01-01,39021,DEBIT_CARD
7476547,764,2010-01-01,50783,DEBIT_CARD
7476548,14000,2010-01-01,27092,DEBIT_CARD
7476551,294,2010-01-01,60600,DEBIT_CARD
7476555,228,2010-01-01,59935,DEBIT_CARD
7476557,748,2010-01-01,87625,DEBIT_CARD
7476559,6100,2010-01-01,61195,DEBIT_CARD
7476560,14776,2010-01-01,39991,CREDIT_CARD
7476564,8000,2010-01-01,27092,DEBIT_CARD
7476565,8800,2010-01-01,22204,DEBIT_CARD
7476566,544,2010-01-01,24504,DEBIT_CARD
7476567,2594,2010-01-01,61195,DEBIT_CARD
7476569,10984,2010-01-01,61195,CREDIT_CARD
7476570,2669,2010-01-01,66428,DEBIT_CARD
7476571,2929,2010-01-01,82981,CREDIT_CARD
7476572,363,2010-01-01,99237,DEBIT_CARD
7476573,8168,2010-01-01,79927,DEBIT_CARD
7476575,294,2010-01-01,14459,CREDIT_CARD
7476576,1451,2010-01-01,44578,DEBIT_CARD
7476577,665,2010-01-01,2177,DEBIT_CARD
7476578,7986,2010-01-01,68671,CREDIT_CARD
7476579,4447,2010-01-01,39021,DEBIT_CARD
7476580,8300,2010-01-01,59935,DEBIT_CARD
7476581,8659,2010-01-01,36934,CREDIT_CARD
7476582,168,2010-01-01,20519,CREDIT_CARD
7476585,517,2010-01-01,10590,DEBIT_CARD
7476586,4958,2010-01-01,73186,CREDIT_CARD
7476587,2160,2010-01-01,9932,DEBIT_CARD
7476588,1409,2010-01-01,1108,CREDIT_CARD
7476590,26,2010-01-01,20519,DEBIT_CARD
7476591,1543,2010-01-01,18563,CREDIT_CARD
7476592,1817,2010-01-01,16798,DEBIT_CARD
7476593,7848,2010-01-01,22204,DEBIT_CARD
7476594,1602,2010-01-01,11468,DEBIT_CARD
7476595,1952,2010-01-01,94683,CREDIT_CARD
7476596,482,2010-01-01,79098,CREDIT_CARD
7476598,10841,2010-01-01,4802,CREDIT_CARD
7476599,255,2010-01-01,83229,CREDIT_CARD
7476600,5900,2010-01-01,68671,CREDIT_CARD
7476605,85,2010-01-01,49192,CREDIT_CARD
7476606,1040,2010-01-01,44578,CREDIT_CARD
7476607,17043,2010-01-01,74934,CREDIT_CARD
7476608,3822,2010-01-01,59935,DEBIT_CARD
7476609,260,2010-01-01,53635,DEBIT_CARD
7476610,335,2010-01-01,81444,DEBIT_CARD
7476611,593,2010-01-01,20672,DEBIT_CARD
7476612,1765,2010-01-01,88998,DEBIT_CARD
7476613,203,2010-01-01,75781,CREDIT_CARD
7476614,2212,2010-01-01,22204,DEBIT_CARD
7476615,16284,2010-01-01,9937,CREDIT_CARD
7476616,147,2010-01-01,86438,DEBIT_CARD
7476617,7848,2010-01-01,22204,DEBIT_CARD
7476619,507,2010-01-01,26810,DEBIT_CARD
7476620,9685,2010-01-01,24823,CREDIT_CARD
7476621,143,2010-01-01,59935,DEBIT_CARD
7476622,476,2010-01-01,87625,CREDIT_CARD
7476623,811,2010-01-01,16058,DEBIT_CARD
7476624,5900,2010-01-01,61195,DEBIT_CARD
7476625,562,2010-01-01,23481,DEBIT_CARD
7476627,6080,2010-01-01,69956,DEBIT_CARD
7476630,12329,2010-01-01,87530,CREDIT_CARD
7476634,2008,2010-01-01,13683,DEBIT_CARD
7476636,1486,2010-01-01,40892,DEBIT_CARD
7476638,13882,2010-01-01,51300,DEBIT_CARD
7476640,305,2010-01-01,61195,DEBIT_CARD
7476641,24996,2010-01-01,52923,DEBIT_CARD
7476644,300,2010-01-01,36628,DEBIT_CARD
7476646,515,2010-01-01,59935,DEBIT_CARD
7476647,1329,2010-01-01,46284,DEBIT_CARD
7476649,252,2010-01-01,25887,DEBIT_CARD
7476650,437,2010-01-01,43293,DEBIT_CARD
7476652,264,2010-01-01,75936,CREDIT_CARD
7476653,6473,2010-01-01,90709,CREDIT_CARD
7476655,100,2010-01-01,88646,DEBIT_CARD
7476656,3564,2010-01-01,50404,CREDIT_CARD
7476658,1146,2010-01-01,77627,DEBIT_CARD
7476660,4326,2010-01-01,43293,CREDIT_CARD
7476661,345,2010-01-01,75781,DEBIT_CARD
7476662,10878,2010-01-01,94123,DEBIT_CARD
7476664,3915,2010-01-01,16798,DEBIT_CARD
7476665,8000,2010-01-01,43293,CREDIT_CARD
7476666,5915,2010-01-01,93910,DEBIT_CARD
7476667,2192,2010-01-01,24823,DEBIT_CARD
7476668,910,2010-01-01,61195,CREDIT_CARD
7476669,236,2010-01-01,50783,DEBIT_CARD
7476670,300,2010-01-01,14528,DEBIT_CARD
7476671,622,2010-01-01,67390,DEBIT_CARD
7476672,14000,2010-01-01,27092,CREDIT_CARD
7476675,986,2010-01-01,26445,DEBIT_CARD
7476676,1290,2010-01-01,75936,DEBIT_CARD
7476677,1607,2010-01-01,96049,DEBIT_CARD
7476679,1357,2010-01-01,50867,CREDIT_CARD
7476680,2437,2010-01-01,19464,DEBIT_CARD
7476681,144,2010-01-01,59935,CREDIT_CARD
7476682,265,2010-01-01,19655,DEBIT_CARD
7476683,876,2010-01-01,92542,DEBIT_CARD
7476685,2596,2010-01-01,55060,DEBIT_CARD
7476686,518,2010-01-01,44625,DEBIT_CARD
7476687,902,2010-01-01,59199,CREDIT_CARD
7476689,1028,2010-01-01,22204,CREDIT_CARD
7476690,1609,2010-01-01,87559,DEBIT_CARD
7476691,17190,2010-01-01,96958,DEBIT_CARD
7476693,3989,2010-01-01,86410,DEBIT_CARD
7476694,544,2010-01-01,54041,CREDIT_CARD
7476696,11655,2010-01-01,65108,DEBIT_CARD
7476697,102,2010-01-01,35451,DEBIT_CARD
7476698,1343,2010-01-01,36869,CREDIT_CARD
7476699,118,2010-01-01,14528,DEBIT_CARD
7476700,7687,2010-01-01,22204,DEBIT_CARD
7476701,857,2010-01-01,46284,CREDIT_CARD
7476703,16276,2010-01-01,59951,CREDIT_CARD
7476704,1166,2010-01-01,93391,DEBIT_CARD
7476705,8815,2010-01-01,602,DEBIT_CARD
7476706,1095,2010-01-01,11468,CREDIT_CARD
7476707,397,2010-01-01,22849,CREDIT_CARD
7476708,1559,2010-01-01,22938,DEBIT_CARD
7476709,3544,2010-01-01,59935,DEBIT_CARD
7476710,406,2010-01-01,25717,DEBIT_CARD
7476711,3217,2010-01-01,18563,DEBIT_CARD
7476712,8000,2010-01-01,27092,DEBIT_CARD
7476713,843,2010-01-01,35451,DEBIT_CARD
7476714,4912,2010-01-01,71667,DEBIT_CARD
7476716,2672,2010-01-01,3244,DEBIT_CARD
7476718,1866,2010-01-01,59397,DEBIT_CARD
7476719,8000,2010-01-01,27092,CREDIT_CARD
7476721,539,2010-01-01,50783,DEBIT_CARD
7476723,1092,2010-01-01,46284,DEBIT_CARD
7476725,32753,2010-01-01,39991,CREDIT_CARD
7476727,1367,2010-01-01,11041,DEBIT_CARD
7476728,8800,2010-01-01,59935,DEBIT_CARD
7476729,13917,2010-01-01,12467,CREDIT_CARD
7476730,577,2010-01-01,78624,DEBIT_CARD
7476732,776,2010-01-01,87071,CREDIT_CARD
7476733,1114,2010-01-01,41260,DEBIT_CARD
7476734,982,2010-01-01,61195,CREDIT_CARD
7476735,4000,2010-01-01,27092,DEBIT_CARD
7476738,787,2010-01-01,22204,DEBIT_CARD
7476739,1308,2010-01-01,12328,DEBIT_CARD
7476740,1178,2010-01-01,35451,DEBIT_CARD
7476741,12398,2010-01-01,1077,DEBIT_CARD
7476742,4275,2010-01-01,86616,CREDIT_CARD
7476743,2755,2010-01-01,28395,DEBIT_CARD
7476744,6000,2010-01-01,27092,DEBIT_CARD
7476745,1341,2010-01-01,41943,DEBIT_CARD
7476746,31,2010-01-01,39021,DEBIT_CARD
7476747,852,2010-01-01,25887,DEBIT_CARD
7476748,5785,2010-01-01,84793,DEBIT_CARD
7476749,4344,2010-01-01,18563,CREDIT_CARD
7476750,9400,2010-01-01,26810,DEBIT_CARD
7476752,3256,2010-01-01,39021,CREDIT_CARD
7476753,28,2010-01-01,14528,DEBIT_CARD
7476754,803,2010-01-01,43293,DEBIT_CARD
7476755,157,2010-01-01,14528,CREDIT_CARD
7476756,1013,2010-01-01,88646,DEBIT_CARD
7476758,1085,2010-01-01,35451,DEBIT_CARD
7476759,4493,2010-01-01,46951,CREDIT_CARD
7476760,1523,2010-01-01,18831,CREDIT_CARD
7476761,1469,2010-01-01,50783,CREDIT_CARD
7476762,5972,2010-01-01,39021,CREDIT_CARD
7476763,907,2010-01-01,61850,CREDIT_CARD
7476764,74,2010-01-01,35451,CREDIT_CARD
7476765,4658,2010-01-01,65109,CREDIT_CARD
7476766,7040,2010-01-01,50783,CREDIT_CARD
7476768,3516,2010-01-01,75227,DEBIT_CARD
7476769,1248,2010-01-01,3471,DEBIT_CARD
7476770,441,2010-01-01,54366,DEBIT_CARD
7476771,1327,2010-01-01,64908,DEBIT_CARD
7476772,135,2010-01-01,75781,DEBIT_CARD
7476775,1048,2010-01-01,96049,CREDIT_CARD
7476776,427,2010-01-01,83229,DEBIT_CARD
7476779,4567,2010-01-01,39021,DEBIT_CARD
7476780,5207,2010-01-01,26810,DEBIT_CARD
7476785,878,2010-01-01,41260,DEBIT_CARD
7476786,238,2010-01-01,63619,DEBIT_CARD
7476787,1390,2010-01-01,88646,DEBIT_CARD
7476788,1143,2010-01-01,35451,DEBIT_CARD
7476789,860,2010-01-01,60569,DEBIT_CARD
7476790,269,2010-01-01,2177,DEBIT_CARD
7476792,1754,2010-01-01,16798,DEBIT_CARD
7476794,342,2010-01-01,86438,DEBIT_CARD
7476795,2623,2010-01-01,99449,DEBIT_CARD
7476796,6836,2010-01-01,70129,CREDIT_CARD
7476797,2384,2010-01-01,49239,DEBIT_CARD
7476798,1412,2010-01-01,61195,DEBIT_CARD
7476799,126,2010-01-01,61195,DEBIT_CARD
7476800,2052,2010-01-01,43293,DEBIT_CARD
7476801,6068,2010-01-01,20561,DEBIT_CARD
7476802,6472,2010-01-01,89949,CREDIT_CARD
7476803,5316,2010-01-01,52562,DEBIT_CARD
7476804,730,2010-01-01,39021,CREDIT_CARD
7476805,1061,2010-01-01,36949,DEBIT_CARD
7476806,1730,2010-01-01,77403,DEBIT_CARD
7476807,1044,2010-01-01,68705,DEBIT_CARD
7476809,630,2010-01-01,49789,DEBIT_CARD
7476811,1626,2010-01-01,25065,DEBIT_CARD
7476812,337,2010-01-01,5248,DEBIT_CARD
7476813,495,2010-01-01,35451,DEBIT_CARD
7476814,1112,2010-01-01,78649,DEBIT_CARD
7476815,3714,2010-01-01,32175,DEBIT_CARD
7476816,17117,2010-01-01,81591,CREDIT_CARD
7476818,10000,2010-01-01,27092,DEBIT_CARD
7476820,1647,2010-01-01,44578,DEBIT_CARD
7476821,4089,2010-01-01,29974,DEBIT_CARD
7476822,1064,2010-01-01,61195,DEBIT_CARD
7476823,1178,2010-01-01,78605,DEBIT_CARD
7476824,783,2010-01-01,35451,DEBIT_CARD
7476825,1622,2010-01-01,46284,DEBIT_CARD
7476826,994,2010-01-01,36399,DEBIT_CARD
7476827,4222,2010-01-01,81759,CREDIT_CARD
7476829,1374,2010-01-01,19558,DEBIT_CARD
7476831,1143,2010-01-01,57885,DEBIT_CARD
7476832,467,2010-01-01,50783,DEBIT_CARD
7476833,6274,2010-01-01,31893,DEBIT_CARD
7476834,1322,2010-01-01,2998,DEBIT_CARD
7476835,1259,2010-01-01,78454,CREDIT_CARD
7476836,1496,2010-01-01,38806,DEBIT_CARD
7476837,27122,2010-01-01,99885,DEBIT_CARD
7476839,1424,2010-01-01,35451,DEBIT_CARD
7476840,1462,2010-01-01,3847,DEBIT_CARD
7476841,1378,2010-01-01,98374,CREDIT_CARD
7476842,3354,2010-01-01,89707,CREDIT_CARD
7476843,1653,2010-01-01,75936,CREDIT_CARD
7476844,809,2010-01-01,49789,CREDIT_CARD
7476845,1215,2010-01-01,17493,DEBIT_CARD
7476846,3550,2010-01-01,18563,DEBIT_CARD
7476847,12958,2010-01-01,726,CREDIT_CARD
7476848,1710,2010-01-01,88998,DEBIT_CARD
7476849,1072,2010-01-01,62913,DEBIT_CARD
7476850,2233,2010-01-01,61738,DEBIT_CARD
7476852,14256,2010-01-01,60569,CREDIT_CARD
7476853,23606,2010-01-01,69956,DEBIT_CARD
7476854,55,2010-01-01,86862,DEBIT_CARD
7476855,1114,2010-01-01,1099,DEBIT_CARD
7476857,1348,2010-01-01,50783,DEBIT_CARD
7476859,1351,2010-01-01,50867,CREDIT_CARD
7476860,2000,2010-01-01,61195,DEBIT_CARD
7476861,8000,2010-01-01,27092,DEBIT_CARD
7476862,282,2010-01-01,59935,DEBIT_CARD
7476863,8000,2010-01-01,27092,CREDIT_CARD
7476864,213,2010-01-01,91264,DEBIT_CARD
7476865,2028,2010-01-01,16798,DEBIT_CARD
7476866,10000,2010-01-01,27092,DEBIT_CARD
7476867,974,2010-01-01,98374,DEBIT_CARD
7476868,1856,2010-01-01,35451,DEBIT_CARD
7476869,1460,2010-01-01,61195,DEBIT_CARD
7476870,873,2010-01-01,20561,DEBIT_CARD
7476871,2209,2010-01-01,83271,DEBIT_CARD
7476872,1453,2010-01-01,78605,DEBIT_CARD
7476873,2207,2010-01-01,51329,CREDIT_CARD
7476874,1702,2010-01-01,81650,DEBIT_CARD
7476876,1653,2010-01-01,75781,DEBIT_CARD
7476878,13085,2010-01-01,726,DEBIT_CARD
7476879,8000,2010-01-01,27092,DEBIT_CARD
7476881,653,2010-01-01,92542,DEBIT_CARD
7476882,2422,2010-01-01,92309,DEBIT_CARD
7476883,10268,2010-01-01,31883,DEBIT_CARD
7476884,239,2010-01-01,75936,DEBIT_CARD
7476885,119,2010-01-01,14528,DEBIT_CARD
7476886,177,2010-01-01,86438,DEBIT_CARD
7476887,9075,2010-01-01,21530,CREDIT_CARD
7476888,735,2010-01-01,37899,DEBIT_CARD
7476889,7428,2010-01-01,24427,CREDIT_CARD
7476891,2592,2010-01-01,18563,CREDIT_CARD
7476892,4703,2010-01-01,25201,DEBIT_CARD
7476893,1823,2010-01-01,80124,DEBIT_CARD
7476894,785,2010-01-01,75936,DEBIT_CARD
7476896,2047,2010-01-01,35451,DEBIT_CARD
7476897,1413,2010-01-01,78941,DEBIT_CARD
7476898,2342,2010-01-01,61738,DEBIT_CARD
7476899,4113,2010-01-01,39021,CREDIT_CARD
7476900,1803,2010-01-01,73081,CREDIT_CARD
7476901,1306,2010-01-01,75781,DEBIT_CARD
7476902,2793,2010-01-01,95355,DEBIT_CARD
7476903,4065,2010-01-01,32175,DEBIT_CARD
7476906,400,2010-01-01,61195,DEBIT_CARD
7476907,2541,2010-01-01,39021,DEBIT_CARD
7476908,1029,2010-01-01,87625,DEBIT_CARD
7476910,910,2010-01-01,71667,CREDIT_CARD
7476911,1037,2010-01-01,10213,DEBIT_CARD
7476912,1804,2010-01-01,88646,DEBIT_CARD
7476913,290,2010-01-01,80135,CREDIT_CARD
7476914,2627,2010-01-01,20561,CREDIT_CARD
7476916,1534,2010-01-01,5499,DEBIT_CARD
7476917,918,2010-01-01,83229,DEBIT_CARD
7476918,6355,2010-01-01,31883,CREDIT_CARD
7476919,1605,2010-01-01,25717,CREDIT_CARD
7476920,1061,2010-01-01,79664,CREDIT_CARD
7476921,6914,2010-01-01,60569,DEBIT_CARD
7476922,1078,2010-01-01,98648,CREDIT_CARD
7476923,1023,2010-01-01,47090,DEBIT_CARD
7476924,1013,2010-01-01,61195,CREDIT_CARD
7476925,157,2010-01-01,14528,CREDIT_CARD
7476926,3743,2010-01-01,75936,DEBIT_CARD
7476928,1364,2010-01-01,59288,DEBIT_CARD
7476930,348,2010-01-01,75936,DEBIT_CARD
7476931,1173,2010-01-01,57758,DEBIT_CARD
7476932,12509,2010-01-01,46259,CREDIT_CARD
7476933,812,2010-01-01,58989,CREDIT_CARD
7476934,207,2010-01-01,75781,CREDIT_CARD
7476935,6258,2010-01-01,60569,DEBIT_CARD
7476936,1818,2010-01-01,92883,DEBIT_CARD
7476937,1919,2010-01-01,61195,DEBIT_CARD
7476938,902,2010-01-01,79927,DEBIT_CARD
7476939,7641,2010-01-01,4802,DEBIT_CARD
7476940,909,2010-01-01,75781,DEBIT_CARD
7476941,1125,2010-01-01,96049,DEBIT_CARD
7476942,12000,2010-01-01,27092,DEBIT_CARD
7476943,4475,2010-01-01,11559,DEBIT_CARD
7476944,862,2010-01-01,75936,DEBIT_CARD
7476945,687,2010-01-01,88526,DEBIT_CARD
7476948,2198,2010-01-01,17707,DEBIT_CARD
7476952,852,2010-01-01,61195,CREDIT_CARD
7476953,10000,2010-01-01,27092,CREDIT_CARD
7476955,1097,2010-01-01,91128,DEBIT_CARD
7476956,2492,2010-01-01,31893,CREDIT_CARD
7476957,7007,2010-01-01,18215,DEBIT_CARD
7476958,3181,2010-01-01,50404,DEBIT_CARD
7476959,338,2010-01-01,22204,DEBIT_CARD
7476960,1875,2010-01-01,75781,DEBIT_CARD
7476961,983,2010-01-01,98968,DEBIT_CARD
7476963,1163,2010-01-01,94597,DEBIT_CARD
7476964,6697,2010-01-01,47993,DEBIT_CARD
7476965,10477,2010-01-01,43293,CREDIT_CARD
7476966,1118,2010-01-01,44578,DEBIT_CARD
7476967,168,2010-01-01,48919,CREDIT_CARD
7476968,22605,2010-01-01,75393,CREDIT_CARD
7476969,1928,2010-01-01,98374,DEBIT_CARD
7476970,14961,2010-01-01,81833,DEBIT_CARD
7476971,1383,2010-01-01,22204,CREDIT_CARD
7476973,2081,2010-01-01,22204,CREDIT_CARD
7476974,4706,2010-01-01,39021,DEBIT_CARD
7476975,2601,2010-01-01,36934,CREDIT_CARD
7476976,1727,2010-01-01,50783,DEBIT_CARD
7476977,1614,2010-01-01,71774,DEBIT_CARD
7476978,6700,2010-01-01,32175,CREDIT_CARD
7476981,334,2010-01-01,22204,DEBIT_CARD
7476982,6512,2010-01-01,93245,DEBIT_CARD
7476983,4534,2010-01-01,11559,DEBIT_CARD
7476984,1079,2010-01-01,25887,DEBIT_CARD
7476985,782,2010-01-01,17984,DEBIT_CARD
7476986,1920,2010-01-01,94992,CREDIT_CARD
7476987,6869,2010-01-01,39021,DEBIT_CARD
7476988,2298,2010-01-01,2177,DEBIT_CARD
7476989,3602,2010-01-01,61552,DEBIT_CARD
7476993,16000,2010-01-01,27092,DEBIT_CARD
7476994,7258,2010-01-01,37387,DEBIT_CARD
7476995,124,2010-01-01,46284,DEBIT_CARD
7476996,213,2010-01-01,25887,DEBIT_CARD
7476997,2516,2010-01-01,50867,DEBIT_CARD
7476998,8549,2010-01-01,67570,DEBIT_CARD
7476999,12000,2010-01-01,27092,DEBIT_CARD
7477001,235,2010-01-01,88646,DEBIT_CARD
7477002,1645,2010-01-01,77029,DEBIT_CARD
7477004,1032,2010-01-01,66428,DEBIT_CARD
7477005,1585,2010-01-01,92883,CREDIT_CARD
7477006,3258,2010-01-01,39021,CREDIT_CARD
7477007,893,2010-01-01,58564,DEBIT_CARD
7477008,242,2010-01-01,50783,DEBIT_CARD
7477009,824,2010-01-01,98374,CREDIT_CARD
7477010,1650,2010-01-01,50783,DEBIT_CARD
7477011,104,2010-01-01,98735,DEBIT_CARD
7477013,894,2010-01-01,75744,CREDIT_CARD
7477014,1437,2010-01-01,60354,DEBIT_CARD
7477016,1311,2010-01-01,88374,DEBIT_CARD
7477019,738,2010-01-01,97974,DEBIT_CARD
7477020,45,2010-01-01,14528,CREDIT_CARD
7477021,2141,2010-01-01,14636,DEBIT_CARD
7477022,1123,2010-01-01,60569,DEBIT_CARD
7477023,2645,2010-01-01,61929,CREDIT_CARD
7477025,4486,2010-01-01,23446,DEBIT_CARD
7477026,79,2010-01-01,35182,CREDIT_CARD
7477027,1072,2010-01-01,75781,DEBIT_CARD
7477029,571,2010-01-01,87593,DEBIT_CARD
7477030,354,2010-01-01,35451,DEBIT_CARD
7477032,1299,2010-01-01,46054,DEBIT_CARD
7477033,814,2010-01-01,88646,DEBIT_CARD
7477034,868,2010-01-01,20561,DEBIT_CARD
7477036,790,2010-01-01,75781,DEBIT_CARD
7477037,6462,2010-01-01,41122,DEBIT_CARD
7477038,1529,2010-01-01,63382,CREDIT_CARD
7477039,8000,2010-01-01,27092,CREDIT_CARD
7477040,1564,2010-01-01,25887,DEBIT_CARD
7477041,25427,2010-01-01,38958,DEBIT_CARD
7477042,988,2010-01-01,35451,DEBIT_CARD
7477043,1755,2010-01-01,66424,DEBIT_CARD
7477044,1152,2010-01-01,23481,DEBIT_CARD
7477046,1014,2010-01-01,41467,CREDIT_CARD
7477047,1883,2010-01-01,75936,DEBIT_CARD
7477048,4404,2010-01-01,50783,CREDIT_CARD
7477050,7395,2010-01-01,26603,DEBIT_CARD
7477051,1831,2010-01-01,25717,CREDIT_CARD
7477055,1418,2010-01-01,20884,CREDIT_CARD
7477056,153,2010-01-01,16798,DEBIT_CARD
7477057,11353,2010-01-01,68751,CREDIT_CARD
7477058,2590,2010-01-01,51329,CREDIT_CARD
7477059,4067,2010-01-01,82981,DEBIT_CARD
7477060,506,2010-01-01,50867,DEBIT_CARD
7477061,1309,2010-01-01,25887,DEBIT_CARD
7477062,694,2010-01-01,59397,DEBIT_CARD
7477064,1775,2010-01-01,75781,CREDIT_CARD
7477065,865,2010-01-01,12936,DEBIT_CARD
7477066,1290,2010-01-01,50867,DEBIT_CARD
7477067,1324,2010-01-01,61195,DEBIT_CARD
7477068,6000,2010-01-01,27092,CREDIT_CARD
7477069,447,2010-01-01,75936,DEBIT_CARD
7477070,2536,2010-01-01,46284,CREDIT_CARD
7477071,6075,2010-01-01,36934,CREDIT_CARD
7477072,9099,2010-01-01,88374,DEBIT_CARD
7477073,450,2010-01-01,32193,DEBIT_CARD
7477074,1328,2010-01-01,10126,DEBIT_CARD
7477076,7500,2010-01-01,43293,CREDIT_CARD
7477077,7100,2010-01-01,61195,DEBIT_CARD
7477078,5757,2010-01-01,61195,DEBIT_CARD
7477079,1518,2010-01-01,61007,DEBIT_CARD
7477080,605,2010-01-01,60569,CREDIT_CARD
7477081,2912,2010-01-01,39021,CREDIT_CARD
7477082,5364,2010-01-01,41122,CREDIT_CARD
7477084,10000,2010-01-01,27092,DEBIT_CARD
7477085,646,2010-01-01,100169,DEBIT_CARD
7477086,3956,2010-01-01,76091,DEBIT_CARD
7477087,1219,2010-01-01,22204,DEBIT_CARD
7477088,1521,2010-01-01,22204,CREDIT_CARD
7477091,8000,2010-01-01,27092,CREDIT_CARD
7477094,1509,2010-01-01,17708,CREDIT_CARD
7477098,1039,2010-01-01,91128,DEBIT_CARD
7477099,133,2010-01-01,44578,DEBIT_CARD
7477100,1156,2010-01-01,55060,DEBIT_CARD
7477101,1443,2010-01-01,25887,DEBIT_CARD
7477102,797,2010-01-01,25887,DEBIT_CARD
7477103,4898,2010-01-01,19964,DEBIT_CARD
7477104,758,2010-01-01,16339,DEBIT_CARD
7477105,14000,2010-01-01,27092,DEBIT_CARD
7477106,2369,2010-01-01,71616,DEBIT_CARD
7477107,3894,2010-01-01,39021,DEBIT_CARD
7477110,1714,2010-01-01,53187,DEBIT_CARD
7477112,1586,2010-01-01,22204,CREDIT_CARD
7477114,2045,2010-01-01,74922,DEBIT_CARD
7477115,1183,2010-01-01,98648,DEBIT_CARD
7477116,227,2010-01-01,25717,DEBIT_CARD
7477117,1251,2010-01-01,25887,DEBIT_CARD
7477118,1504,2010-01-01,59062,DEBIT_CARD
7477119,1684,2010-01-01,33526,DEBIT_CARD
7477120,8315,2010-01-01,86959,DEBIT_CARD
7477122,63,2010-01-01,14528,DEBIT_CARD
7477123,1070,2010-01-01,98648,CREDIT_CARD
7477124,7549,2010-01-01,36934,DEBIT_CARD
7477125,919,2010-01-01,94992,DEBIT_CARD
7477126,2077,2010-01-01,16798,CREDIT_CARD
7477127,74,2010-01-01,14528,DEBIT_CARD
7477128,2547,2010-01-01,16798,DEBIT_CARD
7477129,14000,2010-01-01,27092,DEBIT_CARD
7477130,267,2010-01-01,43293,DEBIT_CARD
7477132,5315,2010-01-01,43293,CREDIT_CARD
7477134,1474,2010-01-01,10005,DEBIT_CARD
7477135,10220,2010-01-01,32175,DEBIT_CARD
7477136,1505,2010-01-01,32076,DEBIT_CARD
7477137,7205,2010-01-01,20916,DEBIT_CARD
7477139,2260,2010-01-01,61195,CREDIT_CARD
7477140,7550,2010-01-01,16041,CREDIT_CARD
7477141,1699,2010-01-01,75781,DEBIT_CARD
7477144,179,2010-01-01,75781,CREDIT_CARD
7477145,1228,2010-01-01,22848,DEBIT_CARD
7477146,1142,2010-01-01,34251,DEBIT_CARD
7477147,741,2010-01-01,11264,DEBIT_CARD
7477149,1502,2010-01-01,22204,DEBIT_CARD
7477150,1424,2010-01-01,50783,DEBIT_CARD
7477153,1109,2010-01-01,61195,CREDIT_CARD
7477155,2241,2010-01-01,39021,DEBIT_CARD
7477156,3657,2010-01-01,81393,CREDIT_CARD
7477157,14932,2010-01-01,52073,DEBIT_CARD
7477158,7706,2010-01-01,61195,CREDIT_CARD
7477159,362,2010-01-01,91453,DEBIT_CARD
7477162,133,2010-01-01,14528,DEBIT_CARD
7477163,3345,2010-01-01,44393,DEBIT_CARD
7477164,967,2010-01-01,25887,DEBIT_CARD
7477167,31502,2010-01-01,38958,CREDIT_CARD
7477168,601,2010-01-01,72812,CREDIT_CARD
7477170,449,2010-01-01,22938,CREDIT_CARD
7477171,4285,2010-01-01,88937,DEBIT_CARD
7477172,1223,2010-01-01,61195,DEBIT_CARD
7477174,2988,2010-01-01,60569,DEBIT_CARD
7477175,770,2010-01-01,91886,DEBIT_CARD
7477177,23571,2010-01-01,52073,CREDIT_CARD
7477178,8000,2010-01-01,27092,CREDIT_CARD
7477182,1426,2010-01-01,2309,DEBIT_CARD
7477183,360,2010-01-01,25887,DEBIT_CARD
7477184,797,2010-01-01,2703,DEBIT_CARD
7477185,1449,2010-01-01,54850,DEBIT_CARD
7477186,12000,2010-01-01,27092,DEBIT_CARD
7477187,782,2010-01-01,75781,DEBIT_CARD
7477189,426,2010-01-01,75781,DEBIT_CARD
7477190,1835,2010-01-01,50783,DEBIT_CARD
7477191,177,2010-01-01,14528,DEBIT_CARD
7477192,701,2010-01-01,75936,CREDIT_CARD
7477193,1299,2010-01-01,73749,DEBIT_CARD
7477195,13354,2010-01-01,19964,CREDIT_CARD
7477196,18000,2010-01-01,27092,DEBIT_CARD
7477197,165,2010-01-01,22938,DEBIT_CARD
7477198,5700,2010-01-01,22204,DEBIT_CARD
7477202,7247,2010-01-01,94267,DEBIT_CARD
7477203,1664,2010-01-01,52154,CREDIT_CARD
7477204,117,2010-01-01,86438,DEBIT_CARD
7477206,1366,2010-01-01,60009,DEBIT_CARD
7477207,812,2010-01-01,49789,DEBIT_CARD
7477208,2375,2010-01-01,39021,DEBIT_CARD
7477210,294,2010-01-01,61195,DEBIT_CARD
7477211,1670,2010-01-01,55208,DEBIT_CARD
7477213,974,2010-01-01,60855,DEBIT_CARD
7477214,2072,2010-01-01,22204,CREDIT_CARD
7477215,2133,2010-01-01,50783,CREDIT_CARD
7477216,1458,2010-01-01,18563,CREDIT_CARD
7477217,3597,2010-01-01,21151,CREDIT_CARD
7477219,321,2010-01-01,12014,DEBIT_CARD
7477220,994,2010-01-01,50404,DEBIT_CARD
7477221,1821,2010-01-01,50783,DEBIT_CARD
7477222,14000,2010-01-01,27092,DEBIT_CARD
7477224,370,2010-01-01,50783,DEBIT_CARD
7477226,1039,2010-01-01,75936,DEBIT_CARD
7477227,879,2010-01-01,58564,DEBIT_CARD
7477228,2455,2010-01-01,50783,CREDIT_CARD
7477229,106,2010-01-01,22204,DEBIT_CARD
7477230,2359,2010-01-01,88937,DEBIT_CARD
7477231,150,2010-01-01,26844,DEBIT_CARD
7477236,401,2010-01-01,63701,DEBIT_CARD
7477237,995,2010-01-01,35451,DEBIT_CARD
7477238,988,2010-01-01,39261,CREDIT_CARD
7477239,180,2010-01-01,14528,CREDIT_CARD
7477240,10000,2010-01-01,27092,DEBIT_CARD
7477241,2639,2010-01-01,75781,DEBIT_CARD
7477242,5037,2010-01-01,86616,DEBIT_CARD
7477244,578,2010-01-01,57885,DEBIT_CARD
7477245,6300,2010-01-01,43293,CREDIT_CARD
7477246,87,2010-01-01,44919,CREDIT_CARD
7477247,6400,2010-01-01,61195,CREDIT_CARD
7477248,507,2010-01-01,20519,DEBIT_CARD
7477249,985,2010-01-01,65940,CREDIT_CARD
7477250,8675,2010-01-01,38602,DEBIT_CARD
7477251,918,2010-01-01,33526,CREDIT_CARD
7477254,1300,2010-01-01,25887,DEBIT_CARD
7477255,1203,2010-01-01,68671,DEBIT_CARD
7477256,1249,2010-01-01,40873,DEBIT_CARD
7477257,156,2010-01-01,47033,DEBIT_CARD
7477258,1727,2010-01-01,94992,DEBIT_CARD
7477260,539,2010-01-01,92722,DEBIT_CARD
7477261,1020,2010-01-01,61195,DEBIT_CARD
7477262,4518,2010-01-01,21881,DEBIT_CARD
7477263,1231,2010-01-01,10126,DEBIT_CARD
7477264,816,2010-01-01,77913,DEBIT_CARD
7477265,2640,2010-01-01,57263,DEBIT_CARD
7477267,1128,2010-01-01,7330,DEBIT_CARD
7477268,11165,2010-01-01,16014,DEBIT_CARD
7477269,603,2010-01-01,64928,DEBIT_CARD
7477270,1926,2010-01-01,22204,DEBIT_CARD
7477272,3522,2010-01-01,39021,DEBIT_CARD
7477273,1729,2010-01-01,61195,DEBIT_CARD
7477274,1073,2010-01-01,75781,DEBIT_CARD
7477275,186,2010-01-01,86438,DEBIT_CARD
7477278,3535,2010-01-01,59935,DEBIT_CARD
7477280,1977,2010-01-01,16798,DEBIT_CARD
7477281,32866,2010-01-01,81222,CREDIT_CARD
7477282,4767,2010-01-01,39021,DEBIT_CARD
7477284,802,2010-01-01,23098,CREDIT_CARD
7477285,5100,2010-01-01,61195,DEBIT_CARD
7477286,334,2010-01-01,64594,DEBIT_CARD
7477287,1169,2010-01-01,75936,DEBIT_CARD
7477288,488,2010-01-01,60569,CREDIT_CARD
7477289,6019,2010-01-01,93700,DEBIT_CARD
7477291,1613,2010-01-01,26905,DEBIT_CARD
7477292,768,2010-01-01,61195,DEBIT_CARD
7477294,730,2010-01-01,75936,DEBIT_CARD
7477295,1568,2010-01-01,50783,DEBIT_CARD
7477296,5376,2010-01-01,83229,DEBIT_CARD
7477297,2204,2010-01-01,80575,CREDIT_CARD
7477300,6600,2010-01-01,43293,DEBIT_CARD
7477301,5700,2010-01-01,5248,CREDIT_CARD
7477304,8059,2010-01-01,43293,DEBIT_CARD
7477305,7543,2010-01-01,23446,CREDIT_CARD
7477306,644,2010-01-01,28395,DEBIT_CARD
7477307,229,2010-01-01,14528,DEBIT_CARD
7477308,4599,2010-01-01,34488,CREDIT_CARD
7477309,1308,2010-01-01,55060,DEBIT_CARD
7477310,1416,2010-01-01,17493,DEBIT_CARD
7477312,1152,2010-01-01,28395,DEBIT_CARD
7477313,2230,2010-01-01,16798,DEBIT_CARD
7477314,110,2010-01-01,14528,DEBIT_CARD
7477315,9344,2010-01-01,31859,DEBIT_CARD
7477316,5400,2010-01-01,61195,DEBIT_CARD
7477319,1908,2010-01-01,75781,DEBIT_CARD
7477320,9500,2010-01-01,59935,DEBIT_CARD
7477321,2261,2010-01-01,61078,DEBIT_CARD
7477322,607,2010-01-01,83229,CREDIT_CARD
7477323,93,2010-01-01,69972,DEBIT_CARD
7477325,1760,2010-01-01,39637,DEBIT_CARD
7477326,7600,2010-01-01,5248,CREDIT_CARD
7477328,1800,2010-01-01,87907,DEBIT_CARD
7477330,720,2010-01-01,10792,DEBIT_CARD
7477331,978,2010-01-01,69972,CREDIT_CARD
7477333,2844,2010-01-01,88646,DEBIT_CARD
7477334,1962,2010-01-01,16798,DEBIT_CARD
7477335,7693,2010-01-01,93508,DEBIT_CARD
7477337,2208,2010-01-01,41983,DEBIT_CARD
7477338,3801,2010-01-01,59292,DEBIT_CARD
7477339,955,2010-01-01,88646,DEBIT_CARD
7477340,830,2010-01-01,2177,DEBIT_CARD
7477341,6000,2010-01-01,27092,DEBIT_CARD
7477342,523,2010-01-01,61195,DEBIT_CARD
7477344,192,2010-01-01,33041,DEBIT_CARD
7477347,7272,2010-01-01,38958,DEBIT_CARD
7477349,5722,2010-01-01,31883,DEBIT_CARD
7477350,679,2010-01-01,19143,CREDIT_CARD
7477353,1069,2010-01-01,59397,DEBIT_CARD
7477354,1120,2010-01-01,50783,DEBIT_CARD
7477355,653,2010-01-01,50783,DEBIT_CARD
7477357,2100,2010-01-01,46284,DEBIT_CARD
7477358,1570,2010-01-01,65593,DEBIT_CARD
7477359,6500,2010-01-01,59935,CREDIT_CARD
7477360,632,2010-01-01,41260,DEBIT_CARD
7477361,17590,2010-01-01,16790,CREDIT_CARD
7477363,929,2010-01-01,47710,DEBIT_CARD
7477364,10295,2010-01-01,43293,DEBIT_CARD
7477365,1318,2010-01-01,55719,CREDIT_CARD
7477366,1203,2010-01-01,54022,DEBIT_CARD
7477367,1111,2010-01-01,25717,CREDIT_CARD
7477368,52,2010-01-01,98374,DEBIT_CARD
7477369,882,2010-01-01,41260,DEBIT_CARD
7477370,1759,2010-01-01,61195,CREDIT_CARD
7477372,4257,2010-01-01,39021,DEBIT_CARD
7477373,2278,2010-01-01,4439,DEBIT_CARD
7477374,7800,2010-01-01,22204,CREDIT_CARD
7477375,977,2010-01-01,22204,DEBIT_CARD
7477376,934,2010-01-01,61195,DEBIT_CARD
7477378,5149,2010-01-01,39021,DEBIT_CARD
7477380,768,2010-01-01,22204,DEBIT_CARD
7477381,1138,2010-01-01,46284,DEBIT_CARD
7477382,8400,2010-01-01,43293,DEBIT_CARD
7477383,1226,2010-01-01,620,DEBIT_CARD
7477384,5531,2010-01-01,99370,CREDIT_CARD
7477386,1688,2010-01-01,62272,DEBIT_CARD
7477387,36568,2010-01-01,32858,DEBIT_CARD
7477388,2535,2010-01-01,69972,DEBIT_CARD
7477389,9068,2010-01-01,44559,CREDIT_CARD
7477390,1298,2010-01-01,80141,DEBIT_CARD
7477391,3082,2010-01-01,60569,DEBIT_CARD
7477392,116,2010-01-01,14528,CREDIT_CARD
7477393,301,2010-01-01,75781,DEBIT_CARD
7477396,18992,2010-01-01,46284,DEBIT_CARD
7477397,1445,2010-01-01,39261,CREDIT_CARD
7477398,12,2010-01-01,86438,DEBIT_CARD
7477399,9659,2010-01-01,22204,CREDIT_CARD
7477400,1172,2010-01-01,75781,DEBIT_CARD
7477401,66340,2010-01-01,57386,CREDIT_CARD
7477402,15963,2010-01-01,60569,CREDIT_CARD
7477403,3853,2010-01-01,75781,DEBIT_CARD
7477404,1738,2010-01-01,75804,DEBIT_CARD
7477405,772,2010-01-01,92400,DEBIT_CARD
7477406,5396,2010-01-01,13646,DEBIT_CARD
7477408,3134,2010-01-01,79410,DEBIT_CARD
7477409,81,2010-01-01,11442,DEBIT_CARD
7477411,8632,2010-01-01,68668,CREDIT_CARD
7477413,7297,2010-01-01,60569,DEBIT_CARD
7477414,2378,2010-01-01,61195,DEBIT_CARD
7477415,1391,2010-01-01,98801,CREDIT_CARD
7477416,4816,2010-01-01,13646,DEBIT_CARD
7477417,716,2010-01-01,59935,CREDIT_CARD
7477418,1151,2010-01-01,5071,DEBIT_CARD
7477420,1928,2010-01-01,39111,CREDIT_CARD
7477421,1767,2010-01-01,14926,DEBIT_CARD
7477422,4233,2010-01-01,18563,DEBIT_CARD
7477423,5638,2010-01-01,77839,DEBIT_CARD
7477425,1223,2010-01-01,44578,DEBIT_CARD
7477426,1247,2010-01-01,88550,DEBIT_CARD
7477427,520,2010-01-01,39261,CREDIT_CARD
7477428,1263,2010-01-01,44578,CREDIT_CARD
7477433,6400,2010-01-01,49789,CREDIT_CARD
7477434,8700,2010-01-01,61195,CREDIT_CARD
7477435,107,2010-01-01,14528,DEBIT_CARD
7477436,1924,2010-01-01,13496,DEBIT_CARD
7477438,9200,2010-01-01,59935,DEBIT_CARD
7477439,5490,2010-01-01,26810,CREDIT_CARD
7477440,8285,2010-01-01,17474,DEBIT_CARD
7477442,248,2010-01-01,88646,DEBIT_CARD
7477443,42,2010-01-01,56979,DEBIT_CARD
7477444,383,2010-01-01,75936,DEBIT_CARD
7477447,1669,2010-01-01,41260,DEBIT_CARD
7477449,210,2010-01-01,65691,DEBIT_CARD
7477450,8900,2010-01-01,59935,DEBIT_CARD
7477451,802,2010-01-01,60416,DEBIT_CARD
7477452,555,2010-01-01,22938,DEBIT_CARD
7477453,10000,2010-01-01,27092,CREDIT_CARD
7477456,3349,2010-01-01,20561,CREDIT_CARD
7477457,1315,2010-01-01,17805,DEBIT_CARD
7477458,1626,2010-01-01,60569,DEBIT_CARD
7477459,165,2010-01-01,28395,CREDIT_CARD
7477460,883,2010-01-01,59397,CREDIT_CARD
7477461,7300,2010-01-01,26810,CREDIT_CARD
7477463,1072,2010-01-01,87968,DEBIT_CARD
7477464,1831,2010-01-01,44578,DEBIT_CARD
7477465,5991,2010-01-01,46556,CREDIT_CARD
7477466,922,2010-01-01,44578,DEBIT_CARD
7477468,11875,2010-01-01,73186,DEBIT_CARD
7477469,1524,2010-01-01,50867,DEBIT_CARD
7477470,1898,2010-01-01,18563,DEBIT_CARD
7477471,6500,2010-01-01,61195,DEBIT_CARD
7477472,10000,2010-01-01,27092,CREDIT_CARD
7477473,748,2010-01-01,26810,DEBIT_CARD
7477474,12672,2010-01-01,49637,CREDIT_CARD
7477475,1176,2010-01-01,69972,DEBIT_CARD
7477476,1039,2010-01-01,71500,DEBIT_CARD
7477479,1682,2010-01-01,69034,DEBIT_CARD
7477480,921,2010-01-01,35451,CREDIT_CARD
7477482,989,2010-01-01,77704,DEBIT_CARD
7477483,3396,2010-01-01,20519,CREDIT_CARD
7477484,1201,2010-01-01,75781,DEBIT_CARD
7477485,8809,2010-01-01,52923,DEBIT_CARD
7477486,882,2010-01-01,88646,CREDIT_CARD
7477487,5084,2010-01-01,85251,CREDIT_CARD
7477488,9500,2010-01-01,59935,DEBIT_CARD
7477489,1036,2010-01-01,41260,DEBIT_CARD
7477492,1577,2010-01-01,61195,CREDIT_CARD
7477494,6960,2010-01-01,59935,DEBIT_CARD
7477495,1764,2010-01-01,63335,CREDIT_CARD
7477496,1110,2010-01-01,21369,DEBIT_CARD
7477497,10000,2010-01-01,27092,DEBIT_CARD
7477498,698,2010-01-01,61195,DEBIT_CARD
7477499,7381,2010-01-01,61195,DEBIT_CARD
7477500,4641,2010-01-01,46965,DEBIT_CARD
7477501,7258,2010-01-01,11368,DEBIT_CARD
7477502,906,2010-01-01,25887,DEBIT_CARD
7477505,1079,2010-01-01,56431,DEBIT_CARD
7477507,7531,2010-01-01,81477,DEBIT_CARD
7477508,7831,2010-01-01,60569,DEBIT_CARD
7477509,12029,2010-01-01,94625,DEBIT_CARD
7477510,205,2010-01-01,24823,DEBIT_CARD
7477511,1035,2010-01-01,30928,DEBIT_CARD
7477512,11170,2010-01-01,59935,DEBIT_CARD
7477517,1734,2010-01-01,39021,DEBIT_CARD
7477518,8700,2010-01-01,50867,DEBIT_CARD
7477520,14675,2010-01-01,60569,CREDIT_CARD
7477522,126,2010-01-01,14528,DEBIT_CARD
7477525,834,2010-01-01,98374,CREDIT_CARD
7477526,721,2010-01-01,8192,DEBIT_CARD
7477527,1293,2010-01-01,88646,DEBIT_CARD
7477529,905,2010-01-01,61195,CREDIT_CARD
7477530,8900,2010-01-01,61195,DEBIT_CARD
7477531,1347,2010-01-01,47399,CREDIT_CARD
7477532,3451,2010-01-01,39021,DEBIT_CARD
7477534,1132,2010-01-01,75804,DEBIT_CARD
7477535,1372,2010-01-01,22204,DEBIT_CARD
7477536,1203,2010-01-01,41982,DEBIT_CARD
7477537,421,2010-01-01,45926,DEBIT_CARD
7477538,3898,2010-01-01,59935,DEBIT_CARD
7477540,1618,2010-01-01,75344,DEBIT_CARD
7477542,968,2010-01-01,19901,CREDIT_CARD
7477543,8464,2010-01-01,56276,CREDIT_CARD
7477544,124,2010-01-01,75866,DEBIT_CARD
7477545,5210,2010-01-01,61195,CREDIT_CARD
7477548,1001,2010-01-01,2177,DEBIT_CARD
7477550,663,2010-01-01,44578,CREDIT_CARD
7477551,10000,2010-01-01,27092,DEBIT_CARD
7477552,899,2010-01-01,53224,DEBIT_CARD
7477553,4040,2010-01-01,39021,DEBIT_CARD
7477554,2234,2010-01-01,34626,DEBIT_CARD
7477555,1002,2010-01-01,22938,DEBIT_CARD
7477556,1269,2010-01-01,25887,CREDIT_CARD
7477557,1260,2010-01-01,69972,CREDIT_CARD
7477559,772,2010-01-01,69808,CREDIT_CARD
7477560,1301,2010-01-01,75936,DEBIT_CARD
7477562,1024,2010-01-01,21491,CREDIT_CARD
7477563,12000,2010-01-01,27092,CREDIT_CARD
7477564,18000,2010-01-01,27092,DEBIT_CARD
7477566,10000,2010-01-01,30928,DEBIT_CARD
7477567,148,2010-01-01,20519,DEBIT_CARD
7477568,1277,2010-01-01,25887,DEBIT_CARD
7477569,116,2010-01-01,14528,DEBIT_CARD
7477570,4300,2010-01-01,49789,CREDIT_CARD
7477571,1026,2010-01-01,41080,CREDIT_CARD
7477572,1278,2010-01-01,2703,CREDIT_CARD
7477573,1107,2010-01-01,69972,DEBIT_CARD
7477574,2236,2010-01-01,25717,DEBIT_CARD
7477575,1767,2010-01-01,15143,CREDIT_CARD
7477577,1234,2010-01-01,25887,DEBIT_CARD
7477578,10000,2010-01-01,27092,CREDIT_CARD
7477579,8000,2010-01-01,27092,DEBIT_CARD
7477580,2441,2010-01-01,75781,DEBIT_CARD
7477581,608,2010-01-01,75781,CREDIT_CARD
7477583,9399,2010-01-01,80770,DEBIT_CARD
7477584,14943,2010-01-01,61195,DEBIT_CARD
7477585,5400,2010-01-01,59935,DEBIT_CARD
7477586,75719,2010-01-01,49637,CREDIT_CARD
7477587,28744,2010-01-01,49637,CREDIT_CARD
7477588,5324,2010-01-01,59935,DEBIT_CARD
7477589,127,2010-01-01,86438,DEBIT_CARD
7477590,1659,2010-01-01,51180,DEBIT_CARD
7477591,2550,2010-01-01,19756,CREDIT_CARD
7477592,6326,2010-01-01,40404,DEBIT_CARD
7477593,11939,2010-01-01,61195,DEBIT_CARD
7477594,7713,2010-01-01,20561,DEBIT_CARD
7477595,2634,2010-01-01,59935,DEBIT_CARD
7477597,1421,2010-01-01,84706,DEBIT_CARD
7477598,9300,2010-01-01,59935,DEBIT_CARD
7477600,98,2010-01-01,14528,CREDIT_CARD
7477602,996,2010-01-01,61195,DEBIT_CARD
7477603,4845,2010-01-01,15034,DEBIT_CARD
7477604,9600,2010-01-01,59935,DEBIT_CARD
7477605,15061,2010-01-01,59474,DEBIT_CARD
7477606,8000,2010-01-01,27092,DEBIT_CARD
7477607,21697,2010-01-01,15426,CREDIT_CARD
7477608,62,2010-01-01,86438,DEBIT_CARD
7477609,1435,2010-01-01,28168,DEBIT_CARD
7477610,16304,2010-01-01,52923,DEBIT_CARD
7477611,936,2010-01-01,96655,DEBIT_CARD
7477612,3597,2010-01-01,2703,CREDIT_CARD
7477613,10000,2010-01-01,27092,DEBIT_CARD
7477614,993,2010-01-01,23669,DEBIT_CARD
7477616,1909,2010-01-01,75781,DEBIT_CARD
7477617,4796,2010-01-01,2344,CREDIT_CARD
7477618,50283,2010-01-01,94659,CREDIT_CARD
7477619,6192,2010-01-01,22204,CREDIT_CARD
7477621,8016,2010-01-01,31868,CREDIT_CARD
7477623,3873,2010-01-01,68671,DEBIT_CARD
7477624,786,2010-01-01,75781,CREDIT_CARD
7477625,1373,2010-01-01,48552,CREDIT_CARD
7477626,10000,2010-01-01,27092,DEBIT_CARD
7477627,2197,2010-01-01,39021,CREDIT_CARD
7477628,3779,2010-01-01,39021,DEBIT_CARD
7477629,2214,2010-01-01,15143,CREDIT_CARD
7477630,3058,2010-01-01,91453,CREDIT_CARD
7477632,7128,2010-01-01,20561,DEBIT_CARD
7477633,679,2010-01-01,50783,DEBIT_CARD
7477634,2116,2010-01-01,1863,CREDIT_CARD
7477635,7673,2010-01-01,34378,DEBIT_CARD
7477637,14253,2010-01-01,86369,CREDIT_CARD
7477638,6610,2010-01-01,28111,DEBIT_CARD
7477639,7000,2010-01-01,59935,DEBIT_CARD
7477641,1266,2010-01-01,18215,DEBIT_CARD
7477642,3790,2010-01-01,59935,DEBIT_CARD
7477644,9107,2010-01-01,50292,DEBIT_CARD
7477645,1317,2010-01-01,61195,DEBIT_CARD
7477646,12617,2010-01-01,20916,DEBIT_CARD
7477647,1519,2010-01-01,99539,CREDIT_CARD
7477648,1176,2010-01-01,36736,DEBIT_CARD
7477649,258,2010-01-01,81759,CREDIT_CARD
7477650,2160,2010-01-01,21461,DEBIT_CARD
7477652,8000,2010-01-01,27092,DEBIT_CARD
7477654,33439,2010-01-01,86369,CREDIT_CARD
7477656,2175,2010-01-01,34626,DEBIT_CARD
7477657,5800,2010-01-01,59935,DEBIT_CARD
7477661,2347,2010-01-01,31046,DEBIT_CARD
7477662,5641,2010-01-01,59935,DEBIT_CARD
7477664,1073,2010-01-01,2177,DEBIT_CARD
7477665,3857,2010-01-01,41122,CREDIT_CARD
7477667,50,2010-01-01,61195,CREDIT_CARD
7477668,9800,2010-01-01,68671,DEBIT_CARD
7477669,3129,2010-01-01,41122,DEBIT_CARD
7477674,3260,2010-01-01,39021,DEBIT_CARD
7477675,20000,2010-01-01,27092,CREDIT_CARD
7477678,4974,2010-01-01,39021,DEBIT_CARD
7477679,8676,2010-01-01,70129,CREDIT_CARD
7477680,5002,2010-01-01,76893,CREDIT_CARD
7477681,1808,2010-01-01,19040,DEBIT_CARD
7477682,8300,2010-01-01,61195,DEBIT_CARD
7477683,4319,2010-01-01,97962,DEBIT_CARD
7477686,5819,2010-01-01,39021,CREDIT_CARD
7477688,23150,2010-01-01,92822,CREDIT_CARD
7477689,885,2010-01-01,75781,CREDIT_CARD
7477690,8480,2010-01-01,56840,DEBIT_CARD
7477691,1666,2010-01-01,61195,DEBIT_CARD
7477692,1227,2010-01-01,22204,DEBIT_CARD
7477693,30625,2010-01-01,100012,DEBIT_CARD
7477696,6490,2010-01-01,17799,CREDIT_CARD
7477697,21368,2010-01-01,31258,DEBIT_CARD
7477698,4548,2010-01-01,10185,CREDIT_CARD
7477699,2869,2010-01-01,59935,DEBIT_CARD
7477703,1393,2010-01-01,69972,DEBIT_CARD
7477706,1681,2010-01-01,15143,DEBIT_CARD
7477708,15667,2010-01-01,59350,DEBIT_CARD
7477709,134,2010-01-01,86438,CREDIT_CARD
7477710,14272,2010-01-01,63023,DEBIT_CARD
7477711,3687,2010-01-01,15143,DEBIT_CARD
7477714,935,2010-01-01,25887,DEBIT_CARD
7477716,4497,2010-01-01,46417,DEBIT_CARD
7477717,992,2010-01-01,69972,DEBIT_CARD
7477718,4712,2010-01-01,95065,DEBIT_CARD
7477719,4960,2010-01-01,43293,CREDIT_CARD
7477720,17564,2010-01-01,15426,DEBIT_CARD
7477721,6000,2010-01-01,27092,CREDIT_CARD
7477723,4155,2010-01-01,84661,DEBIT_CARD
7477725,11874,2010-01-01,62446,DEBIT_CARD
7477726,1616,2010-01-01,18563,CREDIT_CARD
7477727,4147,2010-01-01,60569,DEBIT_CARD
7477728,5095,2010-01-01,39021,DEBIT_CARD
7477730,8632,2010-01-01,64182,DEBIT_CARD
7477731,8200,2010-01-01,43293,DEBIT_CARD
7477733,232,2010-01-01,14528,DEBIT_CARD
7477735,1327,2010-01-01,69956,CREDIT_CARD
7477736,36831,2010-01-01,60594,DEBIT_CARD
7477738,16000,2010-01-01,27092,CREDIT_CARD
7477739,16447,2010-01-01,30286,DEBIT_CARD
7477740,1471,2010-01-01,85945,CREDIT_CARD
7477741,1661,2010-01-01,47399,DEBIT_CARD
7477742,1540,2010-01-01,39637,DEBIT_CARD
7477744,1301,2010-01-01,75781,DEBIT_CARD
7477745,10000,2010-01-01,27092,DEBIT_CARD
7477746,22755,2010-01-01,74934,CREDIT_CARD
7477747,9573,2010-01-01,41044,CREDIT_CARD
7477749,63556,2010-01-01,7257,DEBIT_CARD
7477752,1854,2010-01-01,19964,CREDIT_CARD
7477753,1892,2010-01-01,18563,DEBIT_CARD
7477756,755,2010-01-01,78454,CREDIT_CARD
7477757,5418,2010-01-01,39021,DEBIT_CARD
7477758,8500,2010-01-01,59935,DEBIT_CARD
7477759,299,2010-01-01,75936,DEBIT_CARD
7477760,10000,2010-01-01,27092,DEBIT_CARD
7477763,1066,2010-01-01,80156,DEBIT_CARD
7477764,1198,2010-01-01,79425,DEBIT_CARD
7477765,5493,2010-01-01,32175,DEBIT_CARD
7477767,829,2010-01-01,22204,CREDIT_CARD
7477768,12000,2010-01-01,27092,DEBIT_CARD
7477769,4040,2010-01-01,36100,DEBIT_CARD
7477773,1099,2010-01-01,39021,DEBIT_CARD
7477774,10683,2010-01-01,75781,CREDIT_CARD
7477776,1036,2010-01-01,30697,DEBIT_CARD
7477777,2402,2010-01-01,15143,CREDIT_CARD
7477778,5200,2010-01-01,22204,DEBIT_CARD
7477780,1214,2010-01-01,81833,DEBIT_CARD
7477781,1871,2010-01-01,36392,DEBIT_CARD
7477782,3445,2010-01-01,1631,DEBIT_CARD
7477783,6420,2010-01-01,43293,DEBIT_CARD
7477784,170,2010-01-01,59935,DEBIT_CARD
7477785,1531,2010-01-01,19756,DEBIT_CARD
7477786,3159,2010-01-01,39021,DEBIT_CARD
7477787,8116,2010-01-01,91128,DEBIT_CARD
7477788,6000,2010-01-01,27092,DEBIT_CARD
7477789,143,2010-01-01,59935,CREDIT_CARD
7477790,3269,2010-01-01,33326,DEBIT_CARD
7477791,4213,2010-01-01,61195,DEBIT_CARD
7477792,2786,2010-01-01,22204,DEBIT_CARD
7477794,6100,2010-01-01,59935,CREDIT_CARD
7477795,5300,2010-01-01,43293,DEBIT_CARD
7477797,5862,2010-01-01,46474,DEBIT_CARD
7477798,1214,2010-01-01,80374,DEBIT_CARD
7477799,14619,2010-01-01,90841,CREDIT_CARD
7477800,132,2010-01-01,75606,DEBIT_CARD
7477803,5492,2010-01-01,31883,CREDIT_CARD
7477804,8206,2010-01-01,25572,CREDIT_CARD
7477805,1338,2010-01-01,59312,DEBIT_CARD
7477806,659,2010-01-01,50783,CREDIT_CARD
7477807,3564,2010-01-01,16798,CREDIT_CARD
7477808,4594,2010-01-01,43293,DEBIT_CARD
7477809,11562,2010-01-01,64182,DEBIT_CARD
7477810,5163,2010-01-01,46284,CREDIT_CARD
7477812,2314,2010-01-01,9932,DEBIT_CARD
7477813,10813,2010-01-01,18131,DEBIT_CARD
7477814,2528,2010-01-01,15143,DEBIT_CARD
7477815,822,2010-01-01,61195,DEBIT_CARD
7477816,161,2010-01-01,14528,DEBIT_CARD
7477817,1010,2010-01-01,61195,CREDIT_CARD
7477818,37891,2010-01-01,34488,DEBIT_CARD
7477819,2800,2010-01-01,15143,CREDIT_CARD
7477821,5200,2010-01-01,43293,CREDIT_CARD
7477823,3985,2010-01-01,43293,DEBIT_CARD
7477825,6000,2010-01-01,27092,CREDIT_CARD
7477826,2652,2010-01-01,39021,CREDIT_CARD
7477827,35455,2010-01-01,73661,DEBIT_CARD
7477828,16000,2010-01-01,27092,DEBIT_CARD
7477829,3928,2010-01-01,61195,DEBIT_CARD
7477830,985,2010-01-01,22204,DEBIT_CARD
7477832,3782,2010-01-01,75781,DEBIT_CARD
7477835,5232,2010-01-01,15143,DEBIT_CARD
7477836,685,2010-01-01,59397,DEBIT_CARD
7477837,938,2010-01-01,46284,CREDIT_CARD
7477838,15146,2010-01-01,96585,CREDIT_CARD
7477840,6000,2010-01-01,43293,DEBIT_CARD
7477841,1559,2010-01-01,18563,CREDIT_CARD
7477842,7000,2010-01-01,50867,CREDIT_CARD
7477844,17723,2010-01-01,30286,CREDIT_CARD
7477847,674,2010-01-01,13523,DEBIT_CARD
7477848,2282,2010-01-01,84460,DEBIT_CARD
7477849,3748,2010-01-01,36778,DEBIT_CARD
7477850,3936,2010-01-01,39021,CREDIT_CARD
7477851,5805,2010-01-01,60569,DEBIT_CARD
7477852,195,2010-01-01,74357,CREDIT_CARD
7477854,6800,2010-01-01,61195,DEBIT_CARD
7477855,5524,2010-01-01,43293,DEBIT_CARD
7477856,4068,2010-01-01,41122,CREDIT_CARD
7477857,1014,2010-01-01,31671,DEBIT_CARD
7477859,1526,2010-01-01,78113,DEBIT_CARD
7477861,3720,2010-01-01,1967,DEBIT_CARD
7477862,11099,2010-01-01,72353,CREDIT_CARD
7477866,5991,2010-01-01,50867,CREDIT_CARD
7477867,8200,2010-01-01,61195,DEBIT_CARD
7477868,1014,2010-01-01,61195,CREDIT_CARD
7477869,2000,2010-01-01,90538,DEBIT_CARD
7477873,2180,2010-01-01,63627,DEBIT_CARD
7477874,9480,2010-01-01,60569,DEBIT_CARD
7477875,5912,2010-01-01,51755,DEBIT_CARD
7477876,6232,2010-01-01,16041,CREDIT_CARD
7477877,8734,2010-01-01,61195,DEBIT_CARD
7477879,2511,2010-01-01,98374,DEBIT_CARD
7477880,2658,2010-01-01,18563,DEBIT_CARD
7477882,4425,2010-01-01,90981,DEBIT_CARD
7477884,3616,2010-01-01,15143,DEBIT_CARD
7477885,10000,2010-01-01,27092,CREDIT_CARD
7477886,3077,2010-01-01,18563,DEBIT_CARD
7477887,4024,2010-01-01,81759,DEBIT_CARD
7477890,7600,2010-01-01,43293,CREDIT_CARD
7477891,753,2010-01-01,1642,DEBIT_CARD
7477892,16882,2010-01-01,57133,CREDIT_CARD
7477894,2138,2010-01-01,16798,DEBIT_CARD
7477895,3224,2010-01-01,11559,CREDIT_CARD
7477896,7600,2010-01-01,43293,DEBIT_CARD
7477897,2721,2010-01-01,57391,CREDIT_CARD
7477898,851,2010-01-01,75936,CREDIT_CARD
7477900,4609,2010-01-01,39021,DEBIT_CARD
7477901,7494,2010-01-01,39021,CREDIT_CARD
7477902,7300,2010-01-01,50783,DEBIT_CARD
7477903,3808,2010-01-01,68177,DEBIT_CARD
7477904,3244,2010-01-01,60569,DEBIT_CARD
7477905,1174,2010-01-01,50783,CREDIT_CARD
7477907,1204,2010-01-01,20561,DEBIT_CARD
7477908,1604,2010-01-01,16798,DEBIT_CARD
7477909,3592,2010-01-01,81718,DEBIT_CARD
7477912,4406,2010-01-01,39021,CREDIT_CARD
7477913,7554,2010-01-01,43293,DEBIT_CARD
7477914,1418,2010-01-01,50783,DEBIT_CARD
7477915,11624,2010-01-01,32175,DEBIT_CARD
7477917,102,2010-01-01,14528,DEBIT_CARD
7477918,2662,2010-01-01,39021,DEBIT_CARD
7477919,7710,2010-01-01,68751,DEBIT_CARD
7477920,5329,2010-01-01,67570,DEBIT_CARD
7477921,165,2010-01-01,14528,DEBIT_CARD
7477922,1670,2010-01-01,18014,CREDIT_CARD
7477923,6039,2010-01-01,22204,DEBIT_CARD
7477924,847,2010-01-01,22938,DEBIT_CARD
7477925,122,2010-01-01,75781,DEBIT_CARD
7477927,4734,2010-01-01,68135,CREDIT_CARD
7477928,552,2010-01-01,60569,DEBIT_CARD
7477929,3377,2010-01-01,63683,CREDIT_CARD
7477930,705,2010-01-01,55416,DEBIT_CARD
7477931,3696,2010-01-01,41122,DEBIT_CARD
7477932,3465,2010-01-01,46951,DEBIT_CARD
7477933,5238,2010-01-01,98374,DEBIT_CARD
7477935,3457,2010-01-01,43293,CREDIT_CARD
7477936,5189,2010-01-01,15143,CREDIT_CARD
7477937,1101,2010-01-01,62913,CREDIT_CARD
7477938,467,2010-01-01,34490,CREDIT_CARD
7477939,31448,2010-01-01,5134,DEBIT_CARD
7477941,2049,2010-01-01,70927,CREDIT_CARD
7477942,1020,2010-01-01,62764,DEBIT_CARD
7477943,4901,2010-01-01,22204,DEBIT_CARD
7477944,2203,2010-01-01,45344,DEBIT_CARD
7477945,9396,2010-01-01,20561,CREDIT_CARD
7477946,1257,2010-01-01,19964,DEBIT_CARD
7477947,1000,2010-01-01,61195,CREDIT_CARD
7477948,8200,2010-01-01,59935,DEBIT_CARD
7477949,278,2010-01-01,50783,CREDIT_CARD
7477951,98,2010-01-01,14528,DEBIT_CARD
7477952,4165,2010-01-01,41122,DEBIT_CARD
7477953,4653,2010-01-01,59350,CREDIT_CARD
7477958,1107,2010-01-01,18563,DEBIT_CARD
7477960,2393,2010-01-01,18563,CREDIT_CARD
7477962,2074,2010-01-01,18563,DEBIT_CARD
7477963,3393,2010-01-01,16030,CREDIT_CARD
7477964,1555,2010-01-01,32175,DEBIT_CARD
7477967,2442,2010-01-01,45149,CREDIT_CARD
7477969,5379,2010-01-01,52100,DEBIT_CARD
7477970,16000,2010-01-01,27092,DEBIT_CARD
7477971,2243,2010-01-01,64656,DEBIT_CARD
7477972,4671,2010-01-01,1967,DEBIT_CARD
7477973,20212,2010-01-01,81833,DEBIT_CARD
7477975,8860,2010-01-01,19496,DEBIT_CARD
7477978,1466,2010-01-01,18563,CREDIT_CARD
7477979,956,2010-01-01,58022,DEBIT_CARD
7477980,5028,2010-01-01,13646,DEBIT_CARD
7477982,11462,2010-01-01,60569,DEBIT_CARD
7477983,6500,2010-01-01,43293,CREDIT_CARD
7477985,1066,2010-01-01,46284,DEBIT_CARD
7477986,1756,2010-01-01,39021,CREDIT_CARD
7477987,9663,2010-01-01,61806,CREDIT_CARD
7477989,7,2010-01-01,14528,DEBIT_CARD
7477991,6045,2010-01-01,22204,DEBIT_CARD
7477992,5949,2010-01-01,59935,DEBIT_CARD
7477994,1865,2010-01-01,15143,DEBIT_CARD
7477995,8157,2010-01-01,74938,CREDIT_CARD
7477996,170,2010-01-01,14528,DEBIT_CARD
7477998,2279,2010-01-01,39021,DEBIT_CARD
7478001,4154,2010-01-01,41122,CREDIT_CARD
7478003,6406,2010-01-01,75781,DEBIT_CARD
7478004,7362,2010-01-01,34490,CREDIT_CARD
7478005,4009,2010-01-01,32175,DEBIT_CARD
7478006,10000,2010-01-01,27092,CREDIT_CARD
7478010,5552,2010-01-01,73661,CREDIT_CARD
7478011,2780,2010-01-01,56431,DEBIT_CARD
7478013,13517,2010-01-01,53405,CREDIT_CARD
7478014,4023,2010-01-01,88544,DEBIT_CARD
7478015,12000,2010-01-01,27092,DEBIT_CARD
7478016,915,2010-01-01,39021,DEBIT_CARD
7478017,19437,2010-01-01,11121,CREDIT_CARD
7478018,809,2010-01-01,51952,CREDIT_CARD
7478019,8300,2010-01-01,22204,DEBIT_CARD
7478021,10499,2010-01-01,9932,DEBIT_CARD
7478023,584,2010-01-01,50783,DEBIT_CARD
7478024,1238,2010-01-01,75781,DEBIT_CARD
7478025,713,2010-01-01,43293,CREDIT_CARD
7478026,222,2010-01-01,14528,DEBIT_CARD
7478027,278,2010-01-01,39021,CREDIT_CARD
7478028,9570,2010-01-01,99104,CREDIT_CARD
7478029,2521,2010-01-01,18563,CREDIT_CARD
7478030,3863,2010-01-01,15143,DEBIT_CARD
7478031,883,2010-01-01,50783,CREDIT_CARD
7478032,746,2010-01-01,22938,DEBIT_CARD
7478036,3300,2010-01-01,16798,CREDIT_CARD
7478037,1797,2010-01-01,39021,DEBIT_CARD
7478038,5075,2010-01-01,39021,CREDIT_CARD
7478040,6442,2010-01-01,32175,CREDIT_CARD
7478041,2685,2010-01-01,16798,CREDIT_CARD
7478043,11961,2010-01-01,30289,DEBIT_CARD
7478045,8439,2010-01-01,43293,DEBIT_CARD
7478046,3170,2010-01-01,1631,DEBIT_CARD
7478048,7556,2010-01-01,41122,DEBIT_CARD
7478049,22565,2010-01-01,47928,CREDIT_CARD
7478050,4267,2010-01-01,13646,DEBIT_CARD
7478051,1026,2010-01-01,83229,CREDIT_CARD
7478052,1274,2010-01-01,60569,DEBIT_CARD
7478053,6800,2010-01-01,43293,DEBIT_CARD
7478055,5157,2010-01-01,27310,CREDIT_CARD
7478056,9688,2010-01-01,59935,DEBIT_CARD
7478057,247,2010-01-01,44706,DEBIT_CARD
7478058,3173,2010-01-01,15143,DEBIT_CARD
7478059,6600,2010-01-01,59935,DEBIT_CARD
7478060,8973,2010-01-01,39021,CREDIT_CARD
7478062,1359,2010-01-01,36577,CREDIT_CARD
7478063,4396,2010-01-01,39021,DEBIT_CARD
7478064,511,2010-01-01,68765,CREDIT_CARD
7478065,6864,2010-01-01,79927,DEBIT_CARD
7478067,3766,2010-01-01,63683,DEBIT_CARD
7478068,9500,2010-01-01,39549,CREDIT_CARD
7478069,3352,2010-01-01,22204,DEBIT_CARD
7478071,12000,2010-01-01,27092,DEBIT_CARD
7478072,819,2010-01-01,25887,DEBIT_CARD
7478075,7900,2010-01-01,59935,DEBIT_CARD
7478078,2500,2010-01-01,1631,DEBIT_CARD
7478079,3830,2010-01-01,46284,DEBIT_CARD
7478080,4838,2010-01-01,44306,CREDIT_CARD
7478081,11380,2010-01-01,135,DEBIT_CARD
7478083,4305,2010-01-01,64951,DEBIT_CARD
7478084,16976,2010-01-01,77460,DEBIT_CARD
7478085,4877,2010-01-01,22204,DEBIT_CARD
7478086,1391,2010-01-01,15143,DEBIT_CARD
7478087,3651,2010-01-01,39021,CREDIT_CARD
7478089,1426,2010-01-01,7082,DEBIT_CARD
7478091,3721,2010-01-01,59935,CREDIT_CARD
7478090,6100,2010-01-01,59935,CREDIT_CARD
7478092,4016,2010-01-01,25757,DEBIT_CARD
7478094,6600,2010-01-01,61195,CREDIT_CARD
7478095,91,2010-01-01,33054,CREDIT_CARD
7478096,246,2010-01-01,70984,DEBIT_CARD
7478097,4059,2010-01-01,39021,DEBIT_CARD
7478098,1646,2010-01-01,1631,DEBIT_CARD
7478100,692,2010-01-01,30928,CREDIT_CARD
7478101,4746,2010-01-01,73186,DEBIT_CARD
7478102,956,2010-01-01,99370,DEBIT_CARD
7478103,6079,2010-01-01,37369,CREDIT_CARD
7478104,1601,2010-01-01,32175,DEBIT_CARD
7478106,1481,2010-01-01,16798,CREDIT_CARD
7478108,2021,2010-01-01,92741,DEBIT_CARD
7478110,2940,2010-01-01,90755,DEBIT_CARD
7478111,1125,2010-01-01,91128,DEBIT_CARD
7478112,9407,2010-01-01,22465,DEBIT_CARD
7478114,1642,2010-01-01,53517,DEBIT_CARD
7478115,7661,2010-01-01,39021,DEBIT_CARD
7478116,1092,2010-01-01,59935,CREDIT_CARD
7478117,6287,2010-01-01,50867,CREDIT_CARD
7478118,1955,2010-01-01,81922,CREDIT_CARD
7478120,1065,2010-01-01,37630,CREDIT_CARD
7478122,9300,2010-01-01,22204,DEBIT_CARD
7478123,149,2010-01-01,75781,DEBIT_CARD
7478124,21485,2010-01-01,32480,CREDIT_CARD
7478125,2864,2010-01-01,1770,CREDIT_CARD
7478127,4181,2010-01-01,86959,DEBIT_CARD
7478128,765,2010-01-01,75781,CREDIT_CARD
7478130,3055,2010-01-01,49239,DEBIT_CARD
7478131,1808,2010-01-01,16798,DEBIT_CARD
7478132,4358,2010-01-01,61195,CREDIT_CARD
7478133,6800,2010-01-01,59935,CREDIT_CARD
7478135,9807,2010-01-01,92822,CREDIT_CARD
7478136,4000,2010-01-01,27092,CREDIT_CARD
7478141,15590,2010-01-01,79927,CREDIT_CARD
7478142,12962,2010-01-01,52923,CREDIT_CARD
7478143,6900,2010-01-01,50867,CREDIT_CARD
7478145,278,2010-01-01,75781,DEBIT_CARD
7478146,7100,2010-01-01,22204,DEBIT_CARD
7478147,1252,2010-01-01,4312,DEBIT_CARD
7478148,894,2010-01-01,32858,DEBIT_CARD
7478149,10029,2010-01-01,81833,DEBIT_CARD
7478150,5317,2010-01-01,61195,DEBIT_CARD
7478152,13426,2010-01-01,44795,DEBIT_CARD
7478153,4137,2010-01-01,26810,DEBIT_CARD
7478154,6400,2010-01-01,26810,DEBIT_CARD
7478155,106,2010-01-01,14528,DEBIT_CARD
7478156,2320,2010-01-01,81922,CREDIT_CARD
7478157,12370,2010-01-01,42967,DEBIT_CARD
7478158,1003,2010-01-01,68671,CREDIT_CARD
7478160,1677,2010-01-01,3306,DEBIT_CARD
7478161,2373,2010-01-01,45926,CREDIT_CARD
7478163,1894,2010-01-01,16798,CREDIT_CARD
7478165,11870,2010-01-01,16790,DEBIT_CARD
7478166,2557,2010-01-01,13932,DEBIT_CARD
7478167,6992,2010-01-01,75936,CREDIT_CARD
7478168,96,2010-01-01,14528,DEBIT_CARD
7478169,3406,2010-01-01,45989,DEBIT_CARD
7478170,1463,2010-01-01,7929,CREDIT_CARD
7478171,5459,2010-01-01,32175,DEBIT_CARD
7478172,3607,2010-01-01,50517,DEBIT_CARD
7478174,2183,2010-01-01,10186,CREDIT_CARD
7478175,8200,2010-01-01,61195,DEBIT_CARD
7478178,8000,2010-01-01,27092,CREDIT_CARD
7478179,1402,2010-01-01,51238,DEBIT_CARD
7478180,1807,2010-01-01,16798,DEBIT_CARD
7478181,12203,2010-01-01,31883,DEBIT_CARD
7478182,1264,2010-01-01,3919,DEBIT_CARD
7478184,11128,2010-01-01,96896,DEBIT_CARD
7478185,1866,2010-01-01,18563,CREDIT_CARD
7478186,49252,2010-01-01,51593,DEBIT_CARD
7478187,5508,2010-01-01,59935,DEBIT_CARD
7478188,3998,2010-01-01,83743,DEBIT_CARD
7478191,9678,2010-01-01,45063,CREDIT_CARD
7478195,1440,2010-01-01,40122,CREDIT_CARD
7478198,914,2010-01-01,61195,CREDIT_CARD
7478200,1608,2010-01-01,78940,DEBIT_CARD
7478202,705,2010-01-01,17613,DEBIT_CARD
7478203,8344,2010-01-01,60569,CREDIT_CARD
7478204,1040,2010-01-01,13067,CREDIT_CARD
7478206,5700,2010-01-01,22204,CREDIT_CARD
7478207,1982,2010-01-01,96964,CREDIT_CARD
7478208,107,2010-01-01,86438,DEBIT_CARD
7478209,4728,2010-01-01,84146,DEBIT_CARD
7478212,7980,2010-01-01,46284,DEBIT_CARD
7478213,2903,2010-01-01,39021,CREDIT_CARD
7478215,10162,2010-01-01,75781,CREDIT_CARD
7478216,9409,2010-01-01,59935,DEBIT_CARD
7478217,8946,2010-01-01,81833,CREDIT_CARD
7478219,4261,2010-01-01,39021,DEBIT_CARD
7478222,1514,2010-01-01,15143,DEBIT_CARD
7478223,257,2010-01-01,14528,DEBIT_CARD
7478224,12566,2010-01-01,72719,DEBIT_CARD
7478226,1250,2010-01-01,54412,DEBIT_CARD
7478228,8590,2010-01-01,60569,DEBIT_CARD
7478229,16950,2010-01-01,48919,DEBIT_CARD
7478237,14995,2010-01-01,2177,CREDIT_CARD
7478238,2780,2010-01-01,18563,DEBIT_CARD
7478239,2319,2010-01-01,81922,DEBIT_CARD
7478241,283,2010-01-01,18563,CREDIT_CARD
7478242,1282,2010-01-01,22204,CREDIT_CARD
7478243,205,2010-01-01,45926,DEBIT_CARD
7478244,1933,2010-01-01,26810,DEBIT_CARD
7478245,8600,2010-01-01,61195,CREDIT_CARD
7478247,5046,2010-01-01,86410,DEBIT_CARD
7478248,3830,2010-01-01,22204,CREDIT_CARD
7478250,6648,2010-01-01,36934,DEBIT_CARD
7478251,2463,2010-01-01,25954,DEBIT_CARD
7478253,4366,2010-01-01,41122,DEBIT_CARD
7478254,14260,2010-01-01,31088,DEBIT_CARD
7478255,10000,2010-01-01,27092,DEBIT_CARD
7478256,6032,2010-01-01,27770,DEBIT_CARD
7478257,6800,2010-01-01,59935,DEBIT_CARD
7478258,1669,2010-01-01,47278,CREDIT_CARD
7478259,8340,2010-01-01,60569,CREDIT_CARD
7478260,4416,2010-01-01,39021,DEBIT_CARD
7478261,6527,2010-01-01,34488,DEBIT_CARD
7478262,3322,2010-01-01,63683,DEBIT_CARD
7478263,133,2010-01-01,14528,DEBIT_CARD
7478264,1186,2010-01-01,75781,DEBIT_CARD
7478265,4779,2010-01-01,31295,CREDIT_CARD
7478266,3112,2010-01-01,66428,DEBIT_CARD
7478268,518,2010-01-01,46474,DEBIT_CARD
7478269,1705,2010-01-01,32606,DEBIT_CARD
7478270,404,2010-01-01,59618,CREDIT_CARD
7478272,2772,2010-01-01,19756,DEBIT_CARD
7478273,10000,2010-01-01,27092,DEBIT_CARD
7478274,3167,2010-01-01,16798,DEBIT_CARD
7478275,3645,2010-01-01,89707,CREDIT_CARD
7478278,2474,2010-01-01,16798,CREDIT_CARD
7478279,2277,2010-01-01,17708,CREDIT_CARD
7478280,2621,2010-01-01,39021,CREDIT_CARD
7478281,426,2010-01-01,46983,CREDIT_CARD
7478285,1221,2010-01-01,82585,CREDIT_CARD
7478286,2475,2010-01-01,39021,DEBIT_CARD
7478287,8658,2010-01-01,36545,DEBIT_CARD
7478288,881,2010-01-01,50783,DEBIT_CARD
7478290,12000,2010-01-01,27092,CREDIT_CARD
7478293,2286,2010-01-01,18563,DEBIT_CARD
7478294,14377,2010-01-01,55235,CREDIT_CARD
7478295,6378,2010-01-01,20561,DEBIT_CARD
7478299,2786,2010-01-01,15143,DEBIT_CARD
7478301,707,2010-01-01,46474,DEBIT_CARD
7478303,4000,2010-01-01,27092,DEBIT_CARD
7478304,2413,2010-01-01,41122,DEBIT_CARD
7478305,113,2010-01-01,14528,DEBIT_CARD
7478306,3571,2010-01-01,43293,DEBIT_CARD
7478307,3742,2010-01-01,39021,CREDIT_CARD
7478308,161,2010-01-01,14528,DEBIT_CARD
7478310,13044,2010-01-01,60569,DEBIT_CARD
7478311,12190,2010-01-01,15426,CREDIT_CARD
7478312,25490,2010-01-01,20916,CREDIT_CARD
7478313,10048,2010-01-01,60569,DEBIT_CARD
7478314,1462,2010-01-01,27274,DEBIT_CARD
7478315,664,2010-01-01,50783,DEBIT_CARD
7478317,23933,2010-01-01,67570,DEBIT_CARD
7478318,8200,2010-01-01,50867,DEBIT_CARD
7478319,10943,2010-01-01,61195,CREDIT_CARD
7478320,1907,2010-01-01,34390,DEBIT_CARD
7478321,2170,2010-01-01,39021,DEBIT_CARD
7478322,1875,2010-01-01,50867,DEBIT_CARD
7478323,69907,2010-01-01,38489,CREDIT_CARD
7478324,2313,2010-01-01,39021,DEBIT_CARD
7478325,14263,2010-01-01,61195,CREDIT_CARD
7478326,6307,2010-01-01,59935,DEBIT_CARD
7478327,4695,2010-01-01,11468,DEBIT_CARD
7478329,2180,2010-01-01,50783,CREDIT_CARD
7478330,362,2010-01-01,28395,DEBIT_CARD
7478331,1335,2010-01-01,55049,DEBIT_CARD
7478332,26674,2010-01-01,57133,CREDIT_CARD
7478334,19177,2010-01-01,80353,DEBIT_CARD
7478335,3385,2010-01-01,45926,DEBIT_CARD
7478336,9200,2010-01-01,59935,DEBIT_CARD
7478337,2000,2010-01-01,27092,DEBIT_CARD
7478338,5447,2010-01-01,86313,CREDIT_CARD
7478339,2723,2010-01-01,99370,DEBIT_CARD
7478340,322,2010-01-01,13523,CREDIT_CARD
7478343,1191,2010-01-01,18563,DEBIT_CARD
7478345,2378,2010-01-01,97974,CREDIT_CARD
7478346,6000,2010-01-01,27092,CREDIT_CARD
7478348,420,2010-01-01,22204,DEBIT_CARD
7478349,3891,2010-01-01,39021,DEBIT_CARD
7478351,4641,2010-01-01,75781,DEBIT_CARD
7478352,279,2010-01-01,75781,CREDIT_CARD
7478353,1340,2010-01-01,92741,DEBIT_CARD
7478354,9656,2010-01-01,61195,CREDIT_CARD
7478358,15919,2010-01-01,34490,DEBIT_CARD
7478359,9900,2010-01-01,61195,DEBIT_CARD
7478362,3762,2010-01-01,75936,DEBIT_CARD
7478363,2934,2010-01-01,17984,CREDIT_CARD
7478364,1930,2010-01-01,38066,DEBIT_CARD
7478365,16000,2010-01-01,27092,CREDIT_CARD
7478366,2819,2010-01-01,39021,CREDIT_CARD
7478367,4406,2010-01-01,23446,DEBIT_CARD
7478368,3315,2010-01-01,16798,CREDIT_CARD
7478370,3825,2010-01-01,81215,DEBIT_CARD
7478372,486,2010-01-01,46284,DEBIT_CARD
7478376,6759,2010-01-01,59935,DEBIT_CARD
7478377,424,2010-01-01,84062,DEBIT_CARD
7478378,5601,2010-01-01,38958,CREDIT_CARD
7478379,5541,2010-01-01,31883,CREDIT_CARD
7478381,301,2010-01-01,75781,DEBIT_CARD
7478382,6400,2010-01-01,59935,DEBIT_CARD
7478383,2455,2010-01-01,15143,DEBIT_CARD
7478384,282,2010-01-01,60569,DEBIT_CARD
7478385,8664,2010-01-01,53460,CREDIT_CARD
7478386,1676,2010-01-01,50783,CREDIT_CARD
7478387,2415,2010-01-01,93558,DEBIT_CARD
7478388,1714,2010-01-01,84554,CREDIT_CARD
7478390,3338,2010-01-01,59935,DEBIT_CARD
7478391,1126,2010-01-01,69972,DEBIT_CARD
7478393,15700,2010-01-01,83661,CREDIT_CARD
7478394,5800,2010-01-01,28395,DEBIT_CARD
7478395,5068,2010-01-01,13646,CREDIT_CARD
7478396,2500,2010-01-01,39021,DEBIT_CARD
7478397,3907,2010-01-01,98123,DEBIT_CARD
7478399,2364,2010-01-01,66428,CREDIT_CARD
7478400,8600,2010-01-01,59935,DEBIT_CARD
7478402,20300,2010-01-01,96185,DEBIT_CARD
7478403,74,2010-01-01,14528,DEBIT_CARD
7478404,134,2010-01-01,45926,DEBIT_CARD
7478405,9161,2010-01-01,50783,DEBIT_CARD
7478407,30941,2010-01-01,73186,CREDIT_CARD
7478408,8000,2010-01-01,27092,CREDIT_CARD
7478412,2804,2010-01-01,59935,DEBIT_CARD
7478413,9300,2010-01-01,59935,DEBIT_CARD
7478416,10000,2010-01-01,27092,DEBIT_CARD
7478418,1819,2010-01-01,39021,DEBIT_CARD
7478419,9085,2010-01-01,61195,DEBIT_CARD
7478420,2269,2010-01-01,39021,DEBIT_CARD
7478421,4327,2010-01-01,13646,DEBIT_CARD
7478422,1879,2010-01-01,59610,CREDIT_CARD
7478424,322,2010-01-01,42043,CREDIT_CARD
7478427,3555,2010-01-01,39021,DEBIT_CARD
7478428,10000,2010-01-01,27092,CREDIT_CARD
7478429,2884,2010-01-01,15143,DEBIT_CARD
7478431,16000,2010-01-01,27092,DEBIT_CARD
7478432,12117,2010-01-01,50292,CREDIT_CARD
7478433,13541,2010-01-01,75781,DEBIT_CARD
7478434,5583,2010-01-01,44578,DEBIT_CARD
7478435,5214,2010-01-01,39021,CREDIT_CARD
7478436,7124,2010-01-01,34488,DEBIT_CARD
7478437,2738,2010-01-01,18563,DEBIT_CARD
7478438,497,2010-01-01,80397,DEBIT_CARD
7478440,2179,2010-01-01,23801,DEBIT_CARD
7478441,9833,2010-01-01,20561,CREDIT_CARD
7478442,3691,2010-01-01,16798,DEBIT_CARD
7478443,10124,2010-01-01,38482,DEBIT_CARD
7478445,12283,2010-01-01,54850,DEBIT_CARD
7478446,5311,2010-01-01,17493,CREDIT_CARD
7478447,4342,2010-01-01,25887,DEBIT_CARD
7478448,2467,2010-01-01,39021,DEBIT_CARD
7478449,4639,2010-01-01,13915,DEBIT_CARD
7478451,1560,2010-01-01,16798,DEBIT_CARD
7478452,4482,2010-01-01,24823,DEBIT_CARD
7478453,1819,2010-01-01,35451,CREDIT_CARD
7478454,7559,2010-01-01,92883,DEBIT_CARD
7478456,10530,2010-01-01,59935,DEBIT_CARD
7478457,3547,2010-01-01,45926,CREDIT_CARD
7478458,1671,2010-01-01,27601,DEBIT_CARD
7478459,196,2010-01-01,436,CREDIT_CARD
7478460,2711,2010-01-01,48853,CREDIT_CARD
7478461,7300,2010-01-01,59935,DEBIT_CARD
7478462,6491,2010-01-01,73186,DEBIT_CARD
7478463,2698,2010-01-01,50783,CREDIT_CARD
7478464,3827,2010-01-01,30762,DEBIT_CARD
7478466,5983,2010-01-01,60379,DEBIT_CARD
7478468,4419,2010-01-01,64281,DEBIT_CARD
7478470,748,2010-01-01,1034,DEBIT_CARD
7478473,1634,2010-01-01,27747,DEBIT_CARD
7478474,6732,2010-01-01,50783,DEBIT_CARD
7478475,10000,2010-01-01,27092,CREDIT_CARD
7478476,1825,2010-01-01,93938,CREDIT_CARD
7478478,5108,2010-01-01,88646,CREDIT_CARD
7478479,5340,2010-01-01,100034,CREDIT_CARD
7478480,4147,2010-01-01,30055,DEBIT_CARD
7478482,242,2010-01-01,25887,DEBIT_CARD
7478483,1847,2010-01-01,98123,DEBIT_CARD
7478484,7118,2010-01-01,92883,CREDIT_CARD
7478485,1641,2010-01-01,22204,CREDIT_CARD
7478488,2561,2010-01-01,50939,CREDIT_CARD
7478489,2775,2010-01-01,39021,DEBIT_CARD
7478490,248,2010-01-01,14528,DEBIT_CARD
7478491,130971,2010-01-01,38489,DEBIT_CARD
7478492,6307,2010-01-01,10126,DEBIT_CARD
7478493,5051,2010-01-01,44103,CREDIT_CARD
7478494,3537,2010-01-01,46537,DEBIT_CARD
7478495,7313,2010-01-01,91128,DEBIT_CARD
7478496,4564,2010-01-01,100340,DEBIT_CARD
7478497,330,2010-01-01,16798,DEBIT_CARD
7478498,4272,2010-01-01,28620,DEBIT_CARD
7478500,6000,2010-01-01,27092,DEBIT_CARD
7478501,1652,2010-01-01,16798,DEBIT_CARD
7478502,8000,2010-01-01,27092,CREDIT_CARD
7478503,13787,2010-01-01,98374,DEBIT_CARD
7478504,5375,2010-01-01,60379,DEBIT_CARD
7478506,158,2010-01-01,20561,CREDIT_CARD
7478507,5782,2010-01-01,56431,DEBIT_CARD
7478508,9700,2010-01-01,61195,DEBIT_CARD
7478509,10838,2010-01-01,52100,CREDIT_CARD
7478510,1758,2010-01-01,60569,DEBIT_CARD
7478512,11446,2010-01-01,75936,DEBIT_CARD
7478513,1608,2010-01-01,38528,DEBIT_CARD
7478514,3772,2010-01-01,98648,CREDIT_CARD
7478515,2299,2010-01-01,16798,CREDIT_CARD
7478517,4567,2010-01-01,44578,DEBIT_CARD
7478519,4284,2010-01-01,19756,CREDIT_CARD
7478520,18000,2010-01-01,27092,DEBIT_CARD
7478522,1725,2010-01-01,87593,CREDIT_CARD
7478523,2772,2010-01-01,72854,DEBIT_CARD
7478524,12206,2010-01-01,86616,DEBIT_CARD
7478525,2079,2010-01-01,3238,CREDIT_CARD
7478526,209,2010-01-01,14528,CREDIT_CARD
7478527,3336,2010-01-01,85988,DEBIT_CARD
7478529,2771,2010-01-01,76199,DEBIT_CARD
7478530,4532,2010-01-01,51329,DEBIT_CARD
7478531,2214,2010-01-01,99036,DEBIT_CARD
7478532,13270,2010-01-01,98374,CREDIT_CARD
7478533,7725,2010-01-01,60569,DEBIT_CARD
7478534,885,2010-01-01,61195,CREDIT_CARD
7478539,1633,2010-01-01,34488,CREDIT_CARD
7478540,4857,2010-01-01,41122,DEBIT_CARD
7478541,3848,2010-01-01,59397,DEBIT_CARD
7478543,2698,2010-01-01,50404,DEBIT_CARD
7478544,2775,2010-01-01,32490,DEBIT_CARD
7478545,3412,2010-01-01,39021,DEBIT_CARD
7478546,2853,2010-01-01,10193,DEBIT_CARD
7478547,4573,2010-01-01,25887,DEBIT_CARD
7478548,2245,2010-01-01,47769,DEBIT_CARD
7478549,5333,2010-01-01,12639,DEBIT_CARD
7478550,72,2010-01-01,14528,DEBIT_CARD
7478551,9800,2010-01-01,43293,DEBIT_CARD
7478552,16804,2010-01-01,726,DEBIT_CARD
7478554,5210,2010-01-01,98648,DEBIT_CARD
7478555,2697,2010-01-01,77627,DEBIT_CARD
7478556,1697,2010-01-01,39021,DEBIT_CARD
7478557,5630,2010-01-01,25887,DEBIT_CARD
7478559,124,2010-01-01,56678,DEBIT_CARD
7478560,4051,2010-01-01,70626,CREDIT_CARD
7478561,3008,2010-01-01,1048,CREDIT_CARD
7478563,1033,2010-01-01,75936,DEBIT_CARD
7478564,3158,2010-01-01,94076,DEBIT_CARD
7478565,20980,2010-01-01,79927,CREDIT_CARD
7478568,9373,2010-01-01,60569,CREDIT_CARD
7478569,12355,2010-01-01,43293,DEBIT_CARD
7478570,6716,2010-01-01,60569,DEBIT_CARD
7478572,1438,2010-01-01,31076,CREDIT_CARD
7478573,1733,2010-01-01,50783,DEBIT_CARD
7478574,6200,2010-01-01,43293,DEBIT_CARD
7478575,3196,2010-01-01,45926,CREDIT_CARD
7478576,2788,2010-01-01,61195,DEBIT_CARD
7478577,4673,2010-01-01,23481,DEBIT_CARD
7478580,7500,2010-01-01,56431,DEBIT_CARD
7478581,4759,2010-01-01,17493,DEBIT_CARD
7478582,1750,2010-01-01,32606,DEBIT_CARD
7478584,4343,2010-01-01,34120,DEBIT_CARD
7478587,2994,2010-01-01,78454,CREDIT_CARD
7478588,7253,2010-01-01,87625,DEBIT_CARD
7478589,4964,2010-01-01,29214,CREDIT_CARD
7478590,3018,2010-01-01,15143,CREDIT_CARD
7478591,12440,2010-01-01,73186,DEBIT_CARD
7478592,8500,2010-01-01,43293,CREDIT_CARD
7478593,6339,2010-01-01,75936,DEBIT_CARD
7478594,2000,2010-01-01,27092,DEBIT_CARD
7478595,4260,2010-01-01,75936,DEBIT_CARD
7478597,24612,2010-01-01,34490,CREDIT_CARD
7478599,3963,2010-01-01,20884,DEBIT_CARD
7478600,993,2010-01-01,23801,DEBIT_CARD
7478601,2506,2010-01-01,45926,DEBIT_CARD
7478602,4433,2010-01-01,64908,DEBIT_CARD
7478603,6451,2010-01-01,81841,DEBIT_CARD
7478604,20435,2010-01-01,68176,CREDIT_CARD
7478605,4787,2010-01-01,87625,DEBIT_CARD
7478607,2620,2010-01-01,45926,DEBIT_CARD
7478608,4191,2010-01-01,98648,DEBIT_CARD
7478609,2994,2010-01-01,46322,DEBIT_CARD
7478610,5310,2010-01-01,96049,DEBIT_CARD
7478611,2132,2010-01-01,8168,DEBIT_CARD
7478613,8671,2010-01-01,27213,DEBIT_CARD
7478614,1533,2010-01-01,44919,DEBIT_CARD
7478615,3395,2010-01-01,43293,CREDIT_CARD
7478617,6387,2010-01-01,39021,DEBIT_CARD
7478618,356,2010-01-01,12014,DEBIT_CARD
7478619,5319,2010-01-01,75936,DEBIT_CARD
7478620,6261,2010-01-01,1108,DEBIT_CARD
7478621,6727,2010-01-01,18935,DEBIT_CARD
7478622,134,2010-01-01,14528,DEBIT_CARD
7478623,2424,2010-01-01,39021,DEBIT_CARD
7478624,3086,2010-01-01,19756,DEBIT_CARD
7478626,4636,2010-01-01,41122,DEBIT_CARD
7478627,1845,2010-01-01,5865,CREDIT_CARD
7478628,3959,2010-01-01,1238,DEBIT_CARD
7478629,10000,2010-01-01,27092,DEBIT_CARD
7478631,8501,2010-01-01,98648,CREDIT_CARD
7478632,1042,2010-01-01,59935,DEBIT_CARD
7478633,4945,2010-01-01,28644,DEBIT_CARD
7478635,1382,2010-01-01,15897,CREDIT_CARD
7478636,1806,2010-01-01,69048,CREDIT_CARD
7478637,12481,2010-01-01,40464,DEBIT_CARD
7478638,2917,2010-01-01,45926,DEBIT_CARD
7478639,7952,2010-01-01,87625,CREDIT_CARD
7478640,2715,2010-01-01,30055,CREDIT_CARD
7478641,3910,2010-01-01,41184,DEBIT_CARD
7478643,3132,2010-01-01,83915,DEBIT_CARD
7478644,1481,2010-01-01,61195,DEBIT_CARD
7478645,6800,2010-01-01,96049,DEBIT_CARD
7478646,4381,2010-01-01,15382,CREDIT_CARD
7478648,147,2010-01-01,86438,DEBIT_CARD
7478649,7774,2010-01-01,29433,CREDIT_CARD
7478650,193,2010-01-01,14528,CREDIT_CARD
7478651,4568,2010-01-01,25887,DEBIT_CARD
7478653,3779,2010-01-01,52383,DEBIT_CARD
7478655,5131,2010-01-01,25887,DEBIT_CARD
7478656,12000,2010-01-01,27092,CREDIT_CARD
7478657,3595,2010-01-01,2703,CREDIT_CARD
7478658,2167,2010-01-01,16851,DEBIT_CARD
7478659,2000,2010-01-01,27092,DEBIT_CARD
7478660,1642,2010-01-01,65835,DEBIT_CARD
7478661,1398,2010-01-01,17297,DEBIT_CARD
7478663,3730,2010-01-01,25887,DEBIT_CARD
7478664,5040,2010-01-01,216,DEBIT_CARD
7478666,11617,2010-01-01,42636,CREDIT_CARD
7478667,10654,2010-01-01,59474,DEBIT_CARD
7478668,1187,2010-01-01,85247,DEBIT_CARD
7478672,2451,2010-01-01,56431,DEBIT_CARD
7478673,2837,2010-01-01,35451,CREDIT_CARD
7478674,4810,2010-01-01,19114,DEBIT_CARD
7478675,4854,2010-01-01,32175,DEBIT_CARD
7478676,1474,2010-01-01,16798,DEBIT_CARD
7478678,3806,2010-01-01,92707,DEBIT_CARD
7478681,6169,2010-01-01,78454,CREDIT_CARD
7478682,1468,2010-01-01,87530,DEBIT_CARD
7478683,1537,2010-01-01,39021,DEBIT_CARD
7478684,829,2010-01-01,44682,DEBIT_CARD
7478685,4000,2010-01-01,27092,CREDIT_CARD
7478686,3811,2010-01-01,7131,CREDIT_CARD
7478689,1575,2010-01-01,75781,CREDIT_CARD
7478691,5035,2010-01-01,75936,CREDIT_CARD
7478692,8868,2010-01-01,20561,CREDIT_CARD
7478693,185,2010-01-01,14528,DEBIT_CARD
7478694,9582,2010-01-01,88459,DEBIT_CARD
7478695,10000,2010-01-01,27092,CREDIT_CARD
7478696,3418,2010-01-01,58897,DEBIT_CARD
7478698,11008,2010-01-01,75781,CREDIT_CARD
7478700,8000,2010-01-01,27092,CREDIT_CARD
7478701,8113,2010-01-01,35451,CREDIT_CARD
7478702,5786,2010-01-01,78454,DEBIT_CARD
7478705,2000,2010-01-01,27092,DEBIT_CARD
7478706,3231,2010-01-01,53097,CREDIT_CARD
7478707,747,2010-01-01,50783,DEBIT_CARD
7478709,218,2010-01-01,50783,DEBIT_CARD
7478710,2305,2010-01-01,41122,DEBIT_CARD
7478712,4669,2010-01-01,75936,DEBIT_CARD
7478715,192,2010-01-01,14528,DEBIT_CARD
7478716,1229,2010-01-01,22204,DEBIT_CARD
7478717,536,2010-01-01,12332,CREDIT_CARD
7478718,2963,2010-01-01,81006,DEBIT_CARD
7478719,8643,2010-01-01,61195,DEBIT_CARD
7478720,2133,2010-01-01,18563,CREDIT_CARD
7478721,3176,2010-01-01,59935,DEBIT_CARD
7478722,3009,2010-01-01,98648,DEBIT_CARD
7478723,14524,2010-01-01,60569,DEBIT_CARD
7478726,7468,2010-01-01,10455,DEBIT_CARD
7478727,1331,2010-01-01,18563,CREDIT_CARD
7478728,5100,2010-01-01,59935,DEBIT_CARD
7478729,5756,2010-01-01,22938,DEBIT_CARD
7478731,21336,2010-01-01,5995,DEBIT_CARD
7478732,4816,2010-01-01,59935,DEBIT_CARD
7478734,9342,2010-01-01,56276,CREDIT_CARD
7478735,5006,2010-01-01,16798,CREDIT_CARD
7478736,8146,2010-01-01,59397,DEBIT_CARD
7478737,1595,2010-01-01,61791,DEBIT_CARD
7478738,4366,2010-01-01,78454,DEBIT_CARD
7478740,119,2010-01-01,86438,DEBIT_CARD
7478741,4071,2010-01-01,75936,CREDIT_CARD
7478743,1024,2010-01-01,18563,DEBIT_CARD
7478746,1912,2010-01-01,30055,CREDIT_CARD
7478747,5900,2010-01-01,56431,DEBIT_CARD
7478749,5535,2010-01-01,75936,DEBIT_CARD
7478750,7607,2010-01-01,75379,DEBIT_CARD
7478751,2747,2010-01-01,82585,CREDIT_CARD
7478752,4232,2010-01-01,34075,CREDIT_CARD
7478753,1618,2010-01-01,72515,DEBIT_CARD
7478755,5229,2010-01-01,71667,DEBIT_CARD
7478756,5295,2010-01-01,99115,DEBIT_CARD
7478757,4207,2010-01-01,96811,DEBIT_CARD
7478758,14118,2010-01-01,17976,DEBIT_CARD
7478759,8300,2010-01-01,59935,DEBIT_CARD
7478760,5285,2010-01-01,2703,CREDIT_CARD
7478762,26655,2010-01-01,60594,CREDIT_CARD
7478765,3506,2010-01-01,89707,CREDIT_CARD
7478766,3298,2010-01-01,64718,DEBIT_CARD
7478767,2788,2010-01-01,39021,DEBIT_CARD
7478769,5339,2010-01-01,50404,DEBIT_CARD
7478770,7790,2010-01-01,35451,DEBIT_CARD
7478771,3091,2010-01-01,6146,CREDIT_CARD
7478772,2518,2010-01-01,34120,DEBIT_CARD
7478773,2220,2010-01-01,1238,CREDIT_CARD
7478774,2010,2010-01-01,75936,DEBIT_CARD
7478775,2812,2010-01-01,39021,DEBIT_CARD
7478776,1749,2010-01-01,16798,DEBIT_CARD
7478777,2573,2010-01-01,60576,CREDIT_CARD
7478780,7549,2010-01-01,19052,DEBIT_CARD
7478781,4405,2010-01-01,45536,CREDIT_CARD
7478782,4998,2010-01-01,34490,DEBIT_CARD
7478784,3663,2010-01-01,15143,DEBIT_CARD
7478786,2150,2010-01-01,22204,DEBIT_CARD
7478787,6155,2010-01-01,64565,CREDIT_CARD
7478788,3911,2010-01-01,61195,CREDIT_CARD
7478790,5910,2010-01-01,50292,DEBIT_CARD
7478791,3911,2010-01-01,61195,CREDIT_CARD
7478792,4610,2010-01-01,78454,DEBIT_CARD
7478794,930,2010-01-01,20561,DEBIT_CARD
7478795,5435,2010-01-01,44578,DEBIT_CARD
7478796,1850,2010-01-01,32175,DEBIT_CARD
7478797,4283,2010-01-01,44578,DEBIT_CARD
7478798,10923,2010-01-01,69972,DEBIT_CARD
7478799,7892,2010-01-01,50909,DEBIT_CARD
7478800,124,2010-01-01,88646,DEBIT_CARD
7478801,9400,2010-01-01,26810,DEBIT_CARD
7478802,328,2010-01-01,26810,DEBIT_CARD
7478803,6271,2010-01-01,2703,DEBIT_CARD
7478804,18619,2010-01-01,30286,DEBIT_CARD
7478805,2904,2010-01-01,53601,DEBIT_CARD
7478806,6507,2010-01-01,69972,DEBIT_CARD
7478807,6900,2010-01-01,61195,CREDIT_CARD
7478808,7321,2010-01-01,41262,CREDIT_CARD
7478809,10826,2010-01-01,75781,DEBIT_CARD
7478810,144,2010-01-01,14528,CREDIT_CARD
7478811,2006,2010-01-01,26586,CREDIT_CARD
7478812,4817,2010-01-01,55060,DEBIT_CARD
7478813,1142,2010-01-01,87071,CREDIT_CARD
7478814,4229,2010-01-01,75936,CREDIT_CARD
7478815,8000,2010-01-01,27092,DEBIT_CARD
7478816,18340,2010-01-01,60569,DEBIT_CARD
7478817,12857,2010-01-01,93914,DEBIT_CARD
7478818,6882,2010-01-01,77246,CREDIT_CARD
7478819,3966,2010-01-01,1283,CREDIT_CARD
7478821,7400,2010-01-01,61195,CREDIT_CARD
7478822,10000,2010-01-01,27092,DEBIT_CARD
7478824,5225,2010-01-01,1283,DEBIT_CARD
7478825,497,2010-01-01,48411,DEBIT_CARD
7478826,1399,2010-01-01,99539,DEBIT_CARD
7478827,1692,2010-01-01,6548,DEBIT_CARD
7478830,1759,2010-01-01,16798,DEBIT_CARD
7478831,4141,2010-01-01,25887,CREDIT_CARD
7478832,13240,2010-01-01,80770,DEBIT_CARD
7478833,2394,2010-01-01,78454,CREDIT_CARD
7478834,41091,2010-01-01,56276,CREDIT_CARD
7478836,800,2010-01-01,18563,DEBIT_CARD
7478837,12000,2010-01-01,27092,CREDIT_CARD
7478840,4345,2010-01-01,55060,DEBIT_CARD
7478841,5600,2010-01-01,59935,CREDIT_CARD
7478842,1872,2010-01-01,59073,DEBIT_CARD
7478843,7604,2010-01-01,50783,DEBIT_CARD
7478844,2726,2010-01-01,39021,DEBIT_CARD
7478845,5434,2010-01-01,25717,DEBIT_CARD
7478846,1382,2010-01-01,99539,DEBIT_CARD
7478847,9448,2010-01-01,84668,DEBIT_CARD
7478848,6905,2010-01-01,59935,DEBIT_CARD
7478849,7456,2010-01-01,22938,DEBIT_CARD
7478850,1201,2010-01-01,41943,DEBIT_CARD
7478851,5508,2010-01-01,70129,DEBIT_CARD
7478852,3998,2010-01-01,3065,DEBIT_CARD
7478853,4753,2010-01-01,25717,DEBIT_CARD
7478854,5700,2010-01-01,50867,CREDIT_CARD
7478855,14370,2010-01-01,73186,DEBIT_CARD
7478856,2046,2010-01-01,92883,CREDIT_CARD
7478857,1972,2010-01-01,82911,DEBIT_CARD
7478859,2517,2010-01-01,45926,DEBIT_CARD
7478860,5244,2010-01-01,59935,CREDIT_CARD
7478862,4821,2010-01-01,50867,CREDIT_CARD
7478863,14235,2010-01-01,36934,DEBIT_CARD
7478865,8000,2010-01-01,27092,CREDIT_CARD
7478866,3511,2010-01-01,98783,DEBIT_CARD
7478867,2883,2010-01-01,44919,DEBIT_CARD
7478868,2523,2010-01-01,69972,DEBIT_CARD
7478870,2169,2010-01-01,18563,CREDIT_CARD
7478872,5619,2010-01-01,51397,DEBIT_CARD
7478874,1040,2010-01-01,75936,DEBIT_CARD
7478875,8244,2010-01-01,92178,DEBIT_CARD
7478877,3981,2010-01-01,59935,DEBIT_CARD
7478879,196,2010-01-01,14528,DEBIT_CARD
7478882,2115,2010-01-01,86008,DEBIT_CARD
7478883,6000,2010-01-01,59935,DEBIT_CARD
7478886,8073,2010-01-01,35451,CREDIT_CARD
7478887,8483,2010-01-01,19964,CREDIT_CARD
7478888,215,2010-01-01,79239,DEBIT_CARD
7478889,8149,2010-01-01,30244,CREDIT_CARD
7478890,4663,2010-01-01,25717,CREDIT_CARD
7478891,4901,2010-01-01,35451,DEBIT_CARD
7478892,2519,2010-01-01,9028,DEBIT_CARD
7478893,2580,2010-01-01,75936,DEBIT_CARD
7478894,4961,2010-01-01,17297,DEBIT_CARD
7478896,2542,2010-01-01,75936,DEBIT_CARD
7478897,4058,2010-01-01,45741,DEBIT_CARD
7478900,3364,2010-01-01,41122,DEBIT_CARD
7478901,4000,2010-01-01,27092,CREDIT_CARD
7478903,4173,2010-01-01,35451,DEBIT_CARD
7478904,428,2010-01-01,50783,DEBIT_CARD
7478906,39017,2010-01-01,31883,DEBIT_CARD
7478907,15021,2010-01-01,48038,DEBIT_CARD
7478908,1812,2010-01-01,75781,DEBIT_CARD
7478909,2761,2010-01-01,80770,DEBIT_CARD
7478911,2129,2010-01-01,98783,DEBIT_CARD
7478912,10893,2010-01-01,87625,DEBIT_CARD
7478914,10556,2010-01-01,48038,DEBIT_CARD
7478916,5500,2010-01-01,59935,DEBIT_CARD
7478917,2088,2010-01-01,41548,DEBIT_CARD
7478918,3523,2010-01-01,69972,CREDIT_CARD
7478919,10000,2010-01-01,27092,DEBIT_CARD
7478920,8876,2010-01-01,20884,DEBIT_CARD
7478921,21587,2010-01-01,51300,CREDIT_CARD
7478923,12122,2010-01-01,53449,DEBIT_CARD
7478925,657,2010-01-01,59935,DEBIT_CARD
7478927,267,2010-01-01,27076,CREDIT_CARD
7478928,7368,2010-01-01,84758,DEBIT_CARD
7478929,1196,2010-01-01,69972,CREDIT_CARD
7478930,9800,2010-01-01,61195,CREDIT_CARD
7478933,11956,2010-01-01,84682,DEBIT_CARD
7478937,4451,2010-01-01,61195,CREDIT_CARD
7478938,1848,2010-01-01,16798,DEBIT_CARD
7478939,694,2010-01-01,61482,DEBIT_CARD
7478943,1592,2010-01-01,14005,CREDIT_CARD
7478945,4795,2010-01-01,40475,DEBIT_CARD
7478946,5953,2010-01-01,44919,DEBIT_CARD
7478948,6721,2010-01-01,25887,DEBIT_CARD
7478949,6085,2010-01-01,20884,DEBIT_CARD
7478950,3794,2010-01-01,45926,DEBIT_CARD
7478951,3976,2010-01-01,25887,DEBIT_CARD
7478952,2085,2010-01-01,59793,CREDIT_CARD
7478953,4168,2010-01-01,31603,DEBIT_CARD
7478954,1205,2010-01-01,77948,CREDIT_CARD
7478955,10000,2010-01-01,27092,DEBIT_CARD
7478956,1980,2010-01-01,100212,DEBIT_CARD
7478957,6000,2010-01-01,43293,CREDIT_CARD
7478960,1519,2010-01-01,82981,DEBIT_CARD
7478961,2266,2010-01-01,75936,DEBIT_CARD
7478962,7663,2010-01-01,75936,CREDIT_CARD
7478963,1951,2010-01-01,75936,DEBIT_CARD
7478965,211,2010-01-01,14528,CREDIT_CARD
7478967,8836,2010-01-01,70129,DEBIT_CARD
7478968,11747,2010-01-01,69965,CREDIT_CARD
7478969,8333,2010-01-01,75936,CREDIT_CARD
7478970,5466,2010-01-01,13109,CREDIT_CARD
7478971,3491,2010-01-01,91264,DEBIT_CARD
7478973,1636,2010-01-01,18563,DEBIT_CARD
7478974,4002,2010-01-01,61195,CREDIT_CARD
7478975,1168,2010-01-01,39754,DEBIT_CARD
7478977,5592,2010-01-01,25717,DEBIT_CARD
7478978,5083,2010-01-01,32175,DEBIT_CARD
7478979,565,2010-01-01,9126,CREDIT_CARD
7478980,504,2010-01-01,88699,CREDIT_CARD
7478981,58316,2010-01-01,34795,DEBIT_CARD
7478982,4861,2010-01-01,97893,DEBIT_CARD
7478983,5217,2010-01-01,18563,DEBIT_CARD
7478985,23615,2010-01-01,43400,CREDIT_CARD
7478987,92,2010-01-01,43293,DEBIT_CARD
7478988,8000,2010-01-01,27092,DEBIT_CARD
7478989,1890,2010-01-01,39261,DEBIT_CARD
7478990,2931,2010-01-01,15143,DEBIT_CARD
7478991,5402,2010-01-01,43293,CREDIT_CARD
7478993,2597,2010-01-01,64820,CREDIT_CARD
7478994,8000,2010-01-01,27092,CREDIT_CARD
7478995,10512,2010-01-01,10186,CREDIT_CARD
7478996,9704,2010-01-01,50783,DEBIT_CARD
7478997,25746,2010-01-01,3558,CREDIT_CARD
7478998,4000,2010-01-01,27092,CREDIT_CARD
7478999,2775,2010-01-01,96246,DEBIT_CARD
7479000,97,2010-01-01,20561,DEBIT_CARD
7479001,1740,2010-01-01,83038,DEBIT_CARD
7479002,3248,2010-01-01,87530,DEBIT_CARD
7479003,3773,2010-01-01,2703,DEBIT_CARD
7479004,4300,2010-01-01,30055,DEBIT_CARD
7479006,7300,2010-01-01,59935,DEBIT_CARD
7479007,3922,2010-01-01,75936,CREDIT_CARD
7479010,1540,2010-01-01,19756,DEBIT_CARD
7479011,12148,2010-01-01,34488,CREDIT_CARD
7479012,1573,2010-01-01,93938,CREDIT_CARD
7479013,663,2010-01-01,72388,DEBIT_CARD
7479015,1437,2010-01-01,41943,DEBIT_CARD
7479017,1318,2010-01-01,89245,DEBIT_CARD
7479019,4327,2010-01-01,25887,CREDIT_CARD
7479020,2198,2010-01-01,13078,DEBIT_CARD
7479021,1017,2010-01-01,61195,DEBIT_CARD
7479022,23843,2010-01-01,66149,DEBIT_CARD
7479023,3873,2010-01-01,31603,CREDIT_CARD
7479024,5152,2010-01-01,22938,DEBIT_CARD
7479025,4512,2010-01-01,19756,CREDIT_CARD
7479026,6266,2010-01-01,44919,CREDIT_CARD
7479027,5971,2010-01-01,92883,CREDIT_CARD
7479029,2881,2010-01-01,91526,CREDIT_CARD
7479031,1259,2010-01-01,75612,DEBIT_CARD
7479032,963,2010-01-01,16798,CREDIT_CARD
7479034,18931,2010-01-01,59474,DEBIT_CARD
7479036,4342,2010-01-01,55060,DEBIT_CARD
7479039,3365,2010-01-01,75936,DEBIT_CARD
7479041,3179,2010-01-01,25887,DEBIT_CARD
7479042,2448,2010-01-01,91842,DEBIT_CARD
7479043,6192,2010-01-01,69972,DEBIT_CARD
7479044,3664,2010-01-01,39021,DEBIT_CARD
7479045,217,2010-01-01,41260,CREDIT_CARD
7479046,1718,2010-01-01,35451,DEBIT_CARD
7479048,11061,2010-01-01,98648,DEBIT_CARD
7479049,6730,2010-01-01,79927,DEBIT_CARD
7479050,14765,2010-01-01,89863,DEBIT_CARD
7479051,7607,2010-01-01,59397,DEBIT_CARD
7479052,2085,2010-01-01,14300,DEBIT_CARD
7479053,20878,2010-01-01,41523,DEBIT_CARD
7479054,8000,2010-01-01,27092,DEBIT_CARD
7479055,4322,2010-01-01,39021,DEBIT_CARD
7479056,3888,2010-01-01,69965,DEBIT_CARD
7479057,10101,2010-01-01,73186,CREDIT_CARD
7479058,4829,2010-01-01,10156,DEBIT_CARD
7479059,148,2010-01-01,14528,DEBIT_CARD
7479060,3154,2010-01-01,18563,CREDIT_CARD
7479062,1293,2010-01-01,17275,DEBIT_CARD
7479063,3248,2010-01-01,48717,DEBIT_CARD
7479064,1303,2010-01-01,18563,DEBIT_CARD
7479065,8000,2010-01-01,27092,DEBIT_CARD
7479067,4516,2010-01-01,25717,DEBIT_CARD
7479068,5630,2010-01-01,35954,DEBIT_CARD
7479070,6956,2010-01-01,98648,DEBIT_CARD
7479072,2813,2010-01-01,35451,DEBIT_CARD
7479074,3595,2010-01-01,96058,DEBIT_CARD
7479075,3600,2010-01-01,3837,DEBIT_CARD
7479076,1038,2010-01-01,7470,CREDIT_CARD
7479078,3854,2010-01-01,50404,CREDIT_CARD
7479079,12000,2010-01-01,27092,CREDIT_CARD
7479080,1713,2010-01-01,16798,DEBIT_CARD
7479081,2883,2010-01-01,39021,CREDIT_CARD
7479082,10000,2010-01-01,27092,DEBIT_CARD
7479083,4494,2010-01-01,23481,CREDIT_CARD
7479084,1127,2010-01-01,40432,DEBIT_CARD
7479085,4088,2010-01-01,61195,CREDIT_CARD
7479086,7268,2010-01-01,20970,DEBIT_CARD
7479087,1559,2010-01-01,50783,DEBIT_CARD
7479088,9600,2010-01-01,61195,CREDIT_CARD
7479089,10916,2010-01-01,57153,CREDIT_CARD
7479091,6009,2010-01-01,59935,DEBIT_CARD
7479092,2277,2010-01-01,19756,DEBIT_CARD
7479094,5832,2010-01-01,37369,CREDIT_CARD
7479095,1330,2010-01-01,50783,CREDIT_CARD
7479096,5378,2010-01-01,20884,DEBIT_CARD
7479097,7051,2010-01-01,24339,DEBIT_CARD
7479098,2440,2010-01-01,41122,DEBIT_CARD
7479099,2109,2010-01-01,59292,CREDIT_CARD
7479100,1970,2010-01-01,16798,DEBIT_CARD
7479101,3499,2010-01-01,39021,DEBIT_CARD
7479102,119,2010-01-01,86438,DEBIT_CARD
7479104,5300,2010-01-01,43293,CREDIT_CARD
7479107,3135,2010-01-01,92883,CREDIT_CARD
7479108,4678,2010-01-01,43293,CREDIT_CARD
7479110,6397,2010-01-01,88646,DEBIT_CARD
7479113,1113,2010-01-01,61195,DEBIT_CARD
7479114,3333,2010-01-01,15143,DEBIT_CARD
7479115,2819,2010-01-01,3837,DEBIT_CARD
7479117,6503,2010-01-01,18422,DEBIT_CARD
7479119,29825,2010-01-01,51300,DEBIT_CARD
7479120,1301,2010-01-01,59935,DEBIT_CARD
7479122,916,2010-01-01,39261,DEBIT_CARD
7479123,3270,2010-01-01,39021,CREDIT_CARD
7479124,3595,2010-01-01,11442,DEBIT_CARD
7479125,3503,2010-01-01,19756,DEBIT_CARD
7479126,4559,2010-01-01,17493,DEBIT_CARD
7479127,1475,2010-01-01,10782,DEBIT_CARD
7479128,2625,2010-01-01,15798,CREDIT_CARD
7479129,181,2010-01-01,14528,DEBIT_CARD
7479130,5675,2010-01-01,43149,DEBIT_CARD
7479131,4000,2010-01-01,27092,DEBIT_CARD
7479132,7476,2010-01-01,44919,DEBIT_CARD
7479135,3831,2010-01-01,25887,DEBIT_CARD
7479136,7532,2010-01-01,81569,DEBIT_CARD
7479137,2478,2010-01-01,71707,DEBIT_CARD
7479138,14000,2010-01-01,27092,CREDIT_CARD
7479139,280,2010-01-01,74659,CREDIT_CARD
7479140,5707,2010-01-01,78454,CREDIT_CARD
7479142,2046,2010-01-01,45926,DEBIT_CARD
7479144,4860,2010-01-01,91842,DEBIT_CARD
7479145,2696,2010-01-01,88646,DEBIT_CARD
7479147,366,2010-01-01,98648,CREDIT_CARD
7479149,3629,2010-01-01,85344,DEBIT_CARD
7479150,6209,2010-01-01,25717,DEBIT_CARD
7479152,882,2010-01-01,84155,DEBIT_CARD
7479153,8522,2010-01-01,25717,CREDIT_CARD
7479154,8507,2010-01-01,32175,CREDIT_CARD
7479155,1082,2010-01-01,61195,CREDIT_CARD
7479156,5484,2010-01-01,25887,CREDIT_CARD
7479157,10879,2010-01-01,95310,DEBIT_CARD
7479158,3686,2010-01-01,19756,DEBIT_CARD
7479159,5315,2010-01-01,59199,CREDIT_CARD
7479160,3559,2010-01-01,75936,CREDIT_CARD
7479161,9026,2010-01-01,75936,DEBIT_CARD
7479162,2801,2010-01-01,19756,CREDIT_CARD
7479163,4556,2010-01-01,10156,DEBIT_CARD
7479164,1400,2010-01-01,28257,DEBIT_CARD
7479165,3891,2010-01-01,93655,DEBIT_CARD
7479166,16000,2010-01-01,27092,DEBIT_CARD
7479167,33874,2010-01-01,23446,DEBIT_CARD
7479168,3664,2010-01-01,50826,CREDIT_CARD
7479170,7252,2010-01-01,44919,DEBIT_CARD
7479172,5900,2010-01-01,59935,DEBIT_CARD
7479175,12000,2010-01-01,27092,DEBIT_CARD
7479176,3990,2010-01-01,35451,DEBIT_CARD
7479177,3038,2010-01-01,13646,DEBIT_CARD
7479178,1851,2010-01-01,32175,DEBIT_CARD
7479179,5465,2010-01-01,44578,CREDIT_CARD
7479181,5140,2010-01-01,39234,DEBIT_CARD
7479182,201,2010-01-01,77479,DEBIT_CARD
7479183,2149,2010-01-01,44921,DEBIT_CARD
7479185,4415,2010-01-01,78454,DEBIT_CARD
7479186,3309,2010-01-01,30055,DEBIT_CARD
7479187,366,2010-01-01,20884,DEBIT_CARD
7479188,1890,2010-01-01,15143,CREDIT_CARD
7479190,9051,2010-01-01,75936,CREDIT_CARD
7479192,6035,2010-01-01,30286,DEBIT_CARD
7479193,1349,2010-01-01,30055,DEBIT_CARD
7479195,5032,2010-01-01,17493,CREDIT_CARD
7479196,3594,2010-01-01,13646,DEBIT_CARD
7479197,2830,2010-01-01,3202,CREDIT_CARD
7479198,7995,2010-01-01,68751,DEBIT_CARD
7479199,5886,2010-01-01,92883,DEBIT_CARD
7479200,872,2010-01-01,50783,CREDIT_CARD
7479201,296,2010-01-01,31495,DEBIT_CARD
7479202,4339,2010-01-01,69972,DEBIT_CARD
7479203,4463,2010-01-01,34256,CREDIT_CARD
7479204,5698,2010-01-01,56962,DEBIT_CARD
7479205,1920,2010-01-01,50783,DEBIT_CARD
7479206,1286,2010-01-01,41233,DEBIT_CARD
7479207,3144,2010-01-01,50404,DEBIT_CARD
7479208,2000,2010-01-01,27092,CREDIT_CARD
7479209,6467,2010-01-01,73706,CREDIT_CARD
7479210,6921,2010-01-01,68690,DEBIT_CARD
7479212,1136,2010-01-01,51459,DEBIT_CARD
7479213,6246,2010-01-01,48685,CREDIT_CARD
7479214,51188,2010-01-01,16041,DEBIT_CARD
7479215,1936,2010-01-01,39034,DEBIT_CARD
7479216,3750,2010-01-01,55060,DEBIT_CARD
7479218,4000,2010-01-01,27092,CREDIT_CARD
7479220,5567,2010-01-01,18422,DEBIT_CARD
7479221,2007,2010-01-01,16798,CREDIT_CARD
7479222,3372,2010-01-01,67993,DEBIT_CARD
7479223,2738,2010-01-01,19756,DEBIT_CARD
7479224,3629,2010-01-01,27601,DEBIT_CARD
7479225,2402,2010-01-01,16798,CREDIT_CARD
7479227,4888,2010-01-01,22033,DEBIT_CARD
7479228,17701,2010-01-01,98686,DEBIT_CARD
7479229,5279,2010-01-01,25887,CREDIT_CARD
7479230,2286,2010-01-01,86384,CREDIT_CARD
7479232,920,2010-01-01,22938,DEBIT_CARD
7479233,706,2010-01-01,50981,DEBIT_CARD
7479235,1753,2010-01-01,94974,DEBIT_CARD
7479236,4376,2010-01-01,84319,CREDIT_CARD
7479237,4508,2010-01-01,36329,CREDIT_CARD
7479239,3114,2010-01-01,50524,CREDIT_CARD
7479240,8001,2010-01-01,25717,CREDIT_CARD
7479241,4788,2010-01-01,69972,CREDIT_CARD
7479242,2674,2010-01-01,99294,DEBIT_CARD
7479243,9788,2010-01-01,59474,CREDIT_CARD
7479244,866,2010-01-01,510,DEBIT_CARD
7479245,4467,2010-01-01,35451,DEBIT_CARD
7479246,4131,2010-01-01,75559,DEBIT_CARD
7479247,8911,2010-01-01,2374,DEBIT_CARD
7479248,6953,2010-01-01,69972,CREDIT_CARD
7479252,2568,2010-01-01,51483,DEBIT_CARD
7479254,1656,2010-01-01,87914,DEBIT_CARD
7479255,3320,2010-01-01,96883,DEBIT_CARD
7479258,1249,2010-01-01,44211,DEBIT_CARD
7479259,863,2010-01-01,76468,DEBIT_CARD
7479260,5486,2010-01-01,8365,DEBIT_CARD
7479261,157,2010-01-01,16798,DEBIT_CARD
7479262,497,2010-01-01,60569,DEBIT_CARD
7479264,6586,2010-01-01,32164,CREDIT_CARD
7479265,4636,2010-01-01,35451,DEBIT_CARD
7479266,4126,2010-01-01,58408,CREDIT_CARD
7479267,1794,2010-01-01,72812,DEBIT_CARD
7479269,8000,2010-01-01,27092,CREDIT_CARD
7479270,7096,2010-01-01,74061,DEBIT_CARD
7479271,10000,2010-01-01,27092,DEBIT_CARD
7479272,2338,2010-01-01,84554,DEBIT_CARD
7479273,4186,2010-01-01,64008,CREDIT_CARD
7479274,4779,2010-01-01,15143,CREDIT_CARD
7479275,8196,2010-01-01,9932,DEBIT_CARD
7479276,6119,2010-01-01,25887,DEBIT_CARD
7479277,9077,2010-01-01,93030,DEBIT_CARD
7479278,1711,2010-01-01,48906,DEBIT_CARD
7479279,2274,2010-01-01,19756,DEBIT_CARD
7479280,4601,2010-01-01,75936,CREDIT_CARD
7479281,1409,2010-01-01,78454,DEBIT_CARD
7479282,1460,2010-01-01,50783,DEBIT_CARD
7479283,1128,2010-01-01,45907,CREDIT_CARD
7479284,1197,2010-01-01,24229,CREDIT_CARD
7479285,2653,2010-01-01,87531,DEBIT_CARD
7479286,61,2010-01-01,14528,CREDIT_CARD
7479287,2591,2010-01-01,97046,DEBIT_CARD
7479288,21922,2010-01-01,20561,DEBIT_CARD
7479289,8337,2010-01-01,97009,DEBIT_CARD
7479290,3305,2010-01-01,86149,DEBIT_CARD
7479291,6550,2010-01-01,17493,DEBIT_CARD
7479292,1747,2010-01-01,39261,DEBIT_CARD
7479294,9800,2010-01-01,59935,CREDIT_CARD
7479296,5042,2010-01-01,40437,DEBIT_CARD
7479298,851,2010-01-01,35736,DEBIT_CARD
7479299,4347,2010-01-01,68690,DEBIT_CARD
7479300,2942,2010-01-01,59935,CREDIT_CARD
7479301,1401,2010-01-01,51898,DEBIT_CARD
7479302,1664,2010-01-01,44561,DEBIT_CARD
7479303,40985,2010-01-01,78644,DEBIT_CARD
7479304,4710,2010-01-01,88646,DEBIT_CARD
7479306,2784,2010-01-01,25717,DEBIT_CARD
7479307,4041,2010-01-01,44919,DEBIT_CARD
7479308,3586,2010-01-01,59452,DEBIT_CARD
7479309,110,2010-01-01,14528,DEBIT_CARD
7479310,6500,2010-01-01,39991,CREDIT_CARD
7479311,1622,2010-01-01,52788,DEBIT_CARD
7479312,8638,2010-01-01,6871,DEBIT_CARD
7479314,3382,2010-01-01,76920,DEBIT_CARD
7479317,3596,2010-01-01,50332,DEBIT_CARD
7479318,11,2010-01-01,14664,DEBIT_CARD
7479319,3349,2010-01-01,88646,DEBIT_CARD
7479320,2981,2010-01-01,44578,CREDIT_CARD
7479323,1079,2010-01-01,55528,CREDIT_CARD
7479324,8398,2010-01-01,60569,DEBIT_CARD
7479325,6271,2010-01-01,87625,DEBIT_CARD
7479326,2542,2010-01-01,97046,DEBIT_CARD
7479327,4376,2010-01-01,92883,DEBIT_CARD
7479328,4207,2010-01-01,45021,DEBIT_CARD
7479330,19254,2010-01-01,98686,DEBIT_CARD
7479332,2038,2010-01-01,95541,DEBIT_CARD
7479333,4202,2010-01-01,47588,DEBIT_CARD
7479334,2150,2010-01-01,49198,CREDIT_CARD
7479335,5780,2010-01-01,246,DEBIT_CARD
7479336,6454,2010-01-01,97500,CREDIT_CARD
7479338,6342,2010-01-01,69972,DEBIT_CARD
7479339,5404,2010-01-01,47588,DEBIT_CARD
7479341,8000,2010-01-01,27092,CREDIT_CARD
7479342,5258,2010-01-01,55060,CREDIT_CARD
7479345,2447,2010-01-01,5048,DEBIT_CARD
7479346,3570,2010-01-01,58408,CREDIT_CARD
7479347,9478,2010-01-01,39021,DEBIT_CARD
7479348,3900,2010-01-01,75936,DEBIT_CARD
7479350,11315,2010-01-01,17848,DEBIT_CARD
7479351,2053,2010-01-01,87351,DEBIT_CARD
7479352,12614,2010-01-01,7777,DEBIT_CARD
7479353,5140,2010-01-01,25887,DEBIT_CARD
7479354,3525,2010-01-01,25887,DEBIT_CARD
7479355,2677,2010-01-01,35451,DEBIT_CARD
7479357,6908,2010-01-01,73186,DEBIT_CARD
7479358,6496,2010-01-01,25887,DEBIT_CARD
7479359,2667,2010-01-01,47043,DEBIT_CARD
7479360,183,2010-01-01,86438,DEBIT_CARD
7479361,69230,2010-01-01,85600,CREDIT_CARD
7479362,1756,2010-01-01,89504,DEBIT_CARD
7479363,1686,2010-01-01,86008,DEBIT_CARD
7479365,1978,2010-01-01,55250,CREDIT_CARD
7479366,4493,2010-01-01,78454,CREDIT_CARD
7479368,7379,2010-01-01,25887,DEBIT_CARD
7479369,121,2010-01-01,14528,DEBIT_CARD
7479370,165,2010-01-01,86438,DEBIT_CARD
7479371,6000,2010-01-01,43293,DEBIT_CARD
7479372,26526,2010-01-01,50783,DEBIT_CARD
7479373,7214,2010-01-01,80012,DEBIT_CARD
7479374,10000,2010-01-01,27092,CREDIT_CARD
7479375,2462,2010-01-01,94208,DEBIT_CARD
7479376,166,2010-01-01,86438,DEBIT_CARD
7479377,11707,2010-01-01,44795,CREDIT_CARD
7479378,4689,2010-01-01,58932,CREDIT_CARD
7479380,10000,2010-01-01,27092,DEBIT_CARD
7479381,3906,2010-01-01,78454,CREDIT_CARD
7479382,3003,2010-01-01,32606,DEBIT_CARD
7479383,5560,2010-01-01,75936,DEBIT_CARD
7479384,2064,2010-01-01,15162,DEBIT_CARD
7479385,2163,2010-01-01,48906,DEBIT_CARD
7479386,1726,2010-01-01,36385,DEBIT_CARD
7479387,1804,2010-01-01,32606,DEBIT_CARD
7479388,4000,2010-01-01,27092,CREDIT_CARD
7479389,3438,2010-01-01,14684,CREDIT_CARD
7479390,3155,2010-01-01,20134,DEBIT_CARD
7479391,4006,2010-01-01,15143,DEBIT_CARD
7479393,6987,2010-01-01,43293,DEBIT_CARD
7479394,12000,2010-01-01,27092,DEBIT_CARD
7479395,10342,2010-01-01,17976,CREDIT_CARD
7479396,3431,2010-01-01,19964,DEBIT_CARD
7479397,415,2010-01-01,46284,DEBIT_CARD
7479398,1733,2010-01-01,56060,DEBIT_CARD
7479399,3106,2010-01-01,16798,DEBIT_CARD
7479400,5624,2010-01-01,50709,DEBIT_CARD
7479403,58802,2010-01-01,55689,DEBIT_CARD
7479404,8310,2010-01-01,67570,DEBIT_CARD
7479405,1005,2010-01-01,70326,DEBIT_CARD
7479406,4817,2010-01-01,88646,DEBIT_CARD
7479408,215,2010-01-01,75781,DEBIT_CARD
7479409,5754,2010-01-01,69972,DEBIT_CARD
7479410,4000,2010-01-01,27092,CREDIT_CARD
7479411,1405,2010-01-01,85247,DEBIT_CARD
7479412,2864,2010-01-01,39021,DEBIT_CARD
7479413,7673,2010-01-01,70129,DEBIT_CARD
7479414,1457,2010-01-01,76630,CREDIT_CARD
7479415,1276,2010-01-01,16798,DEBIT_CARD
7479416,6491,2010-01-01,35557,CREDIT_CARD
7479417,7011,2010-01-01,39021,DEBIT_CARD
7479418,15185,2010-01-01,15426,CREDIT_CARD
7479419,4663,2010-01-01,39021,DEBIT_CARD
7479420,960,2010-01-01,53485,DEBIT_CARD
7479422,10403,2010-01-01,71883,DEBIT_CARD
7479423,9794,2010-01-01,20561,CREDIT_CARD
7479424,1236,2010-01-01,61195,DEBIT_CARD
7479429,127,2010-01-01,75936,CREDIT_CARD
7479430,2164,2010-01-01,30130,DEBIT_CARD
7479431,7533,2010-01-01,67570,CREDIT_CARD
7479432,4000,2010-01-01,27092,CREDIT_CARD
7479433,17,2010-01-01,75781,CREDIT_CARD
7479435,3938,2010-01-01,16798,CREDIT_CARD
7479437,242,2010-01-01,25887,DEBIT_CARD
7479438,4159,2010-01-01,18563,CREDIT_CARD
7479440,140,2010-01-01,56431,DEBIT_CARD
7479441,1606,2010-01-01,55250,CREDIT_CARD
7479442,1092,2010-01-01,81833,DEBIT_CARD
7479443,6768,2010-01-01,67570,CREDIT_CARD
7479444,19,2010-01-01,90999,DEBIT_CARD
7479445,2001,2010-01-01,56060,DEBIT_CARD
7479446,14119,2010-01-01,83240,CREDIT_CARD
7479447,1487,2010-01-01,39261,CREDIT_CARD
7479448,3194,2010-01-02,20519,DEBIT_CARD
7479450,4579,2010-01-02,18563,DEBIT_CARD
7479452,10254,2010-01-02,99370,DEBIT_CARD
7479453,14000,2010-01-02,27092,DEBIT_CARD
7479454,434,2010-01-02,20561,CREDIT_CARD
7479455,4889,2010-01-02,13051,DEBIT_CARD
7479456,8402,2010-01-02,86410,CREDIT_CARD
7479457,2583,2010-01-02,22204,CREDIT_CARD
7479459,14682,2010-01-02,73186,CREDIT_CARD
7479460,13005,2010-01-02,21772,DEBIT_CARD
7479461,33260,2010-01-02,38958,DEBIT_CARD
7479462,10000,2010-01-02,27092,DEBIT_CARD
7479463,3871,2010-01-02,36500,CREDIT_CARD
7479465,8400,2010-01-02,22204,CREDIT_CARD
7479466,7709,2010-01-02,75781,DEBIT_CARD
7479467,1822,2010-01-02,85247,DEBIT_CARD
7479468,1754,2010-01-02,78603,DEBIT_CARD
7479470,2994,2010-01-02,81759,CREDIT_CARD
7479471,11126,2010-01-02,30286,CREDIT_CARD
7479472,2715,2010-01-02,50404,DEBIT_CARD
7479473,8000,2010-01-02,27092,CREDIT_CARD
7479474,4502,2010-01-02,25759,CREDIT_CARD
7479475,4294,2010-01-02,69956,CREDIT_CARD
7479476,8700,2010-01-02,59935,DEBIT_CARD
7479477,4729,2010-01-02,15143,DEBIT_CARD
7479478,1080,2010-01-02,94437,CREDIT_CARD
7479479,720,2010-01-02,39980,DEBIT_CARD
7479481,1502,2010-01-02,61195,DEBIT_CARD
7479482,2937,2010-01-02,39021,DEBIT_CARD
7479483,3052,2010-01-02,49279,CREDIT_CARD
7479484,2966,2010-01-02,58215,DEBIT_CARD
7479486,106,2010-01-02,43293,CREDIT_CARD
7479487,303,2010-01-02,23481,CREDIT_CARD
7479488,5164,2010-01-02,59935,DEBIT_CARD
7479489,6731,2010-01-02,93812,DEBIT_CARD
7479491,1601,2010-01-02,61195,CREDIT_CARD
7479492,9800,2010-01-02,43293,CREDIT_CARD
7479493,5302,2010-01-02,27310,DEBIT_CARD
7479494,258,2010-01-02,18422,DEBIT_CARD
7479495,41179,2010-01-02,70129,DEBIT_CARD
7479496,18181,2010-01-02,73186,CREDIT_CARD
7479497,4234,2010-01-02,88945,CREDIT_CARD
7479498,1806,2010-01-02,16798,CREDIT_CARD
7479499,3246,2010-01-02,18563,DEBIT_CARD
7479501,5781,2010-01-02,92408,DEBIT_CARD
7479502,8258,2010-01-02,99370,DEBIT_CARD
7479504,3392,2010-01-02,54850,DEBIT_CARD
7479505,10000,2010-01-02,27092,CREDIT_CARD
7479506,175,2010-01-02,14528,CREDIT_CARD
7479507,2689,2010-01-02,67615,DEBIT_CARD
7479508,6926,2010-01-02,81536,CREDIT_CARD
7479509,1078,2010-01-02,96049,DEBIT_CARD
7479510,428,2010-01-02,22204,DEBIT_CARD
7479511,3530,2010-01-02,59935,DEBIT_CARD
7479512,724,2010-01-02,23462,DEBIT_CARD
7479514,9800,2010-01-02,59935,DEBIT_CARD
7479515,736,2010-01-02,23462,DEBIT_CARD
7479516,12234,2010-01-02,11468,DEBIT_CARD
7479517,25692,2010-01-02,44851,DEBIT_CARD
7479519,32669,2010-01-02,3558,DEBIT_CARD
7479521,1053,2010-01-02,75781,DEBIT_CARD
7479522,16612,2010-01-02,30006,CREDIT_CARD
7479523,10733,2010-01-02,66610,DEBIT_CARD
7479526,2661,2010-01-02,24053,DEBIT_CARD
7479527,2428,2010-01-02,11468,DEBIT_CARD
7479528,4597,2010-01-02,39114,DEBIT_CARD
7479529,248,2010-01-02,20519,CREDIT_CARD
7479530,17,2010-01-02,59397,DEBIT_CARD
7479532,2642,2010-01-02,86953,DEBIT_CARD
7479533,10358,2010-01-02,20561,DEBIT_CARD
7479534,3071,2010-01-02,73186,DEBIT_CARD
7479535,8501,2010-01-02,20561,DEBIT_CARD
7479536,440,2010-01-02,23481,DEBIT_CARD
7479537,186,2010-01-02,22938,DEBIT_CARD
7479539,9946,2010-01-02,98648,CREDIT_CARD
7479541,16460,2010-01-02,73186,DEBIT_CARD
7479543,8086,2010-01-02,73186,CREDIT_CARD
7479544,284,2010-01-02,35451,CREDIT_CARD
7479545,2647,2010-01-02,45389,DEBIT_CARD
7479546,882,2010-01-02,93208,DEBIT_CARD
7479547,179,2010-01-02,5248,DEBIT_CARD
7479549,8553,2010-01-02,60569,DEBIT_CARD
7479551,9767,2010-01-02,32868,CREDIT_CARD
7479552,31000,2010-01-02,59474,CREDIT_CARD
7479553,6641,2010-01-02,86410,DEBIT_CARD
7479554,6845,2010-01-02,18215,DEBIT_CARD
7479555,248,2010-01-02,78244,CREDIT_CARD
7479556,5810,2010-01-02,43642,DEBIT_CARD
7479557,8517,2010-01-02,5355,CREDIT_CARD
7479558,10000,2010-01-02,27092,DEBIT_CARD
7479559,2203,2010-01-02,86410,DEBIT_CARD
7479560,3389,2010-01-02,45907,CREDIT_CARD
7479561,305,2010-01-02,43293,CREDIT_CARD
7479564,9854,2010-01-02,61641,CREDIT_CARD
7479565,12000,2010-01-02,27092,DEBIT_CARD
7479566,3745,2010-01-02,73186,DEBIT_CARD
7479567,12356,2010-01-02,50783,CREDIT_CARD
7479568,128,2010-01-02,58332,DEBIT_CARD
7479569,5841,2010-01-02,18257,CREDIT_CARD
7479570,5950,2010-01-02,46284,CREDIT_CARD
7479571,1637,2010-01-02,90379,DEBIT_CARD
7479572,18566,2010-01-02,60569,CREDIT_CARD
7479573,2663,2010-01-02,99104,DEBIT_CARD
7479574,1280,2010-01-02,66044,DEBIT_CARD
7479575,2148,2010-01-02,35451,DEBIT_CARD
7479576,482,2010-01-02,47785,DEBIT_CARD
7479577,10352,2010-01-02,100058,CREDIT_CARD
7479578,7978,2010-01-02,73186,DEBIT_CARD
7479579,84396,2010-01-02,22792,CREDIT_CARD
7479581,4943,2010-01-02,59350,DEBIT_CARD
7479582,11472,2010-01-02,5355,DEBIT_CARD
7479583,15489,2010-01-02,710,DEBIT_CARD
7479585,8219,2010-01-02,72733,CREDIT_CARD
7479586,3733,2010-01-02,42465,DEBIT_CARD
7479588,9905,2010-01-02,32175,CREDIT_CARD
7479589,1164,2010-01-02,42465,DEBIT_CARD
7479590,7821,2010-01-02,88459,DEBIT_CARD
7479591,8523,2010-01-02,19964,CREDIT_CARD
7479592,2940,2010-01-02,15143,DEBIT_CARD
7479593,13019,2010-01-02,61195,CREDIT_CARD
7479597,12502,2010-01-02,65108,DEBIT_CARD
7479598,2526,2010-01-02,84320,DEBIT_CARD
7479599,6308,2010-01-02,59457,DEBIT_CARD
7479600,695,2010-01-02,5801,DEBIT_CARD
7479603,3725,2010-01-02,88503,DEBIT_CARD
7479604,3284,2010-01-02,42465,DEBIT_CARD
7479605,6000,2010-01-02,27092,CREDIT_CARD
7479606,824,2010-01-02,46284,DEBIT_CARD
7479607,868,2010-01-02,82465,CREDIT_CARD
7479608,9752,2010-01-02,19964,CREDIT_CARD
7479609,1322,2010-01-02,39261,DEBIT_CARD
7479610,4110,2010-01-02,58808,DEBIT_CARD
7479611,1219,2010-01-02,53693,DEBIT_CARD
7479612,441,2010-01-02,78454,DEBIT_CARD
7479613,10000,2010-01-02,27092,DEBIT_CARD
7479614,2200,2010-01-02,1238,DEBIT_CARD
7479615,3413,2010-01-02,96759,DEBIT_CARD
7479617,8168,2010-01-02,14620,CREDIT_CARD
7479618,4066,2010-01-02,88503,DEBIT_CARD
7479619,1283,2010-01-02,13161,DEBIT_CARD
7479620,8771,2010-01-02,20884,DEBIT_CARD
7479621,7915,2010-01-02,30157,DEBIT_CARD
7479623,4749,2010-01-02,21189,DEBIT_CARD
7479625,4624,2010-01-02,39021,DEBIT_CARD
7479627,8190,2010-01-02,26810,DEBIT_CARD
7479628,2898,2010-01-02,91128,DEBIT_CARD
7479629,101,2010-01-02,86438,CREDIT_CARD
7479630,2643,2010-01-02,54693,DEBIT_CARD
7479631,9648,2010-01-02,20645,DEBIT_CARD
7479633,919,2010-01-02,76199,DEBIT_CARD
7479634,12900,2010-01-02,48919,CREDIT_CARD
7479635,1141,2010-01-02,78454,DEBIT_CARD
7479636,1030,2010-01-02,53326,CREDIT_CARD
7479637,9753,2010-01-02,87530,CREDIT_CARD
7479639,118,2010-01-02,22204,DEBIT_CARD
7479640,1653,2010-01-02,75195,DEBIT_CARD
7479641,838,2010-01-02,8168,DEBIT_CARD
7479643,8656,2010-01-02,50783,DEBIT_CARD
7479644,382,2010-01-02,75781,DEBIT_CARD
7479645,3204,2010-01-02,25012,CREDIT_CARD
7479646,328,2010-01-02,44578,DEBIT_CARD
7479648,3862,2010-01-02,95986,DEBIT_CARD
7479650,196,2010-01-02,4312,DEBIT_CARD
7479651,7219,2010-01-02,59025,CREDIT_CARD
7479653,6400,2010-01-02,61195,DEBIT_CARD
7479654,403,2010-01-02,39021,DEBIT_CARD
7479655,16420,2010-01-02,60349,DEBIT_CARD
7479656,240,2010-01-02,59935,DEBIT_CARD
7479659,903,2010-01-02,69907,DEBIT_CARD
7479660,3442,2010-01-02,357,CREDIT_CARD
7479661,10000,2010-01-02,27092,CREDIT_CARD
7479664,5257,2010-01-02,61195,DEBIT_CARD
7479665,7067,2010-01-02,12002,DEBIT_CARD
7479666,4046,2010-01-02,39021,DEBIT_CARD
7479667,525,2010-01-02,69122,DEBIT_CARD
7479668,8000,2010-01-02,27092,CREDIT_CARD
7479670,2282,2010-01-02,32175,DEBIT_CARD
7479671,8100,2010-01-02,41260,DEBIT_CARD
7479673,155,2010-01-02,41806,DEBIT_CARD
7479674,1899,2010-01-02,20561,CREDIT_CARD
7479675,3550,2010-01-02,43293,DEBIT_CARD
7479676,2874,2010-01-02,18563,DEBIT_CARD
7479677,156,2010-01-02,83271,DEBIT_CARD
7479678,5593,2010-01-02,17493,DEBIT_CARD
7479680,8620,2010-01-02,20519,CREDIT_CARD
7479683,733,2010-01-02,50783,DEBIT_CARD
7479684,294,2010-01-02,81363,DEBIT_CARD
7479685,6600,2010-01-02,59935,DEBIT_CARD
7479686,8774,2010-01-02,50783,CREDIT_CARD
7479688,1984,2010-01-02,50783,DEBIT_CARD
7479690,11058,2010-01-02,59935,DEBIT_CARD
7479692,1104,2010-01-02,75781,DEBIT_CARD
7479693,127,2010-01-02,86438,DEBIT_CARD
7479694,1313,2010-01-02,60569,DEBIT_CARD
7479695,494,2010-01-02,55060,DEBIT_CARD
7479696,73,2010-01-02,2026,CREDIT_CARD
7479699,4013,2010-01-02,39021,DEBIT_CARD
7479701,440,2010-01-02,92883,CREDIT_CARD
7479702,2212,2010-01-02,41260,DEBIT_CARD
7479703,2445,2010-01-02,39021,CREDIT_CARD
7479704,3879,2010-01-02,75781,DEBIT_CARD
7479705,7500,2010-01-02,43293,DEBIT_CARD
7479707,5439,2010-01-02,66957,DEBIT_CARD
7479708,519,2010-01-02,39021,CREDIT_CARD
7479709,1620,2010-01-02,63694,CREDIT_CARD
7479710,364,2010-01-02,86058,DEBIT_CARD
7479711,3877,2010-01-02,43293,DEBIT_CARD
7479712,241,2010-01-02,43293,DEBIT_CARD
7479713,2939,2010-01-02,39021,DEBIT_CARD
7479714,4544,2010-01-02,57002,DEBIT_CARD
7479715,13832,2010-01-02,60569,CREDIT_CARD
7479720,3235,2010-01-02,39021,CREDIT_CARD
7479721,4321,2010-01-02,85250,CREDIT_CARD
7479723,3414,2010-01-02,32858,DEBIT_CARD
7479725,726,2010-01-02,69685,CREDIT_CARD
7479727,2228,2010-01-02,91594,CREDIT_CARD
7479729,2913,2010-01-02,20519,DEBIT_CARD
7479730,539,2010-01-02,19122,DEBIT_CARD
7479731,20000,2010-01-02,27092,CREDIT_CARD
7479732,2588,2010-01-02,16798,DEBIT_CARD
7479733,4676,2010-01-02,68751,CREDIT_CARD
7479734,2174,2010-01-02,18131,CREDIT_CARD
7479735,2527,2010-01-02,20519,DEBIT_CARD
7479736,21944,2010-01-02,60569,DEBIT_CARD
7479737,4420,2010-01-02,15143,DEBIT_CARD
7479738,440,2010-01-02,50783,DEBIT_CARD
7479741,1730,2010-01-02,24504,DEBIT_CARD
7479742,1852,2010-01-02,52436,DEBIT_CARD
7479743,16544,2010-01-02,61641,DEBIT_CARD
7479745,380,2010-01-02,69972,DEBIT_CARD
7479746,194,2010-01-02,50783,DEBIT_CARD
7479747,10039,2010-01-02,21964,CREDIT_CARD
7479748,5077,2010-01-02,87530,DEBIT_CARD
7479751,644,2010-01-02,19964,DEBIT_CARD
7479752,2814,2010-01-02,86410,DEBIT_CARD
7479753,6271,2010-01-02,29784,DEBIT_CARD
7479754,350,2010-01-02,50783,CREDIT_CARD
7479755,12885,2010-01-02,87334,DEBIT_CARD
7479756,176,2010-01-02,35451,DEBIT_CARD
7479757,9400,2010-01-02,22204,DEBIT_CARD
7479758,621,2010-01-02,61195,CREDIT_CARD
7479759,2472,2010-01-02,39021,DEBIT_CARD
7479760,9800,2010-01-02,59935,DEBIT_CARD
7479763,18000,2010-01-02,27092,DEBIT_CARD
7479764,412,2010-01-02,69122,DEBIT_CARD
7479766,837,2010-01-02,99381,DEBIT_CARD
7479767,28405,2010-01-02,67570,DEBIT_CARD
7479768,5374,2010-01-02,19964,CREDIT_CARD
7479770,1264,2010-01-02,83271,DEBIT_CARD
7479771,5490,2010-01-02,83643,CREDIT_CARD
7479772,398,2010-01-02,75936,DEBIT_CARD
7479773,1775,2010-01-02,39021,DEBIT_CARD
7479774,1889,2010-01-02,60989,DEBIT_CARD
7479775,12000,2010-01-02,27092,CREDIT_CARD
7479776,36534,2010-01-02,32480,CREDIT_CARD
7479777,8000,2010-01-02,27092,DEBIT_CARD
7479779,7721,2010-01-02,83643,CREDIT_CARD
7479781,6000,2010-01-02,27092,DEBIT_CARD
7479782,93,2010-01-02,83271,DEBIT_CARD
7479783,3345,2010-01-02,34256,DEBIT_CARD
7479784,6792,2010-01-02,18517,DEBIT_CARD
7479785,1470,2010-01-02,18563,DEBIT_CARD
7479786,315,2010-01-02,17493,CREDIT_CARD
7479787,1157,2010-01-02,26810,CREDIT_CARD
7479788,10000,2010-01-02,27092,CREDIT_CARD
7479789,761,2010-01-02,60569,CREDIT_CARD
7479790,185,2010-01-02,20519,CREDIT_CARD
7479791,942,2010-01-02,75781,CREDIT_CARD
7479792,1792,2010-01-02,86410,CREDIT_CARD
7479793,13135,2010-01-02,92371,CREDIT_CARD
7479794,5032,2010-01-02,22204,DEBIT_CARD
7479797,2672,2010-01-02,20970,CREDIT_CARD
7479798,4626,2010-01-02,73186,CREDIT_CARD
7479799,6442,2010-01-02,59935,DEBIT_CARD
7479800,6941,2010-01-02,20561,DEBIT_CARD
7479801,3877,2010-01-02,15559,DEBIT_CARD
7479802,792,2010-01-02,25118,DEBIT_CARD
7479803,620,2010-01-02,75781,DEBIT_CARD
7479804,4006,2010-01-02,50783,DEBIT_CARD
7479806,330,2010-01-02,75781,DEBIT_CARD
7479807,1605,2010-01-02,37060,CREDIT_CARD
7479808,8000,2010-01-02,27092,CREDIT_CARD
7479809,7692,2010-01-02,32480,DEBIT_CARD
7479810,10000,2010-01-02,27092,CREDIT_CARD
7479811,8381,2010-01-02,48919,DEBIT_CARD
7479813,4179,2010-01-02,60569,CREDIT_CARD
7479814,10000,2010-01-02,27092,DEBIT_CARD
7479816,18043,2010-01-02,54850,DEBIT_CARD
7479817,81,2010-01-02,86438,CREDIT_CARD
7479820,4361,2010-01-02,89462,DEBIT_CARD
7479821,1698,2010-01-02,47399,DEBIT_CARD
7479822,8000,2010-01-02,27092,DEBIT_CARD
7479823,18908,2010-01-02,7777,CREDIT_CARD
7479824,261,2010-01-02,59935,DEBIT_CARD
7479825,3115,2010-01-02,90398,DEBIT_CARD
7479827,6050,2010-01-02,66010,DEBIT_CARD
7479830,113,2010-01-02,50783,DEBIT_CARD
7479832,8835,2010-01-02,26810,DEBIT_CARD
7479833,212,2010-01-02,14528,DEBIT_CARD
7479835,292,2010-01-02,20561,DEBIT_CARD
7479836,5539,2010-01-02,68751,DEBIT_CARD
7479837,165,2010-01-02,98648,DEBIT_CARD
7479838,238,2010-01-02,42047,DEBIT_CARD
7479839,898,2010-01-02,50933,DEBIT_CARD
7479841,379,2010-01-02,65551,DEBIT_CARD
7479842,2934,2010-01-02,39021,DEBIT_CARD
7479843,5053,2010-01-02,39021,DEBIT_CARD
7479844,3279,2010-01-02,10078,DEBIT_CARD
7479845,116,2010-01-02,14528,CREDIT_CARD
7479847,6500,2010-01-02,41260,DEBIT_CARD
7479848,11301,2010-01-02,77811,DEBIT_CARD
7479850,3681,2010-01-02,50783,CREDIT_CARD
7479851,5100,2010-01-02,61195,DEBIT_CARD
7479852,555,2010-01-02,20561,CREDIT_CARD
7479854,4759,2010-01-02,50404,CREDIT_CARD
7479855,6000,2010-01-02,27092,DEBIT_CARD
7479857,14000,2010-01-02,27092,DEBIT_CARD
7479858,4815,2010-01-02,81833,DEBIT_CARD
7479859,336,2010-01-02,73844,DEBIT_CARD
7479860,8343,2010-01-02,32480,DEBIT_CARD
7479861,2171,2010-01-02,50783,DEBIT_CARD
7479862,5364,2010-01-02,68751,CREDIT_CARD
7479864,4158,2010-01-02,39021,DEBIT_CARD
7479865,2774,2010-01-02,27310,CREDIT_CARD
7479866,1095,2010-01-02,2177,CREDIT_CARD
7479867,6995,2010-01-02,61195,DEBIT_CARD
7479868,2207,2010-01-02,26810,CREDIT_CARD
7479869,6000,2010-01-02,26810,DEBIT_CARD
7479870,518,2010-01-02,69735,DEBIT_CARD
7479871,157,2010-01-02,86438,CREDIT_CARD
7479873,12000,2010-01-02,27092,DEBIT_CARD
7479874,4475,2010-01-02,96246,DEBIT_CARD
7479876,9183,2010-01-02,68668,CREDIT_CARD
7479880,357,2010-01-02,50783,DEBIT_CARD
7479881,150,2010-01-02,16798,DEBIT_CARD
7479882,10000,2010-01-02,27092,DEBIT_CARD
7479883,3650,2010-01-02,41122,DEBIT_CARD
7479884,4021,2010-01-02,39021,DEBIT_CARD
7479885,941,2010-01-02,59397,DEBIT_CARD
7479886,9916,2010-01-02,14334,DEBIT_CARD
7479889,14000,2010-01-02,27092,CREDIT_CARD
7479890,2702,2010-01-02,38241,DEBIT_CARD
7479891,7241,2010-01-02,31204,DEBIT_CARD
7479892,5000,2010-01-02,26810,CREDIT_CARD
7479893,5396,2010-01-02,32213,CREDIT_CARD
7479894,3927,2010-01-02,86616,DEBIT_CARD
7479895,3124,2010-01-02,69956,DEBIT_CARD
7479896,7802,2010-01-02,19964,DEBIT_CARD
7479897,417,2010-01-02,50783,DEBIT_CARD
7479898,8000,2010-01-02,27092,CREDIT_CARD
7479902,1656,2010-01-02,50783,DEBIT_CARD
7479904,2161,2010-01-02,89001,DEBIT_CARD
7479905,1558,2010-01-02,24504,CREDIT_CARD
7479906,3070,2010-01-02,59935,CREDIT_CARD
7479907,210,2010-01-02,75781,DEBIT_CARD
7479909,3042,2010-01-02,39021,DEBIT_CARD
7479911,104,2010-01-02,50783,DEBIT_CARD
7479912,634,2010-01-02,22204,DEBIT_CARD
7479913,6907,2010-01-02,59935,DEBIT_CARD
7479914,11260,2010-01-02,17976,CREDIT_CARD
7479915,6125,2010-01-02,41260,DEBIT_CARD
7479916,18183,2010-01-02,98050,CREDIT_CARD
7479918,7500,2010-01-02,59935,DEBIT_CARD
7479919,7100,2010-01-02,59935,CREDIT_CARD
7479920,20,2010-01-02,28395,DEBIT_CARD
7479921,2242,2010-01-02,39021,CREDIT_CARD
7479922,1343,2010-01-02,81803,CREDIT_CARD
7479923,1926,2010-01-02,88852,DEBIT_CARD
7479925,3049,2010-01-02,39021,DEBIT_CARD
7479928,1345,2010-01-02,8994,DEBIT_CARD
7479931,6700,2010-01-02,22204,CREDIT_CARD
7479932,9712,2010-01-02,19182,DEBIT_CARD
7479933,1160,2010-01-02,81833,CREDIT_CARD
7479935,2052,2010-01-02,82981,CREDIT_CARD
7479936,1956,2010-01-02,22204,DEBIT_CARD
7479938,15466,2010-01-02,60569,DEBIT_CARD
7479939,244,2010-01-02,79847,DEBIT_CARD
7479940,496,2010-01-02,92883,CREDIT_CARD
7479941,2151,2010-01-02,50783,DEBIT_CARD
7479942,3571,2010-01-02,53692,DEBIT_CARD
7479943,2291,2010-01-02,39021,CREDIT_CARD
7479946,151,2010-01-02,86438,CREDIT_CARD
7479947,8935,2010-01-02,60569,DEBIT_CARD
7479948,2570,2010-01-02,45854,DEBIT_CARD
7479949,2775,2010-01-02,39021,CREDIT_CARD
7479951,5690,2010-01-02,86959,DEBIT_CARD
7479952,296,2010-01-02,22204,DEBIT_CARD
7479953,2948,2010-01-02,61195,CREDIT_CARD
7479954,5579,2010-01-02,78888,DEBIT_CARD
7479955,927,2010-01-02,46284,DEBIT_CARD
7479959,4447,2010-01-02,89069,CREDIT_CARD
7479960,6156,2010-01-02,22204,CREDIT_CARD
7479961,448,2010-01-02,87752,DEBIT_CARD
7479962,2924,2010-01-02,92566,DEBIT_CARD
7479964,6600,2010-01-02,59935,CREDIT_CARD
7479965,6422,2010-01-02,72351,DEBIT_CARD
7479966,1891,2010-01-02,16798,DEBIT_CARD
7479967,1704,2010-01-02,15143,CREDIT_CARD
7479968,2646,2010-01-02,39021,DEBIT_CARD
7479970,4617,2010-01-02,87535,DEBIT_CARD
7479971,2917,2010-01-02,39021,DEBIT_CARD
7479972,5452,2010-01-02,33592,DEBIT_CARD
7479973,11945,2010-01-02,43503,DEBIT_CARD
7479974,7800,2010-01-02,59935,DEBIT_CARD
7479975,22,2010-01-02,75936,DEBIT_CARD
7479976,178,2010-01-02,64999,CREDIT_CARD
7479977,503,2010-01-02,46284,DEBIT_CARD
7479979,4559,2010-01-02,34490,CREDIT_CARD
7479981,5253,2010-01-02,11468,DEBIT_CARD
7479982,7500,2010-01-02,26810,CREDIT_CARD
7479984,4089,2010-01-02,86410,DEBIT_CARD
7479985,738,2010-01-02,7886,DEBIT_CARD
7479986,5000,2010-01-02,72351,DEBIT_CARD
7479987,377,2010-01-02,75781,DEBIT_CARD
7479990,3950,2010-01-02,51749,DEBIT_CARD
7479992,729,2010-01-02,88998,CREDIT_CARD
7479993,377,2010-01-02,14161,DEBIT_CARD
7479994,1317,2010-01-02,44578,DEBIT_CARD
7479996,7100,2010-01-02,59935,DEBIT_CARD
7479997,335,2010-01-02,75781,DEBIT_CARD
7479998,2207,2010-01-02,13646,CREDIT_CARD
7479999,237,2010-01-02,27664,CREDIT_CARD
7480000,1915,2010-01-02,81833,DEBIT_CARD
7480001,2401,2010-01-02,60569,CREDIT_CARD
7480002,2903,2010-01-02,13523,DEBIT_CARD
7480003,148,2010-01-02,14528,DEBIT_CARD
7480004,1904,2010-01-02,59935,DEBIT_CARD
7480005,1030,2010-01-02,39021,CREDIT_CARD
7480006,6200,2010-01-02,61195,CREDIT_CARD
7480008,95,2010-01-02,50783,DEBIT_CARD
7480010,561,2010-01-02,22204,DEBIT_CARD
7480011,1262,2010-01-02,83480,CREDIT_CARD
7480012,7284,2010-01-02,39021,DEBIT_CARD
7480013,8776,2010-01-02,59935,CREDIT_CARD
7480015,1798,2010-01-02,59935,DEBIT_CARD
7480016,53,2010-01-02,14528,DEBIT_CARD
7480017,409,2010-01-02,75195,DEBIT_CARD
7480021,4428,2010-01-02,71476,DEBIT_CARD
7480022,9153,2010-01-02,24823,DEBIT_CARD
7480024,8973,2010-01-02,26810,CREDIT_CARD
7480025,951,2010-01-02,16798,CREDIT_CARD
7480026,4966,2010-01-02,81536,CREDIT_CARD
7480027,162,2010-01-02,49789,CREDIT_CARD
7480031,133,2010-01-02,60569,DEBIT_CARD
7480032,2610,2010-01-02,39261,DEBIT_CARD
7480033,820,2010-01-02,30928,CREDIT_CARD
7480034,107,2010-01-02,86438,DEBIT_CARD
7480035,3268,2010-01-02,15143,CREDIT_CARD
7480037,14342,2010-01-02,22848,DEBIT_CARD
7480038,15075,2010-01-02,56276,DEBIT_CARD
7480039,830,2010-01-02,47278,CREDIT_CARD
7480040,358,2010-01-02,22204,DEBIT_CARD
7480041,3093,2010-01-02,34256,DEBIT_CARD
7480042,1973,2010-01-02,85731,DEBIT_CARD
7480043,1416,2010-01-02,22204,DEBIT_CARD
7480045,415,2010-01-02,30896,DEBIT_CARD
7480046,2662,2010-01-02,10756,DEBIT_CARD
7480048,16711,2010-01-02,45251,DEBIT_CARD
7480049,1813,2010-01-02,50783,DEBIT_CARD
7480051,6230,2010-01-02,27212,DEBIT_CARD
7480052,2745,2010-01-02,88852,CREDIT_CARD
7480053,990,2010-01-02,61195,CREDIT_CARD
7480054,371,2010-01-02,20519,DEBIT_CARD
7480056,257,2010-01-02,9254,DEBIT_CARD
7480058,124,2010-01-02,50867,DEBIT_CARD
7480060,12000,2010-01-02,27092,CREDIT_CARD
7480061,1029,2010-01-02,64523,DEBIT_CARD
7480064,746,2010-01-02,50867,DEBIT_CARD
7480065,1839,2010-01-02,46284,DEBIT_CARD
7480066,4924,2010-01-02,61195,DEBIT_CARD
7480067,9836,2010-01-02,60569,DEBIT_CARD
7480068,4769,2010-01-02,99370,CREDIT_CARD
7480069,3360,2010-01-02,569,DEBIT_CARD
7480070,5091,2010-01-02,59935,CREDIT_CARD
7480071,10000,2010-01-02,27092,DEBIT_CARD
7480072,98,2010-01-02,14528,DEBIT_CARD
7480073,169,2010-01-02,14528,CREDIT_CARD
7480074,812,2010-01-02,29455,CREDIT_CARD
7480075,4837,2010-01-02,26810,DEBIT_CARD
7480076,1127,2010-01-02,6891,DEBIT_CARD
7480077,3052,2010-01-02,77313,CREDIT_CARD
7480078,2101,2010-01-02,39021,DEBIT_CARD
7480081,6400,2010-01-02,26810,DEBIT_CARD
7480086,311,2010-01-02,20519,CREDIT_CARD
7480087,2592,2010-01-02,39021,DEBIT_CARD
7480089,7370,2010-01-02,39021,DEBIT_CARD
7480090,5500,2010-01-02,59935,CREDIT_CARD
7480091,143,2010-01-02,86438,DEBIT_CARD
7480092,13716,2010-01-02,75781,DEBIT_CARD
7480093,2630,2010-01-02,86410,DEBIT_CARD
7480094,4000,2010-01-02,27092,DEBIT_CARD
7480095,29,2010-01-02,80256,DEBIT_CARD
7480096,492,2010-01-02,20519,DEBIT_CARD
7480097,6115,2010-01-02,63444,DEBIT_CARD
7480098,1646,2010-01-02,81833,DEBIT_CARD
7480099,9272,2010-01-02,26629,CREDIT_CARD
7480100,3117,2010-01-02,24512,DEBIT_CARD
7480101,2327,2010-01-02,30361,DEBIT_CARD
7480103,21894,2010-01-02,73186,DEBIT_CARD
7480104,21647,2010-01-02,75393,DEBIT_CARD
7480106,2865,2010-01-02,24437,CREDIT_CARD
7480108,2075,2010-01-02,36385,DEBIT_CARD
7480109,265,2010-01-02,25887,DEBIT_CARD
7480110,316,2010-01-02,11055,DEBIT_CARD
7480111,1364,2010-01-02,68069,CREDIT_CARD
7480112,3192,2010-01-02,98552,DEBIT_CARD
7480113,1617,2010-01-02,4111,DEBIT_CARD
7480115,3,2010-01-02,75781,DEBIT_CARD
7480116,3587,2010-01-02,95855,CREDIT_CARD
7480118,2392,2010-01-02,96934,DEBIT_CARD
7480119,8537,2010-01-02,48832,CREDIT_CARD
7480120,4847,2010-01-02,34490,DEBIT_CARD
7480121,8609,2010-01-02,26909,DEBIT_CARD
7480123,14621,2010-01-02,7660,CREDIT_CARD
7480124,17364,2010-01-02,93128,CREDIT_CARD
7480125,800,2010-01-02,44657,DEBIT_CARD
7480126,4277,2010-01-02,41122,DEBIT_CARD
7480127,1114,2010-01-02,60569,CREDIT_CARD
7480128,9400,2010-01-02,59935,DEBIT_CARD
7480129,8350,2010-01-02,23358,DEBIT_CARD
7480130,11722,2010-01-02,89069,DEBIT_CARD
7480131,2819,2010-01-02,25395,DEBIT_CARD
7480132,6300,2010-01-02,61195,CREDIT_CARD
7480133,429,2010-01-02,75781,DEBIT_CARD
7480134,9037,2010-01-02,32858,CREDIT_CARD
7480137,4638,2010-01-02,87535,DEBIT_CARD
7480138,3203,2010-01-02,81829,DEBIT_CARD
7480141,177,2010-01-02,22938,DEBIT_CARD
7480143,5728,2010-01-02,59935,DEBIT_CARD
7480144,5945,2010-01-02,60569,DEBIT_CARD
7480145,6273,2010-01-02,54139,DEBIT_CARD
7480146,1146,2010-01-02,60569,DEBIT_CARD
7480148,6000,2010-01-02,27092,DEBIT_CARD
7480149,3953,2010-01-02,67227,DEBIT_CARD
7480151,6087,2010-01-02,42233,CREDIT_CARD
7480152,27,2010-01-02,14528,DEBIT_CARD
7480153,18774,2010-01-02,10530,DEBIT_CARD
7480154,591,2010-01-02,61195,DEBIT_CARD
7480155,8896,2010-01-02,75781,DEBIT_CARD
7480156,658,2010-01-02,32361,DEBIT_CARD
7480157,9493,2010-01-02,88459,CREDIT_CARD
7480158,5255,2010-01-02,30286,CREDIT_CARD
7480160,5439,2010-01-02,32858,CREDIT_CARD
7480161,713,2010-01-02,5760,DEBIT_CARD
7480162,7995,2010-01-02,22204,DEBIT_CARD
7480163,6454,2010-01-02,81833,DEBIT_CARD
7480164,337,2010-01-02,20519,DEBIT_CARD
7480165,1650,2010-01-02,18563,DEBIT_CARD
7480167,8700,2010-01-02,26810,DEBIT_CARD
7480168,2477,2010-01-02,48919,DEBIT_CARD
7480170,23734,2010-01-02,56835,CREDIT_CARD
7480171,4701,2010-01-02,86410,DEBIT_CARD
7480172,499,2010-01-02,98374,DEBIT_CARD
7480173,7678,2010-01-02,88459,DEBIT_CARD
7480176,5800,2010-01-02,43293,DEBIT_CARD
7480177,1754,2010-01-02,37564,CREDIT_CARD
7480178,1060,2010-01-02,20519,DEBIT_CARD
7480180,3999,2010-01-02,13646,DEBIT_CARD
7480181,300,2010-01-02,59397,DEBIT_CARD
7480182,5503,2010-01-02,26810,DEBIT_CARD
7480184,8000,2010-01-02,27092,DEBIT_CARD
7480185,1836,2010-01-02,88852,DEBIT_CARD
7480188,191,2010-01-02,93214,CREDIT_CARD
7480189,232,2010-01-02,40278,DEBIT_CARD
7480190,953,2010-01-02,98374,CREDIT_CARD
7480191,844,2010-01-02,19964,DEBIT_CARD
7480192,2645,2010-01-02,16798,DEBIT_CARD
7480193,1804,2010-01-02,39021,CREDIT_CARD
7480195,231,2010-01-02,75781,CREDIT_CARD
7480196,4000,2010-01-02,27092,DEBIT_CARD
7480197,7701,2010-01-02,96934,CREDIT_CARD
7480200,5318,2010-01-02,36934,DEBIT_CARD
7480201,50546,2010-01-02,99161,DEBIT_CARD
7480202,896,2010-01-02,97871,DEBIT_CARD
7480203,1104,2010-01-02,69972,CREDIT_CARD
7480204,1420,2010-01-02,48919,DEBIT_CARD
7480205,2653,2010-01-02,20561,DEBIT_CARD
7480206,2230,2010-01-02,9932,CREDIT_CARD
7480207,6482,2010-01-02,28823,CREDIT_CARD
7480209,1549,2010-01-02,83271,DEBIT_CARD
7480210,3971,2010-01-02,39021,DEBIT_CARD
7480211,52,2010-01-02,61579,DEBIT_CARD
7480212,785,2010-01-02,44578,DEBIT_CARD
7480213,2056,2010-01-02,75781,CREDIT_CARD
7480214,793,2010-01-02,20519,DEBIT_CARD
7480216,2029,2010-01-02,43293,DEBIT_CARD
7480218,45900,2010-01-02,77316,CREDIT_CARD
7480220,1236,2010-01-02,17678,DEBIT_CARD
7480221,970,2010-01-02,26945,DEBIT_CARD
7480222,189,2010-01-02,86438,DEBIT_CARD
7480224,1508,2010-01-02,10792,DEBIT_CARD
7480227,55495,2010-01-02,43422,DEBIT_CARD
7480228,3215,2010-01-02,78757,DEBIT_CARD
7480231,15080,2010-01-02,60569,DEBIT_CARD
7480232,3145,2010-01-02,63683,CREDIT_CARD
7480233,6315,2010-01-02,81833,DEBIT_CARD
7480234,126,2010-01-02,59935,CREDIT_CARD
7480236,281,2010-01-02,61195,DEBIT_CARD
7480237,10965,2010-01-02,31707,CREDIT_CARD
7480238,1187,2010-01-02,50783,CREDIT_CARD
7480240,3646,2010-01-02,75781,DEBIT_CARD
7480241,290,2010-01-02,57665,CREDIT_CARD
7480242,3944,2010-01-02,22204,DEBIT_CARD
7480243,7036,2010-01-02,78534,DEBIT_CARD
7480245,6900,2010-01-02,22204,DEBIT_CARD
7480246,30688,2010-01-02,54850,DEBIT_CARD
7480247,717,2010-01-02,75781,DEBIT_CARD
7480249,1244,2010-01-02,24504,DEBIT_CARD
7480250,10567,2010-01-02,50783,DEBIT_CARD
7480251,1668,2010-01-02,15143,DEBIT_CARD
7480252,946,2010-01-02,69956,DEBIT_CARD
7480253,3492,2010-01-02,65392,DEBIT_CARD
7480254,24040,2010-01-02,73186,DEBIT_CARD
7480255,3477,2010-01-02,59935,DEBIT_CARD
7480256,3942,2010-01-02,34490,DEBIT_CARD
7480257,692,2010-01-02,47399,CREDIT_CARD
7480258,1660,2010-01-02,60569,DEBIT_CARD
7480259,884,2010-01-02,61195,DEBIT_CARD
7480260,9500,2010-01-02,59935,DEBIT_CARD
7480261,1347,2010-01-02,83480,DEBIT_CARD
7480263,8679,2010-01-02,19964,CREDIT_CARD
7480264,1908,2010-01-02,39021,CREDIT_CARD
7480265,3313,2010-01-02,24823,DEBIT_CARD
7480266,457,2010-01-02,46284,DEBIT_CARD
7480267,580,2010-01-02,75781,DEBIT_CARD
7480269,1820,2010-01-02,94123,CREDIT_CARD
7480271,2271,2010-01-02,39021,CREDIT_CARD
7480272,3020,2010-01-02,96246,DEBIT_CARD
7480273,4815,2010-01-02,60569,DEBIT_CARD
7480274,1648,2010-01-02,83480,CREDIT_CARD
7480275,863,2010-01-02,50783,DEBIT_CARD
7480277,1939,2010-01-02,39021,DEBIT_CARD
7480278,3630,2010-01-02,39021,CREDIT_CARD
7480279,16000,2010-01-02,27092,CREDIT_CARD
7480281,135,2010-01-02,14528,DEBIT_CARD
7480283,2704,2010-01-02,32606,DEBIT_CARD
7480284,2778,2010-01-02,60569,CREDIT_CARD
7480285,2630,2010-01-02,75781,CREDIT_CARD
7480286,1317,2010-01-02,50783,CREDIT_CARD
7480287,10018,2010-01-02,48919,DEBIT_CARD
7480288,1729,2010-01-02,85268,DEBIT_CARD
7480289,4305,2010-01-02,9932,CREDIT_CARD
7480290,1944,2010-01-02,39021,DEBIT_CARD
7480291,14351,2010-01-02,61195,DEBIT_CARD
7480292,118,2010-01-02,14528,DEBIT_CARD
7480293,752,2010-01-02,1710,DEBIT_CARD
7480294,6221,2010-01-02,18215,CREDIT_CARD
7480296,4578,2010-01-02,99370,CREDIT_CARD
7480297,704,2010-01-02,59935,DEBIT_CARD
7480298,1440,2010-01-02,62410,DEBIT_CARD
7480300,1014,2010-01-02,74648,DEBIT_CARD
7480301,1294,2010-01-02,61195,DEBIT_CARD
7480302,352,2010-01-02,61195,DEBIT_CARD
7480304,7610,2010-01-02,33435,CREDIT_CARD
7480305,8288,2010-01-02,60569,CREDIT_CARD
7480307,2100,2010-01-02,18563,DEBIT_CARD
7480308,23,2010-01-02,14528,DEBIT_CARD
7480309,5932,2010-01-02,34256,DEBIT_CARD
7480311,65,2010-01-02,14528,CREDIT_CARD
7480312,6000,2010-01-02,27092,DEBIT_CARD
7480313,1789,2010-01-02,10054,DEBIT_CARD
7480314,8000,2010-01-02,27092,DEBIT_CARD
7480315,343,2010-01-02,46474,DEBIT_CARD
7480316,4724,2010-01-02,39021,DEBIT_CARD
7480317,3520,2010-01-02,60569,DEBIT_CARD
7480318,1835,2010-01-02,24504,DEBIT_CARD
7480319,488,2010-01-02,50783,CREDIT_CARD
7480320,1452,2010-01-02,59397,DEBIT_CARD
7480321,3879,2010-01-02,63683,CREDIT_CARD
7480322,1745,2010-01-02,83271,DEBIT_CARD
7480323,8822,2010-01-02,80449,CREDIT_CARD
7480324,5001,2010-01-02,27310,DEBIT_CARD
7480326,2843,2010-01-02,39021,DEBIT_CARD
7480327,12000,2010-01-02,27092,CREDIT_CARD
7480328,602,2010-01-02,75781,DEBIT_CARD
7480329,8000,2010-01-02,61195,DEBIT_CARD
7480330,284,2010-01-02,41137,DEBIT_CARD
7480331,161,2010-01-02,2177,DEBIT_CARD
7480332,2804,2010-01-02,18563,DEBIT_CARD
7480333,2792,2010-01-02,24823,DEBIT_CARD
7480334,242,2010-01-02,75781,DEBIT_CARD
7480335,10000,2010-01-02,27092,CREDIT_CARD
7480336,3582,2010-01-02,39021,DEBIT_CARD
7480337,325,2010-01-02,17812,DEBIT_CARD
7480339,3520,2010-01-02,99256,DEBIT_CARD
7480340,238,2010-01-02,14528,DEBIT_CARD
7480342,10000,2010-01-02,27092,DEBIT_CARD
7480343,145,2010-01-02,40278,DEBIT_CARD
7480345,483,2010-01-02,69972,DEBIT_CARD
7480346,4864,2010-01-02,20561,DEBIT_CARD
7480347,896,2010-01-02,14538,CREDIT_CARD
7480350,5452,2010-01-02,81833,DEBIT_CARD
7480351,9600,2010-01-02,43293,CREDIT_CARD
7480352,149,2010-01-02,75559,DEBIT_CARD
7480353,8356,2010-01-02,24977,DEBIT_CARD
7480355,1971,2010-01-02,41122,CREDIT_CARD
7480356,5162,2010-01-02,19496,DEBIT_CARD
7480357,1527,2010-01-02,41122,DEBIT_CARD
7480358,141114,2010-01-02,57386,CREDIT_CARD
7480360,2084,2010-01-02,18563,DEBIT_CARD
7480361,420,2010-01-02,59935,DEBIT_CARD
7480362,604,2010-01-02,20519,DEBIT_CARD
7480363,7600,2010-01-02,43293,DEBIT_CARD
7480364,129,2010-01-02,14528,DEBIT_CARD
7480366,1447,2010-01-02,83480,DEBIT_CARD
7480367,1687,2010-01-02,75781,CREDIT_CARD
7480368,362,2010-01-02,75938,DEBIT_CARD
7480369,1408,2010-01-02,64475,DEBIT_CARD
7480371,47,2010-01-02,50783,DEBIT_CARD
7480372,4952,2010-01-02,43293,DEBIT_CARD
7480373,546,2010-01-02,42043,CREDIT_CARD
7480374,3694,2010-01-02,82019,CREDIT_CARD
7480375,1006,2010-01-02,69972,CREDIT_CARD
7480376,6423,2010-01-02,15143,CREDIT_CARD
7480377,685,2010-01-02,75936,DEBIT_CARD
7480378,10442,2010-01-02,89829,CREDIT_CARD
7480380,3301,2010-01-02,39021,DEBIT_CARD
7480381,97,2010-01-02,86438,DEBIT_CARD
7480386,1237,2010-01-02,60569,DEBIT_CARD
7480387,3428,2010-01-02,86823,DEBIT_CARD
7480388,1399,2010-01-02,97287,DEBIT_CARD
7480389,4314,2010-01-02,18215,CREDIT_CARD
7480390,652,2010-01-02,10173,DEBIT_CARD
7480391,4460,2010-01-02,15143,DEBIT_CARD
7480393,6573,2010-01-02,46474,DEBIT_CARD
7480394,234,2010-01-02,43293,DEBIT_CARD
7480395,3580,2010-01-02,20561,CREDIT_CARD
7480397,1167,2010-01-02,2358,CREDIT_CARD
7480398,2810,2010-01-02,18563,DEBIT_CARD
7480399,7915,2010-01-02,31883,CREDIT_CARD
7480400,6127,2010-01-02,66010,DEBIT_CARD
7480401,1140,2010-01-02,20561,DEBIT_CARD
7480402,3716,2010-01-02,94123,DEBIT_CARD
7480403,9323,2010-01-02,12382,DEBIT_CARD
7480405,14000,2010-01-02,27092,CREDIT_CARD
7480406,410,2010-01-02,68671,DEBIT_CARD
7480407,1435,2010-01-02,39261,DEBIT_CARD
7480408,13833,2010-01-02,26238,CREDIT_CARD
7480409,1383,2010-01-02,24504,DEBIT_CARD
7480410,5857,2010-01-02,61195,DEBIT_CARD
7480411,204,2010-01-02,14528,CREDIT_CARD
7480412,554,2010-01-02,60569,DEBIT_CARD
7480413,13680,2010-01-02,61195,DEBIT_CARD
7480414,2897,2010-01-02,24504,DEBIT_CARD
7480415,7012,2010-01-02,61195,DEBIT_CARD
7480416,1027,2010-01-02,35123,DEBIT_CARD
7480417,10479,2010-01-02,54850,DEBIT_CARD
7480418,15029,2010-01-02,46284,DEBIT_CARD
7480419,12311,2010-01-02,73186,DEBIT_CARD
7480421,936,2010-01-02,29838,DEBIT_CARD
7480424,106,2010-01-02,14528,CREDIT_CARD
7480425,8350,2010-01-02,25805,CREDIT_CARD
7480426,4639,2010-01-02,24823,CREDIT_CARD
7480429,4197,2010-01-02,32514,DEBIT_CARD
7480432,3166,2010-01-02,18563,DEBIT_CARD
7480434,1206,2010-01-02,22204,DEBIT_CARD
7480435,478,2010-01-02,50783,DEBIT_CARD
7480436,397,2010-01-02,75781,CREDIT_CARD
7480437,6435,2010-01-02,40475,DEBIT_CARD
7480438,4186,2010-01-02,43293,CREDIT_CARD
7480440,6000,2010-01-02,27092,CREDIT_CARD
7480441,623,2010-01-02,75936,DEBIT_CARD
7480442,252,2010-01-02,47756,DEBIT_CARD
7480443,6100,2010-01-02,43293,DEBIT_CARD
7480444,284,2010-01-02,25717,DEBIT_CARD
7480447,76,2010-01-02,25887,CREDIT_CARD
7480448,260,2010-01-02,61195,CREDIT_CARD
7480449,9700,2010-01-02,61195,DEBIT_CARD
7480451,2474,2010-01-02,26909,CREDIT_CARD
7480452,5426,2010-01-02,93035,DEBIT_CARD
7480453,3076,2010-01-02,20519,DEBIT_CARD
7480454,1481,2010-01-02,88998,CREDIT_CARD
7480455,6600,2010-01-02,61195,DEBIT_CARD
7480457,2193,2010-01-02,43293,DEBIT_CARD
7480458,393,2010-01-02,75936,DEBIT_CARD
7480459,1876,2010-01-02,20519,DEBIT_CARD
7480461,542,2010-01-02,86718,CREDIT_CARD
7480464,1327,2010-01-02,83229,DEBIT_CARD
7480465,2987,2010-01-02,10054,CREDIT_CARD
7480470,8300,2010-01-02,59935,DEBIT_CARD
7480471,5134,2010-01-02,67858,CREDIT_CARD
7480472,819,2010-01-02,60600,DEBIT_CARD
7480473,5816,2010-01-02,19964,DEBIT_CARD
7480474,4960,2010-01-02,39021,CREDIT_CARD
7480475,9700,2010-01-02,43293,DEBIT_CARD
7480476,1185,2010-01-02,50783,CREDIT_CARD
7480477,2070,2010-01-02,32858,DEBIT_CARD
7480478,5008,2010-01-02,36586,DEBIT_CARD
7480479,9842,2010-01-02,96787,DEBIT_CARD
7480480,12608,2010-01-02,42779,DEBIT_CARD
7480481,925,2010-01-02,48963,DEBIT_CARD
7480482,2373,2010-01-02,56076,CREDIT_CARD
7480483,14642,2010-01-02,20830,CREDIT_CARD
7480484,2308,2010-01-02,11468,CREDIT_CARD
7480487,1183,2010-01-02,86410,DEBIT_CARD
7480488,6386,2010-01-02,53990,DEBIT_CARD
7480489,7971,2010-01-02,59935,CREDIT_CARD
7480491,3423,2010-01-02,71667,CREDIT_CARD
7480492,4070,2010-01-02,20519,DEBIT_CARD
7480495,13688,2010-01-02,60569,CREDIT_CARD
7480496,799,2010-01-02,16798,CREDIT_CARD
7480497,267,2010-01-02,75781,CREDIT_CARD
7480498,22603,2010-01-02,48379,CREDIT_CARD
7480499,2211,2010-01-02,9932,DEBIT_CARD
7480500,1416,2010-01-02,99340,DEBIT_CARD
7480501,10096,2010-01-02,2177,CREDIT_CARD
7480503,2383,2010-01-02,66428,DEBIT_CARD
7480504,804,2010-01-02,30123,DEBIT_CARD
7480506,10000,2010-01-02,50867,DEBIT_CARD
7480508,723,2010-01-02,20519,DEBIT_CARD
7480510,7196,2010-01-02,86410,CREDIT_CARD
7480511,488,2010-01-02,94790,DEBIT_CARD
7480512,194,2010-01-02,43293,DEBIT_CARD
7480514,11151,2010-01-02,60569,DEBIT_CARD
7480515,33,2010-01-02,59935,CREDIT_CARD
7480516,132,2010-01-02,4312,CREDIT_CARD
7480517,3651,2010-01-02,59935,DEBIT_CARD
7480518,102,2010-01-02,88646,DEBIT_CARD
7480519,3484,2010-01-02,10173,DEBIT_CARD
7480523,610,2010-01-02,20519,DEBIT_CARD
7480524,77520,2010-01-02,38489,CREDIT_CARD
7480525,96,2010-01-02,14528,DEBIT_CARD
7480526,941,2010-01-02,43143,DEBIT_CARD
7480528,389,2010-01-02,26810,CREDIT_CARD
7480529,1761,2010-01-02,88998,CREDIT_CARD
7480530,841,2010-01-02,48919,CREDIT_CARD
7480531,2281,2010-01-02,53802,DEBIT_CARD
7480532,2637,2010-01-02,20519,DEBIT_CARD
7480533,868,2010-01-02,65551,DEBIT_CARD
7480534,366,2010-01-02,98374,DEBIT_CARD
7480535,1794,2010-01-02,34818,CREDIT_CARD
7480536,933,2010-01-02,20519,CREDIT_CARD
7480537,1831,2010-01-02,86410,DEBIT_CARD
7480538,2877,2010-01-02,94123,CREDIT_CARD
7480539,1901,2010-01-02,50867,DEBIT_CARD
7480540,232,2010-01-02,75936,CREDIT_CARD
7480543,3739,2010-01-02,50867,DEBIT_CARD
7480544,333,2010-01-02,50783,DEBIT_CARD
7480547,8737,2010-01-02,61803,DEBIT_CARD
7480550,3484,2010-01-02,15143,CREDIT_CARD
7480551,2088,2010-01-02,60569,DEBIT_CARD
7480553,110,2010-01-02,75781,CREDIT_CARD
7480555,629,2010-01-02,98374,DEBIT_CARD
7480558,4135,2010-01-02,88108,CREDIT_CARD
7480559,16131,2010-01-02,37555,DEBIT_CARD
7480560,10000,2010-01-02,27092,DEBIT_CARD
7480561,886,2010-01-02,61195,DEBIT_CARD
7480562,9264,2010-01-02,37865,DEBIT_CARD
7480563,863,2010-01-02,8021,DEBIT_CARD
7480566,5985,2010-01-02,62004,DEBIT_CARD
7480567,9000,2010-01-02,59935,CREDIT_CARD
7480568,1635,2010-01-02,39021,DEBIT_CARD
7480569,6669,2010-01-02,43293,DEBIT_CARD
7480571,14000,2010-01-02,27092,DEBIT_CARD
7480572,5400,2010-01-02,59935,DEBIT_CARD
7480574,3514,2010-01-02,69161,CREDIT_CARD
7480576,3566,2010-01-02,75227,DEBIT_CARD
7480579,1952,2010-01-02,41943,DEBIT_CARD
7480580,757,2010-01-02,39953,DEBIT_CARD
7480581,4637,2010-01-02,97081,CREDIT_CARD
7480582,112,2010-01-02,14528,DEBIT_CARD
7480583,4455,2010-01-02,81833,DEBIT_CARD
7480584,2698,2010-01-02,75496,DEBIT_CARD
7480585,826,2010-01-02,15731,CREDIT_CARD
7480586,2374,2010-01-02,19964,DEBIT_CARD
7480588,1815,2010-01-02,16798,DEBIT_CARD
7480589,9100,2010-01-02,61195,DEBIT_CARD
7480590,3137,2010-01-02,41122,CREDIT_CARD
7480591,2990,2010-01-02,9932,DEBIT_CARD
7480592,11842,2010-01-02,81833,DEBIT_CARD
7480594,1561,2010-01-02,45926,DEBIT_CARD
7480596,971,2010-01-02,61195,DEBIT_CARD
7480597,5142,2010-01-02,13646,CREDIT_CARD
7480600,6205,2010-01-02,32175,CREDIT_CARD
7480603,18772,2010-01-02,81591,CREDIT_CARD
7480604,1980,2010-01-02,61195,DEBIT_CARD
7480607,4233,2010-01-02,58666,DEBIT_CARD
7480609,9200,2010-01-02,26810,CREDIT_CARD
7480611,747,2010-01-02,44919,CREDIT_CARD
7480612,1475,2010-01-02,55049,DEBIT_CARD
7480613,6284,2010-01-02,19964,DEBIT_CARD
7480614,399,2010-01-02,22204,DEBIT_CARD
7480617,7336,2010-01-02,75781,DEBIT_CARD
7480618,10461,2010-01-02,60569,DEBIT_CARD
7480619,10000,2010-01-02,27092,DEBIT_CARD
7480620,10916,2010-01-02,75781,CREDIT_CARD
7480622,7244,2010-01-02,17724,CREDIT_CARD
7480623,5676,2010-01-02,26810,CREDIT_CARD
7480624,1084,2010-01-02,98648,CREDIT_CARD
7480626,509,2010-01-02,61195,DEBIT_CARD
7480627,5051,2010-01-02,39021,CREDIT_CARD
7480629,12182,2010-01-02,73186,CREDIT_CARD
7480630,1110,2010-01-02,50783,DEBIT_CARD
7480632,1772,2010-01-02,75781,DEBIT_CARD
7480634,3227,2010-01-02,16613,DEBIT_CARD
7480635,2591,2010-01-02,78454,DEBIT_CARD
7480636,621,2010-01-02,20561,DEBIT_CARD
7480637,177,2010-01-02,22204,DEBIT_CARD
7480638,13388,2010-01-02,20824,DEBIT_CARD
7480639,8232,2010-01-02,32175,DEBIT_CARD
7480640,3379,2010-01-02,75430,CREDIT_CARD
7480643,12720,2010-01-02,81833,CREDIT_CARD
7480647,254,2010-01-02,39021,CREDIT_CARD
7480650,6256,2010-01-02,60569,DEBIT_CARD
7480651,5594,2010-01-02,34490,CREDIT_CARD
7480653,940,2010-01-02,75781,DEBIT_CARD
7480654,8305,2010-01-02,22204,DEBIT_CARD
7480656,3324,2010-01-02,7479,CREDIT_CARD
7480657,10000,2010-01-02,27092,DEBIT_CARD
7480658,854,2010-01-02,82810,DEBIT_CARD
7480659,1182,2010-01-02,28632,DEBIT_CARD
7480660,756,2010-01-02,87071,DEBIT_CARD
7480661,6256,2010-01-02,32175,DEBIT_CARD
7480663,7198,2010-01-02,53227,DEBIT_CARD
7480665,7558,2010-01-02,99370,CREDIT_CARD
7480666,534,2010-01-02,43889,CREDIT_CARD
7480667,851,2010-01-02,4125,DEBIT_CARD
7480669,45,2010-01-02,14528,DEBIT_CARD
7480670,1194,2010-01-02,13067,DEBIT_CARD
7480671,154,2010-01-02,92290,CREDIT_CARD
7480672,2510,2010-01-02,61195,DEBIT_CARD
7480673,69,2010-01-02,83480,CREDIT_CARD
7480674,2216,2010-01-02,50867,DEBIT_CARD
7480675,4719,2010-01-02,60569,DEBIT_CARD
7480676,3247,2010-01-02,20519,DEBIT_CARD
7480677,17067,2010-01-02,95646,DEBIT_CARD
7480679,977,2010-01-02,2017,DEBIT_CARD
7480680,2024,2010-01-02,81034,DEBIT_CARD
7480681,1128,2010-01-02,50867,DEBIT_CARD
7480682,247,2010-01-02,75781,CREDIT_CARD
7480683,2379,2010-01-02,2703,DEBIT_CARD
7480685,152,2010-01-02,99444,DEBIT_CARD
7480686,1277,2010-01-02,40965,CREDIT_CARD
7480687,6000,2010-01-02,27092,DEBIT_CARD
7480688,5500,2010-01-02,22204,DEBIT_CARD
7480690,5071,2010-01-02,43293,CREDIT_CARD
7480689,5100,2010-01-02,43293,CREDIT_CARD
7480691,2694,2010-01-02,61195,DEBIT_CARD
7480695,2000,2010-01-02,27092,DEBIT_CARD
7480697,8364,2010-01-02,11468,DEBIT_CARD
7480699,20670,2010-01-02,81591,CREDIT_CARD
7480700,8803,2010-01-02,32175,DEBIT_CARD
7480702,4818,2010-01-02,60569,DEBIT_CARD
7480705,9342,2010-01-02,75781,DEBIT_CARD
7480706,1745,2010-01-02,75781,DEBIT_CARD
7480707,182,2010-01-02,20561,DEBIT_CARD
7480708,1955,2010-01-02,16798,CREDIT_CARD
7480709,11886,2010-01-02,54850,CREDIT_CARD
7480710,5460,2010-01-02,26909,CREDIT_CARD
7480711,274,2010-01-02,75936,DEBIT_CARD
7480712,1142,2010-01-02,75781,CREDIT_CARD
7480713,2050,2010-01-02,16798,DEBIT_CARD
7480714,2849,2010-01-02,94123,CREDIT_CARD
7480715,21992,2010-01-02,20561,CREDIT_CARD
7480716,189,2010-01-02,98374,DEBIT_CARD
7480718,146,2010-01-02,14528,CREDIT_CARD
7480719,1864,2010-01-02,18215,DEBIT_CARD
7480720,4590,2010-01-02,75781,DEBIT_CARD
7480721,2254,2010-01-02,60569,DEBIT_CARD
7480726,13170,2010-01-02,81833,DEBIT_CARD
7480728,3013,2010-01-02,78454,DEBIT_CARD
7480730,1568,2010-01-02,2177,CREDIT_CARD
7480731,905,2010-01-02,18563,DEBIT_CARD
7480733,2589,2010-01-02,24823,DEBIT_CARD
7480736,2914,2010-01-02,75237,DEBIT_CARD
7480737,94,2010-01-02,86438,DEBIT_CARD
7480741,3203,2010-01-02,87133,DEBIT_CARD
7480743,567,2010-01-02,45926,DEBIT_CARD
7480744,15070,2010-01-02,61641,DEBIT_CARD
7480745,1426,2010-01-02,3216,DEBIT_CARD
7480746,623,2010-01-02,32175,CREDIT_CARD
7480748,6831,2010-01-02,20561,CREDIT_CARD
7480749,12000,2010-01-02,27092,DEBIT_CARD
7480750,2173,2010-01-02,3847,DEBIT_CARD
7480751,1318,2010-01-02,8192,DEBIT_CARD
7480752,296,2010-01-02,61195,CREDIT_CARD
7480754,2248,2010-01-02,44578,DEBIT_CARD
7480755,30450,2010-01-02,7777,CREDIT_CARD
7480756,949,2010-01-02,10213,DEBIT_CARD
7480758,1004,2010-01-02,77183,DEBIT_CARD
7480759,940,2010-01-02,35451,CREDIT_CARD
7480760,1587,2010-01-02,99397,CREDIT_CARD
7480761,4985,2010-01-02,86616,DEBIT_CARD
7480762,1249,2010-01-02,75781,DEBIT_CARD
7480763,1123,2010-01-02,44578,DEBIT_CARD
7480764,822,2010-01-02,35451,DEBIT_CARD
7480765,10000,2010-01-02,27092,DEBIT_CARD
7480766,103726,2010-01-02,49814,DEBIT_CARD
7480767,3977,2010-01-02,61217,DEBIT_CARD
7480768,113,2010-01-02,1509,DEBIT_CARD
7480770,10616,2010-01-02,81660,DEBIT_CARD
7480771,3636,2010-01-02,6822,CREDIT_CARD
7480772,968,2010-01-02,54752,CREDIT_CARD
7480773,1486,2010-01-02,11468,DEBIT_CARD
7480774,1915,2010-01-02,85247,DEBIT_CARD
7480775,8904,2010-01-02,79927,DEBIT_CARD
7480776,3602,2010-01-02,86410,CREDIT_CARD
7480778,4431,2010-01-02,60569,DEBIT_CARD
7480780,109170,2010-01-02,35503,CREDIT_CARD
7480781,3934,2010-01-02,29974,CREDIT_CARD
7480782,13147,2010-01-02,6165,DEBIT_CARD
7480783,3109,2010-01-02,90505,DEBIT_CARD
7480784,2138,2010-01-02,34702,CREDIT_CARD
7480785,1494,2010-01-02,15715,DEBIT_CARD
7480786,13456,2010-01-02,6134,CREDIT_CARD
7480788,877,2010-01-02,12029,CREDIT_CARD
7480789,10629,2010-01-02,98374,CREDIT_CARD
7480790,1203,2010-01-02,2611,DEBIT_CARD
7480791,778,2010-01-02,45580,DEBIT_CARD
7480792,4534,2010-01-02,95759,DEBIT_CARD
7480793,106,2010-01-02,55416,CREDIT_CARD
7480794,1654,2010-01-02,61195,CREDIT_CARD
7480795,7182,2010-01-02,60569,DEBIT_CARD
7480796,2036,2010-01-02,39261,DEBIT_CARD
7480797,221,2010-01-02,25717,DEBIT_CARD
7480798,10000,2010-01-02,27092,CREDIT_CARD
7480799,2011,2010-01-02,51329,CREDIT_CARD
7480800,1813,2010-01-02,18563,DEBIT_CARD
7480801,2711,2010-01-02,11901,DEBIT_CARD
7480802,3367,2010-01-02,16798,CREDIT_CARD
7480803,732,2010-01-02,92542,DEBIT_CARD
7480804,2592,2010-01-02,42332,CREDIT_CARD
7480806,9407,2010-01-02,48919,DEBIT_CARD
7480808,2140,2010-01-02,22204,DEBIT_CARD
7480809,1419,2010-01-02,61195,DEBIT_CARD
7480810,1620,2010-01-02,88646,CREDIT_CARD
7480811,3191,2010-01-02,87625,DEBIT_CARD
7480812,1269,2010-01-02,42784,DEBIT_CARD
7480813,7850,2010-01-02,68751,DEBIT_CARD
7480814,8861,2010-01-02,86410,CREDIT_CARD
7480816,14941,2010-01-02,37387,DEBIT_CARD
7480817,6828,2010-01-02,75781,CREDIT_CARD
7480818,299,2010-01-02,75781,CREDIT_CARD
7480819,3805,2010-01-02,32901,DEBIT_CARD
7480820,13098,2010-01-02,60569,CREDIT_CARD
7480821,2986,2010-01-02,85988,CREDIT_CARD
7480823,8706,2010-01-02,79050,DEBIT_CARD
7480824,1258,2010-01-02,44796,DEBIT_CARD
7480825,5144,2010-01-02,31022,DEBIT_CARD
7480827,125,2010-01-02,14528,CREDIT_CARD
7480829,597,2010-01-02,88646,CREDIT_CARD
7480831,5300,2010-01-02,26810,DEBIT_CARD
7480834,4578,2010-01-02,59292,DEBIT_CARD
7480835,1351,2010-01-02,75936,DEBIT_CARD
7480836,913,2010-01-02,58989,CREDIT_CARD
7480837,2739,2010-01-02,25887,DEBIT_CARD
7480838,1613,2010-01-02,9932,DEBIT_CARD
7480839,9249,2010-01-02,48919,DEBIT_CARD
7480840,17773,2010-01-02,17976,DEBIT_CARD
7480841,1816,2010-01-02,67950,DEBIT_CARD
7480842,704,2010-01-02,63812,DEBIT_CARD
7480843,5138,2010-01-02,50404,CREDIT_CARD
7480844,1224,2010-01-02,14636,DEBIT_CARD
7480845,3814,2010-01-02,72351,DEBIT_CARD
7480846,3188,2010-01-02,60569,DEBIT_CARD
7480847,6211,2010-01-02,20561,DEBIT_CARD
7480848,542,2010-01-02,32193,DEBIT_CARD
7480849,1440,2010-01-02,21536,CREDIT_CARD
7480851,4415,2010-01-02,67570,DEBIT_CARD
7480853,2742,2010-01-02,59397,CREDIT_CARD
7480854,7860,2010-01-02,18443,DEBIT_CARD
7480855,784,2010-01-02,51961,CREDIT_CARD
7480856,1454,2010-01-02,87937,CREDIT_CARD
7480857,634,2010-01-02,59935,DEBIT_CARD
7480858,1783,2010-01-02,18289,DEBIT_CARD
7480859,3456,2010-01-02,13646,DEBIT_CARD
7480861,31153,2010-01-02,16041,CREDIT_CARD
7480862,5103,2010-01-02,73186,DEBIT_CARD
7480865,1707,2010-01-02,75781,DEBIT_CARD
7480866,4565,2010-01-02,34488,DEBIT_CARD
7480867,5925,2010-01-02,71038,DEBIT_CARD
7480868,5500,2010-01-02,22204,DEBIT_CARD
7480869,8000,2010-01-02,27092,CREDIT_CARD
7480870,2037,2010-01-02,75936,DEBIT_CARD
7480871,4175,2010-01-02,11468,DEBIT_CARD
7480872,402,2010-01-02,46127,DEBIT_CARD
7480873,4841,2010-01-02,41122,DEBIT_CARD
7480875,12000,2010-01-02,27092,CREDIT_CARD
7480876,183,2010-01-02,16798,DEBIT_CARD
7480878,14600,2010-01-02,59148,CREDIT_CARD
7480879,6954,2010-01-02,39021,CREDIT_CARD
7480880,9050,2010-01-02,60569,CREDIT_CARD
7480882,487,2010-01-02,72926,DEBIT_CARD
7480884,996,2010-01-02,26810,DEBIT_CARD
7480885,7811,2010-01-02,30286,DEBIT_CARD
7480886,9500,2010-01-02,68671,CREDIT_CARD
7480887,6806,2010-01-02,61791,DEBIT_CARD
7480888,883,2010-01-02,12829,DEBIT_CARD
7480889,582,2010-01-02,22484,DEBIT_CARD
7480890,541,2010-01-02,22938,DEBIT_CARD
7480891,4665,2010-01-02,11559,DEBIT_CARD
7480892,10826,2010-01-02,51793,CREDIT_CARD
7480893,165,2010-01-02,98345,DEBIT_CARD
7480895,970,2010-01-02,61195,CREDIT_CARD
7480897,159,2010-01-02,50783,DEBIT_CARD
7480898,3296,2010-01-02,20519,DEBIT_CARD
7480899,1952,2010-01-02,35451,DEBIT_CARD
7480900,38,2010-01-02,14528,DEBIT_CARD
7480901,4000,2010-01-02,27092,DEBIT_CARD
7480902,1471,2010-01-02,75781,DEBIT_CARD
7480903,159,2010-01-02,25887,DEBIT_CARD
7480904,1536,2010-01-02,50783,DEBIT_CARD
7480906,10649,2010-01-02,2177,CREDIT_CARD
7480907,14815,2010-01-02,61709,DEBIT_CARD
7480908,1844,2010-01-02,23329,CREDIT_CARD
7480909,4000,2010-01-02,27092,DEBIT_CARD
7480910,91,2010-01-02,43741,CREDIT_CARD
7480911,5522,2010-01-02,79410,CREDIT_CARD
7480912,882,2010-01-02,55060,DEBIT_CARD
7480913,8141,2010-01-02,61806,CREDIT_CARD
7480914,5693,2010-01-02,26810,DEBIT_CARD
7480915,978,2010-01-02,59397,DEBIT_CARD
7480916,14464,2010-01-02,61641,CREDIT_CARD
7480917,867,2010-01-02,55416,DEBIT_CARD
7480918,109,2010-01-02,14528,DEBIT_CARD
7480919,3137,2010-01-02,59397,CREDIT_CARD
7480920,1701,2010-01-02,60569,DEBIT_CARD
7480922,8000,2010-01-02,27092,CREDIT_CARD
7480923,6304,2010-01-02,68671,CREDIT_CARD
7480925,7362,2010-01-02,61195,DEBIT_CARD
7480930,3446,2010-01-02,34490,CREDIT_CARD
7480932,2331,2010-01-02,41983,DEBIT_CARD
7480933,4728,2010-01-02,22204,DEBIT_CARD
7480934,18562,2010-01-02,73186,CREDIT_CARD
7480935,2890,2010-01-02,88852,DEBIT_CARD
7480937,7588,2010-01-02,3822,CREDIT_CARD
7480938,1381,2010-01-02,90222,DEBIT_CARD
7480939,7321,2010-01-02,32175,CREDIT_CARD
7480941,802,2010-01-02,75781,CREDIT_CARD
7480942,5941,2010-01-02,32858,CREDIT_CARD
7480943,8107,2010-01-02,60580,CREDIT_CARD
7480944,10000,2010-01-02,27092,DEBIT_CARD
7480946,2174,2010-01-02,38697,CREDIT_CARD
7480948,9202,2010-01-02,48795,DEBIT_CARD
7480949,3533,2010-01-02,60569,CREDIT_CARD
7480951,1757,2010-01-02,59292,CREDIT_CARD
7480952,8900,2010-01-02,43293,CREDIT_CARD
7480953,8000,2010-01-02,27092,CREDIT_CARD
7480955,9298,2010-01-02,61195,CREDIT_CARD
7480956,10408,2010-01-02,60569,CREDIT_CARD
7480957,1440,2010-01-02,69972,DEBIT_CARD
7480958,20204,2010-01-02,19363,DEBIT_CARD
7480960,10000,2010-01-02,27092,DEBIT_CARD
7480961,1554,2010-01-02,86959,DEBIT_CARD
7480962,16897,2010-01-02,81175,DEBIT_CARD
7480964,1610,2010-01-02,25887,DEBIT_CARD
7480965,4185,2010-01-02,90548,DEBIT_CARD
7480966,6000,2010-01-02,27092,CREDIT_CARD
7480967,10000,2010-01-02,27092,CREDIT_CARD
7480971,3085,2010-01-02,43293,CREDIT_CARD
7480972,5652,2010-01-02,39021,CREDIT_CARD
7480973,663,2010-01-02,8555,CREDIT_CARD
7480976,9170,2010-01-02,17613,DEBIT_CARD
7480977,3305,2010-01-02,98721,CREDIT_CARD
7480979,6455,2010-01-02,13646,DEBIT_CARD
7480980,5800,2010-01-02,59935,CREDIT_CARD
7480981,1332,2010-01-02,59935,DEBIT_CARD
7480982,83,2010-01-02,83271,DEBIT_CARD
7480983,3522,2010-01-02,73186,DEBIT_CARD
7480984,39,2010-01-02,86438,DEBIT_CARD
7480985,7732,2010-01-02,16041,CREDIT_CARD
7480987,1326,2010-01-02,75781,DEBIT_CARD
7480989,1044,2010-01-02,30170,DEBIT_CARD
7480991,43300,2010-01-02,41523,DEBIT_CARD
7480992,546,2010-01-02,60569,DEBIT_CARD
7480993,2393,2010-01-02,41983,DEBIT_CARD
7480995,843,2010-01-02,13097,DEBIT_CARD
7480996,2223,2010-01-02,18563,CREDIT_CARD
7480999,4000,2010-01-02,27092,CREDIT_CARD
7481000,875,2010-01-02,75936,DEBIT_CARD
7481001,5356,2010-01-02,82981,DEBIT_CARD
7481002,1860,2010-01-02,57414,CREDIT_CARD
7481003,4000,2010-01-02,27092,CREDIT_CARD
7481004,164,2010-01-02,46284,DEBIT_CARD
7481005,1286,2010-01-02,83480,DEBIT_CARD
7481006,4758,2010-01-02,10930,DEBIT_CARD
7481007,761,2010-01-02,22204,CREDIT_CARD
7481008,179,2010-01-02,75781,DEBIT_CARD
7481009,2689,2010-01-02,83480,DEBIT_CARD
7481010,38556,2010-01-02,26276,CREDIT_CARD
7481014,4044,2010-01-02,39785,DEBIT_CARD
7481015,2230,2010-01-02,75781,DEBIT_CARD
7481017,522,2010-01-02,59935,DEBIT_CARD
7481018,1155,2010-01-02,87819,CREDIT_CARD
7481020,467,2010-01-02,78052,CREDIT_CARD
7481021,3117,2010-01-02,24823,DEBIT_CARD
7481024,6340,2010-01-02,15338,DEBIT_CARD
7481025,1132,2010-01-02,35451,DEBIT_CARD
7481026,4133,2010-01-02,9044,CREDIT_CARD
7481027,4326,2010-01-02,602,DEBIT_CARD
7481030,1789,2010-01-02,24504,DEBIT_CARD
7481032,2698,2010-01-02,60569,DEBIT_CARD
7481034,1752,2010-01-02,30123,DEBIT_CARD
7481035,9200,2010-01-02,61195,CREDIT_CARD
7481036,1362,2010-01-02,26810,DEBIT_CARD
7481037,2987,2010-01-02,82395,DEBIT_CARD
7481038,4729,2010-01-02,73186,DEBIT_CARD
7481039,18663,2010-01-02,57477,DEBIT_CARD
7481040,2223,2010-01-02,39021,DEBIT_CARD
7481041,8026,2010-01-02,17724,CREDIT_CARD
7481042,6202,2010-01-02,43293,CREDIT_CARD
7481044,3541,2010-01-02,9932,DEBIT_CARD
7481045,16671,2010-01-02,5863,DEBIT_CARD
7481046,3378,2010-01-02,61195,CREDIT_CARD
7481048,3242,2010-01-02,59935,CREDIT_CARD
7481050,4067,2010-01-02,91128,DEBIT_CARD
7481051,716,2010-01-02,61195,DEBIT_CARD
7481052,1144,2010-01-02,23358,DEBIT_CARD
7481054,5493,2010-01-02,9245,CREDIT_CARD
7481056,1375,2010-01-02,75781,CREDIT_CARD
7481058,5886,2010-01-02,34490,DEBIT_CARD
7481059,19960,2010-01-02,73186,DEBIT_CARD
7481061,2597,2010-01-02,61929,CREDIT_CARD
7481062,721,2010-01-02,75936,DEBIT_CARD
7481063,7212,2010-01-02,2177,DEBIT_CARD
7481064,136,2010-01-02,14528,CREDIT_CARD
7481065,1612,2010-01-02,75792,CREDIT_CARD
7481066,3242,2010-01-02,59935,CREDIT_CARD
7481067,1282,2010-01-02,50783,DEBIT_CARD
7481068,7075,2010-01-02,52935,CREDIT_CARD
7481070,6500,2010-01-02,43293,CREDIT_CARD
7481071,9300,2010-01-02,59935,CREDIT_CARD
7481072,1338,2010-01-02,22204,CREDIT_CARD
7481073,816,2010-01-02,20561,DEBIT_CARD
7481074,1198,2010-01-02,45926,DEBIT_CARD
7481076,5710,2010-01-02,60569,DEBIT_CARD
7481077,344,2010-01-02,717,CREDIT_CARD
7481078,195,2010-01-02,61842,DEBIT_CARD
7481080,110,2010-01-02,14528,DEBIT_CARD
7481082,4631,2010-01-02,89069,DEBIT_CARD
7481084,4132,2010-01-02,98705,DEBIT_CARD
7481085,16972,2010-01-02,79927,CREDIT_CARD
7481086,1352,2010-01-02,48919,DEBIT_CARD
7481088,5813,2010-01-02,22204,CREDIT_CARD
7481089,7425,2010-01-02,33781,CREDIT_CARD
7481090,889,2010-01-02,33526,DEBIT_CARD
7481091,1232,2010-01-02,97503,CREDIT_CARD
7481092,10766,2010-01-02,53572,DEBIT_CARD
7481093,790,2010-01-02,52205,DEBIT_CARD
7481094,3521,2010-01-02,49459,DEBIT_CARD
7481095,3239,2010-01-02,39021,CREDIT_CARD
7481096,795,2010-01-02,64306,DEBIT_CARD
7481097,1719,2010-01-02,42245,CREDIT_CARD
7481098,2238,2010-01-02,79463,DEBIT_CARD
7481099,1009,2010-01-02,44578,CREDIT_CARD
7481100,1279,2010-01-02,75936,DEBIT_CARD
7481101,10000,2010-01-02,27092,DEBIT_CARD
7481102,8408,2010-01-02,60569,DEBIT_CARD
7481104,1045,2010-01-02,61195,DEBIT_CARD
7481106,35200,2010-01-02,16790,DEBIT_CARD
7481107,10000,2010-01-02,27092,DEBIT_CARD
7481108,8292,2010-01-02,50234,DEBIT_CARD
7481109,423,2010-01-02,65164,CREDIT_CARD
7481111,1651,2010-01-02,50783,DEBIT_CARD
7481114,5120,2010-01-02,60569,CREDIT_CARD
7481116,48,2010-01-02,86438,DEBIT_CARD
7481117,9911,2010-01-02,50783,CREDIT_CARD
7481118,3066,2010-01-02,84241,CREDIT_CARD
7481119,4132,2010-01-02,75735,DEBIT_CARD
7481120,3919,2010-01-02,62382,CREDIT_CARD
7481122,851,2010-01-02,50783,DEBIT_CARD
7481123,5794,2010-01-02,71211,DEBIT_CARD
7481124,5028,2010-01-02,39021,CREDIT_CARD
7481125,1258,2010-01-02,59397,DEBIT_CARD
7481126,7893,2010-01-02,99370,CREDIT_CARD
7481127,11001,2010-01-02,7710,DEBIT_CARD
7481129,1608,2010-01-02,76930,DEBIT_CARD
7481130,5300,2010-01-02,43293,DEBIT_CARD
7481131,8000,2010-01-02,27092,DEBIT_CARD
7481133,10000,2010-01-02,27092,DEBIT_CARD
7481134,5828,2010-01-02,14538,DEBIT_CARD
7481135,10000,2010-01-02,27092,CREDIT_CARD
7481136,9678,2010-01-02,43293,DEBIT_CARD
7481137,4314,2010-01-02,88459,DEBIT_CARD
7481138,2731,2010-01-02,86410,DEBIT_CARD
7481140,7800,2010-01-02,22204,DEBIT_CARD
7481141,2321,2010-01-02,32858,CREDIT_CARD
7481142,2511,2010-01-02,23481,DEBIT_CARD
7481143,786,2010-01-02,59397,DEBIT_CARD
7481144,5700,2010-01-02,43293,DEBIT_CARD
7481145,4780,2010-01-02,43293,DEBIT_CARD
7481146,17871,2010-01-02,79050,CREDIT_CARD
7481147,1236,2010-01-02,20561,DEBIT_CARD
7481148,1673,2010-01-02,48685,DEBIT_CARD
7481149,583,2010-01-02,39688,DEBIT_CARD
7481150,7749,2010-01-02,86942,CREDIT_CARD
7481151,10018,2010-01-02,75781,DEBIT_CARD
7481152,847,2010-01-02,78680,DEBIT_CARD
7481153,1999,2010-01-02,16798,DEBIT_CARD
7481155,812,2010-01-02,35451,DEBIT_CARD
7481156,13576,2010-01-02,79050,DEBIT_CARD
7481157,11252,2010-01-02,61195,CREDIT_CARD
7481158,5000,2010-01-02,22204,CREDIT_CARD
7481159,8804,2010-01-02,46163,DEBIT_CARD
7481160,13551,2010-01-02,32480,CREDIT_CARD
7481161,5212,2010-01-02,81410,DEBIT_CARD
7481162,2028,2010-01-02,16798,DEBIT_CARD
7481163,3584,2010-01-02,1565,CREDIT_CARD
7481165,3293,2010-01-02,9932,DEBIT_CARD
7481166,7603,2010-01-02,48919,DEBIT_CARD
7481167,7040,2010-01-02,83318,CREDIT_CARD
7481169,1085,2010-01-02,75936,CREDIT_CARD
7481170,861,2010-01-02,94443,DEBIT_CARD
7481171,8026,2010-01-02,11468,CREDIT_CARD
7481172,6613,2010-01-02,22204,DEBIT_CARD
7481173,3853,2010-01-02,88459,DEBIT_CARD
7481174,1106,2010-01-02,51961,CREDIT_CARD
7481175,15973,2010-01-02,65843,CREDIT_CARD
7481176,1768,2010-01-02,20561,DEBIT_CARD
7481177,12039,2010-01-02,60569,DEBIT_CARD
7481178,1001,2010-01-02,50783,DEBIT_CARD
7481180,14792,2010-01-02,20561,DEBIT_CARD
7481181,684,2010-01-02,50783,DEBIT_CARD
7481183,25878,2010-01-02,55555,CREDIT_CARD
7481184,3812,2010-01-02,16798,DEBIT_CARD
7481186,4449,2010-01-02,88238,CREDIT_CARD
7481187,342,2010-01-02,19947,DEBIT_CARD
7481188,1051,2010-01-02,75781,DEBIT_CARD
7481190,799,2010-01-02,2085,DEBIT_CARD
7481192,6494,2010-01-02,48919,CREDIT_CARD
7481194,8597,2010-01-02,59935,DEBIT_CARD
7481195,8819,2010-01-02,60569,DEBIT_CARD
7481196,6455,2010-01-02,18215,CREDIT_CARD
7481198,9570,2010-01-02,73186,DEBIT_CARD
7481199,8708,2010-01-02,60569,CREDIT_CARD
7481200,4000,2010-01-02,27092,CREDIT_CARD
7481201,1349,2010-01-02,61195,DEBIT_CARD
7481202,11781,2010-01-02,569,CREDIT_CARD
7481204,5013,2010-01-02,46965,DEBIT_CARD
7481205,3998,2010-01-02,88459,DEBIT_CARD
7481206,9175,2010-01-02,59935,DEBIT_CARD
7481207,1704,2010-01-02,26603,CREDIT_CARD
7481208,1803,2010-01-02,99323,DEBIT_CARD
7481209,4289,2010-01-02,50783,DEBIT_CARD
7481211,18000,2010-01-02,27092,CREDIT_CARD
7481212,1629,2010-01-02,14614,DEBIT_CARD
7481213,12400,2010-01-02,33752,CREDIT_CARD
7481214,75,2010-01-02,14528,DEBIT_CARD
7481215,6366,2010-01-02,31893,DEBIT_CARD
7481216,21575,2010-01-02,50461,DEBIT_CARD
7481217,11293,2010-01-02,79050,CREDIT_CARD
7481219,12000,2010-01-02,27092,DEBIT_CARD
7481220,4439,2010-01-02,48919,CREDIT_CARD
7481221,2515,2010-01-02,19964,CREDIT_CARD
7481223,840,2010-01-02,62860,DEBIT_CARD
7481225,4589,2010-01-02,20561,DEBIT_CARD
7481226,5585,2010-01-02,26909,CREDIT_CARD
7481227,5100,2010-01-02,22204,DEBIT_CARD
7481228,2919,2010-01-02,42484,DEBIT_CARD
7481230,7145,2010-01-02,530,CREDIT_CARD
7481231,3311,2010-01-02,39021,DEBIT_CARD
7481233,8322,2010-01-02,19964,DEBIT_CARD
7481234,11072,2010-01-02,54850,DEBIT_CARD
7481235,1495,2010-01-02,75013,DEBIT_CARD
7481236,1729,2010-01-02,35451,DEBIT_CARD
7481237,4941,2010-01-02,60569,CREDIT_CARD
7481238,1439,2010-01-02,55222,DEBIT_CARD
7481239,2482,2010-01-02,60569,CREDIT_CARD
7481241,2209,2010-01-02,19821,DEBIT_CARD
7481242,1006,2010-01-02,46284,DEBIT_CARD
7481243,776,2010-01-02,9254,DEBIT_CARD
7481244,1067,2010-01-02,85247,DEBIT_CARD
7481245,2283,2010-01-02,69972,DEBIT_CARD
7481246,2260,2010-01-02,18419,DEBIT_CARD
7481247,93,2010-01-02,17493,DEBIT_CARD
7481248,6064,2010-01-02,31893,DEBIT_CARD
7481250,1223,2010-01-02,46284,DEBIT_CARD
7481251,1413,2010-01-02,60569,CREDIT_CARD
7481253,5367,2010-01-02,46965,CREDIT_CARD
7481258,3368,2010-01-02,2177,CREDIT_CARD
7481261,3709,2010-01-02,48919,CREDIT_CARD
7481262,6000,2010-01-02,27092,CREDIT_CARD
7481263,1928,2010-01-02,50783,DEBIT_CARD
7481264,8000,2010-01-02,27092,DEBIT_CARD
7481265,9258,2010-01-02,14451,DEBIT_CARD
7481266,8402,2010-01-02,39768,DEBIT_CARD
7481267,777,2010-01-02,13149,DEBIT_CARD
7481269,1218,2010-01-02,75936,DEBIT_CARD
7481270,2324,2010-01-02,22204,DEBIT_CARD
7481272,10000,2010-01-02,27092,DEBIT_CARD
7481274,870,2010-01-02,45926,DEBIT_CARD
7481276,1913,2010-01-02,75781,DEBIT_CARD
7481278,917,2010-01-02,26810,CREDIT_CARD
7481279,10893,2010-01-02,18131,DEBIT_CARD
7481280,1464,2010-01-02,59935,DEBIT_CARD
7481281,21609,2010-01-02,76210,CREDIT_CARD
7481284,7145,2010-01-02,20561,DEBIT_CARD
7481285,169,2010-01-02,62001,DEBIT_CARD
7481286,1278,2010-01-02,47222,CREDIT_CARD
7481287,6000,2010-01-02,27092,DEBIT_CARD
7481288,9900,2010-01-02,59935,DEBIT_CARD
7481289,6480,2010-01-02,20561,DEBIT_CARD
7481290,2258,2010-01-02,16798,DEBIT_CARD
7481291,1838,2010-01-02,26909,DEBIT_CARD
7481292,916,2010-01-02,83480,DEBIT_CARD
7481293,1265,2010-01-02,43606,DEBIT_CARD
7481294,6603,2010-01-02,46284,DEBIT_CARD
7481295,6180,2010-01-02,70129,DEBIT_CARD
7481297,8800,2010-01-02,59935,DEBIT_CARD
7481299,4822,2010-01-02,65112,DEBIT_CARD
7481300,285,2010-01-02,75936,DEBIT_CARD
7481301,1349,2010-01-02,75936,CREDIT_CARD
7481302,1074,2010-01-02,61195,DEBIT_CARD
7481304,1589,2010-01-02,36170,DEBIT_CARD
7481306,4888,2010-01-02,36934,DEBIT_CARD
7481307,1227,2010-01-02,22204,CREDIT_CARD
7481308,8802,2010-01-02,19964,CREDIT_CARD
7481309,1310,2010-01-02,49789,CREDIT_CARD
7481310,2634,2010-01-02,39021,DEBIT_CARD
7481311,11357,2010-01-02,60569,DEBIT_CARD
7481312,6000,2010-01-02,27092,DEBIT_CARD
7481313,2016,2010-01-02,88852,DEBIT_CARD
7481314,5526,2010-01-02,31893,DEBIT_CARD
7481315,9700,2010-01-02,59935,DEBIT_CARD
7481317,449,2010-01-02,53894,CREDIT_CARD
7481318,438,2010-01-02,65164,CREDIT_CARD
7481319,9982,2010-01-02,22204,DEBIT_CARD
7481321,3054,2010-01-02,61078,DEBIT_CARD
7481322,419,2010-01-02,20134,CREDIT_CARD
7481323,1355,2010-01-02,2085,DEBIT_CARD
7481325,963,2010-01-02,87531,DEBIT_CARD
7481326,7174,2010-01-02,60569,CREDIT_CARD
7481329,1338,2010-01-02,75936,DEBIT_CARD
7481330,4190,2010-01-02,26943,CREDIT_CARD
7481331,6994,2010-01-02,32175,DEBIT_CARD
7481332,6726,2010-01-02,4439,CREDIT_CARD
7481335,637,2010-01-02,26262,DEBIT_CARD
7481336,12543,2010-01-02,15167,CREDIT_CARD
7481337,189,2010-01-02,59935,CREDIT_CARD
7481339,810,2010-01-02,68671,DEBIT_CARD
7481340,627,2010-01-02,69956,DEBIT_CARD
7481341,13330,2010-01-02,55528,CREDIT_CARD
7481342,9253,2010-01-02,17976,DEBIT_CARD
7481343,15827,2010-01-02,7146,DEBIT_CARD
7481345,3502,2010-01-02,60569,DEBIT_CARD
7481346,4811,2010-01-02,43293,DEBIT_CARD
7481347,4477,2010-01-02,26909,DEBIT_CARD
7481348,1046,2010-01-02,47278,DEBIT_CARD
7481349,5492,2010-01-02,33668,DEBIT_CARD
7481351,2971,2010-01-02,61195,CREDIT_CARD
7481352,5061,2010-01-02,93159,CREDIT_CARD
7481353,156,2010-01-02,14528,DEBIT_CARD
7481354,642,2010-01-02,24504,DEBIT_CARD
7481355,9345,2010-01-02,75781,DEBIT_CARD
7481356,5155,2010-01-02,71904,DEBIT_CARD
7481357,2613,2010-01-02,39021,DEBIT_CARD
7481358,1177,2010-01-02,58526,DEBIT_CARD
7481361,10859,2010-01-02,46284,CREDIT_CARD
7481362,8400,2010-01-02,22204,DEBIT_CARD
7481368,7800,2010-01-02,59935,DEBIT_CARD
7481370,6454,2010-01-02,13646,CREDIT_CARD
7481372,4004,2010-01-02,41122,CREDIT_CARD
7481375,827,2010-01-02,50867,DEBIT_CARD
7481376,5063,2010-01-02,60569,DEBIT_CARD
7481380,4532,2010-01-02,63740,DEBIT_CARD
7481383,23692,2010-01-02,48618,CREDIT_CARD
7481386,6000,2010-01-02,27092,DEBIT_CARD
7481387,13880,2010-01-02,85811,DEBIT_CARD
7481389,3607,2010-01-02,39021,DEBIT_CARD
7481391,1770,2010-01-02,86718,CREDIT_CARD
7481392,1288,2010-01-02,91325,CREDIT_CARD
7481393,207,2010-01-02,3985,DEBIT_CARD
7481394,1238,2010-01-02,43606,DEBIT_CARD
7481395,2288,2010-01-02,91453,DEBIT_CARD
7481397,7300,2010-01-02,59935,CREDIT_CARD
7481398,2037,2010-01-02,7280,DEBIT_CARD
7481399,1338,2010-01-02,83480,DEBIT_CARD
7481400,3646,2010-01-02,39021,DEBIT_CARD
7481401,5323,2010-01-02,13646,CREDIT_CARD
7481402,2896,2010-01-02,78282,DEBIT_CARD
7481403,6000,2010-01-02,27092,CREDIT_CARD
7481404,5860,2010-01-02,61195,CREDIT_CARD
7481405,15149,2010-01-02,59935,DEBIT_CARD
7481406,1785,2010-01-02,57874,DEBIT_CARD
7481409,3673,2010-01-02,52884,DEBIT_CARD
7481410,7600,2010-01-02,43293,DEBIT_CARD
7481411,6700,2010-01-02,22204,DEBIT_CARD
7481414,2523,2010-01-02,88922,DEBIT_CARD
7481415,16994,2010-01-02,96529,DEBIT_CARD
7481417,12000,2010-01-02,27092,DEBIT_CARD
7481419,2253,2010-01-02,39021,DEBIT_CARD
7481420,122,2010-01-02,86438,DEBIT_CARD
7481421,2658,2010-01-02,31741,DEBIT_CARD
7481422,1756,2010-01-02,77668,DEBIT_CARD
7481423,11239,2010-01-02,60636,DEBIT_CARD
7481424,14145,2010-01-02,48919,DEBIT_CARD
7481425,7471,2010-01-02,22204,DEBIT_CARD
7481426,10000,2010-01-02,27092,DEBIT_CARD
7481428,15585,2010-01-02,60569,CREDIT_CARD
7481429,1517,2010-01-02,83271,CREDIT_CARD
7481430,6673,2010-01-02,40404,DEBIT_CARD
7481431,4996,2010-01-02,18563,DEBIT_CARD
7481432,5437,2010-01-02,86439,CREDIT_CARD
7481433,4189,2010-01-02,39021,DEBIT_CARD
7481434,1781,2010-01-02,12614,DEBIT_CARD
7481435,334,2010-01-02,20561,DEBIT_CARD
7481436,154,2010-01-02,75936,CREDIT_CARD
7481437,810,2010-01-02,51486,DEBIT_CARD
7481438,1070,2010-01-02,1710,DEBIT_CARD
7481439,3638,2010-01-02,39021,CREDIT_CARD
7481440,1171,2010-01-02,98374,CREDIT_CARD
7481441,2070,2010-01-02,43293,DEBIT_CARD
7481442,1962,2010-01-02,7933,DEBIT_CARD
7481444,2069,2010-01-02,83271,CREDIT_CARD
7481445,1780,2010-01-02,83480,DEBIT_CARD
7481448,2521,2010-01-02,60569,CREDIT_CARD
7481450,9400,2010-01-02,43293,DEBIT_CARD
7481451,5337,2010-01-02,60569,DEBIT_CARD
7481452,4641,2010-01-02,2414,DEBIT_CARD
7481454,16155,2010-01-02,61641,DEBIT_CARD
7481457,4810,2010-01-02,19756,DEBIT_CARD
7481459,8246,2010-01-02,81833,DEBIT_CARD
7481461,7620,2010-01-02,32175,DEBIT_CARD
7481462,2837,2010-01-02,48919,CREDIT_CARD
7481464,10000,2010-01-02,43293,DEBIT_CARD
7481465,967,2010-01-02,75781,DEBIT_CARD
7481466,30729,2010-01-02,73186,CREDIT_CARD
7481467,4979,2010-01-02,16798,DEBIT_CARD
7481468,111,2010-01-02,14528,CREDIT_CARD
7481469,8000,2010-01-02,27092,DEBIT_CARD
7481470,2813,2010-01-02,99370,CREDIT_CARD
7481471,3163,2010-01-02,73186,CREDIT_CARD
7481473,5000,2010-01-02,22204,DEBIT_CARD
7481474,4770,2010-01-02,36934,DEBIT_CARD
7481480,1518,2010-01-02,24504,DEBIT_CARD
7481483,8000,2010-01-02,27092,DEBIT_CARD
7481484,4386,2010-01-02,23202,DEBIT_CARD
7481486,17384,2010-01-02,20561,CREDIT_CARD
7481487,500,2010-01-02,56041,DEBIT_CARD
7481488,4129,2010-01-02,11468,DEBIT_CARD
7481489,14000,2010-01-02,27092,DEBIT_CARD
7481490,2643,2010-01-02,39021,DEBIT_CARD
7481491,1863,2010-01-02,24823,CREDIT_CARD
7481492,4000,2010-01-02,27092,CREDIT_CARD
7481494,3212,2010-01-02,15143,DEBIT_CARD
7481495,3397,2010-01-02,81436,DEBIT_CARD
7481496,2060,2010-01-02,82981,DEBIT_CARD
7481497,6300,2010-01-02,22204,DEBIT_CARD
7481498,1948,2010-01-02,18014,CREDIT_CARD
7481499,12782,2010-01-02,50783,DEBIT_CARD
7481500,12335,2010-01-02,73186,DEBIT_CARD
7481502,6860,2010-01-02,20561,DEBIT_CARD
7481503,4429,2010-01-02,46474,CREDIT_CARD
7481504,1429,2010-01-02,36392,CREDIT_CARD
7481505,6000,2010-01-02,27092,DEBIT_CARD
7481507,1856,2010-01-02,50783,DEBIT_CARD
7481508,15030,2010-01-02,22204,DEBIT_CARD
7481510,131,2010-01-02,86438,DEBIT_CARD
7481509,8031,2010-01-02,45122,DEBIT_CARD
7481511,1863,2010-01-02,83271,DEBIT_CARD
7481512,2742,2010-01-02,83480,DEBIT_CARD
7481513,1334,2010-01-02,22465,CREDIT_CARD
7481514,2850,2010-01-02,59148,CREDIT_CARD
7481515,794,2010-01-02,44234,DEBIT_CARD
7481516,20878,2010-01-02,31893,CREDIT_CARD
7481518,4747,2010-01-02,50371,DEBIT_CARD
7481519,2116,2010-01-02,68436,DEBIT_CARD
7481520,8200,2010-01-02,26810,CREDIT_CARD
7481521,12011,2010-01-02,88374,DEBIT_CARD
7481522,781,2010-01-02,20561,CREDIT_CARD
7481523,1294,2010-01-02,39261,DEBIT_CARD
7481524,5599,2010-01-02,46965,DEBIT_CARD
7481525,7590,2010-01-02,22204,DEBIT_CARD
7481527,6000,2010-01-02,27092,DEBIT_CARD
7481528,73,2010-01-02,14528,DEBIT_CARD
7481529,1445,2010-01-02,83480,DEBIT_CARD
7481531,3445,2010-01-02,78860,CREDIT_CARD
7481532,3520,2010-01-02,34490,CREDIT_CARD
7481534,5400,2010-01-02,59935,DEBIT_CARD
7481535,12530,2010-01-02,6755,DEBIT_CARD
7481536,1471,2010-01-02,83480,DEBIT_CARD
7481538,1450,2010-01-02,6478,CREDIT_CARD
7481539,3700,2010-01-02,16798,DEBIT_CARD
7481540,464,2010-01-02,39261,CREDIT_CARD
7481541,3144,2010-01-02,15143,DEBIT_CARD
7481542,1124,2010-01-02,3170,DEBIT_CARD
7481543,868,2010-01-02,83480,CREDIT_CARD
7481544,15998,2010-01-02,78644,CREDIT_CARD
7481546,405,2010-01-02,88459,CREDIT_CARD
7481548,10000,2010-01-02,27092,CREDIT_CARD
7481549,12248,2010-01-02,18131,DEBIT_CARD
7481550,2523,2010-01-02,98214,CREDIT_CARD
7481551,4591,2010-01-02,43293,DEBIT_CARD
7481554,159,2010-01-02,14528,DEBIT_CARD
7481555,1295,2010-01-02,50783,DEBIT_CARD
7481556,14914,2010-01-02,15167,DEBIT_CARD
7481557,10000,2010-01-02,27092,CREDIT_CARD
7481558,4868,2010-01-02,25641,DEBIT_CARD
7481559,1399,2010-01-02,83271,DEBIT_CARD
7481560,6647,2010-01-02,72841,DEBIT_CARD
7481561,12000,2010-01-02,27092,CREDIT_CARD
7481562,3484,2010-01-02,27601,DEBIT_CARD
7481563,6256,2010-01-02,61195,CREDIT_CARD
7481565,1933,2010-01-02,15143,CREDIT_CARD
7481566,10300,2010-01-02,22204,DEBIT_CARD
7481567,2803,2010-01-02,92657,CREDIT_CARD
7481568,10000,2010-01-02,27092,DEBIT_CARD
7481569,388,2010-01-02,88059,DEBIT_CARD
7481571,7800,2010-01-02,59935,DEBIT_CARD
7481572,3359,2010-01-02,32858,CREDIT_CARD
7481573,9295,2010-01-02,75781,CREDIT_CARD
7481574,4215,2010-01-02,89069,DEBIT_CARD
7481575,5053,2010-01-02,2703,DEBIT_CARD
7481576,263,2010-01-02,2638,DEBIT_CARD
7481577,5003,2010-01-02,80816,CREDIT_CARD
7481578,12707,2010-01-02,73025,DEBIT_CARD
7481580,5211,2010-01-02,59935,DEBIT_CARD
7481581,3814,2010-01-02,59935,DEBIT_CARD
7481582,1242,2010-01-02,83480,DEBIT_CARD
7481583,5241,2010-01-02,41044,CREDIT_CARD
7481585,2490,2010-01-02,92014,DEBIT_CARD
7481587,7241,2010-01-02,32175,DEBIT_CARD
7481590,3858,2010-01-02,20561,DEBIT_CARD
7481591,3736,2010-01-02,11468,DEBIT_CARD
7481592,3658,2010-01-02,60569,DEBIT_CARD
7481593,16000,2010-01-02,27092,CREDIT_CARD
7481595,770,2010-01-02,92165,DEBIT_CARD
7481596,10953,2010-01-02,17976,CREDIT_CARD
7481598,4561,2010-01-02,81833,DEBIT_CARD
7481599,4735,2010-01-02,15143,DEBIT_CARD
7481600,611,2010-01-02,14532,CREDIT_CARD
7481601,5201,2010-01-02,43251,DEBIT_CARD
7481602,1042,2010-01-02,39261,CREDIT_CARD
7481604,5439,2010-01-02,24823,DEBIT_CARD
7481605,5293,2010-01-02,73186,DEBIT_CARD
7481606,5813,2010-01-02,84195,DEBIT_CARD
7481608,4420,2010-01-02,41122,CREDIT_CARD
7481609,4562,2010-01-02,86410,DEBIT_CARD
7481610,12571,2010-01-02,18215,DEBIT_CARD
7481611,7107,2010-01-02,67570,DEBIT_CARD
7481613,5913,2010-01-02,54850,CREDIT_CARD
7481615,2503,2010-01-02,22204,DEBIT_CARD
7481617,104,2010-01-02,14528,CREDIT_CARD
7481618,1523,2010-01-02,762,DEBIT_CARD
7481619,5042,2010-01-02,39021,CREDIT_CARD
7481621,2550,2010-01-02,9932,DEBIT_CARD
7481623,2759,2010-01-02,89069,CREDIT_CARD
7481628,1165,2010-01-02,24504,DEBIT_CARD
7481629,5264,2010-01-02,85519,DEBIT_CARD
7481630,3823,2010-01-02,1967,DEBIT_CARD
7481631,3165,2010-01-02,68177,DEBIT_CARD
7481632,4373,2010-01-02,11468,DEBIT_CARD
7481633,14560,2010-01-02,2177,CREDIT_CARD
7481634,4308,2010-01-02,34256,DEBIT_CARD
7481635,2349,2010-01-02,26810,DEBIT_CARD
7481638,1060,2010-01-02,46284,DEBIT_CARD
7481640,830,2010-01-02,20561,DEBIT_CARD
7481641,8004,2010-01-02,27583,CREDIT_CARD
7481642,2681,2010-01-02,91194,DEBIT_CARD
7481644,1368,2010-01-02,83271,CREDIT_CARD
7481645,12343,2010-01-02,27583,DEBIT_CARD
7481646,3221,2010-01-02,39021,DEBIT_CARD
7481647,618,2010-01-02,69216,DEBIT_CARD
7481648,141,2010-01-02,86438,DEBIT_CARD
7481649,10165,2010-01-02,8253,CREDIT_CARD
7481650,987,2010-01-02,83271,CREDIT_CARD
7481651,12380,2010-01-02,24891,CREDIT_CARD
7481652,12000,2010-01-02,27092,DEBIT_CARD
7481653,3738,2010-01-02,20519,DEBIT_CARD
7481654,14000,2010-01-02,27092,DEBIT_CARD
7481655,1538,2010-01-02,88998,DEBIT_CARD
7481656,2376,2010-01-02,39021,CREDIT_CARD
7481657,2820,2010-01-02,15143,DEBIT_CARD
7481658,9537,2010-01-02,49789,DEBIT_CARD
7481659,3158,2010-01-02,7129,DEBIT_CARD
7481660,1699,2010-01-02,24504,CREDIT_CARD
7481662,642,2010-01-02,20561,DEBIT_CARD
7481663,4453,2010-01-02,60569,DEBIT_CARD
7481665,5969,2010-01-02,60569,DEBIT_CARD
7481666,995,2010-01-02,23974,DEBIT_CARD
7481667,761,2010-01-02,22938,CREDIT_CARD
7481668,6900,2010-01-02,61195,DEBIT_CARD
7481669,1383,2010-01-02,83480,CREDIT_CARD
7481670,2969,2010-01-02,32858,DEBIT_CARD
7481671,1094,2010-01-02,46878,DEBIT_CARD
7481673,2138,2010-01-02,82981,DEBIT_CARD
7481674,1678,2010-01-02,43293,CREDIT_CARD
7481675,783,2010-01-02,14045,DEBIT_CARD
7481676,106,2010-01-02,14528,CREDIT_CARD
7481677,5500,2010-01-02,43293,CREDIT_CARD
7481678,5871,2010-01-02,86410,DEBIT_CARD
7481680,8681,2010-01-02,85537,DEBIT_CARD
7481681,10592,2010-01-02,34872,CREDIT_CARD
7481682,8079,2010-01-02,86410,DEBIT_CARD
7481683,241,2010-01-02,61195,DEBIT_CARD
7481686,24962,2010-01-02,83391,CREDIT_CARD
7481687,10000,2010-01-02,27092,DEBIT_CARD
7481688,2542,2010-01-02,18563,CREDIT_CARD
7481690,6527,2010-01-02,48919,DEBIT_CARD
7481694,121,2010-01-02,75781,DEBIT_CARD
7481695,9800,2010-01-02,22204,DEBIT_CARD
7481696,5085,2010-01-02,39021,DEBIT_CARD
7481697,5834,2010-01-02,75357,DEBIT_CARD
7481698,5255,2010-01-02,85315,DEBIT_CARD
7481699,23410,2010-01-02,86959,DEBIT_CARD
7481700,3076,2010-01-02,5518,CREDIT_CARD
7481701,4499,2010-01-02,39021,DEBIT_CARD
7481702,3849,2010-01-02,61195,DEBIT_CARD
7481703,6000,2010-01-02,27092,DEBIT_CARD
7481704,10000,2010-01-02,27092,DEBIT_CARD
7481705,2074,2010-01-02,70927,CREDIT_CARD
7481706,8000,2010-01-02,43293,CREDIT_CARD
7481708,4171,2010-01-02,18183,CREDIT_CARD
7481709,5178,2010-01-02,24823,DEBIT_CARD
7481710,10074,2010-01-02,39021,CREDIT_CARD
7481711,293,2010-01-02,19964,DEBIT_CARD
7481713,1410,2010-01-02,74146,DEBIT_CARD
7481714,1538,2010-01-02,39261,DEBIT_CARD
7481715,549,2010-01-02,50783,CREDIT_CARD
7481716,1587,2010-01-02,83480,DEBIT_CARD
7481717,11785,2010-01-02,56276,DEBIT_CARD
7481718,7800,2010-01-02,59935,DEBIT_CARD
7481719,1532,2010-01-02,15143,DEBIT_CARD
7481720,10526,2010-01-02,54850,DEBIT_CARD
7481722,900,2010-01-02,99370,CREDIT_CARD
7481723,8394,2010-01-02,52100,DEBIT_CARD
7481724,18000,2010-01-02,27092,CREDIT_CARD
7481725,2863,2010-01-02,46417,CREDIT_CARD
7481727,2860,2010-01-02,39021,CREDIT_CARD
7481730,8048,2010-01-02,59935,DEBIT_CARD
7481731,11929,2010-01-02,33820,CREDIT_CARD
7481733,4119,2010-01-02,22204,DEBIT_CARD
7481735,9241,2010-01-02,48919,DEBIT_CARD
7481736,1760,2010-01-02,24504,DEBIT_CARD
7481737,2862,2010-01-02,67570,DEBIT_CARD
7481738,2749,2010-01-02,63683,DEBIT_CARD
7481739,10664,2010-01-02,75781,CREDIT_CARD
7481740,1389,2010-01-02,48919,CREDIT_CARD
7481741,1593,2010-01-02,83480,DEBIT_CARD
7481742,5167,2010-01-02,41122,DEBIT_CARD
7481743,6000,2010-01-02,27092,DEBIT_CARD
7481744,12,2010-01-02,14528,DEBIT_CARD
7481745,2839,2010-01-02,38602,DEBIT_CARD
7481746,850,2010-01-02,61520,DEBIT_CARD
7481747,17700,2010-01-02,74934,DEBIT_CARD
7481749,863,2010-01-02,61195,DEBIT_CARD
7481753,3384,2010-01-02,20519,DEBIT_CARD
7481754,6714,2010-01-02,60569,DEBIT_CARD
7481755,1428,2010-01-02,45832,DEBIT_CARD
7481757,2411,2010-01-02,18563,CREDIT_CARD
7481758,1850,2010-01-02,22204,CREDIT_CARD
7481759,1356,2010-01-02,75781,CREDIT_CARD
7481760,3014,2010-01-02,1967,DEBIT_CARD
7481762,2069,2010-01-02,75781,DEBIT_CARD
7481763,13322,2010-01-02,59474,DEBIT_CARD
7481764,1437,2010-01-02,83480,DEBIT_CARD
7481765,7307,2010-01-02,79439,DEBIT_CARD
7481767,8534,2010-01-02,9744,DEBIT_CARD
7481768,1777,2010-01-02,98455,DEBIT_CARD
7481769,3891,2010-01-02,66886,DEBIT_CARD
7481770,13183,2010-01-02,37972,DEBIT_CARD
7481771,4448,2010-01-02,94223,DEBIT_CARD
7481772,1916,2010-01-02,96795,DEBIT_CARD
7481774,771,2010-01-02,69956,CREDIT_CARD
7481775,6157,2010-01-02,20561,DEBIT_CARD
7481776,545,2010-01-02,20561,DEBIT_CARD
7481777,10632,2010-01-02,9056,DEBIT_CARD
7481778,12109,2010-01-02,54850,DEBIT_CARD
7481779,2012,2010-01-02,83480,CREDIT_CARD
7481781,6000,2010-01-02,27092,CREDIT_CARD
7481782,3197,2010-01-02,66428,DEBIT_CARD
7481783,7841,2010-01-02,89949,DEBIT_CARD
7481785,4864,2010-01-02,20519,DEBIT_CARD
7481790,3070,2010-01-02,32858,DEBIT_CARD
7481791,8739,2010-01-02,9932,DEBIT_CARD
7481792,98,2010-01-02,14528,CREDIT_CARD
7481793,2820,2010-01-02,89069,DEBIT_CARD
7481796,227,2010-01-02,50783,DEBIT_CARD
7481797,2018,2010-01-02,60569,CREDIT_CARD
7481799,8000,2010-01-02,27092,DEBIT_CARD
7481800,12869,2010-01-02,55521,DEBIT_CARD
7481802,3343,2010-01-02,11468,DEBIT_CARD
7481803,2214,2010-01-02,83480,DEBIT_CARD
7481805,26509,2010-01-02,32858,DEBIT_CARD
7481808,24397,2010-01-02,73186,DEBIT_CARD
7481809,11931,2010-01-02,37681,DEBIT_CARD
7481810,4325,2010-01-02,9932,DEBIT_CARD
7481811,3008,2010-01-02,1631,DEBIT_CARD
7481812,4744,2010-01-02,34490,CREDIT_CARD
7481814,8863,2010-01-02,75781,DEBIT_CARD
7481816,1249,2010-01-02,60569,DEBIT_CARD
7481817,7910,2010-01-02,26810,DEBIT_CARD
7481819,2325,2010-01-02,81833,CREDIT_CARD
7481820,1057,2010-01-02,44917,DEBIT_CARD
7481821,4451,2010-01-02,89069,CREDIT_CARD
7481822,4033,2010-01-02,32858,DEBIT_CARD
7481823,9167,2010-01-02,20561,DEBIT_CARD
7481824,4072,2010-01-02,32675,DEBIT_CARD
7481825,858,2010-01-02,64619,DEBIT_CARD
7481826,4937,2010-01-02,52100,CREDIT_CARD
7481827,7200,2010-01-02,61195,CREDIT_CARD
7481828,1049,2010-01-02,48919,CREDIT_CARD
7481829,637,2010-01-02,22204,DEBIT_CARD
7481830,2173,2010-01-02,26810,DEBIT_CARD
7481831,15186,2010-01-02,33311,CREDIT_CARD
7481832,8000,2010-01-02,59935,DEBIT_CARD
7481834,5114,2010-01-02,19964,DEBIT_CARD
7481836,2585,2010-01-02,20540,DEBIT_CARD
7481837,92,2010-01-02,86438,CREDIT_CARD
7481839,4464,2010-01-02,61195,CREDIT_CARD
7481840,2465,2010-01-02,24504,DEBIT_CARD
7481841,205,2010-01-02,77483,DEBIT_CARD
7481842,5253,2010-01-02,39021,DEBIT_CARD
7481846,211,2010-01-02,18563,DEBIT_CARD
7481848,2284,2010-01-02,16798,DEBIT_CARD
7481849,534,2010-01-02,4596,CREDIT_CARD
7481850,8600,2010-01-02,61195,CREDIT_CARD
7481851,4953,2010-01-02,61195,CREDIT_CARD
7481852,4471,2010-01-02,34488,DEBIT_CARD
7481853,3396,2010-01-02,39021,DEBIT_CARD
7481854,21382,2010-01-02,54850,CREDIT_CARD
7481855,1233,2010-01-02,44578,DEBIT_CARD
7481857,205,2010-01-02,75781,DEBIT_CARD
7481859,4934,2010-01-02,59586,DEBIT_CARD
7481860,6434,2010-01-02,86410,DEBIT_CARD
7481861,3154,2010-01-02,24437,DEBIT_CARD
7481862,4814,2010-01-02,59935,DEBIT_CARD
7481863,2731,2010-01-02,39021,DEBIT_CARD
7481864,5135,2010-01-02,86410,DEBIT_CARD
7481865,3904,2010-01-02,54197,DEBIT_CARD
7481866,129,2010-01-02,20561,CREDIT_CARD
7481867,5533,2010-01-02,42298,CREDIT_CARD
7481868,3419,2010-01-02,76850,DEBIT_CARD
7481869,2322,2010-01-02,39021,DEBIT_CARD
7481871,2834,2010-01-02,26909,DEBIT_CARD
7481873,197,2010-01-02,15762,CREDIT_CARD
7481875,277,2010-01-02,50783,CREDIT_CARD
7481877,3236,2010-01-02,9919,DEBIT_CARD
7481878,746,2010-01-02,15143,DEBIT_CARD
7481880,2369,2010-01-02,60569,DEBIT_CARD
7481881,3599,2010-01-02,41184,DEBIT_CARD
7481882,4008,2010-01-02,12197,CREDIT_CARD
7481883,11584,2010-01-02,61195,CREDIT_CARD
7481885,8883,2010-01-02,73342,DEBIT_CARD
7481887,6867,2010-01-02,31893,DEBIT_CARD
7481888,1131,2010-01-02,17493,DEBIT_CARD
7481889,905,2010-01-02,22204,DEBIT_CARD
7481890,17375,2010-01-02,10388,CREDIT_CARD
7481891,17877,2010-01-02,42051,DEBIT_CARD
7481892,3721,2010-01-02,37420,DEBIT_CARD
7481893,117,2010-01-02,60569,DEBIT_CARD
7481894,5384,2010-01-02,50783,DEBIT_CARD
7481896,1626,2010-01-02,86410,DEBIT_CARD
7481899,8170,2010-01-02,19964,DEBIT_CARD
7481900,4827,2010-01-02,93583,CREDIT_CARD
7481902,6035,2010-01-02,20561,DEBIT_CARD
7481903,10000,2010-01-02,27092,CREDIT_CARD
7481905,2308,2010-01-02,92741,DEBIT_CARD
7481906,5861,2010-01-02,26810,DEBIT_CARD
7481907,4196,2010-01-02,32858,CREDIT_CARD
7481908,2342,2010-01-02,95169,DEBIT_CARD
7481911,2968,2010-01-02,61195,DEBIT_CARD
7481912,6061,2010-01-02,86616,DEBIT_CARD
7481913,2396,2010-01-02,16798,CREDIT_CARD
7481914,12481,2010-01-02,63494,CREDIT_CARD
7481915,14044,2010-01-02,9296,DEBIT_CARD
7481916,27700,2010-01-02,41523,DEBIT_CARD
7481917,1214,2010-01-02,75781,CREDIT_CARD
7481918,4000,2010-01-02,27092,CREDIT_CARD
7481919,1345,2010-01-02,26810,DEBIT_CARD
7481920,4910,2010-01-02,4213,CREDIT_CARD
7481921,4034,2010-01-02,89069,DEBIT_CARD
7481922,15715,2010-01-02,86959,DEBIT_CARD
7481925,4371,2010-01-02,49789,CREDIT_CARD
7481926,2893,2010-01-02,60569,DEBIT_CARD
7481927,6000,2010-01-02,27092,DEBIT_CARD
7481928,9585,2010-01-02,11468,DEBIT_CARD
7481929,2746,2010-01-02,45928,DEBIT_CARD
7481932,885,2010-01-02,100021,CREDIT_CARD
7481933,3920,2010-01-02,20561,DEBIT_CARD
7481934,66,2010-01-02,14528,DEBIT_CARD
7481935,7400,2010-01-02,22204,DEBIT_CARD
7481936,4520,2010-01-02,45989,DEBIT_CARD
7481937,4437,2010-01-02,85251,DEBIT_CARD
7481940,6000,2010-01-02,27092,DEBIT_CARD
7481942,17027,2010-01-02,68983,CREDIT_CARD
7481943,3427,2010-01-02,81833,CREDIT_CARD
7481944,478,2010-01-02,83271,DEBIT_CARD
7481945,6700,2010-01-02,61195,CREDIT_CARD
7481947,4208,2010-01-02,61195,DEBIT_CARD
7481946,8100,2010-01-02,61195,DEBIT_CARD
7481948,7856,2010-01-02,9932,DEBIT_CARD
7481949,898,2010-01-02,61195,DEBIT_CARD
7481950,1091,2010-01-02,55528,CREDIT_CARD
7481951,2574,2010-01-02,65698,DEBIT_CARD
7481952,8000,2010-01-02,61195,DEBIT_CARD
7481954,116,2010-01-02,14528,CREDIT_CARD
7481955,1323,2010-01-02,1344,DEBIT_CARD
7481956,347,2010-01-02,52106,DEBIT_CARD
7481957,4611,2010-01-02,60569,CREDIT_CARD
7481958,2587,2010-01-02,66428,DEBIT_CARD
7481959,1732,2010-01-02,20519,DEBIT_CARD
7481960,148,2010-01-02,14528,CREDIT_CARD
7481962,6206,2010-01-02,39021,CREDIT_CARD
7481961,7640,2010-01-02,39021,CREDIT_CARD
7481963,5669,2010-01-02,75781,CREDIT_CARD
7481964,222,2010-01-02,14528,DEBIT_CARD
7481966,537,2010-01-02,64347,DEBIT_CARD
7481967,3637,2010-01-02,2344,DEBIT_CARD
7481969,1247,2010-01-02,83271,DEBIT_CARD
7481970,12000,2010-01-02,27092,CREDIT_CARD
7481971,841,2010-01-02,20561,CREDIT_CARD
7481972,11121,2010-01-02,57998,DEBIT_CARD
7481974,2231,2010-01-02,81922,CREDIT_CARD
7481975,8469,2010-01-02,19964,DEBIT_CARD
7481976,7121,2010-01-02,67167,CREDIT_CARD
7481977,301,2010-01-02,30928,CREDIT_CARD
7481980,3550,2010-01-02,39021,CREDIT_CARD
7481981,4258,2010-01-02,77509,CREDIT_CARD
7481982,10230,2010-01-02,1218,DEBIT_CARD
7481985,1750,2010-01-02,83480,DEBIT_CARD
7481987,55,2010-01-02,14528,DEBIT_CARD
7481990,6500,2010-01-02,43293,DEBIT_CARD
7481991,3530,2010-01-02,39021,DEBIT_CARD
7481992,2500,2010-01-02,18563,DEBIT_CARD
7481993,1419,2010-01-02,17930,DEBIT_CARD
7481994,4769,2010-01-02,60569,DEBIT_CARD
7481996,180,2010-01-02,61195,DEBIT_CARD
7481997,3875,2010-01-02,43293,DEBIT_CARD
7481998,2254,2010-01-02,59350,DEBIT_CARD
7481999,1449,2010-01-02,18563,DEBIT_CARD
7482000,1788,2010-01-02,47399,DEBIT_CARD
7482001,5202,2010-01-02,74931,DEBIT_CARD
7482002,4000,2010-01-02,27092,CREDIT_CARD
7482003,996,2010-01-02,75781,DEBIT_CARD
7482004,7848,2010-01-02,22204,CREDIT_CARD
7482005,37086,2010-01-02,4802,CREDIT_CARD
7482007,1661,2010-01-02,78940,DEBIT_CARD
7482008,1493,2010-01-02,70801,CREDIT_CARD
7482009,117,2010-01-02,14528,DEBIT_CARD
7482010,3096,2010-01-02,85376,DEBIT_CARD
7482011,940,2010-01-02,35123,CREDIT_CARD
7482013,11746,2010-01-02,60569,CREDIT_CARD
7482014,2148,2010-01-02,88280,DEBIT_CARD
7482015,14692,2010-01-02,27865,CREDIT_CARD
7482016,1752,2010-01-02,69972,DEBIT_CARD
7482017,8651,2010-01-02,37882,DEBIT_CARD
7482018,1553,2010-01-02,59935,DEBIT_CARD
7482020,8547,2010-01-02,61195,DEBIT_CARD
7482021,3672,2010-01-02,69956,DEBIT_CARD
7482023,9617,2010-01-02,28395,CREDIT_CARD
7482024,5731,2010-01-02,36934,DEBIT_CARD
7482026,6200,2010-01-02,61195,DEBIT_CARD
7482027,114,2010-01-02,14528,DEBIT_CARD
7482028,314,2010-01-02,50783,CREDIT_CARD
7482029,6300,2010-01-02,59935,DEBIT_CARD
7482032,3311,2010-01-02,81833,DEBIT_CARD
7482034,3502,2010-01-02,98123,DEBIT_CARD
7482035,2353,2010-01-02,75781,DEBIT_CARD
7482036,43,2010-01-02,14528,CREDIT_CARD
7482037,6865,2010-01-02,72585,CREDIT_CARD
7482039,4000,2010-01-02,27092,DEBIT_CARD
7482040,4063,2010-01-02,88459,DEBIT_CARD
7482042,2890,2010-01-02,18563,DEBIT_CARD
7482043,125,2010-01-02,91325,DEBIT_CARD
7482044,1092,2010-01-02,47399,DEBIT_CARD
7482045,4062,2010-01-02,87312,CREDIT_CARD
7482046,3093,2010-01-02,60569,CREDIT_CARD
7482047,1292,2010-01-02,39261,DEBIT_CARD
7482049,4964,2010-01-02,68671,CREDIT_CARD
7482051,10403,2010-01-02,81833,CREDIT_CARD
7482052,5716,2010-01-02,71667,DEBIT_CARD
7482053,2919,2010-01-02,13523,DEBIT_CARD
7482054,5094,2010-01-02,96246,DEBIT_CARD
7482055,37400,2010-01-02,3558,DEBIT_CARD
7482056,8800,2010-01-02,30928,CREDIT_CARD
7482057,1436,2010-01-02,18563,CREDIT_CARD
7482060,127,2010-01-02,14528,DEBIT_CARD
7482061,1964,2010-01-02,55250,DEBIT_CARD
7482062,2903,2010-01-02,88459,DEBIT_CARD
7482063,875,2010-01-02,77572,DEBIT_CARD
7482064,10761,2010-01-02,9638,DEBIT_CARD
7482065,7005,2010-01-02,76639,CREDIT_CARD
7482066,316,2010-01-02,59935,CREDIT_CARD
7482067,2317,2010-01-02,68671,DEBIT_CARD
7482068,2072,2010-01-02,59935,DEBIT_CARD
7482069,5362,2010-01-02,26810,CREDIT_CARD
7482070,1707,2010-01-02,9932,DEBIT_CARD
7482071,1319,2010-01-02,59935,DEBIT_CARD
7482073,11300,2010-01-02,83229,DEBIT_CARD
7482074,1113,2010-01-02,24504,CREDIT_CARD
7482075,1188,2010-01-02,474,DEBIT_CARD
7482077,361,2010-01-02,68335,DEBIT_CARD
7482078,1007,2010-01-02,16751,CREDIT_CARD
7482079,1896,2010-01-02,18563,DEBIT_CARD
7482080,5530,2010-01-02,99370,CREDIT_CARD
7482081,9147,2010-01-02,60569,CREDIT_CARD
7482082,22353,2010-01-02,89949,DEBIT_CARD
7482083,5694,2010-01-02,98648,CREDIT_CARD
7482084,2557,2010-01-02,69956,CREDIT_CARD
7482085,2512,2010-01-02,37421,CREDIT_CARD
7482087,4941,2010-01-02,59935,DEBIT_CARD
7482088,16330,2010-01-02,48238,DEBIT_CARD
7482089,3219,2010-01-02,20519,DEBIT_CARD
7482090,24000,2010-01-02,27092,DEBIT_CARD
7482092,7298,2010-01-02,88459,CREDIT_CARD
7482095,18276,2010-01-02,20561,CREDIT_CARD
7482096,176,2010-01-02,14528,DEBIT_CARD
7482098,70,2010-01-02,14528,DEBIT_CARD
7482099,13760,2010-01-02,79927,DEBIT_CARD
7482102,90,2010-01-02,14528,DEBIT_CARD
7482103,11847,2010-01-02,17976,DEBIT_CARD
7482104,10000,2010-01-02,27092,DEBIT_CARD
7482105,8065,2010-01-02,60569,DEBIT_CARD
7482107,3519,2010-01-02,50867,CREDIT_CARD
7482108,6000,2010-01-02,27092,DEBIT_CARD
7482109,5223,2010-01-02,86959,DEBIT_CARD
7482110,2632,2010-01-02,54850,DEBIT_CARD
7482111,5773,2010-01-02,60569,DEBIT_CARD
7482113,3958,2010-01-02,73186,DEBIT_CARD
7482114,1056,2010-01-02,24504,CREDIT_CARD
7482115,21112,2010-01-02,20468,DEBIT_CARD
7482116,1488,2010-01-02,50783,DEBIT_CARD
7482117,13855,2010-01-02,12076,DEBIT_CARD
7482120,7200,2010-01-02,50867,CREDIT_CARD
7482122,9558,2010-01-02,75936,CREDIT_CARD
7482123,18634,2010-01-02,2793,CREDIT_CARD
7482124,5700,2010-01-02,26810,CREDIT_CARD
7482125,7107,2010-01-02,89705,DEBIT_CARD
7482126,7074,2010-01-02,81833,CREDIT_CARD
7482127,13690,2010-01-02,61641,CREDIT_CARD
7482128,120,2010-01-02,14528,DEBIT_CARD
7482131,2373,2010-01-02,18563,DEBIT_CARD
7482132,3791,2010-01-02,39021,CREDIT_CARD
7482133,12044,2010-01-02,81833,DEBIT_CARD
7482134,6356,2010-01-02,94958,CREDIT_CARD
7482135,1469,2010-01-02,68705,CREDIT_CARD
7482137,1820,2010-01-02,93938,CREDIT_CARD
7482138,590,2010-01-02,16798,DEBIT_CARD
7482139,3325,2010-01-02,30055,DEBIT_CARD
7482140,7943,2010-01-02,86737,DEBIT_CARD
7482141,1286,2010-01-02,88093,CREDIT_CARD
7482142,2833,2010-01-02,99697,CREDIT_CARD
7482145,817,2010-01-02,43732,DEBIT_CARD
7482148,2307,2010-01-02,39021,CREDIT_CARD
7482149,58,2010-01-02,14528,DEBIT_CARD
7482150,6605,2010-01-02,77020,DEBIT_CARD
7482151,10195,2010-01-02,73186,CREDIT_CARD
7482152,8200,2010-01-02,68671,DEBIT_CARD
7482153,4802,2010-01-02,60644,DEBIT_CARD
7482154,1572,2010-01-02,24504,DEBIT_CARD
7482155,797,2010-01-02,50783,DEBIT_CARD
7482156,898,2010-01-02,81833,DEBIT_CARD
7482157,12917,2010-01-02,60569,DEBIT_CARD
7482158,5073,2010-01-02,32175,CREDIT_CARD
7482159,355,2010-01-02,90865,DEBIT_CARD
7482161,3707,2010-01-02,36934,DEBIT_CARD
7482164,6928,2010-01-02,20561,CREDIT_CARD
7482165,3047,2010-01-02,64954,DEBIT_CARD
7482167,5200,2010-01-02,59935,DEBIT_CARD
7482169,3557,2010-01-02,75781,DEBIT_CARD
7482170,8000,2010-01-02,27092,CREDIT_CARD
7482171,76,2010-01-02,14528,DEBIT_CARD
7482173,8270,2010-01-02,75380,DEBIT_CARD
7482174,12233,2010-01-02,26810,CREDIT_CARD
7482176,2156,2010-01-02,34390,DEBIT_CARD
7482177,9100,2010-01-02,59935,DEBIT_CARD
7482178,1538,2010-01-02,25887,DEBIT_CARD
7482181,12000,2010-01-02,27092,DEBIT_CARD
7482182,5479,2010-01-02,20561,CREDIT_CARD
7482183,3084,2010-01-02,32606,DEBIT_CARD
7482184,2064,2010-01-02,54773,DEBIT_CARD
7482185,135,2010-01-02,96490,DEBIT_CARD
7482186,8903,2010-01-02,7821,DEBIT_CARD
7482188,4279,2010-01-02,75936,DEBIT_CARD
7482189,4401,2010-01-02,19957,DEBIT_CARD
7482190,2892,2010-01-02,50783,DEBIT_CARD
7482191,2417,2010-01-02,15143,CREDIT_CARD
7482192,2033,2010-01-02,86410,DEBIT_CARD
7482193,5431,2010-01-02,16798,CREDIT_CARD
7482194,9821,2010-01-02,75936,DEBIT_CARD
7482195,4764,2010-01-02,50867,CREDIT_CARD
7482196,7159,2010-01-02,3183,DEBIT_CARD
7482197,16266,2010-01-02,30286,CREDIT_CARD
7482198,217,2010-01-02,86438,DEBIT_CARD
7482199,1230,2010-01-02,10875,DEBIT_CARD
7482200,6238,2010-01-02,25887,CREDIT_CARD
7482202,20011,2010-01-02,72139,DEBIT_CARD
7482203,1897,2010-01-02,35451,CREDIT_CARD
7482204,4996,2010-01-02,75936,DEBIT_CARD
7482206,4308,2010-01-02,28913,DEBIT_CARD
7482208,8449,2010-01-02,43293,DEBIT_CARD
7482209,300,2010-01-02,60569,DEBIT_CARD
7482210,9838,2010-01-02,61195,DEBIT_CARD
7482211,641,2010-01-02,32606,CREDIT_CARD
7482213,1759,2010-01-02,89069,DEBIT_CARD
7482214,2318,2010-01-02,20519,DEBIT_CARD
7482215,8904,2010-01-02,31893,DEBIT_CARD
7482216,35363,2010-01-02,38035,DEBIT_CARD
7482217,9800,2010-01-02,61195,DEBIT_CARD
7482222,11207,2010-01-02,30286,CREDIT_CARD
7482223,96,2010-01-02,14528,DEBIT_CARD
7482224,8787,2010-01-02,92883,CREDIT_CARD
7482225,1564,2010-01-02,78680,DEBIT_CARD
7482226,834,2010-01-02,25000,DEBIT_CARD
7482230,3386,2010-01-02,15143,CREDIT_CARD
7482231,4866,2010-01-02,78454,CREDIT_CARD
7482232,828,2010-01-02,61195,CREDIT_CARD
7482233,12000,2010-01-02,27092,DEBIT_CARD
7482234,2072,2010-01-02,16798,CREDIT_CARD
7482236,1188,2010-01-02,54603,DEBIT_CARD
7482238,5292,2010-01-02,35315,DEBIT_CARD
7482239,16320,2010-01-02,54850,DEBIT_CARD
7482240,5825,2010-01-02,96188,CREDIT_CARD
7482241,4239,2010-01-02,83011,DEBIT_CARD
7482243,7213,2010-01-02,98648,DEBIT_CARD
7482244,1787,2010-01-02,50939,DEBIT_CARD
7482246,4326,2010-01-02,11947,DEBIT_CARD
7482247,353,2010-01-02,18563,DEBIT_CARD
7482248,4144,2010-01-02,39021,DEBIT_CARD
7482249,20624,2010-01-02,51300,DEBIT_CARD
7482250,6267,2010-01-02,10126,DEBIT_CARD
7482251,6018,2010-01-02,17493,DEBIT_CARD
7482252,10000,2010-01-02,27092,DEBIT_CARD
7482253,238,2010-01-02,18563,CREDIT_CARD
7482254,1844,2010-01-02,38324,CREDIT_CARD
7482255,6000,2010-01-02,27092,DEBIT_CARD
7482257,7808,2010-01-02,60569,DEBIT_CARD
7482258,4548,2010-01-02,75936,DEBIT_CARD
7482260,3583,2010-01-02,44700,CREDIT_CARD
7482261,9000,2010-01-02,50867,CREDIT_CARD
7482262,1241,2010-01-02,61195,DEBIT_CARD
7482263,3023,2010-01-02,8813,DEBIT_CARD
7482264,2000,2010-01-02,27092,CREDIT_CARD
7482265,380,2010-01-02,48919,CREDIT_CARD
7482267,9400,2010-01-02,43293,DEBIT_CARD
7482268,615,2010-01-02,42128,DEBIT_CARD
7482269,6458,2010-01-02,98648,CREDIT_CARD
7482271,2979,2010-01-02,30055,DEBIT_CARD
7482272,9551,2010-01-02,45926,DEBIT_CARD
7482273,1269,2010-01-02,48618,DEBIT_CARD
7482274,5711,2010-01-02,88728,DEBIT_CARD
7482276,4333,2010-01-02,30055,CREDIT_CARD
7482277,1288,2010-01-02,97448,CREDIT_CARD
7482278,4669,2010-01-02,88552,DEBIT_CARD
7482280,4760,2010-01-02,63314,DEBIT_CARD
7482281,6647,2010-01-02,13523,DEBIT_CARD
7482282,2711,2010-01-02,16566,CREDIT_CARD
7482283,1614,2010-01-02,27274,DEBIT_CARD
7482284,5919,2010-01-02,23481,DEBIT_CARD
7482285,4405,2010-01-02,88646,CREDIT_CARD
7482286,712,2010-01-02,43293,DEBIT_CARD
7482287,2253,2010-01-02,90250,DEBIT_CARD
7482288,2497,2010-01-02,2703,DEBIT_CARD
7482289,219,2010-01-02,56678,DEBIT_CARD
7482290,2125,2010-01-02,18563,DEBIT_CARD
7482292,15431,2010-01-02,79927,CREDIT_CARD
7482295,763,2010-01-02,75781,DEBIT_CARD
7482296,2556,2010-01-02,5865,DEBIT_CARD
7482297,8440,2010-01-02,88105,DEBIT_CARD
7482299,4284,2010-01-02,81215,CREDIT_CARD
7482301,14000,2010-01-02,27092,DEBIT_CARD
7482303,1478,2010-01-02,50404,DEBIT_CARD
7482304,17317,2010-01-02,9932,DEBIT_CARD
7482305,10157,2010-01-02,60569,DEBIT_CARD
7482306,12428,2010-01-02,3558,DEBIT_CARD
7482308,5215,2010-01-02,73760,DEBIT_CARD
7482310,3145,2010-01-02,25887,CREDIT_CARD
7482311,1507,2010-01-02,50783,DEBIT_CARD
7482312,466,2010-01-02,50783,DEBIT_CARD
7482313,2317,2010-01-02,99173,DEBIT_CARD
7482314,5575,2010-01-02,44578,DEBIT_CARD
7482315,4446,2010-01-02,89069,CREDIT_CARD
7482316,3993,2010-01-02,32606,DEBIT_CARD
7482317,2456,2010-01-02,30055,CREDIT_CARD
7482318,1630,2010-01-02,91295,CREDIT_CARD
7482319,8344,2010-01-02,92883,DEBIT_CARD
7482321,3061,2010-01-02,23866,CREDIT_CARD
7482322,5055,2010-01-02,59397,DEBIT_CARD
7482325,3731,2010-01-02,7131,DEBIT_CARD
7482326,1606,2010-01-02,16798,DEBIT_CARD
7482329,4802,2010-01-02,14451,DEBIT_CARD
7482330,9495,2010-01-02,25887,DEBIT_CARD
7482331,3232,2010-01-02,50743,CREDIT_CARD
7482332,5278,2010-01-02,30132,DEBIT_CARD
7482333,7400,2010-01-02,43293,DEBIT_CARD
7482334,10031,2010-01-02,21739,DEBIT_CARD
7482336,1673,2010-01-02,48919,DEBIT_CARD
7482337,2770,2010-01-02,2703,DEBIT_CARD
7482338,2373,2010-01-02,73311,DEBIT_CARD
7482339,4629,2010-01-02,20519,DEBIT_CARD
7482340,10076,2010-01-02,60569,DEBIT_CARD
7482341,1373,2010-01-02,41260,DEBIT_CARD
7482343,4943,2010-01-02,98374,DEBIT_CARD
7482344,2424,2010-01-02,35451,CREDIT_CARD
7482345,2080,2010-01-02,98374,CREDIT_CARD
7482346,935,2010-01-02,87593,DEBIT_CARD
7482347,11149,2010-01-02,40464,DEBIT_CARD
7482348,4392,2010-01-02,12014,DEBIT_CARD
7482350,3345,2010-01-02,26810,DEBIT_CARD
7482353,9371,2010-01-02,48144,DEBIT_CARD
7482354,4420,2010-01-02,22584,DEBIT_CARD
7482356,745,2010-01-02,21739,DEBIT_CARD
7482357,2643,2010-01-02,5865,DEBIT_CARD
7482358,2231,2010-01-02,59350,DEBIT_CARD
7482360,8018,2010-01-02,50783,DEBIT_CARD
7482362,4821,2010-01-02,22204,DEBIT_CARD
7482363,3687,2010-01-02,59397,DEBIT_CARD
7482364,14000,2010-01-02,27092,CREDIT_CARD
7482366,784,2010-01-02,47399,CREDIT_CARD
7482367,667,2010-01-02,80526,DEBIT_CARD
7482370,1693,2010-01-02,65835,DEBIT_CARD
7482371,18600,2010-01-02,3558,DEBIT_CARD
7482372,3454,2010-01-02,45926,DEBIT_CARD
7482373,1086,2010-01-02,77071,DEBIT_CARD
7482374,4993,2010-01-02,20561,DEBIT_CARD
7482375,740,2010-01-02,32858,DEBIT_CARD
7482376,7086,2010-01-02,56428,DEBIT_CARD
7482378,4486,2010-01-02,92883,DEBIT_CARD
7482379,1521,2010-01-02,48028,DEBIT_CARD
7482380,7900,2010-01-02,26810,DEBIT_CARD
7482381,2163,2010-01-02,56296,DEBIT_CARD
7482382,6647,2010-01-02,79050,DEBIT_CARD
7482384,1918,2010-01-02,23801,DEBIT_CARD
7482385,4319,2010-01-02,25887,DEBIT_CARD
7482386,5900,2010-01-02,59935,CREDIT_CARD
7482387,5294,2010-01-02,67825,DEBIT_CARD
7482388,4190,2010-01-02,30055,CREDIT_CARD
7482389,3916,2010-01-02,23146,CREDIT_CARD
7482390,2402,2010-01-02,30055,DEBIT_CARD
7482391,14,2010-01-02,87625,DEBIT_CARD
7482392,3143,2010-01-02,55060,DEBIT_CARD
7482393,12000,2010-01-02,27092,CREDIT_CARD
7482394,4903,2010-01-02,23274,DEBIT_CARD
7482395,16899,2010-01-02,73186,DEBIT_CARD
7482398,4143,2010-01-02,18563,CREDIT_CARD
7482399,9090,2010-01-02,83229,DEBIT_CARD
7482400,5410,2010-01-02,11468,DEBIT_CARD
7482401,2219,2010-01-02,68008,CREDIT_CARD
7482402,1390,2010-01-02,21739,CREDIT_CARD
7482403,1829,2010-01-02,76599,CREDIT_CARD
7482404,3158,2010-01-02,82585,CREDIT_CARD
7482405,2000,2010-01-02,27092,DEBIT_CARD
7482409,14622,2010-01-02,44795,DEBIT_CARD
7482410,110,2010-01-02,14528,CREDIT_CARD
7482411,3367,2010-01-02,27395,DEBIT_CARD
7482412,10602,2010-01-02,9932,DEBIT_CARD
7482413,9400,2010-01-02,22204,DEBIT_CARD
7482414,3401,2010-01-02,75781,CREDIT_CARD
7482416,10579,2010-01-02,9932,DEBIT_CARD
7482419,28100,2010-01-02,39991,DEBIT_CARD
7482420,8000,2010-01-02,27092,DEBIT_CARD
7482421,21630,2010-01-02,68685,DEBIT_CARD
7482422,12181,2010-01-02,50783,DEBIT_CARD
7482423,8657,2010-01-02,16790,DEBIT_CARD
7482424,1666,2010-01-02,44682,DEBIT_CARD
7482425,6615,2010-01-02,60569,DEBIT_CARD
7482427,4740,2010-01-02,87625,DEBIT_CARD
7482428,7613,2010-01-02,75936,DEBIT_CARD
7482429,4128,2010-01-02,99118,DEBIT_CARD
7482430,4026,2010-01-02,75936,DEBIT_CARD
7482431,1304,2010-01-02,60569,CREDIT_CARD
7482433,3600,2010-01-02,56041,DEBIT_CARD
7482434,6866,2010-01-02,54773,CREDIT_CARD
7482435,1470,2010-01-02,61791,DEBIT_CARD
7482436,5053,2010-01-02,48919,CREDIT_CARD
7482437,2548,2010-01-02,45926,DEBIT_CARD
7482438,206,2010-01-02,14528,DEBIT_CARD
7482439,123,2010-01-02,88459,CREDIT_CARD
7482440,10516,2010-01-02,48919,DEBIT_CARD
7482441,10000,2010-01-02,27092,CREDIT_CARD
7482442,889,2010-01-02,94208,DEBIT_CARD
7482444,4874,2010-01-02,12635,DEBIT_CARD
7482446,8296,2010-01-02,35451,CREDIT_CARD
7482447,1210,2010-01-02,50783,DEBIT_CARD
7482448,12000,2010-01-02,27092,CREDIT_CARD
7482449,8364,2010-01-02,12014,CREDIT_CARD
7482451,1864,2010-01-02,96310,DEBIT_CARD
7482453,95,2010-01-02,60569,DEBIT_CARD
7482455,654,2010-01-02,85247,DEBIT_CARD
7482456,5636,2010-01-02,26909,DEBIT_CARD
7482457,388,2010-01-02,16798,DEBIT_CARD
7482459,1811,2010-01-02,61195,CREDIT_CARD
7482460,5646,2010-01-02,17493,CREDIT_CARD
7482461,3396,2010-01-02,69972,DEBIT_CARD
7482462,311,2010-01-02,35451,DEBIT_CARD
7482463,2638,2010-01-02,96883,CREDIT_CARD
7482465,7913,2010-01-02,46284,DEBIT_CARD
7482466,4808,2010-01-02,78287,DEBIT_CARD
7482468,8000,2010-01-02,27092,DEBIT_CARD
7482469,1588,2010-01-02,39021,DEBIT_CARD
7482470,4747,2010-01-02,20561,CREDIT_CARD
7482472,795,2010-01-02,29209,DEBIT_CARD
7482474,3045,2010-01-02,98648,CREDIT_CARD
7482475,7479,2010-01-02,59397,CREDIT_CARD
7482476,2745,2010-01-02,99370,CREDIT_CARD
7482479,5300,2010-01-02,56431,DEBIT_CARD
7482478,4772,2010-01-02,44578,DEBIT_CARD
7482480,2167,2010-01-02,56431,DEBIT_CARD
7482482,10119,2010-01-02,55290,DEBIT_CARD
7482484,1747,2010-01-02,50783,DEBIT_CARD
7482485,11972,2010-01-02,75781,CREDIT_CARD
7482490,2339,2010-01-02,18563,CREDIT_CARD
7482491,5389,2010-01-02,30286,DEBIT_CARD
7482492,3613,2010-01-02,39021,DEBIT_CARD
7482493,4668,2010-01-02,69490,DEBIT_CARD
7482494,249,2010-01-02,14528,DEBIT_CARD
7482498,3860,2010-01-02,41122,DEBIT_CARD
7482499,3185,2010-01-02,37752,DEBIT_CARD
7482500,1301,2010-01-02,31893,DEBIT_CARD
7482501,5004,2010-01-02,11468,DEBIT_CARD
7482502,1402,2010-01-02,34256,CREDIT_CARD
7482504,7483,2010-01-02,98374,CREDIT_CARD
7482505,5685,2010-01-02,77246,CREDIT_CARD
7482506,115,2010-01-02,60569,DEBIT_CARD
7482508,8384,2010-01-02,73186,CREDIT_CARD
7482509,870,2010-01-02,22204,DEBIT_CARD
7482513,6159,2010-01-02,87625,CREDIT_CARD
7482514,308,2010-01-02,32355,DEBIT_CARD
7482516,923,2010-01-02,68952,DEBIT_CARD
7482517,4585,2010-01-02,51944,DEBIT_CARD
7482518,4245,2010-01-02,72515,DEBIT_CARD
7482519,3817,2010-01-02,71361,DEBIT_CARD
7482520,4022,2010-01-02,16798,DEBIT_CARD
7482521,9251,2010-01-02,31883,DEBIT_CARD
7482523,2246,2010-01-02,64718,DEBIT_CARD
7482524,7583,2010-01-02,69972,CREDIT_CARD
7482526,6998,2010-01-02,42636,DEBIT_CARD
7482530,1369,2010-01-02,28407,CREDIT_CARD
7482532,3218,2010-01-02,44578,DEBIT_CARD
7482535,185,2010-01-02,59935,DEBIT_CARD
7482536,4265,2010-01-02,86616,DEBIT_CARD
7482537,6046,2010-01-02,42142,DEBIT_CARD
7482539,1476,2010-01-02,68765,CREDIT_CARD
7482540,165,2010-01-02,45926,DEBIT_CARD
7482541,563,2010-01-02,32606,DEBIT_CARD
7482542,8000,2010-01-02,59935,DEBIT_CARD
7482543,1031,2010-01-02,19756,DEBIT_CARD
7482545,374,2010-01-02,26810,DEBIT_CARD
7482546,4674,2010-01-02,19756,CREDIT_CARD
7482548,975,2010-01-02,12029,DEBIT_CARD
7482549,2787,2010-01-02,17959,DEBIT_CARD
7482551,5098,2010-01-02,17493,CREDIT_CARD
7482552,12,2010-01-02,14528,DEBIT_CARD
7482553,8000,2010-01-02,27092,DEBIT_CARD
7482554,2990,2010-01-02,81536,CREDIT_CARD
7482556,5600,2010-01-02,61398,DEBIT_CARD
7482557,3074,2010-01-02,11468,DEBIT_CARD
7482558,8000,2010-01-02,27092,DEBIT_CARD
7482559,6999,2010-01-02,44919,CREDIT_CARD
7482560,14341,2010-01-02,54850,DEBIT_CARD
7482561,224,2010-01-02,60569,CREDIT_CARD
7482562,4121,2010-01-02,44919,DEBIT_CARD
7482563,4514,2010-01-02,86410,DEBIT_CARD
7482564,2690,2010-01-02,40726,CREDIT_CARD
7482565,9591,2010-01-02,22204,DEBIT_CARD
7482566,16000,2010-01-02,27092,DEBIT_CARD
7482569,26391,2010-01-02,72813,DEBIT_CARD
7482570,6912,2010-01-02,20884,DEBIT_CARD
7482572,3785,2010-01-02,13646,DEBIT_CARD
7482573,11904,2010-01-02,57212,DEBIT_CARD
7482574,1936,2010-01-02,59350,DEBIT_CARD
7482575,2181,2010-01-02,16798,CREDIT_CARD
7482576,4005,2010-01-02,34256,CREDIT_CARD
7482577,5268,2010-01-02,41122,DEBIT_CARD
7482578,2998,2010-01-02,50783,DEBIT_CARD
7482580,1515,2010-01-02,55060,DEBIT_CARD
7482581,6985,2010-01-02,60569,CREDIT_CARD
7482582,1327,2010-01-02,41943,DEBIT_CARD
7482584,2199,2010-01-02,18563,DEBIT_CARD
7482585,3329,2010-01-02,35451,DEBIT_CARD
7482586,6911,2010-01-02,48919,DEBIT_CARD
7482588,15149,2010-01-02,60569,DEBIT_CARD
7482589,5512,2010-01-02,34488,CREDIT_CARD
7482590,2430,2010-01-02,59787,DEBIT_CARD
7482592,3175,2010-01-02,50966,DEBIT_CARD
7482595,6727,2010-01-02,53566,CREDIT_CARD
7482596,971,2010-01-02,54041,DEBIT_CARD
7482599,5983,2010-01-02,24558,DEBIT_CARD
7482601,3223,2010-01-02,41217,DEBIT_CARD
7482603,1589,2010-01-02,99539,DEBIT_CARD
7482604,2700,2010-01-02,32606,CREDIT_CARD
7482605,141,2010-01-02,86438,DEBIT_CARD
7482607,10809,2010-01-02,44795,CREDIT_CARD
7482608,2793,2010-01-02,21461,CREDIT_CARD
7482609,3408,2010-01-02,48451,DEBIT_CARD
7482610,6258,2010-01-02,21355,DEBIT_CARD
7482611,2429,2010-01-02,3364,CREDIT_CARD
7482613,288,2010-01-02,27076,DEBIT_CARD
7482615,13814,2010-01-02,69965,CREDIT_CARD
7482616,5951,2010-01-02,30055,DEBIT_CARD
7482617,3026,2010-01-02,32858,DEBIT_CARD
7482618,5370,2010-01-02,36934,DEBIT_CARD
7482619,8580,2010-01-02,22938,CREDIT_CARD
7482620,3294,2010-01-02,78454,DEBIT_CARD
7482621,2168,2010-01-02,77684,DEBIT_CARD
7482622,10650,2010-01-02,22204,CREDIT_CARD
7482623,11403,2010-01-02,22204,DEBIT_CARD
7482624,8957,2010-01-02,40475,CREDIT_CARD
7482627,2492,2010-01-02,19756,CREDIT_CARD
7482628,18393,2010-01-02,63467,DEBIT_CARD
7482630,10461,2010-01-02,35451,DEBIT_CARD
7482631,3708,2010-01-02,90041,CREDIT_CARD
7482632,8301,2010-01-02,25887,CREDIT_CARD
7482633,2665,2010-01-02,60569,DEBIT_CARD
7482634,5010,2010-01-02,95855,CREDIT_CARD
7482635,2000,2010-01-02,27092,DEBIT_CARD
7482637,6000,2010-01-02,27092,CREDIT_CARD
7482638,555,2010-01-02,88699,CREDIT_CARD
7482639,1996,2010-01-02,31603,DEBIT_CARD
7482640,80,2010-01-02,22204,DEBIT_CARD
7482641,9269,2010-01-02,24141,CREDIT_CARD
7482643,7662,2010-01-02,22938,DEBIT_CARD
7482644,3609,2010-01-02,96246,CREDIT_CARD
7482646,9038,2010-01-02,20884,DEBIT_CARD
7482647,6139,2010-01-02,54850,CREDIT_CARD
7482648,1166,2010-01-02,92746,CREDIT_CARD
7482649,5635,2010-01-02,32175,DEBIT_CARD
7482650,2801,2010-01-02,34490,DEBIT_CARD
7482651,539,2010-01-02,56431,DEBIT_CARD
7482652,1460,2010-01-02,14005,CREDIT_CARD
7482653,3062,2010-01-02,43702,DEBIT_CARD
7482655,3655,2010-01-02,92156,DEBIT_CARD
7482656,5657,2010-01-02,25887,DEBIT_CARD
7482657,1220,2010-01-02,99539,DEBIT_CARD
7482658,4388,2010-01-02,76593,DEBIT_CARD
7482659,14000,2010-01-02,27092,CREDIT_CARD
7482660,1794,2010-01-02,85792,DEBIT_CARD
7482662,4062,2010-01-02,32606,DEBIT_CARD
7482663,2890,2010-01-02,72606,DEBIT_CARD
7482667,2552,2010-01-02,18563,CREDIT_CARD
7482670,4465,2010-01-02,75936,CREDIT_CARD
7482671,5811,2010-01-02,75936,CREDIT_CARD
7482673,6279,2010-01-02,87266,DEBIT_CARD
7482674,14000,2010-01-02,27092,CREDIT_CARD
7482676,8078,2010-01-02,60569,DEBIT_CARD
7482677,2582,2010-01-02,69956,DEBIT_CARD
7482678,1309,2010-01-02,30055,DEBIT_CARD
7482679,7772,2010-01-02,3915,DEBIT_CARD
7482681,5088,2010-01-02,25887,DEBIT_CARD
7482682,1876,2010-01-02,43702,DEBIT_CARD
7482683,3488,2010-01-02,55060,DEBIT_CARD
7482684,476,2010-01-02,48919,DEBIT_CARD
7482685,3779,2010-01-02,42858,DEBIT_CARD
7482686,6236,2010-01-02,75936,DEBIT_CARD
7482687,2697,2010-01-02,75936,DEBIT_CARD
7482690,5576,2010-01-02,75936,DEBIT_CARD
7482691,1375,2010-01-02,39261,DEBIT_CARD
7482692,20975,2010-01-02,95371,DEBIT_CARD
7482693,8667,2010-01-02,82499,CREDIT_CARD
7482694,7196,2010-01-02,46476,DEBIT_CARD
7482698,3098,2010-01-02,18563,DEBIT_CARD
7482699,1691,2010-01-02,16798,DEBIT_CARD
7482700,2881,2010-01-02,11468,DEBIT_CARD
7482701,2654,2010-01-02,2314,CREDIT_CARD
7482703,4041,2010-01-02,48919,DEBIT_CARD
7482705,5146,2010-01-02,96042,DEBIT_CARD
7482706,7131,2010-01-02,73186,DEBIT_CARD
7482707,2539,2010-01-02,60569,CREDIT_CARD
7482708,6977,2010-01-02,73186,DEBIT_CARD
7482709,245,2010-01-02,75781,DEBIT_CARD
7482710,2479,2010-01-02,75936,DEBIT_CARD
7482711,15890,2010-01-02,60569,DEBIT_CARD
7482712,2763,2010-01-02,16798,DEBIT_CARD
7482714,8311,2010-01-02,50292,CREDIT_CARD
7482715,4795,2010-01-02,21881,CREDIT_CARD
7482716,1513,2010-01-02,39754,DEBIT_CARD
7482717,4888,2010-01-02,10244,DEBIT_CARD
7482718,245,2010-01-02,49906,CREDIT_CARD
7482720,2245,2010-01-02,2177,DEBIT_CARD
7482721,4000,2010-01-02,27092,DEBIT_CARD
7482722,20713,2010-01-02,75062,CREDIT_CARD
7482723,2247,2010-01-02,83480,CREDIT_CARD
7482724,1673,2010-01-02,39021,CREDIT_CARD
7482725,820,2010-01-02,18563,DEBIT_CARD
7482726,5638,2010-01-02,40336,CREDIT_CARD
7482727,1681,2010-01-02,40726,CREDIT_CARD
7482728,1652,2010-01-02,34488,CREDIT_CARD
7482729,5230,2010-01-02,13109,CREDIT_CARD
7482730,6323,2010-01-02,16798,DEBIT_CARD
7482731,3310,2010-01-02,11442,DEBIT_CARD
7482732,1155,2010-01-02,89245,DEBIT_CARD
7482733,295,2010-01-02,86438,CREDIT_CARD
7482734,3764,2010-01-02,64755,DEBIT_CARD
7482735,894,2010-01-02,9932,DEBIT_CARD
7482736,8000,2010-01-02,27092,CREDIT_CARD
7482737,7113,2010-01-02,86410,DEBIT_CARD
7482738,12000,2010-01-02,27092,DEBIT_CARD
7482739,7500,2010-01-02,59935,DEBIT_CARD
7482740,2717,2010-01-02,25887,DEBIT_CARD
7482741,6230,2010-01-02,44919,DEBIT_CARD
7482743,4191,2010-01-02,51961,CREDIT_CARD
7482745,1392,2010-01-02,21562,CREDIT_CARD
7482746,1394,2010-01-02,77668,CREDIT_CARD
7482747,1871,2010-01-02,10782,DEBIT_CARD
7482748,5885,2010-01-02,92883,DEBIT_CARD
7482749,1811,2010-01-02,95485,DEBIT_CARD
7482750,960,2010-01-02,59935,DEBIT_CARD
7482751,331,2010-01-02,75936,DEBIT_CARD
7482753,8000,2010-01-02,27092,DEBIT_CARD
7482754,3628,2010-01-02,43293,CREDIT_CARD
7482759,2128,2010-01-02,46965,DEBIT_CARD
7482760,9681,2010-01-02,80770,DEBIT_CARD
7482761,1291,2010-01-02,18215,DEBIT_CARD
7482762,10749,2010-01-02,95310,DEBIT_CARD
7482763,1425,2010-01-02,8044,DEBIT_CARD
7482764,4806,2010-01-02,32606,DEBIT_CARD
7482765,6912,2010-01-02,69972,DEBIT_CARD
7482766,3113,2010-01-02,19756,DEBIT_CARD
7482768,12000,2010-01-02,27092,CREDIT_CARD
7482769,3665,2010-01-02,87625,CREDIT_CARD
7482771,9900,2010-01-02,43293,CREDIT_CARD
7482772,6515,2010-01-02,60569,DEBIT_CARD
7482773,3410,2010-01-02,39021,CREDIT_CARD
7482774,1814,2010-01-02,8863,CREDIT_CARD
7482775,3989,2010-01-02,41122,CREDIT_CARD
7482776,3339,2010-01-02,59935,DEBIT_CARD
7482777,600,2010-01-02,60569,CREDIT_CARD
7482778,1625,2010-01-02,85247,DEBIT_CARD
7482779,6480,2010-01-02,92191,DEBIT_CARD
7482780,1962,2010-01-02,16798,CREDIT_CARD
7482781,3682,2010-01-02,32606,DEBIT_CARD
7482782,1149,2010-01-02,61195,CREDIT_CARD
7482783,5324,2010-01-02,69972,DEBIT_CARD
7482784,12688,2010-01-02,82981,DEBIT_CARD
7482786,3563,2010-01-02,91842,DEBIT_CARD
7482787,3395,2010-01-02,12042,DEBIT_CARD
7482788,147,2010-01-02,67339,DEBIT_CARD
7482789,8300,2010-01-02,59935,DEBIT_CARD
7482790,2632,2010-01-02,50783,DEBIT_CARD
7482791,18904,2010-01-02,81833,CREDIT_CARD
7482792,2438,2010-01-02,13646,CREDIT_CARD
7482793,3048,2010-01-02,70031,DEBIT_CARD
7482797,139,2010-01-02,86438,DEBIT_CARD
7482798,5106,2010-01-02,44919,DEBIT_CARD
7482799,3315,2010-01-02,32606,DEBIT_CARD
7482800,5536,2010-01-02,89069,DEBIT_CARD
7482801,4000,2010-01-02,27092,CREDIT_CARD
7482802,1965,2010-01-02,41904,DEBIT_CARD
7482803,4162,2010-01-02,25717,DEBIT_CARD
7482804,286,2010-01-02,22938,DEBIT_CARD
7482805,2990,2010-01-02,81263,DEBIT_CARD
7482806,1641,2010-01-02,18563,DEBIT_CARD
7482807,1353,2010-01-02,58168,DEBIT_CARD
7482808,3065,2010-01-02,8863,DEBIT_CARD
7482809,2000,2010-01-02,27092,CREDIT_CARD
7482810,8762,2010-01-02,2374,DEBIT_CARD
7482811,5900,2010-01-02,41260,DEBIT_CARD
7482812,3724,2010-01-02,50404,DEBIT_CARD
7482813,2665,2010-01-02,30055,DEBIT_CARD
7482814,1608,2010-01-02,60569,CREDIT_CARD
7482815,3723,2010-01-02,16798,DEBIT_CARD
7482817,1142,2010-01-02,19756,DEBIT_CARD
7482818,2000,2010-01-02,27092,DEBIT_CARD
7482819,87,2010-01-02,14528,DEBIT_CARD
7482820,9328,2010-01-02,60569,DEBIT_CARD
7482821,2466,2010-01-02,50783,CREDIT_CARD
7482822,2320,2010-01-02,30055,DEBIT_CARD
7482823,6752,2010-01-02,75936,CREDIT_CARD
7482824,1234,2010-01-02,45788,CREDIT_CARD
7482825,219,2010-01-02,22204,CREDIT_CARD
7482826,2627,2010-01-02,46746,CREDIT_CARD
7482827,1219,2010-01-02,68477,CREDIT_CARD
7482832,2129,2010-01-02,38602,DEBIT_CARD
7482833,2026,2010-01-02,45928,DEBIT_CARD
7482834,3824,2010-01-02,41260,DEBIT_CARD
7482838,985,2010-01-02,9932,DEBIT_CARD
7482839,51080,2010-01-02,18001,CREDIT_CARD
7482841,644,2010-01-02,36974,CREDIT_CARD
7482842,4041,2010-01-02,55060,CREDIT_CARD
7482844,5499,2010-01-02,99370,DEBIT_CARD
7482845,1963,2010-01-02,94974,DEBIT_CARD
7482846,83729,2010-01-02,68977,DEBIT_CARD
7482847,12947,2010-01-02,38276,CREDIT_CARD
7482848,20946,2010-01-02,30286,DEBIT_CARD
7482849,5399,2010-01-02,67570,DEBIT_CARD
7482850,17059,2010-01-02,73186,DEBIT_CARD
7482851,13556,2010-01-02,78454,DEBIT_CARD
7482852,2378,2010-01-02,20231,DEBIT_CARD
7482854,2036,2010-01-02,93394,CREDIT_CARD
7482855,21349,2010-01-02,8050,DEBIT_CARD
7482856,4068,2010-01-02,60569,CREDIT_CARD
7482857,12485,2010-01-02,78621,DEBIT_CARD
7482858,1304,2010-01-02,50783,CREDIT_CARD
7482859,11938,2010-01-02,89509,DEBIT_CARD
7482860,5688,2010-01-02,48685,DEBIT_CARD
7482861,475,2010-01-02,20561,DEBIT_CARD
7482862,3179,2010-01-02,22204,DEBIT_CARD
7482863,9682,2010-01-02,60569,DEBIT_CARD
7482867,1561,2010-01-02,60658,DEBIT_CARD
7482870,2182,2010-01-02,81703,DEBIT_CARD
7482871,2911,2010-01-02,19756,DEBIT_CARD
7482872,2632,2010-01-02,75936,DEBIT_CARD
7482873,4868,2010-01-02,25390,CREDIT_CARD
7482874,36207,2010-01-02,25054,CREDIT_CARD
7482875,2416,2010-01-02,30055,DEBIT_CARD
7482876,13335,2010-01-02,63701,DEBIT_CARD
7482877,6000,2010-01-02,27092,DEBIT_CARD
7482878,60,2010-01-02,14528,DEBIT_CARD
7482880,870,2010-01-02,16798,DEBIT_CARD
7482881,1041,2010-01-02,44578,DEBIT_CARD
7482883,4351,2010-01-02,32606,DEBIT_CARD
7482885,36106,2010-01-02,30037,DEBIT_CARD
7482884,24372,2010-01-02,30037,DEBIT_CARD
7482887,10000,2010-01-02,22204,DEBIT_CARD
7482888,3674,2010-01-02,11901,DEBIT_CARD
7482889,5424,2010-01-02,84248,CREDIT_CARD
7482890,12015,2010-01-02,33526,DEBIT_CARD
7482891,4567,2010-01-02,29985,CREDIT_CARD
7482892,16272,2010-01-02,75781,CREDIT_CARD
7482895,4181,2010-01-02,58408,CREDIT_CARD
7482896,54,2010-01-02,21250,DEBIT_CARD
7482897,4771,2010-01-02,96771,DEBIT_CARD
7482898,8000,2010-01-02,27092,DEBIT_CARD
7482900,1699,2010-01-02,92741,DEBIT_CARD
7482901,12000,2010-01-02,27092,DEBIT_CARD
7482902,3973,2010-01-02,83229,DEBIT_CARD
7482903,3678,2010-01-02,51397,DEBIT_CARD
7482904,2339,2010-01-02,27310,DEBIT_CARD
7482906,1997,2010-01-02,72812,DEBIT_CARD
7482908,2924,2010-01-02,30055,CREDIT_CARD
7482909,14313,2010-01-02,17918,DEBIT_CARD
7482910,2525,2010-01-02,18563,DEBIT_CARD
7482911,10352,2010-01-02,64032,CREDIT_CARD
7482912,1824,2010-01-02,32175,DEBIT_CARD
7482913,5541,2010-01-02,75936,DEBIT_CARD
7482914,5177,2010-01-02,78454,CREDIT_CARD
7482915,3181,2010-01-02,60569,DEBIT_CARD
7482916,3985,2010-01-02,32175,CREDIT_CARD
7482917,6523,2010-01-02,18215,DEBIT_CARD
7482918,4365,2010-01-02,91526,DEBIT_CARD
7482919,1313,2010-01-02,28395,CREDIT_CARD
7482920,229,2010-01-02,58666,DEBIT_CARD
7482923,4802,2010-01-02,18833,CREDIT_CARD
7482924,5071,2010-01-02,78454,DEBIT_CARD
7482925,233,2010-01-02,50527,DEBIT_CARD
7482926,9819,2010-01-02,19964,DEBIT_CARD
7482927,16558,2010-01-02,89219,DEBIT_CARD
7482928,4910,2010-01-02,35451,DEBIT_CARD
7482931,4882,2010-01-02,69972,DEBIT_CARD
7482932,2846,2010-01-02,4802,DEBIT_CARD
7482933,4582,2010-01-02,18563,DEBIT_CARD
7482935,1548,2010-01-02,59056,DEBIT_CARD
7482936,2058,2010-01-02,82180,DEBIT_CARD
7482937,6000,2010-01-02,27092,CREDIT_CARD
7482938,4461,2010-01-02,88646,DEBIT_CARD
7482941,1621,2010-01-02,81833,CREDIT_CARD
7482942,8019,2010-01-02,25887,CREDIT_CARD
7482943,1844,2010-01-02,79927,CREDIT_CARD
7482944,1598,2010-01-02,53801,DEBIT_CARD
7482945,42600,2010-01-02,41523,CREDIT_CARD
7482946,3342,2010-01-02,58795,DEBIT_CARD
7482947,1809,2010-01-02,60569,DEBIT_CARD
7482948,1252,2010-01-02,64512,CREDIT_CARD
7482949,951,2010-01-02,46284,DEBIT_CARD
7482951,1845,2010-01-02,30055,DEBIT_CARD
7482952,4389,2010-01-02,25717,DEBIT_CARD
7482953,9900,2010-01-02,61195,DEBIT_CARD
7482954,1804,2010-01-02,34490,DEBIT_CARD
7482955,6396,2010-01-02,98648,DEBIT_CARD
7482956,1853,2010-01-02,16798,DEBIT_CARD
7482959,7634,2010-01-02,32175,CREDIT_CARD
7482961,870,2010-01-02,97555,DEBIT_CARD
7482962,6446,2010-01-02,16619,DEBIT_CARD
7482963,2206,2010-01-02,87351,DEBIT_CARD
7482965,4829,2010-01-02,32175,CREDIT_CARD
7482966,9096,2010-01-02,27355,CREDIT_CARD
7482967,82988,2010-01-02,85600,CREDIT_CARD
7482968,2239,2010-01-02,91264,DEBIT_CARD
7482969,1031,2010-01-02,52598,CREDIT_CARD
7482972,2185,2010-01-02,77591,CREDIT_CARD
7482973,4721,2010-01-02,58932,CREDIT_CARD
7482974,2339,2010-01-02,32606,CREDIT_CARD
7482975,3920,2010-01-02,15143,DEBIT_CARD
7482976,2534,2010-01-02,88111,DEBIT_CARD
7482977,9112,2010-01-02,92883,CREDIT_CARD
7482978,1589,2010-01-02,22204,CREDIT_CARD
7482979,5675,2010-01-02,29985,CREDIT_CARD
7482981,1651,2010-01-02,94208,DEBIT_CARD
7482984,10538,2010-01-02,59350,DEBIT_CARD
7482985,1346,2010-01-02,32606,DEBIT_CARD
7482986,6219,2010-01-02,61195,DEBIT_CARD
7482987,4443,2010-01-02,91162,DEBIT_CARD
7482988,2946,2010-01-02,59935,CREDIT_CARD
7482989,10300,2010-01-02,59474,DEBIT_CARD
7482990,965,2010-01-02,97555,DEBIT_CARD
7482991,6546,2010-01-02,34702,DEBIT_CARD
7482992,2085,2010-01-02,63390,DEBIT_CARD
7482993,3259,2010-01-02,81833,DEBIT_CARD
7482994,3717,2010-01-02,67274,CREDIT_CARD
7482996,5165,2010-01-02,25717,DEBIT_CARD
7482997,2285,2010-01-02,39021,DEBIT_CARD
7482998,10789,2010-01-02,32175,DEBIT_CARD
7482999,4820,2010-01-02,58666,DEBIT_CARD
7483000,3110,2010-01-02,19756,DEBIT_CARD
7483003,4638,2010-01-02,25887,CREDIT_CARD
7483006,8500,2010-01-02,59935,CREDIT_CARD
7483007,6000,2010-01-02,27092,CREDIT_CARD
7483009,1078,2010-01-02,60569,DEBIT_CARD
7483010,178,2010-01-02,86438,DEBIT_CARD
7483011,6213,2010-01-02,22204,CREDIT_CARD
7483012,8302,2010-01-02,38602,CREDIT_CARD
7483013,3945,2010-01-02,33260,DEBIT_CARD
7483014,1364,2010-01-02,47399,DEBIT_CARD
7483016,20700,2010-01-02,3558,DEBIT_CARD
7483017,11448,2010-01-02,25887,CREDIT_CARD
7483018,2913,2010-01-02,73661,DEBIT_CARD
7483019,13225,2010-01-02,31258,DEBIT_CARD
7483021,983,2010-01-02,60569,DEBIT_CARD
7483022,7144,2010-01-02,98648,CREDIT_CARD
7483023,770,2010-01-02,79496,CREDIT_CARD
7483024,1941,2010-01-02,16798,DEBIT_CARD
7483025,10487,2010-01-03,73186,CREDIT_CARD
7483026,2425,2010-01-03,39021,CREDIT_CARD
7483027,12000,2010-01-03,27092,DEBIT_CARD
7483029,339,2010-01-03,92883,DEBIT_CARD
7483030,6525,2010-01-03,13051,DEBIT_CARD
7483031,7936,2010-01-03,75391,CREDIT_CARD
7483032,4724,2010-01-03,33326,DEBIT_CARD
7483033,5743,2010-01-03,82268,DEBIT_CARD
7483034,11418,2010-01-03,65067,CREDIT_CARD
7483035,1466,2010-01-03,68147,CREDIT_CARD
7483036,10000,2010-01-03,27092,CREDIT_CARD
7483039,43,2010-01-03,14318,DEBIT_CARD
7483040,332,2010-01-03,26810,DEBIT_CARD
7483042,4816,2010-01-03,26810,CREDIT_CARD
7483043,223,2010-01-03,63619,DEBIT_CARD
7483044,10000,2010-01-03,27092,CREDIT_CARD
7483045,8509,2010-01-03,9932,DEBIT_CARD
7483046,722,2010-01-03,39021,CREDIT_CARD
7483048,1851,2010-01-03,50404,DEBIT_CARD
7483049,4748,2010-01-03,97784,CREDIT_CARD
7483050,5500,2010-01-03,26810,CREDIT_CARD
7483051,4129,2010-01-03,15143,CREDIT_CARD
7483052,4382,2010-01-03,38602,DEBIT_CARD
7483055,6314,2010-01-03,88646,CREDIT_CARD
7483057,216,2010-01-03,90538,DEBIT_CARD
7483058,12591,2010-01-03,17976,DEBIT_CARD
7483059,8802,2010-01-03,18215,CREDIT_CARD
7483060,94,2010-01-03,14528,DEBIT_CARD
7483061,400,2010-01-03,80141,DEBIT_CARD
7483062,2458,2010-01-03,29232,DEBIT_CARD
7483063,1143,2010-01-03,50783,DEBIT_CARD
7483064,2540,2010-01-03,50404,DEBIT_CARD
7483065,6201,2010-01-03,11901,CREDIT_CARD
7483066,1574,2010-01-03,14005,CREDIT_CARD
7483067,6313,2010-01-03,30286,DEBIT_CARD
7483069,22361,2010-01-03,68977,DEBIT_CARD
7483070,3427,2010-01-03,15656,DEBIT_CARD
7483071,8300,2010-01-03,59935,DEBIT_CARD
7483073,6760,2010-01-03,39021,CREDIT_CARD
7483074,173,2010-01-03,60569,CREDIT_CARD
7483076,551,2010-01-03,20519,DEBIT_CARD
7483077,4000,2010-01-03,27092,DEBIT_CARD
7483078,299,2010-01-03,22204,CREDIT_CARD
7483080,9294,2010-01-03,54850,DEBIT_CARD
7483081,4350,2010-01-03,14539,CREDIT_CARD
7483082,4363,2010-01-03,59935,DEBIT_CARD
7483083,2151,2010-01-03,18563,CREDIT_CARD
7483084,1135,2010-01-03,39261,DEBIT_CARD
7483085,1000,2010-01-03,50783,DEBIT_CARD
7483086,408,2010-01-03,25887,DEBIT_CARD
7483087,198,2010-01-03,33041,DEBIT_CARD
7483088,338,2010-01-03,50783,DEBIT_CARD
7483089,540,2010-01-03,55373,DEBIT_CARD
7483092,5370,2010-01-03,50783,DEBIT_CARD
7483093,6000,2010-01-03,27092,DEBIT_CARD
7483095,412,2010-01-03,69972,DEBIT_CARD
7483098,8953,2010-01-03,35451,CREDIT_CARD
7483099,9721,2010-01-03,12887,CREDIT_CARD
7483100,276,2010-01-03,23481,DEBIT_CARD
7483101,976,2010-01-03,8136,DEBIT_CARD
7483102,5298,2010-01-03,61195,DEBIT_CARD
7483104,338,2010-01-03,50783,DEBIT_CARD
7483105,311,2010-01-03,75781,DEBIT_CARD
7483106,10215,2010-01-03,37690,DEBIT_CARD
7483107,5200,2010-01-03,61195,DEBIT_CARD
7483108,9241,2010-01-03,65775,CREDIT_CARD
7483111,3923,2010-01-03,99370,DEBIT_CARD
7483113,25147,2010-01-03,51624,CREDIT_CARD
7483114,1531,2010-01-03,65108,CREDIT_CARD
7483115,7464,2010-01-03,50783,CREDIT_CARD
7483116,6473,2010-01-03,56431,DEBIT_CARD
7483117,13636,2010-01-03,32896,CREDIT_CARD
7483118,997,2010-01-03,88646,DEBIT_CARD
7483121,5639,2010-01-03,717,CREDIT_CARD
7483122,4911,2010-01-03,60569,DEBIT_CARD
7483123,9438,2010-01-03,93950,DEBIT_CARD
7483126,1693,2010-01-03,17063,CREDIT_CARD
7483127,9081,2010-01-03,50783,DEBIT_CARD
7483128,78,2010-01-03,75781,CREDIT_CARD
7483129,9734,2010-01-03,59350,DEBIT_CARD
7483130,4144,2010-01-03,34490,DEBIT_CARD
7483132,543,2010-01-03,22204,DEBIT_CARD
7483133,24402,2010-01-03,26810,CREDIT_CARD
7483134,11068,2010-01-03,35451,CREDIT_CARD
7483135,4817,2010-01-03,96712,DEBIT_CARD
7483136,422,2010-01-03,22938,CREDIT_CARD
7483137,7083,2010-01-03,60569,DEBIT_CARD
7483138,271,2010-01-03,43293,CREDIT_CARD
7483140,4000,2010-01-03,27092,DEBIT_CARD
7483141,25934,2010-01-03,2177,CREDIT_CARD
7483142,24365,2010-01-03,44795,DEBIT_CARD
7483144,1421,2010-01-03,27583,DEBIT_CARD
7483145,2162,2010-01-03,83872,DEBIT_CARD
7483146,1122,2010-01-03,38755,DEBIT_CARD
7483147,1494,2010-01-03,98374,DEBIT_CARD
7483148,1029,2010-01-03,4111,DEBIT_CARD
7483151,7228,2010-01-03,30286,DEBIT_CARD
7483152,11600,2010-01-03,61195,CREDIT_CARD
7483154,327,2010-01-03,75781,DEBIT_CARD
7483155,12156,2010-01-03,92764,CREDIT_CARD
7483156,15415,2010-01-03,37387,CREDIT_CARD
7483157,8760,2010-01-03,60580,CREDIT_CARD
7483158,3204,2010-01-03,81759,CREDIT_CARD
7483159,7181,2010-01-03,81833,CREDIT_CARD
7483160,225,2010-01-03,12923,DEBIT_CARD
7483161,176,2010-01-03,22204,DEBIT_CARD
7483162,247,2010-01-03,73186,DEBIT_CARD
7483163,546,2010-01-03,47399,CREDIT_CARD
7483164,292,2010-01-03,47785,DEBIT_CARD
7483165,5696,2010-01-03,81477,CREDIT_CARD
7483166,2285,2010-01-03,16798,DEBIT_CARD
7483167,11108,2010-01-03,86410,DEBIT_CARD
7483168,4348,2010-01-03,60569,DEBIT_CARD
7483169,9723,2010-01-03,85077,CREDIT_CARD
7483170,942,2010-01-03,94123,DEBIT_CARD
7483171,8525,2010-01-03,4147,CREDIT_CARD
7483172,7695,2010-01-03,28823,DEBIT_CARD
7483173,4202,2010-01-03,81536,DEBIT_CARD
7483174,11579,2010-01-03,73186,DEBIT_CARD
7483175,7837,2010-01-03,75781,CREDIT_CARD
7483178,1613,2010-01-03,41943,DEBIT_CARD
7483179,4964,2010-01-03,46054,DEBIT_CARD
7483180,6619,2010-01-03,88459,DEBIT_CARD
7483181,1512,2010-01-03,18563,DEBIT_CARD
7483182,1892,2010-01-03,42465,DEBIT_CARD
7483183,32072,2010-01-03,31883,DEBIT_CARD
7483184,873,2010-01-03,46284,DEBIT_CARD
7483185,7705,2010-01-03,3997,CREDIT_CARD
7483186,13439,2010-01-03,86616,DEBIT_CARD
7483187,6075,2010-01-03,52201,CREDIT_CARD
7483188,1221,2010-01-03,39771,DEBIT_CARD
7483189,576,2010-01-03,50867,CREDIT_CARD
7483190,774,2010-01-03,85247,DEBIT_CARD
7483192,12470,2010-01-03,65108,DEBIT_CARD
7483193,860,2010-01-03,60569,DEBIT_CARD
7483194,13755,2010-01-03,2728,DEBIT_CARD
7483195,21633,2010-01-03,37387,CREDIT_CARD
7483196,2586,2010-01-03,22204,CREDIT_CARD
7483197,1548,2010-01-03,39261,DEBIT_CARD
7483198,6487,2010-01-03,54850,CREDIT_CARD
7483199,9587,2010-01-03,41184,DEBIT_CARD
7483200,8800,2010-01-03,59935,DEBIT_CARD
7483202,2162,2010-01-03,22375,DEBIT_CARD
7483204,5377,2010-01-03,100235,DEBIT_CARD
7483205,11219,2010-01-03,68001,DEBIT_CARD
7483207,4334,2010-01-03,43293,DEBIT_CARD
7483208,7500,2010-01-03,43293,DEBIT_CARD
7483211,14887,2010-01-03,91128,DEBIT_CARD
7483212,287,2010-01-03,50783,CREDIT_CARD
7483214,347,2010-01-03,92883,CREDIT_CARD
7483215,50,2010-01-03,75688,DEBIT_CARD
7483217,718,2010-01-03,30896,DEBIT_CARD
7483218,6076,2010-01-03,75936,DEBIT_CARD
7483219,4199,2010-01-03,86410,DEBIT_CARD
7483220,10841,2010-01-03,44795,DEBIT_CARD
7483221,74,2010-01-03,50783,DEBIT_CARD
7483222,21100,2010-01-03,30286,CREDIT_CARD
7483223,43672,2010-01-03,4802,CREDIT_CARD
7483225,1280,2010-01-03,76014,CREDIT_CARD
7483227,11401,2010-01-03,14445,CREDIT_CARD
7483230,4339,2010-01-03,27310,CREDIT_CARD
7483233,330,2010-01-03,75781,DEBIT_CARD
7483234,1439,2010-01-03,80159,DEBIT_CARD
7483236,5349,2010-01-03,39021,DEBIT_CARD
7483237,301,2010-01-03,75781,DEBIT_CARD
7483238,13450,2010-01-03,18131,CREDIT_CARD
7483239,1164,2010-01-03,14057,DEBIT_CARD
7483240,627,2010-01-03,50783,DEBIT_CARD
7483241,1305,2010-01-03,61195,DEBIT_CARD
7483242,367,2010-01-03,61195,DEBIT_CARD
7483244,1588,2010-01-03,39021,CREDIT_CARD
7483245,516,2010-01-03,20519,DEBIT_CARD
7483246,2604,2010-01-03,20519,DEBIT_CARD
7483248,274,2010-01-03,45926,DEBIT_CARD
7483250,11147,2010-01-03,45021,DEBIT_CARD
7483251,336,2010-01-03,61195,DEBIT_CARD
7483252,6900,2010-01-03,28395,DEBIT_CARD
7483254,160,2010-01-03,14528,CREDIT_CARD
7483255,2999,2010-01-03,58341,DEBIT_CARD
7483256,176,2010-01-03,2026,DEBIT_CARD
7483257,2914,2010-01-03,13646,DEBIT_CARD
7483258,13890,2010-01-03,3997,CREDIT_CARD
7483259,1195,2010-01-03,20519,CREDIT_CARD
7483261,5501,2010-01-03,60569,DEBIT_CARD
7483262,151,2010-01-03,25887,DEBIT_CARD
7483263,416,2010-01-03,59935,DEBIT_CARD
7483264,2368,2010-01-03,39021,DEBIT_CARD
7483265,791,2010-01-03,50404,DEBIT_CARD
7483266,1722,2010-01-03,20519,CREDIT_CARD
7483267,239,2010-01-03,59397,DEBIT_CARD
7483268,10898,2010-01-03,43261,CREDIT_CARD
7483269,386,2010-01-03,59935,DEBIT_CARD
7483270,5594,2010-01-03,28395,DEBIT_CARD
7483271,730,2010-01-03,59935,DEBIT_CARD
7483274,305,2010-01-03,55060,DEBIT_CARD
7483276,4186,2010-01-03,19752,CREDIT_CARD
7483277,4590,2010-01-03,39021,DEBIT_CARD
7483278,240,2010-01-03,14528,DEBIT_CARD
7483279,3098,2010-01-03,52931,DEBIT_CARD
7483281,6800,2010-01-03,41260,DEBIT_CARD
7483282,9909,2010-01-03,73186,CREDIT_CARD
7483283,7100,2010-01-03,43293,DEBIT_CARD
7483284,6873,2010-01-03,89949,DEBIT_CARD
7483285,4854,2010-01-03,39021,CREDIT_CARD
7483286,13600,2010-01-03,37753,DEBIT_CARD
7483287,211,2010-01-03,43293,DEBIT_CARD
7483288,6946,2010-01-03,81611,DEBIT_CARD
7483290,363,2010-01-03,62211,CREDIT_CARD
7483291,1561,2010-01-03,20519,DEBIT_CARD
7483294,71375,2010-01-03,87093,DEBIT_CARD
7483295,114,2010-01-03,50783,DEBIT_CARD
7483297,3514,2010-01-03,39021,DEBIT_CARD
7483298,4198,2010-01-03,20519,DEBIT_CARD
7483299,139,2010-01-03,11790,DEBIT_CARD
7483300,2937,2010-01-03,9932,DEBIT_CARD
7483301,25210,2010-01-03,19877,DEBIT_CARD
7483302,285,2010-01-03,47680,DEBIT_CARD
7483303,2037,2010-01-03,10388,CREDIT_CARD
7483304,140,2010-01-03,98374,DEBIT_CARD
7483305,219,2010-01-03,55060,DEBIT_CARD
7483306,3655,2010-01-03,39021,DEBIT_CARD
7483307,11905,2010-01-03,54850,CREDIT_CARD
7483308,10569,2010-01-03,69972,CREDIT_CARD
7483310,463,2010-01-03,86058,DEBIT_CARD
7483311,26348,2010-01-03,70268,CREDIT_CARD
7483312,620,2010-01-03,50783,DEBIT_CARD
7483314,143,2010-01-03,78605,DEBIT_CARD
7483315,108,2010-01-03,14528,CREDIT_CARD
7483317,3068,2010-01-03,22204,DEBIT_CARD
7483318,1114,2010-01-03,78454,DEBIT_CARD
7483319,190,2010-01-03,75936,CREDIT_CARD
7483320,3792,2010-01-03,86410,DEBIT_CARD
7483321,195,2010-01-03,16798,DEBIT_CARD
7483322,3862,2010-01-03,41260,DEBIT_CARD
7483323,755,2010-01-03,65089,DEBIT_CARD
7483324,14636,2010-01-03,86369,DEBIT_CARD
7483325,14363,2010-01-03,69374,DEBIT_CARD
7483327,78,2010-01-03,43293,DEBIT_CARD
7483328,334,2010-01-03,20519,DEBIT_CARD
7483329,215,2010-01-03,26810,DEBIT_CARD
7483330,6262,2010-01-03,43293,DEBIT_CARD
7483332,10000,2010-01-03,27092,CREDIT_CARD
7483333,874,2010-01-03,81833,CREDIT_CARD
7483334,479,2010-01-03,75781,DEBIT_CARD
7483335,4043,2010-01-03,39021,DEBIT_CARD
7483338,3176,2010-01-03,20561,DEBIT_CARD
7483339,1977,2010-01-03,18563,DEBIT_CARD
7483340,4536,2010-01-03,20561,DEBIT_CARD
7483342,308,2010-01-03,25705,CREDIT_CARD
7483343,6600,2010-01-03,59935,CREDIT_CARD
7483344,186,2010-01-03,22204,DEBIT_CARD
7483346,17100,2010-01-03,59474,CREDIT_CARD
7483347,257,2010-01-03,45926,DEBIT_CARD
7483348,328,2010-01-03,92883,CREDIT_CARD
7483349,409,2010-01-03,50783,CREDIT_CARD
7483352,867,2010-01-03,55528,CREDIT_CARD
7483353,1211,2010-01-03,67570,DEBIT_CARD
7483354,4325,2010-01-03,59935,CREDIT_CARD
7483355,10000,2010-01-03,27092,CREDIT_CARD
7483356,2257,2010-01-03,39021,DEBIT_CARD
7483357,1491,2010-01-03,20561,DEBIT_CARD
7483358,5439,2010-01-03,71667,DEBIT_CARD
7483360,1986,2010-01-03,50783,DEBIT_CARD
7483361,792,2010-01-03,72698,DEBIT_CARD
7483362,5136,2010-01-03,60569,CREDIT_CARD
7483363,38,2010-01-03,59935,DEBIT_CARD
7483364,705,2010-01-03,79664,CREDIT_CARD
7483365,3768,2010-01-03,66558,DEBIT_CARD
7483367,288,2010-01-03,59531,DEBIT_CARD
7483368,8700,2010-01-03,61195,DEBIT_CARD
7483369,3699,2010-01-03,99370,DEBIT_CARD
7483370,5785,2010-01-03,59935,DEBIT_CARD
7483371,9400,2010-01-03,59935,DEBIT_CARD
7483372,376,2010-01-03,49789,DEBIT_CARD
7483374,1641,2010-01-03,91363,DEBIT_CARD
7483375,183,2010-01-03,14528,DEBIT_CARD
7483376,9382,2010-01-03,9932,DEBIT_CARD
7483377,3402,2010-01-03,71904,DEBIT_CARD
7483378,12000,2010-01-03,27092,DEBIT_CARD
7483381,384,2010-01-03,91128,DEBIT_CARD
7483382,12000,2010-01-03,27092,DEBIT_CARD
7483383,5359,2010-01-03,67476,DEBIT_CARD
7483384,2908,2010-01-03,54850,DEBIT_CARD
7483386,2310,2010-01-03,18563,DEBIT_CARD
7483387,9900,2010-01-03,26810,DEBIT_CARD
7483388,368,2010-01-03,25887,DEBIT_CARD
7483389,3187,2010-01-03,50783,CREDIT_CARD
7483391,216,2010-01-03,50783,CREDIT_CARD
7483394,2734,2010-01-03,18563,DEBIT_CARD
7483396,937,2010-01-03,18441,DEBIT_CARD
7483397,6811,2010-01-03,20561,DEBIT_CARD
7483398,394,2010-01-03,20519,DEBIT_CARD
7483399,1645,2010-01-03,20519,DEBIT_CARD
7483401,6367,2010-01-03,75781,CREDIT_CARD
7483402,3292,2010-01-03,32175,DEBIT_CARD
7483404,1364,2010-01-03,47399,CREDIT_CARD
7483406,8948,2010-01-03,36936,DEBIT_CARD
7483407,12198,2010-01-03,85090,CREDIT_CARD
7483408,291,2010-01-03,75781,DEBIT_CARD
7483410,6000,2010-01-03,27092,DEBIT_CARD
7483411,326,2010-01-03,20884,DEBIT_CARD
7483412,1272,2010-01-03,64032,CREDIT_CARD
7483413,373,2010-01-03,20519,DEBIT_CARD
7483415,381,2010-01-03,20519,DEBIT_CARD
7483417,4082,2010-01-03,59935,CREDIT_CARD
7483418,5597,2010-01-03,59935,DEBIT_CARD
7483419,128,2010-01-03,14528,CREDIT_CARD
7483420,607,2010-01-03,13097,DEBIT_CARD
7483421,22661,2010-01-03,17976,CREDIT_CARD
7483422,335,2010-01-03,84184,DEBIT_CARD
7483423,10000,2010-01-03,27092,CREDIT_CARD
7483424,4450,2010-01-03,61195,DEBIT_CARD
7483425,7485,2010-01-03,60569,CREDIT_CARD
7483426,1296,2010-01-03,4312,CREDIT_CARD
7483427,4204,2010-01-03,16798,CREDIT_CARD
7483430,2120,2010-01-03,50783,DEBIT_CARD
7483431,618,2010-01-03,17275,DEBIT_CARD
7483432,5100,2010-01-03,59935,CREDIT_CARD
7483434,3269,2010-01-03,18563,DEBIT_CARD
7483435,155,2010-01-03,22204,DEBIT_CARD
7483436,2847,2010-01-03,60569,DEBIT_CARD
7483437,1932,2010-01-03,710,DEBIT_CARD
7483438,2174,2010-01-03,81833,DEBIT_CARD
7483440,2042,2010-01-03,94973,DEBIT_CARD
7483441,1276,2010-01-03,20561,CREDIT_CARD
7483442,2271,2010-01-03,45926,CREDIT_CARD
7483443,3216,2010-01-03,13646,DEBIT_CARD
7483444,559,2010-01-03,26810,DEBIT_CARD
7483446,848,2010-01-03,28032,CREDIT_CARD
7483447,7909,2010-01-03,13076,DEBIT_CARD
7483448,1673,2010-01-03,81833,DEBIT_CARD
7483449,3452,2010-01-03,50404,DEBIT_CARD
7483450,1384,2010-01-03,50783,DEBIT_CARD
7483453,1298,2010-01-03,81833,CREDIT_CARD
7483454,8700,2010-01-03,59935,DEBIT_CARD
7483455,1517,2010-01-03,39021,DEBIT_CARD
7483456,294,2010-01-03,40800,CREDIT_CARD
7483458,2994,2010-01-03,11529,DEBIT_CARD
7483459,5782,2010-01-03,50072,DEBIT_CARD
7483460,631,2010-01-03,20519,DEBIT_CARD
7483461,3121,2010-01-03,96958,CREDIT_CARD
7483462,493,2010-01-03,98648,DEBIT_CARD
7483463,203,2010-01-03,59397,DEBIT_CARD
7483467,3982,2010-01-03,15143,DEBIT_CARD
7483469,1004,2010-01-03,32858,CREDIT_CARD
7483470,661,2010-01-03,20519,DEBIT_CARD
7483472,5379,2010-01-03,49789,DEBIT_CARD
7483474,4865,2010-01-03,26810,DEBIT_CARD
7483475,378,2010-01-03,59935,DEBIT_CARD
7483476,3947,2010-01-03,96246,CREDIT_CARD
7483477,98,2010-01-03,83271,DEBIT_CARD
7483478,892,2010-01-03,60354,DEBIT_CARD
7483479,3375,2010-01-03,39021,CREDIT_CARD
7483480,226,2010-01-03,50783,DEBIT_CARD
7483481,2755,2010-01-03,20519,DEBIT_CARD
7483483,293,2010-01-03,78454,DEBIT_CARD
7483484,3057,2010-01-03,56654,CREDIT_CARD
7483486,834,2010-01-03,45926,CREDIT_CARD
7483487,9876,2010-01-03,53836,DEBIT_CARD
7483488,3974,2010-01-03,26225,DEBIT_CARD
7483489,254,2010-01-03,44919,CREDIT_CARD
7483491,136,2010-01-03,86438,CREDIT_CARD
7483492,1175,2010-01-03,45926,DEBIT_CARD
7483494,10000,2010-01-03,27092,DEBIT_CARD
7483495,5083,2010-01-03,43293,DEBIT_CARD
7483496,729,2010-01-03,23695,DEBIT_CARD
7483497,2681,2010-01-03,96457,CREDIT_CARD
7483498,8400,2010-01-03,61195,DEBIT_CARD
7483499,271,2010-01-03,98735,DEBIT_CARD
7483501,11973,2010-01-03,7710,DEBIT_CARD
7483502,227,2010-01-03,75781,DEBIT_CARD
7483503,754,2010-01-03,18563,CREDIT_CARD
7483504,9200,2010-01-03,59935,DEBIT_CARD
7483505,694,2010-01-03,32858,DEBIT_CARD
7483506,263,2010-01-03,75781,DEBIT_CARD
7483508,1762,2010-01-03,50404,DEBIT_CARD
7483510,346,2010-01-03,61195,DEBIT_CARD
7483512,2729,2010-01-03,16798,DEBIT_CARD
7483513,5252,2010-01-03,61195,DEBIT_CARD
7483514,469,2010-01-03,43400,DEBIT_CARD
7483515,3890,2010-01-03,39021,DEBIT_CARD
7483517,1141,2010-01-03,24928,DEBIT_CARD
7483519,5200,2010-01-03,49789,DEBIT_CARD
7483521,204,2010-01-03,75936,DEBIT_CARD
7483522,581,2010-01-03,81833,DEBIT_CARD
7483523,1607,2010-01-03,24504,CREDIT_CARD
7483524,8800,2010-01-03,43293,DEBIT_CARD
7483525,339,2010-01-03,23481,DEBIT_CARD
7483526,859,2010-01-03,99224,DEBIT_CARD
7483527,11276,2010-01-03,43293,DEBIT_CARD
7483528,250,2010-01-03,44919,CREDIT_CARD
7483529,5934,2010-01-03,59935,DEBIT_CARD
7483530,2301,2010-01-03,16798,CREDIT_CARD
7483532,310,2010-01-03,1240,DEBIT_CARD
7483533,4630,2010-01-03,60569,DEBIT_CARD
7483535,7062,2010-01-03,26810,DEBIT_CARD
7483534,7600,2010-01-03,26810,DEBIT_CARD
7483536,2620,2010-01-03,61195,DEBIT_CARD
7483537,228,2010-01-03,50783,DEBIT_CARD
7483538,1421,2010-01-03,55528,CREDIT_CARD
7483540,1735,2010-01-03,25887,DEBIT_CARD
7483541,838,2010-01-03,55177,DEBIT_CARD
7483542,1815,2010-01-03,16798,DEBIT_CARD
7483544,140,2010-01-03,20519,DEBIT_CARD
7483545,156,2010-01-03,86438,DEBIT_CARD
7483546,3932,2010-01-03,49789,DEBIT_CARD
7483548,2109,2010-01-03,59935,DEBIT_CARD
7483549,1312,2010-01-03,30928,CREDIT_CARD
7483550,4429,2010-01-03,39021,DEBIT_CARD
7483553,110,2010-01-03,84910,CREDIT_CARD
7483554,584,2010-01-03,44578,DEBIT_CARD
7483556,3834,2010-01-03,55854,CREDIT_CARD
7483557,4915,2010-01-03,75781,DEBIT_CARD
7483558,10742,2010-01-03,72698,DEBIT_CARD
7483560,212,2010-01-03,26603,DEBIT_CARD
7483561,2950,2010-01-03,8471,CREDIT_CARD
7483562,655,2010-01-03,17275,DEBIT_CARD
7483563,2175,2010-01-03,59935,CREDIT_CARD
7483564,301,2010-01-03,21842,CREDIT_CARD
7483566,8800,2010-01-03,61195,DEBIT_CARD
7483567,4525,2010-01-03,14565,CREDIT_CARD
7483568,1597,2010-01-03,85247,DEBIT_CARD
7483569,123,2010-01-03,80711,DEBIT_CARD
7483570,877,2010-01-03,22204,DEBIT_CARD
7483571,3927,2010-01-03,15143,DEBIT_CARD
7483573,7100,2010-01-03,43293,DEBIT_CARD
7483574,9483,2010-01-03,3654,DEBIT_CARD
7483575,296,2010-01-03,98648,DEBIT_CARD
7483576,12000,2010-01-03,27092,CREDIT_CARD
7483577,266,2010-01-03,61195,DEBIT_CARD
7483578,1045,2010-01-03,20519,DEBIT_CARD
7483579,160,2010-01-03,14528,DEBIT_CARD
7483580,7562,2010-01-03,9924,DEBIT_CARD
7483581,2758,2010-01-03,50783,DEBIT_CARD
7483582,1495,2010-01-03,20519,CREDIT_CARD
7483584,8300,2010-01-03,59935,CREDIT_CARD
7483585,7000,2010-01-03,59935,DEBIT_CARD
7483586,3012,2010-01-03,96774,DEBIT_CARD
7483589,221,2010-01-03,47033,DEBIT_CARD
7483590,13242,2010-01-03,20916,DEBIT_CARD
7483592,6000,2010-01-03,27092,DEBIT_CARD
7483593,65,2010-01-03,75781,CREDIT_CARD
7483594,185,2010-01-03,75936,DEBIT_CARD
7483597,401,2010-01-03,98374,DEBIT_CARD
7483598,1249,2010-01-03,65551,DEBIT_CARD
7483599,5373,2010-01-03,60569,CREDIT_CARD
7483600,11005,2010-01-03,726,DEBIT_CARD
7483601,10757,2010-01-03,68668,CREDIT_CARD
7483602,4849,2010-01-03,50404,CREDIT_CARD
7483604,2057,2010-01-03,41080,CREDIT_CARD
7483606,5760,2010-01-03,61195,DEBIT_CARD
7483607,3394,2010-01-03,59935,DEBIT_CARD
7483609,84,2010-01-03,50867,DEBIT_CARD
7483610,2652,2010-01-03,34490,CREDIT_CARD
7483611,3652,2010-01-03,18563,CREDIT_CARD
7483612,10000,2010-01-03,27092,CREDIT_CARD
7483613,16,2010-01-03,75781,DEBIT_CARD
7483615,41,2010-01-03,75781,CREDIT_CARD
7483618,334,2010-01-03,22204,DEBIT_CARD
7483619,3933,2010-01-03,7472,DEBIT_CARD
7483620,3785,2010-01-03,20561,DEBIT_CARD
7483622,17434,2010-01-03,31707,CREDIT_CARD
7483623,14000,2010-01-03,27092,CREDIT_CARD
7483624,5900,2010-01-03,59935,DEBIT_CARD
7483625,275,2010-01-03,50783,CREDIT_CARD
7483627,5200,2010-01-03,59935,CREDIT_CARD
7483628,589,2010-01-03,75936,DEBIT_CARD
7483629,5100,2010-01-03,59935,CREDIT_CARD
7483630,3543,2010-01-03,24823,CREDIT_CARD
7483632,113,2010-01-03,16798,DEBIT_CARD
7483634,5839,2010-01-03,59935,DEBIT_CARD
7483633,5500,2010-01-03,59935,DEBIT_CARD
7483635,5800,2010-01-03,59935,DEBIT_CARD
7483636,9986,2010-01-03,26909,DEBIT_CARD
7483637,8386,2010-01-03,24823,CREDIT_CARD
7483640,286,2010-01-03,7886,CREDIT_CARD
7483641,261,2010-01-03,50783,DEBIT_CARD
7483643,10202,2010-01-03,31707,DEBIT_CARD
7483644,8146,2010-01-03,32355,DEBIT_CARD
7483645,349,2010-01-03,44578,CREDIT_CARD
7483648,369,2010-01-03,75936,DEBIT_CARD
7483649,8000,2010-01-03,27092,DEBIT_CARD
7483650,885,2010-01-03,25887,DEBIT_CARD
7483651,369,2010-01-03,44919,DEBIT_CARD
7483652,2469,2010-01-03,50783,DEBIT_CARD
7483658,1633,2010-01-03,33841,CREDIT_CARD
7483659,3478,2010-01-03,42858,CREDIT_CARD
7483660,506,2010-01-03,75781,DEBIT_CARD
7483661,7700,2010-01-03,59935,DEBIT_CARD
7483662,9900,2010-01-03,50867,CREDIT_CARD
7483663,2931,2010-01-03,7472,DEBIT_CARD
7483664,704,2010-01-03,78854,DEBIT_CARD
7483665,499,2010-01-03,75781,DEBIT_CARD
7483666,1574,2010-01-03,83480,CREDIT_CARD
7483667,4628,2010-01-03,39021,DEBIT_CARD
7483668,21080,2010-01-03,73535,CREDIT_CARD
7483669,1144,2010-01-03,18563,CREDIT_CARD
7483670,14460,2010-01-03,59935,DEBIT_CARD
7483671,4738,2010-01-03,8797,DEBIT_CARD
7483672,6065,2010-01-03,64057,DEBIT_CARD
7483673,250,2010-01-03,75781,DEBIT_CARD
7483674,2636,2010-01-03,86334,DEBIT_CARD
7483677,2676,2010-01-03,13646,CREDIT_CARD
7483678,12000,2010-01-03,27092,DEBIT_CARD
7483679,4636,2010-01-03,13646,DEBIT_CARD
7483680,1128,2010-01-03,20561,CREDIT_CARD
7483682,2332,2010-01-03,39021,DEBIT_CARD
7483685,3384,2010-01-03,73958,DEBIT_CARD
7483686,2817,2010-01-03,39021,CREDIT_CARD
7483687,167,2010-01-03,41854,DEBIT_CARD
7483688,646,2010-01-03,69972,DEBIT_CARD
7483689,31910,2010-01-03,75393,CREDIT_CARD
7483690,270,2010-01-03,50783,DEBIT_CARD
7483691,1658,2010-01-03,12614,DEBIT_CARD
7483692,13443,2010-01-03,26909,DEBIT_CARD
7483693,277,2010-01-03,75936,DEBIT_CARD
7483694,3343,2010-01-03,87858,DEBIT_CARD
7483695,257,2010-01-03,59935,CREDIT_CARD
7483696,1893,2010-01-03,18563,DEBIT_CARD
7483697,483,2010-01-03,61195,DEBIT_CARD
7483698,242,2010-01-03,16339,DEBIT_CARD
7483699,186,2010-01-03,86438,DEBIT_CARD
7483700,8652,2010-01-03,59935,CREDIT_CARD
7483701,5403,2010-01-03,37369,DEBIT_CARD
7483704,2258,2010-01-03,39021,DEBIT_CARD
7483705,9505,2010-01-03,61195,DEBIT_CARD
7483706,10000,2010-01-03,27092,DEBIT_CARD
7483707,2121,2010-01-03,7021,CREDIT_CARD
7483708,265,2010-01-03,79847,DEBIT_CARD
7483709,524,2010-01-03,55137,DEBIT_CARD
7483710,209,2010-01-03,49789,DEBIT_CARD
7483711,6736,2010-01-03,61195,DEBIT_CARD
7483712,1775,2010-01-03,20561,CREDIT_CARD
7483713,15464,2010-01-03,70903,CREDIT_CARD
7483714,2501,2010-01-03,15143,CREDIT_CARD
7483715,326,2010-01-03,12067,DEBIT_CARD
7483717,114,2010-01-03,44578,DEBIT_CARD
7483718,23,2010-01-03,75781,DEBIT_CARD
7483720,8513,2010-01-03,61195,DEBIT_CARD
7483721,3999,2010-01-03,97191,CREDIT_CARD
7483722,5513,2010-01-03,86959,DEBIT_CARD
7483723,62,2010-01-03,14528,DEBIT_CARD
7483724,226,2010-01-03,43293,DEBIT_CARD
7483725,6800,2010-01-03,61195,DEBIT_CARD
7483727,3012,2010-01-03,50404,DEBIT_CARD
7483728,1514,2010-01-03,88852,DEBIT_CARD
7483729,7094,2010-01-03,32175,CREDIT_CARD
7483731,1611,2010-01-03,3033,CREDIT_CARD
7483732,7086,2010-01-03,18215,CREDIT_CARD
7483733,3821,2010-01-03,20561,DEBIT_CARD
7483734,2505,2010-01-03,20561,DEBIT_CARD
7483735,2444,2010-01-03,212,CREDIT_CARD
7483736,262,2010-01-03,17493,DEBIT_CARD
7483737,3271,2010-01-03,59935,CREDIT_CARD
7483739,3058,2010-01-03,75781,CREDIT_CARD
7483743,4855,2010-01-03,50867,CREDIT_CARD
7483744,21558,2010-01-03,78644,CREDIT_CARD
7483745,2536,2010-01-03,50783,DEBIT_CARD
7483746,10000,2010-01-03,27092,DEBIT_CARD
7483748,273,2010-01-03,20519,DEBIT_CARD
7483749,2857,2010-01-03,24437,DEBIT_CARD
7483750,10000,2010-01-03,27092,DEBIT_CARD
7483751,345,2010-01-03,16999,CREDIT_CARD
7483752,3647,2010-01-03,39021,DEBIT_CARD
7483753,48,2010-01-03,20519,DEBIT_CARD
7483754,6600,2010-01-03,61195,DEBIT_CARD
7483755,2410,2010-01-03,4985,DEBIT_CARD
7483757,415,2010-01-03,87625,DEBIT_CARD
7483758,272,2010-01-03,20519,DEBIT_CARD
7483760,1119,2010-01-03,61195,DEBIT_CARD
7483762,2935,2010-01-03,59935,DEBIT_CARD
7483763,584,2010-01-03,88998,DEBIT_CARD
7483764,859,2010-01-03,59935,DEBIT_CARD
7483765,194,2010-01-03,9078,DEBIT_CARD
7483766,1447,2010-01-03,95567,DEBIT_CARD
7483767,728,2010-01-03,9254,DEBIT_CARD
7483768,4919,2010-01-03,39021,DEBIT_CARD
7483770,1021,2010-01-03,17678,CREDIT_CARD
7483773,322,2010-01-03,16283,DEBIT_CARD
7483774,3670,2010-01-03,75781,DEBIT_CARD
7483777,885,2010-01-03,53635,DEBIT_CARD
7483778,6020,2010-01-03,59935,DEBIT_CARD
7483779,275,2010-01-03,98648,DEBIT_CARD
7483781,5038,2010-01-03,94625,DEBIT_CARD
7483782,574,2010-01-03,61195,CREDIT_CARD
7483783,6451,2010-01-03,78312,DEBIT_CARD
7483784,2624,2010-01-03,96246,DEBIT_CARD
7483785,235,2010-01-03,59397,DEBIT_CARD
7483787,411,2010-01-03,27664,DEBIT_CARD
7483788,454,2010-01-03,47399,DEBIT_CARD
7483789,182,2010-01-03,20519,DEBIT_CARD
7483790,153,2010-01-03,63573,CREDIT_CARD
7483791,4583,2010-01-03,85041,CREDIT_CARD
7483792,124,2010-01-03,14528,CREDIT_CARD
7483794,3171,2010-01-03,19964,DEBIT_CARD
7483796,489,2010-01-03,50783,CREDIT_CARD
7483797,9927,2010-01-03,24823,DEBIT_CARD
7483798,702,2010-01-03,50783,DEBIT_CARD
7483799,5500,2010-01-03,59935,DEBIT_CARD
7483801,1320,2010-01-03,60569,DEBIT_CARD
7483802,335,2010-01-03,25093,DEBIT_CARD
7483803,183,2010-01-03,50783,DEBIT_CARD
7483804,3929,2010-01-03,12554,CREDIT_CARD
7483805,6706,2010-01-03,80589,CREDIT_CARD
7483806,2062,2010-01-03,56579,CREDIT_CARD
7483807,675,2010-01-03,10792,DEBIT_CARD
7483808,281,2010-01-03,61195,DEBIT_CARD
7483809,6814,2010-01-03,61195,CREDIT_CARD
7483810,4951,2010-01-03,34490,DEBIT_CARD
7483811,1672,2010-01-03,94123,DEBIT_CARD
7483812,52,2010-01-03,43293,DEBIT_CARD
7483813,101,2010-01-03,14528,DEBIT_CARD
7483815,3425,2010-01-03,16798,DEBIT_CARD
7483816,496,2010-01-03,26810,DEBIT_CARD
7483817,10959,2010-01-03,80374,DEBIT_CARD
7483818,1424,2010-01-03,88183,CREDIT_CARD
7483819,69,2010-01-03,14528,DEBIT_CARD
7483820,2712,2010-01-03,18563,CREDIT_CARD
7483821,6605,2010-01-03,43449,DEBIT_CARD
7483823,256,2010-01-03,847,DEBIT_CARD
7483824,7423,2010-01-03,79927,DEBIT_CARD
7483826,5568,2010-01-03,50783,DEBIT_CARD
7483827,7500,2010-01-03,59935,DEBIT_CARD
7483828,986,2010-01-03,78454,DEBIT_CARD
7483829,254,2010-01-03,50783,DEBIT_CARD
7483830,2865,2010-01-03,49789,CREDIT_CARD
7483832,338,2010-01-03,20519,DEBIT_CARD
7483834,315,2010-01-03,53054,CREDIT_CARD
7483835,358,2010-01-03,47944,CREDIT_CARD
7483836,190,2010-01-03,39688,CREDIT_CARD
7483837,5294,2010-01-03,59935,DEBIT_CARD
7483838,12584,2010-01-03,98374,CREDIT_CARD
7483839,73,2010-01-03,14528,DEBIT_CARD
7483840,3252,2010-01-03,81833,CREDIT_CARD
7483841,298,2010-01-03,81833,CREDIT_CARD
7483842,339,2010-01-03,20519,DEBIT_CARD
7483843,825,2010-01-03,83038,DEBIT_CARD
7483846,149,2010-01-03,35451,DEBIT_CARD
7483847,3548,2010-01-03,15143,CREDIT_CARD
7483849,4802,2010-01-03,75781,CREDIT_CARD
7483850,2818,2010-01-03,15143,CREDIT_CARD
7483851,6919,2010-01-03,64057,DEBIT_CARD
7483852,238,2010-01-03,19159,DEBIT_CARD
7483854,1321,2010-01-03,50783,DEBIT_CARD
7483855,330,2010-01-03,59935,DEBIT_CARD
7483856,695,2010-01-03,12547,DEBIT_CARD
7483857,824,2010-01-03,20519,CREDIT_CARD
7483858,14465,2010-01-03,18131,DEBIT_CARD
7483859,5278,2010-01-03,65881,DEBIT_CARD
7483860,915,2010-01-03,60569,DEBIT_CARD
7483861,6000,2010-01-03,27092,CREDIT_CARD
7483862,299,2010-01-03,35451,DEBIT_CARD
7483864,1830,2010-01-03,20519,DEBIT_CARD
7483865,3034,2010-01-03,83480,DEBIT_CARD
7483866,2152,2010-01-03,16798,DEBIT_CARD
7483868,2680,2010-01-03,24437,DEBIT_CARD
7483871,485,2010-01-03,50299,DEBIT_CARD
7483872,3,2010-01-03,81833,DEBIT_CARD
7483873,4786,2010-01-03,60569,DEBIT_CARD
7483874,12322,2010-01-03,48919,CREDIT_CARD
7483875,232,2010-01-03,50783,DEBIT_CARD
7483876,442,2010-01-03,61195,DEBIT_CARD
7483877,7307,2010-01-03,42233,CREDIT_CARD
7483878,6153,2010-01-03,79927,DEBIT_CARD
7483879,684,2010-01-03,74363,DEBIT_CARD
7483883,3429,2010-01-03,61195,DEBIT_CARD
7483884,11281,2010-01-03,17135,DEBIT_CARD
7483885,385,2010-01-03,32671,DEBIT_CARD
7483886,217,2010-01-03,40663,CREDIT_CARD
7483888,4665,2010-01-03,34490,DEBIT_CARD
7483889,42,2010-01-03,14528,CREDIT_CARD
7483890,3723,2010-01-03,67570,DEBIT_CARD
7483892,411,2010-01-03,42045,CREDIT_CARD
7483894,16249,2010-01-03,54850,DEBIT_CARD
7483896,324,2010-01-03,50783,DEBIT_CARD
7483897,11295,2010-01-03,30928,DEBIT_CARD
7483899,1026,2010-01-03,92883,DEBIT_CARD
7483900,10000,2010-01-03,27092,CREDIT_CARD
7483902,2701,2010-01-03,20519,CREDIT_CARD
7483903,797,2010-01-03,67070,CREDIT_CARD
7483905,5600,2010-01-03,59935,DEBIT_CARD
7483906,4697,2010-01-03,59935,DEBIT_CARD
7483907,1881,2010-01-03,11468,CREDIT_CARD
7483909,5388,2010-01-03,79927,DEBIT_CARD
7483910,5811,2010-01-03,36052,DEBIT_CARD
7483911,318,2010-01-03,50783,CREDIT_CARD
7483912,27700,2010-01-03,7777,CREDIT_CARD
7483913,1744,2010-01-03,12047,DEBIT_CARD
7483914,4181,2010-01-03,39021,DEBIT_CARD
7483916,138,2010-01-03,75936,DEBIT_CARD
7483917,7413,2010-01-03,50867,DEBIT_CARD
7483918,8015,2010-01-03,20561,CREDIT_CARD
7483919,695,2010-01-03,50783,DEBIT_CARD
7483920,483,2010-01-03,75781,DEBIT_CARD
7483921,4300,2010-01-03,20519,CREDIT_CARD
7483923,741,2010-01-03,22204,DEBIT_CARD
7483924,10336,2010-01-03,86369,DEBIT_CARD
7483926,9500,2010-01-03,50867,DEBIT_CARD
7483927,924,2010-01-03,24504,DEBIT_CARD
7483928,10199,2010-01-03,59935,DEBIT_CARD
7483929,286,2010-01-03,22204,DEBIT_CARD
7483930,1331,2010-01-03,61195,DEBIT_CARD
7483933,8000,2010-01-03,27092,CREDIT_CARD
7483934,457,2010-01-03,72351,DEBIT_CARD
7483935,74826,2010-01-03,89448,DEBIT_CARD
7483937,839,2010-01-03,45926,DEBIT_CARD
7483938,6000,2010-01-03,27092,DEBIT_CARD
7483939,6555,2010-01-03,69956,CREDIT_CARD
7483940,3547,2010-01-03,15143,DEBIT_CARD
7483941,324,2010-01-03,59935,CREDIT_CARD
7483942,1511,2010-01-03,47131,DEBIT_CARD
7483944,373,2010-01-03,59397,DEBIT_CARD
7483945,1115,2010-01-03,22204,CREDIT_CARD
7483946,2656,2010-01-03,83271,CREDIT_CARD
7483947,6700,2010-01-03,61195,CREDIT_CARD
7483949,8700,2010-01-03,61195,DEBIT_CARD
7483950,23143,2010-01-03,23412,DEBIT_CARD
7483951,7700,2010-01-03,43293,DEBIT_CARD
7483952,7100,2010-01-03,59935,CREDIT_CARD
7483953,3647,2010-01-03,63683,CREDIT_CARD
7483954,4369,2010-01-03,48618,DEBIT_CARD
7483955,6490,2010-01-03,37369,CREDIT_CARD
7483958,704,2010-01-03,44919,DEBIT_CARD
7483959,194,2010-01-03,22204,DEBIT_CARD
7483961,4293,2010-01-03,59935,CREDIT_CARD
7483962,8120,2010-01-03,60569,CREDIT_CARD
7483963,169,2010-01-03,20561,CREDIT_CARD
7483964,649,2010-01-03,44578,DEBIT_CARD
7483967,1635,2010-01-03,81833,CREDIT_CARD
7483968,189,2010-01-03,20519,CREDIT_CARD
7483969,4220,2010-01-03,34490,DEBIT_CARD
7483970,5200,2010-01-03,61195,DEBIT_CARD
7483973,244,2010-01-03,61968,DEBIT_CARD
7483974,386,2010-01-03,10792,CREDIT_CARD
7483975,9110,2010-01-03,32175,DEBIT_CARD
7483977,8314,2010-01-03,48618,DEBIT_CARD
7483978,365,2010-01-03,88646,DEBIT_CARD
7483979,2452,2010-01-03,11468,CREDIT_CARD
7483981,2519,2010-01-03,50783,DEBIT_CARD
7483982,71,2010-01-03,17802,DEBIT_CARD
7483983,3762,2010-01-03,85268,CREDIT_CARD
7483984,2620,2010-01-03,20519,DEBIT_CARD
7483986,4465,2010-01-03,39021,DEBIT_CARD
7483987,237,2010-01-03,98374,CREDIT_CARD
7483989,9921,2010-01-03,18215,DEBIT_CARD
7483990,5784,2010-01-03,18215,DEBIT_CARD
7483991,226,2010-01-03,84910,CREDIT_CARD
7483992,1013,2010-01-03,61195,CREDIT_CARD
7483995,1306,2010-01-03,16798,DEBIT_CARD
7483996,321,2010-01-03,50783,DEBIT_CARD
7483997,8439,2010-01-03,60569,DEBIT_CARD
7483998,4438,2010-01-03,32175,DEBIT_CARD
7484002,7800,2010-01-03,99370,DEBIT_CARD
7484003,2603,2010-01-03,61195,CREDIT_CARD
7484004,543,2010-01-03,12014,CREDIT_CARD
7484005,9300,2010-01-03,59935,DEBIT_CARD
7484006,149,2010-01-03,69972,DEBIT_CARD
7484007,4085,2010-01-03,61195,DEBIT_CARD
7484008,5181,2010-01-03,22204,DEBIT_CARD
7484010,1317,2010-01-03,61195,DEBIT_CARD
7484012,2405,2010-01-03,83070,DEBIT_CARD
7484013,1775,2010-01-03,75781,DEBIT_CARD
7484014,247,2010-01-03,82329,DEBIT_CARD
7484015,519,2010-01-03,55730,CREDIT_CARD
7484017,87,2010-01-03,50783,DEBIT_CARD
7484018,1214,2010-01-03,97974,DEBIT_CARD
7484020,1233,2010-01-03,76883,CREDIT_CARD
7484023,100,2010-01-03,86438,DEBIT_CARD
7484024,2473,2010-01-03,20519,DEBIT_CARD
7484026,2017,2010-01-03,16798,CREDIT_CARD
7484027,6000,2010-01-03,27092,DEBIT_CARD
7484028,9000,2010-01-03,61195,DEBIT_CARD
7484029,113,2010-01-03,61579,DEBIT_CARD
7484030,350,2010-01-03,88646,DEBIT_CARD
7484032,2148,2010-01-03,99860,CREDIT_CARD
7484033,2402,2010-01-03,87071,DEBIT_CARD
7484034,1834,2010-01-03,16798,DEBIT_CARD
7484035,343,2010-01-03,10156,CREDIT_CARD
7484036,28810,2010-01-03,19964,DEBIT_CARD
7484037,7773,2010-01-03,66330,CREDIT_CARD
7484039,6699,2010-01-03,43293,DEBIT_CARD
7484040,39407,2010-01-03,13523,CREDIT_CARD
7484041,5720,2010-01-03,61195,DEBIT_CARD
7484042,1466,2010-01-03,45926,DEBIT_CARD
7484043,7234,2010-01-03,36934,DEBIT_CARD
7484046,1652,2010-01-03,37564,DEBIT_CARD
7484047,5067,2010-01-03,28823,CREDIT_CARD
7484048,6999,2010-01-03,15143,CREDIT_CARD
7484049,260,2010-01-03,50783,DEBIT_CARD
7484052,3177,2010-01-03,82981,DEBIT_CARD
7484053,697,2010-01-03,45926,DEBIT_CARD
7484055,3941,2010-01-03,63683,DEBIT_CARD
7484056,394,2010-01-03,20519,DEBIT_CARD
7484057,136,2010-01-03,78454,CREDIT_CARD
7484058,1245,2010-01-03,98374,CREDIT_CARD
7484059,11052,2010-01-03,22204,CREDIT_CARD
7484060,1852,2010-01-03,59397,CREDIT_CARD
7484061,7165,2010-01-03,8091,CREDIT_CARD
7484065,285,2010-01-03,49571,CREDIT_CARD
7484066,1651,2010-01-03,68671,DEBIT_CARD
7484067,3298,2010-01-03,20561,DEBIT_CARD
7484068,209,2010-01-03,50783,DEBIT_CARD
7484069,12000,2010-01-03,27092,DEBIT_CARD
7484070,4489,2010-01-03,34490,DEBIT_CARD
7484071,1773,2010-01-03,24504,CREDIT_CARD
7484072,109,2010-01-03,14528,DEBIT_CARD
7484074,2513,2010-01-03,50867,DEBIT_CARD
7484075,427,2010-01-03,91886,DEBIT_CARD
7484078,3860,2010-01-03,8922,DEBIT_CARD
7484079,225,2010-01-03,67406,CREDIT_CARD
7484080,289,2010-01-03,61195,DEBIT_CARD
7484081,175,2010-01-03,14528,DEBIT_CARD
7484083,4389,2010-01-03,61195,DEBIT_CARD
7484084,8162,2010-01-03,70903,DEBIT_CARD
7484085,1125,2010-01-03,67839,DEBIT_CARD
7484086,38797,2010-01-03,78644,DEBIT_CARD
7484089,19115,2010-01-03,45854,DEBIT_CARD
7484090,1357,2010-01-03,71667,DEBIT_CARD
7484091,560,2010-01-03,73250,DEBIT_CARD
7484093,270,2010-01-03,61195,CREDIT_CARD
7484094,1678,2010-01-03,20519,DEBIT_CARD
7484095,6000,2010-01-03,27092,CREDIT_CARD
7484096,458,2010-01-03,29220,CREDIT_CARD
7484097,473,2010-01-03,2703,DEBIT_CARD
7484098,12000,2010-01-03,27092,CREDIT_CARD
7484100,4185,2010-01-03,39021,CREDIT_CARD
7484102,8000,2010-01-03,27092,DEBIT_CARD
7484104,3272,2010-01-03,18215,DEBIT_CARD
7484105,5781,2010-01-03,40096,DEBIT_CARD
7484106,874,2010-01-03,20561,CREDIT_CARD
7484107,90,2010-01-03,14528,DEBIT_CARD
7484108,297,2010-01-03,61195,DEBIT_CARD
7484109,3174,2010-01-03,32175,CREDIT_CARD
7484110,364,2010-01-03,48838,CREDIT_CARD
7484111,331,2010-01-03,50783,DEBIT_CARD
7484114,2887,2010-01-03,13523,CREDIT_CARD
7484115,8370,2010-01-03,59935,CREDIT_CARD
7484117,2793,2010-01-03,32858,DEBIT_CARD
7484118,2258,2010-01-03,83480,DEBIT_CARD
7484119,8749,2010-01-03,51547,DEBIT_CARD
7484120,538,2010-01-03,92883,CREDIT_CARD
7484122,3319,2010-01-03,58854,CREDIT_CARD
7484123,1614,2010-01-03,47061,DEBIT_CARD
7484124,344,2010-01-03,75781,CREDIT_CARD
7484125,2809,2010-01-03,18563,DEBIT_CARD
7484128,5795,2010-01-03,50783,DEBIT_CARD
7484129,9700,2010-01-03,59935,CREDIT_CARD
7484130,586,2010-01-03,15050,CREDIT_CARD
7484132,1623,2010-01-03,50783,DEBIT_CARD
7484133,9151,2010-01-03,70755,DEBIT_CARD
7484134,9411,2010-01-03,99370,DEBIT_CARD
7484138,2473,2010-01-03,48618,CREDIT_CARD
7484139,602,2010-01-03,61195,CREDIT_CARD
7484140,6405,2010-01-03,37369,CREDIT_CARD
7484141,1364,2010-01-03,39021,DEBIT_CARD
7484142,2408,2010-01-03,100,CREDIT_CARD
7484143,3324,2010-01-03,96912,CREDIT_CARD
7484145,871,2010-01-03,89100,CREDIT_CARD
7484146,7500,2010-01-03,50867,DEBIT_CARD
7484147,631,2010-01-03,75781,DEBIT_CARD
7484148,281,2010-01-03,61482,DEBIT_CARD
7484151,3524,2010-01-03,60569,DEBIT_CARD
7484152,265,2010-01-03,50783,DEBIT_CARD
7484154,11703,2010-01-03,92748,CREDIT_CARD
7484155,1128,2010-01-03,43293,CREDIT_CARD
7484156,3909,2010-01-03,39021,DEBIT_CARD
7484157,2773,2010-01-03,75781,CREDIT_CARD
7484158,3843,2010-01-03,39021,CREDIT_CARD
7484159,1331,2010-01-03,62709,DEBIT_CARD
7484160,381,2010-01-03,61195,DEBIT_CARD
7484161,8152,2010-01-03,81477,CREDIT_CARD
7484163,5458,2010-01-03,63298,DEBIT_CARD
7484165,3818,2010-01-03,79113,DEBIT_CARD
7484168,525,2010-01-03,57885,DEBIT_CARD
7484169,5142,2010-01-03,13646,DEBIT_CARD
7484170,684,2010-01-03,1710,DEBIT_CARD
7484171,6182,2010-01-03,20987,DEBIT_CARD
7484172,214,2010-01-03,59935,DEBIT_CARD
7484173,2155,2010-01-03,39021,DEBIT_CARD
7484174,620,2010-01-03,86410,DEBIT_CARD
7484175,191,2010-01-03,54836,DEBIT_CARD
7484176,871,2010-01-03,50544,DEBIT_CARD
7484177,295,2010-01-03,61195,DEBIT_CARD
7484178,2006,2010-01-03,39021,DEBIT_CARD
7484179,555,2010-01-03,20519,DEBIT_CARD
7484180,3010,2010-01-03,86306,DEBIT_CARD
7484182,1219,2010-01-03,51755,DEBIT_CARD
7484183,6900,2010-01-03,22204,CREDIT_CARD
7484184,2142,2010-01-03,57593,DEBIT_CARD
7484185,1604,2010-01-03,18215,DEBIT_CARD
7484187,3975,2010-01-03,48919,DEBIT_CARD
7484188,465,2010-01-03,88646,DEBIT_CARD
7484189,63978,2010-01-03,57386,CREDIT_CARD
7484190,10000,2010-01-03,27092,DEBIT_CARD
7484191,344,2010-01-03,33502,DEBIT_CARD
7484192,792,2010-01-03,60865,DEBIT_CARD
7484193,819,2010-01-03,42043,CREDIT_CARD
7484194,4912,2010-01-03,18131,CREDIT_CARD
7484195,216,2010-01-03,17493,DEBIT_CARD
7484196,330,2010-01-03,20519,CREDIT_CARD
7484197,2000,2010-01-03,27092,DEBIT_CARD
7484199,6285,2010-01-03,32175,CREDIT_CARD
7484200,10636,2010-01-03,99370,CREDIT_CARD
7484201,7800,2010-01-03,59935,CREDIT_CARD
7484202,9387,2010-01-03,84784,CREDIT_CARD
7484203,21,2010-01-03,14528,CREDIT_CARD
7484205,172,2010-01-03,69972,DEBIT_CARD
7484208,225,2010-01-03,39800,CREDIT_CARD
7484211,8000,2010-01-03,27092,CREDIT_CARD
7484212,1313,2010-01-03,50867,DEBIT_CARD
7484213,221,2010-01-03,5355,DEBIT_CARD
7484214,629,2010-01-03,60600,DEBIT_CARD
7484215,1185,2010-01-03,88459,DEBIT_CARD
7484216,80,2010-01-03,86438,DEBIT_CARD
7484217,255,2010-01-03,67989,DEBIT_CARD
7484218,238,2010-01-03,58954,DEBIT_CARD
7484220,340,2010-01-03,22938,DEBIT_CARD
7484221,740,2010-01-03,100169,DEBIT_CARD
7484222,1114,2010-01-03,88646,DEBIT_CARD
7484223,3481,2010-01-03,16798,DEBIT_CARD
7484224,415,2010-01-03,17493,DEBIT_CARD
7484225,3320,2010-01-03,32175,DEBIT_CARD
7484226,4219,2010-01-03,31893,DEBIT_CARD
7484227,137,2010-01-03,50783,CREDIT_CARD
7484228,283,2010-01-03,50783,DEBIT_CARD
7484229,2825,2010-01-03,39021,DEBIT_CARD
7484230,2746,2010-01-03,59935,CREDIT_CARD
7484231,12163,2010-01-03,65108,DEBIT_CARD
7484232,7365,2010-01-03,59935,DEBIT_CARD
7484233,880,2010-01-03,85999,DEBIT_CARD
7484234,1700,2010-01-03,83480,DEBIT_CARD
7484235,410,2010-01-03,46284,DEBIT_CARD
7484236,4851,2010-01-03,48618,DEBIT_CARD
7484238,4764,2010-01-03,39021,DEBIT_CARD
7484239,332,2010-01-03,22204,DEBIT_CARD
7484240,4558,2010-01-03,36934,DEBIT_CARD
7484241,2608,2010-01-03,20519,DEBIT_CARD
7484242,234,2010-01-03,50783,DEBIT_CARD
7484243,1315,2010-01-03,1903,DEBIT_CARD
7484244,1471,2010-01-03,42298,DEBIT_CARD
7484245,1660,2010-01-03,75781,DEBIT_CARD
7484247,172,2010-01-03,44578,DEBIT_CARD
7484248,10840,2010-01-03,18064,DEBIT_CARD
7484250,1735,2010-01-03,20519,CREDIT_CARD
7484251,5700,2010-01-03,43293,CREDIT_CARD
7484252,3041,2010-01-03,18215,DEBIT_CARD
7484253,6894,2010-01-03,39115,DEBIT_CARD
7484254,10039,2010-01-03,99370,CREDIT_CARD
7484255,354,2010-01-03,43293,DEBIT_CARD
7484257,13112,2010-01-03,70313,CREDIT_CARD
7484258,252,2010-01-03,38782,DEBIT_CARD
7484259,7796,2010-01-03,99370,CREDIT_CARD
7484260,3192,2010-01-03,79516,DEBIT_CARD
7484263,944,2010-01-03,35451,DEBIT_CARD
7484266,3160,2010-01-03,21739,DEBIT_CARD
7484267,533,2010-01-03,88646,DEBIT_CARD
7484268,6136,2010-01-03,32175,DEBIT_CARD
7484269,599,2010-01-03,50783,DEBIT_CARD
7484271,2252,2010-01-03,70979,DEBIT_CARD
7484272,6383,2010-01-03,76426,DEBIT_CARD
7484273,6000,2010-01-03,59935,DEBIT_CARD
7484274,11166,2010-01-03,50783,CREDIT_CARD
7484275,102,2010-01-03,14528,DEBIT_CARD
7484276,176,2010-01-03,43293,DEBIT_CARD
7484277,2924,2010-01-03,50783,DEBIT_CARD
7484278,10150,2010-01-03,13646,DEBIT_CARD
7484279,8471,2010-01-03,60569,DEBIT_CARD
7484280,459,2010-01-03,25717,DEBIT_CARD
7484281,1077,2010-01-03,69972,CREDIT_CARD
7484282,1919,2010-01-03,24997,DEBIT_CARD
7484283,2424,2010-01-03,29232,DEBIT_CARD
7484284,792,2010-01-03,60569,DEBIT_CARD
7484285,268,2010-01-03,69972,CREDIT_CARD
7484286,1156,2010-01-03,57909,DEBIT_CARD
7484288,288,2010-01-03,69972,CREDIT_CARD
7484289,967,2010-01-03,72351,DEBIT_CARD
7484290,4164,2010-01-03,39021,DEBIT_CARD
7484292,3787,2010-01-03,43293,CREDIT_CARD
7484293,11529,2010-01-03,40948,DEBIT_CARD
7484295,145,2010-01-03,50783,CREDIT_CARD
7484296,875,2010-01-03,89100,DEBIT_CARD
7484298,3705,2010-01-03,44958,DEBIT_CARD
7484299,2941,2010-01-03,48919,DEBIT_CARD
7484300,996,2010-01-03,20561,DEBIT_CARD
7484301,4652,2010-01-03,15143,DEBIT_CARD
7484302,3539,2010-01-03,41122,DEBIT_CARD
7484303,195,2010-01-03,20519,CREDIT_CARD
7484304,217,2010-01-03,38853,DEBIT_CARD
7484305,1740,2010-01-03,24504,DEBIT_CARD
7484306,348,2010-01-03,35451,DEBIT_CARD
7484307,4110,2010-01-03,98002,DEBIT_CARD
7484309,2870,2010-01-03,59935,CREDIT_CARD
7484310,3956,2010-01-03,86410,CREDIT_CARD
7484311,371,2010-01-03,98374,DEBIT_CARD
7484312,6000,2010-01-03,27092,DEBIT_CARD
7484313,301,2010-01-03,75357,DEBIT_CARD
7484314,3031,2010-01-03,72933,DEBIT_CARD
7484315,218,2010-01-03,14528,DEBIT_CARD
7484316,132,2010-01-03,14528,DEBIT_CARD
7484317,212,2010-01-03,98374,DEBIT_CARD
7484318,1497,2010-01-03,26810,DEBIT_CARD
7484319,299,2010-01-03,45804,CREDIT_CARD
7484322,13536,2010-01-03,91128,DEBIT_CARD
7484323,334,2010-01-03,88185,DEBIT_CARD
7484324,1091,2010-01-03,82981,DEBIT_CARD
7484325,750,2010-01-03,75781,DEBIT_CARD
7484326,9100,2010-01-03,22204,CREDIT_CARD
7484327,216,2010-01-03,74624,DEBIT_CARD
7484328,9200,2010-01-03,43293,CREDIT_CARD
7484329,3408,2010-01-03,16798,DEBIT_CARD
7484330,467,2010-01-03,83480,DEBIT_CARD
7484331,10201,2010-01-03,60569,DEBIT_CARD
7484332,3587,2010-01-03,87604,DEBIT_CARD
7484333,903,2010-01-03,85247,DEBIT_CARD
7484334,3334,2010-01-03,39021,DEBIT_CARD
7484335,8537,2010-01-03,32175,DEBIT_CARD
7484336,8000,2010-01-03,61195,DEBIT_CARD
7484338,250,2010-01-03,75936,DEBIT_CARD
7484339,393,2010-01-03,20519,DEBIT_CARD
7484340,527,2010-01-03,75781,DEBIT_CARD
7484341,122,2010-01-03,86942,CREDIT_CARD
7484342,4504,2010-01-03,40096,DEBIT_CARD
7484347,6004,2010-01-03,39021,CREDIT_CARD
7484348,2014,2010-01-03,60600,CREDIT_CARD
7484350,2148,2010-01-03,66428,DEBIT_CARD
7484351,1174,2010-01-03,44578,DEBIT_CARD
7484352,1184,2010-01-03,30024,DEBIT_CARD
7484353,222,2010-01-03,78605,CREDIT_CARD
7484355,174,2010-01-03,43293,CREDIT_CARD
7484357,327,2010-01-03,79075,DEBIT_CARD
7484358,3535,2010-01-03,20561,DEBIT_CARD
7484359,162,2010-01-03,86438,DEBIT_CARD
7484361,5206,2010-01-03,60569,DEBIT_CARD
7484364,460,2010-01-03,20519,DEBIT_CARD
7484365,2023,2010-01-03,20561,CREDIT_CARD
7484366,138,2010-01-03,35451,CREDIT_CARD
7484367,305,2010-01-03,63612,DEBIT_CARD
7484369,6559,2010-01-03,61195,DEBIT_CARD
7484368,8802,2010-01-03,94123,DEBIT_CARD
7484370,706,2010-01-03,24993,DEBIT_CARD
7484371,1612,2010-01-03,16798,DEBIT_CARD
7484373,1446,2010-01-03,22204,CREDIT_CARD
7484374,12000,2010-01-03,27092,DEBIT_CARD
7484375,3275,2010-01-03,39021,DEBIT_CARD
7484377,9300,2010-01-03,61195,DEBIT_CARD
7484378,2153,2010-01-03,61195,DEBIT_CARD
7484379,139,2010-01-03,39021,DEBIT_CARD
7484380,6070,2010-01-03,63910,DEBIT_CARD
7484382,1076,2010-01-03,75781,DEBIT_CARD
7484383,2216,2010-01-03,18563,DEBIT_CARD
7484386,4114,2010-01-03,39021,CREDIT_CARD
7484388,5482,2010-01-03,76639,CREDIT_CARD
7484389,272,2010-01-03,20519,DEBIT_CARD
7484390,4825,2010-01-03,60569,DEBIT_CARD
7484391,10057,2010-01-03,20561,CREDIT_CARD
7484392,2363,2010-01-03,44292,CREDIT_CARD
7484394,16000,2010-01-03,27092,DEBIT_CARD
7484395,8932,2010-01-03,71667,DEBIT_CARD
7484396,5837,2010-01-03,86410,CREDIT_CARD
7484401,10320,2010-01-03,99370,DEBIT_CARD
7484402,1412,2010-01-03,98648,DEBIT_CARD
7484403,20,2010-01-03,2085,DEBIT_CARD
7484404,562,2010-01-03,13657,CREDIT_CARD
7484405,583,2010-01-03,80056,DEBIT_CARD
7484406,3638,2010-01-03,22204,CREDIT_CARD
7484407,570,2010-01-03,59935,DEBIT_CARD
7484408,3575,2010-01-03,4593,DEBIT_CARD
7484410,2452,2010-01-03,52436,DEBIT_CARD
7484411,1780,2010-01-03,72933,DEBIT_CARD
7484413,289,2010-01-03,14451,DEBIT_CARD
7484414,373,2010-01-03,14528,DEBIT_CARD
7484417,172,2010-01-03,75936,DEBIT_CARD
7484418,21941,2010-01-03,66954,CREDIT_CARD
7484419,14602,2010-01-03,53935,CREDIT_CARD
7484420,4754,2010-01-03,19514,DEBIT_CARD
7484421,6000,2010-01-03,22204,CREDIT_CARD
7484424,8300,2010-01-03,24823,CREDIT_CARD
7484426,9422,2010-01-03,68751,DEBIT_CARD
7484428,12242,2010-01-03,60569,DEBIT_CARD
7484430,2896,2010-01-03,32175,CREDIT_CARD
7484431,4202,2010-01-03,79292,DEBIT_CARD
7484432,6732,2010-01-03,34922,DEBIT_CARD
7484434,278,2010-01-03,50867,DEBIT_CARD
7484435,318,2010-01-03,20519,CREDIT_CARD
7484436,2164,2010-01-03,20519,DEBIT_CARD
7484437,1385,2010-01-03,26810,CREDIT_CARD
7484438,8921,2010-01-03,44234,DEBIT_CARD
7484440,730,2010-01-03,61195,CREDIT_CARD
7484442,1625,2010-01-03,88998,DEBIT_CARD
7484445,89,2010-01-03,59935,DEBIT_CARD
7484446,160,2010-01-03,20519,DEBIT_CARD
7484447,173,2010-01-03,25887,DEBIT_CARD
7484448,5523,2010-01-03,79292,DEBIT_CARD
7484451,2309,2010-01-03,44578,DEBIT_CARD
7484453,8000,2010-01-03,27092,DEBIT_CARD
7484454,9353,2010-01-03,36934,DEBIT_CARD
7484455,666,2010-01-03,75781,DEBIT_CARD
7484456,15174,2010-01-03,37555,DEBIT_CARD
7484457,4822,2010-01-03,43293,CREDIT_CARD
7484458,10000,2010-01-03,60600,CREDIT_CARD
7484460,28351,2010-01-03,46268,DEBIT_CARD
7484461,202,2010-01-03,22204,DEBIT_CARD
7484463,8000,2010-01-03,27092,DEBIT_CARD
7484464,1012,2010-01-03,22484,DEBIT_CARD
7484466,5479,2010-01-03,11468,CREDIT_CARD
7484467,3008,2010-01-03,39021,DEBIT_CARD
7484468,1052,2010-01-03,32858,DEBIT_CARD
7484473,4359,2010-01-03,34490,CREDIT_CARD
7484474,3049,2010-01-03,18563,DEBIT_CARD
7484476,30,2010-01-03,14528,DEBIT_CARD
7484477,14000,2010-01-03,27092,DEBIT_CARD
7484480,1471,2010-01-03,75781,DEBIT_CARD
7484481,837,2010-01-03,18563,CREDIT_CARD
7484482,1182,2010-01-03,50783,CREDIT_CARD
7484483,42,2010-01-03,14528,DEBIT_CARD
7484485,1412,2010-01-03,93831,DEBIT_CARD
7484486,1487,2010-01-03,96049,CREDIT_CARD
7484488,3048,2010-01-03,39021,CREDIT_CARD
7484492,13476,2010-01-03,81833,DEBIT_CARD
7484493,2950,2010-01-03,44578,CREDIT_CARD
7484494,14489,2010-01-03,29406,CREDIT_CARD
7484495,5330,2010-01-03,39021,DEBIT_CARD
7484496,3713,2010-01-03,32175,DEBIT_CARD
7484497,5961,2010-01-03,39021,CREDIT_CARD
7484498,599,2010-01-03,46127,DEBIT_CARD
7484499,1421,2010-01-03,75781,CREDIT_CARD
7484502,3513,2010-01-03,32175,DEBIT_CARD
7484503,1522,2010-01-03,16798,DEBIT_CARD
7484504,815,2010-01-03,75781,DEBIT_CARD
7484505,6132,2010-01-03,49463,DEBIT_CARD
7484506,1252,2010-01-03,75781,DEBIT_CARD
7484507,15826,2010-01-03,25163,DEBIT_CARD
7484508,5115,2010-01-03,92822,DEBIT_CARD
7484509,1409,2010-01-03,83229,DEBIT_CARD
7484513,167,2010-01-03,92290,CREDIT_CARD
7484514,16492,2010-01-03,9932,CREDIT_CARD
7484515,496,2010-01-03,88459,DEBIT_CARD
7484516,9380,2010-01-03,50783,DEBIT_CARD
7484518,1636,2010-01-03,20519,DEBIT_CARD
7484519,10646,2010-01-03,20561,CREDIT_CARD
7484520,2319,2010-01-03,61195,DEBIT_CARD
7484522,75,2010-01-03,86862,CREDIT_CARD
7484523,899,2010-01-03,1238,DEBIT_CARD
7484524,489,2010-01-03,43293,DEBIT_CARD
7484525,6432,2010-01-03,54298,CREDIT_CARD
7484526,7126,2010-01-03,68859,CREDIT_CARD
7484527,598,2010-01-03,78624,DEBIT_CARD
7484528,1454,2010-01-03,75781,DEBIT_CARD
7484530,16787,2010-01-03,86959,CREDIT_CARD
7484531,28039,2010-01-03,65282,DEBIT_CARD
7484533,594,2010-01-03,41982,DEBIT_CARD
7484534,4244,2010-01-03,2618,DEBIT_CARD
7484535,1946,2010-01-03,61195,DEBIT_CARD
7484537,52,2010-01-03,50783,CREDIT_CARD
7484539,1790,2010-01-03,35451,DEBIT_CARD
7484541,1765,2010-01-03,41943,DEBIT_CARD
7484542,1396,2010-01-03,59935,DEBIT_CARD
7484544,5539,2010-01-03,42858,CREDIT_CARD
7484548,13508,2010-01-03,81833,CREDIT_CARD
7484550,1059,2010-01-03,39021,CREDIT_CARD
7484551,1823,2010-01-03,87436,CREDIT_CARD
7484552,12000,2010-01-03,27092,CREDIT_CARD
7484553,1309,2010-01-03,61195,DEBIT_CARD
7484555,2558,2010-01-03,9554,CREDIT_CARD
7484556,639,2010-01-03,22204,DEBIT_CARD
7484557,1020,2010-01-03,67390,CREDIT_CARD
7484558,1988,2010-01-03,50783,DEBIT_CARD
7484559,15832,2010-01-03,9932,CREDIT_CARD
7484560,786,2010-01-03,44874,DEBIT_CARD
7484561,7719,2010-01-03,50783,CREDIT_CARD
7484562,1225,2010-01-03,15027,DEBIT_CARD
7484563,1039,2010-01-03,35451,CREDIT_CARD
7484564,8000,2010-01-03,27092,DEBIT_CARD
7484566,116,2010-01-03,26810,DEBIT_CARD
7484567,1642,2010-01-03,88646,CREDIT_CARD
7484568,719,2010-01-03,19756,DEBIT_CARD
7484569,1455,2010-01-03,2211,DEBIT_CARD
7484570,8000,2010-01-03,27092,DEBIT_CARD
7484572,229,2010-01-03,58577,CREDIT_CARD
7484574,13347,2010-01-03,32175,DEBIT_CARD
7484575,10235,2010-01-03,31893,DEBIT_CARD
7484576,1266,2010-01-03,34340,DEBIT_CARD
7484577,8000,2010-01-03,27092,DEBIT_CARD
7484578,57971,2010-01-03,7257,DEBIT_CARD
7484579,1437,2010-01-03,46417,CREDIT_CARD
7484580,189,2010-01-03,98374,CREDIT_CARD
7484581,2893,2010-01-03,21003,DEBIT_CARD
7484583,846,2010-01-03,96795,CREDIT_CARD
7484584,2767,2010-01-03,98553,DEBIT_CARD
7484585,8523,2010-01-03,41832,DEBIT_CARD
7484586,1321,2010-01-03,18563,DEBIT_CARD
7484587,4582,2010-01-03,39021,CREDIT_CARD
7484588,8000,2010-01-03,27092,DEBIT_CARD
7484590,4746,2010-01-03,29784,CREDIT_CARD
7484591,281,2010-01-03,75936,DEBIT_CARD
7484592,2103,2010-01-03,88998,DEBIT_CARD
7484593,7262,2010-01-03,60692,DEBIT_CARD
7484594,112,2010-01-03,86438,DEBIT_CARD
7484595,154,2010-01-03,14528,DEBIT_CARD
7484596,18975,2010-01-03,36819,DEBIT_CARD
7484597,868,2010-01-03,46284,DEBIT_CARD
7484598,7254,2010-01-03,67570,DEBIT_CARD
7484599,5029,2010-01-03,43293,DEBIT_CARD
7484600,3610,2010-01-03,100221,DEBIT_CARD
7484601,7400,2010-01-03,43293,CREDIT_CARD
7484602,3497,2010-01-03,54737,CREDIT_CARD
7484603,1030,2010-01-03,44578,DEBIT_CARD
7484604,2919,2010-01-03,87517,DEBIT_CARD
7484605,1441,2010-01-03,35451,DEBIT_CARD
7484606,1053,2010-01-03,34340,DEBIT_CARD
7484607,1328,2010-01-03,36399,DEBIT_CARD
7484608,2572,2010-01-03,46284,DEBIT_CARD
7484609,3165,2010-01-03,79361,DEBIT_CARD
7484610,741,2010-01-03,75936,DEBIT_CARD
7484611,234,2010-01-03,25887,DEBIT_CARD
7484612,886,2010-01-03,62913,CREDIT_CARD
7484615,1005,2010-01-03,50783,DEBIT_CARD
7484616,8100,2010-01-03,43293,CREDIT_CARD
7484617,1142,2010-01-03,61195,DEBIT_CARD
7484618,8000,2010-01-03,27092,DEBIT_CARD
7484619,3649,2010-01-03,16798,DEBIT_CARD
7484620,5060,2010-01-03,96365,CREDIT_CARD
7484621,375,2010-01-03,5145,DEBIT_CARD
7484622,459,2010-01-03,20884,DEBIT_CARD
7484623,4070,2010-01-03,22204,CREDIT_CARD
7484625,10000,2010-01-03,27092,DEBIT_CARD
7484626,2058,2010-01-03,51329,CREDIT_CARD
7484627,1530,2010-01-03,92883,DEBIT_CARD
7484629,2816,2010-01-03,75781,DEBIT_CARD
7484631,8000,2010-01-03,27092,DEBIT_CARD
7484632,1710,2010-01-03,19964,DEBIT_CARD
7484633,9288,2010-01-03,19964,CREDIT_CARD
7484634,4927,2010-01-03,86410,DEBIT_CARD
7484636,9900,2010-01-03,43293,DEBIT_CARD
7484639,1087,2010-01-03,22204,DEBIT_CARD
7484640,2015,2010-01-03,43529,DEBIT_CARD
7484641,5235,2010-01-03,24823,DEBIT_CARD
7484643,2249,2010-01-03,2703,CREDIT_CARD
7484645,1275,2010-01-03,88998,CREDIT_CARD
7484648,7223,2010-01-03,2177,CREDIT_CARD
7484649,6300,2010-01-03,50867,DEBIT_CARD
7484651,86,2010-01-03,48332,DEBIT_CARD
7484654,1445,2010-01-03,79664,CREDIT_CARD
7484655,1511,2010-01-03,41260,DEBIT_CARD
7484657,11539,2010-01-03,81833,DEBIT_CARD
7484659,736,2010-01-03,12829,DEBIT_CARD
7484660,3977,2010-01-03,91128,CREDIT_CARD
7484662,6824,2010-01-03,18007,DEBIT_CARD
7484664,1540,2010-01-03,70735,CREDIT_CARD
7484666,12000,2010-01-03,27092,DEBIT_CARD
7484667,1683,2010-01-03,34340,DEBIT_CARD
7484669,1603,2010-01-03,61195,DEBIT_CARD
7484670,112,2010-01-03,14528,CREDIT_CARD
7484672,3198,2010-01-03,20561,DEBIT_CARD
7484673,5242,2010-01-03,35183,DEBIT_CARD
7484675,3669,2010-01-03,32175,CREDIT_CARD
7484676,9300,2010-01-03,22204,CREDIT_CARD
7484679,1133,2010-01-03,30928,CREDIT_CARD
7484680,10078,2010-01-03,69956,CREDIT_CARD
7484681,1956,2010-01-03,29437,DEBIT_CARD
7484683,2790,2010-01-03,50783,DEBIT_CARD
7484684,3096,2010-01-03,39021,DEBIT_CARD
7484685,432,2010-01-03,90538,DEBIT_CARD
7484686,3366,2010-01-03,32175,DEBIT_CARD
7484687,760,2010-01-03,98374,DEBIT_CARD
7484688,95,2010-01-03,20519,DEBIT_CARD
7484689,352,2010-01-03,25887,DEBIT_CARD
7484690,1937,2010-01-03,20519,DEBIT_CARD
7484691,942,2010-01-03,80124,DEBIT_CARD
7484692,139,2010-01-03,14528,DEBIT_CARD
7484693,1585,2010-01-03,87436,DEBIT_CARD
7484694,1439,2010-01-03,57758,DEBIT_CARD
7484695,4018,2010-01-03,26909,DEBIT_CARD
7484696,6000,2010-01-03,27092,CREDIT_CARD
7484697,1211,2010-01-03,88419,DEBIT_CARD
7484698,575,2010-01-03,47459,DEBIT_CARD
7484699,8247,2010-01-03,9855,DEBIT_CARD
7484700,375,2010-01-03,61195,CREDIT_CARD
7484701,2909,2010-01-03,89071,DEBIT_CARD
7484702,1700,2010-01-03,15776,DEBIT_CARD
7484703,15416,2010-01-03,30286,CREDIT_CARD
7484707,1155,2010-01-03,22204,DEBIT_CARD
7484708,1329,2010-01-03,97414,DEBIT_CARD
7484709,1491,2010-01-03,19464,CREDIT_CARD
7484711,5760,2010-01-03,43293,CREDIT_CARD
7484713,13718,2010-01-03,72227,CREDIT_CARD
7484716,6841,2010-01-03,10412,DEBIT_CARD
7484717,6456,2010-01-03,54850,DEBIT_CARD
7484718,149,2010-01-03,14528,CREDIT_CARD
7484719,1598,2010-01-03,60569,DEBIT_CARD
7484720,5760,2010-01-03,43293,CREDIT_CARD
7484721,1244,2010-01-03,14330,DEBIT_CARD
7484722,1090,2010-01-03,98374,CREDIT_CARD
7484723,5334,2010-01-03,20131,DEBIT_CARD
7484724,1209,2010-01-03,37612,CREDIT_CARD
7484725,1389,2010-01-03,23481,DEBIT_CARD
7484726,4000,2010-01-03,27092,CREDIT_CARD
7484727,2045,2010-01-03,71667,CREDIT_CARD
7484728,1103,2010-01-03,41467,DEBIT_CARD
7484729,4470,2010-01-03,50398,DEBIT_CARD
7484730,908,2010-01-03,2402,DEBIT_CARD
7484731,206,2010-01-03,43293,CREDIT_CARD
7484732,1407,2010-01-03,75781,DEBIT_CARD
7484734,1776,2010-01-03,95005,DEBIT_CARD
7484736,113,2010-01-03,14528,DEBIT_CARD
7484737,10635,2010-01-03,77288,CREDIT_CARD
7484738,837,2010-01-03,49789,DEBIT_CARD
7484739,7524,2010-01-03,50867,DEBIT_CARD
7484741,16259,2010-01-03,17976,DEBIT_CARD
7484742,1132,2010-01-03,46284,DEBIT_CARD
7484743,3867,2010-01-03,4345,DEBIT_CARD
7484744,1425,2010-01-03,25887,CREDIT_CARD
7484745,1649,2010-01-03,88998,DEBIT_CARD
7484746,4368,2010-01-03,60569,CREDIT_CARD
7484747,8333,2010-01-03,20561,DEBIT_CARD
7484748,884,2010-01-03,1084,DEBIT_CARD
7484749,2388,2010-01-03,20519,DEBIT_CARD
7484752,1484,2010-01-03,50783,CREDIT_CARD
7484753,2290,2010-01-03,1408,DEBIT_CARD
7484754,4000,2010-01-03,27092,DEBIT_CARD
7484755,7536,2010-01-03,40645,CREDIT_CARD
7484757,6000,2010-01-03,27092,DEBIT_CARD
7484758,8371,2010-01-03,82444,CREDIT_CARD
7484759,5340,2010-01-03,13523,DEBIT_CARD
7484760,3252,2010-01-03,71616,DEBIT_CARD
7484761,1184,2010-01-03,20561,DEBIT_CARD
7484762,1128,2010-01-03,41260,DEBIT_CARD
7484763,1011,2010-01-03,75781,DEBIT_CARD
7484765,13833,2010-01-03,20916,DEBIT_CARD
7484766,8686,2010-01-03,18651,DEBIT_CARD
7484767,3835,2010-01-03,11559,DEBIT_CARD
7484768,2393,2010-01-03,50783,DEBIT_CARD
7484770,5794,2010-01-03,60569,DEBIT_CARD
7484772,923,2010-01-03,61195,CREDIT_CARD
7484773,1645,2010-01-03,19122,DEBIT_CARD
7484775,806,2010-01-03,50783,DEBIT_CARD
7484776,4616,2010-01-03,69225,CREDIT_CARD
7484777,1118,2010-01-03,66855,DEBIT_CARD
7484778,7721,2010-01-03,29439,CREDIT_CARD
7484780,4606,2010-01-03,36934,CREDIT_CARD
7484781,8196,2010-01-03,32175,DEBIT_CARD
7484783,724,2010-01-03,47399,DEBIT_CARD
7484784,789,2010-01-03,46284,DEBIT_CARD
7484787,2509,2010-01-03,61195,CREDIT_CARD
7484788,750,2010-01-03,68335,DEBIT_CARD
7484789,1051,2010-01-03,55060,CREDIT_CARD
7484790,1005,2010-01-03,58989,CREDIT_CARD
7484791,5758,2010-01-03,39021,DEBIT_CARD
7484792,1320,2010-01-03,78454,DEBIT_CARD
7484793,2018,2010-01-03,78534,DEBIT_CARD
7484794,1263,2010-01-03,49789,CREDIT_CARD
7484795,2414,2010-01-03,32858,DEBIT_CARD
7484796,1020,2010-01-03,45926,DEBIT_CARD
7484797,5726,2010-01-03,39021,DEBIT_CARD
7484798,1437,2010-01-03,23764,DEBIT_CARD
7484799,7095,2010-01-03,88459,DEBIT_CARD
7484801,2422,2010-01-03,41122,DEBIT_CARD
7484803,2110,2010-01-03,47756,CREDIT_CARD
7484804,266,2010-01-03,78454,DEBIT_CARD
7484805,86,2010-01-03,16863,CREDIT_CARD
7484807,9480,2010-01-03,60569,DEBIT_CARD
7484808,2883,2010-01-03,51180,CREDIT_CARD
7484809,7090,2010-01-03,3831,DEBIT_CARD
7484811,4879,2010-01-03,32175,DEBIT_CARD
7484812,1014,2010-01-03,25887,DEBIT_CARD
7484815,2482,2010-01-03,61195,DEBIT_CARD
7484817,170,2010-01-03,14528,CREDIT_CARD
7484818,1101,2010-01-03,68450,DEBIT_CARD
7484819,1494,2010-01-03,11529,DEBIT_CARD
7484820,3024,2010-01-03,69122,DEBIT_CARD
7484821,2224,2010-01-03,83480,DEBIT_CARD
7484822,436,2010-01-03,75781,DEBIT_CARD
7484824,2273,2010-01-03,770,DEBIT_CARD
7484825,7700,2010-01-03,61195,DEBIT_CARD
7484826,1760,2010-01-03,61195,DEBIT_CARD
7484827,10000,2010-01-03,27092,CREDIT_CARD
7484829,649,2010-01-03,26810,DEBIT_CARD
7484831,6713,2010-01-03,43293,CREDIT_CARD
7484830,9100,2010-01-03,43293,CREDIT_CARD
7484833,1204,2010-01-03,98648,DEBIT_CARD
7484834,4303,2010-01-03,34490,CREDIT_CARD
7484835,412,2010-01-03,69956,DEBIT_CARD
7484836,419,2010-01-03,16133,CREDIT_CARD
7484838,8000,2010-01-03,61195,CREDIT_CARD
7484839,1111,2010-01-03,98374,CREDIT_CARD
7484840,1336,2010-01-03,18563,DEBIT_CARD
7484841,369,2010-01-03,82810,DEBIT_CARD
7484842,978,2010-01-03,87765,DEBIT_CARD
7484843,1933,2010-01-03,50783,DEBIT_CARD
7484844,1635,2010-01-03,61195,CREDIT_CARD
7484845,2497,2010-01-03,30157,DEBIT_CARD
7484846,221,2010-01-03,42858,DEBIT_CARD
7484847,64,2010-01-03,56431,DEBIT_CARD
7484849,5994,2010-01-03,78553,CREDIT_CARD
7484850,2442,2010-01-03,635,DEBIT_CARD
7484853,10000,2010-01-03,27092,DEBIT_CARD
7484854,2085,2010-01-03,61195,DEBIT_CARD
7484855,521,2010-01-03,98374,DEBIT_CARD
7484857,653,2010-01-03,61195,DEBIT_CARD
7484860,2946,2010-01-03,69374,DEBIT_CARD
7484863,1863,2010-01-03,78454,DEBIT_CARD
7484864,584,2010-01-03,61195,DEBIT_CARD
7484865,2905,2010-01-03,13646,DEBIT_CARD
7484866,1152,2010-01-03,60569,DEBIT_CARD
7484867,3226,2010-01-03,34506,DEBIT_CARD
7484870,925,2010-01-03,49789,DEBIT_CARD
7484873,5106,2010-01-03,43293,CREDIT_CARD
7484874,1088,2010-01-03,59397,DEBIT_CARD
7484875,3217,2010-01-03,86616,CREDIT_CARD
7484878,8973,2010-01-03,40096,DEBIT_CARD
7484880,2056,2010-01-03,59062,DEBIT_CARD
7484881,288,2010-01-03,94328,CREDIT_CARD
7484882,1559,2010-01-03,39021,CREDIT_CARD
7484884,6761,2010-01-03,43293,CREDIT_CARD
7484886,9700,2010-01-03,5248,CREDIT_CARD
7484887,1052,2010-01-03,92707,DEBIT_CARD
7484888,2673,2010-01-03,1841,DEBIT_CARD
7484889,4641,2010-01-03,88459,CREDIT_CARD
7484890,4574,2010-01-03,19414,DEBIT_CARD
7484892,1925,2010-01-03,91128,DEBIT_CARD
7484895,276,2010-01-03,61195,DEBIT_CARD
7484897,941,2010-01-03,77913,DEBIT_CARD
7484898,10503,2010-01-03,22204,DEBIT_CARD
7484899,952,2010-01-03,35451,CREDIT_CARD
7484900,672,2010-01-03,60569,DEBIT_CARD
7484901,1699,2010-01-03,24504,DEBIT_CARD
7484902,1354,2010-01-03,78454,DEBIT_CARD
7484903,447,2010-01-03,22204,DEBIT_CARD
7484905,1411,2010-01-03,60009,DEBIT_CARD
7484907,1579,2010-01-03,61195,DEBIT_CARD
7484908,3809,2010-01-03,75735,DEBIT_CARD
7484909,739,2010-01-03,45926,DEBIT_CARD
7484910,4000,2010-01-03,27092,CREDIT_CARD
7484911,2793,2010-01-03,86410,DEBIT_CARD
7484912,1058,2010-01-03,15224,CREDIT_CARD
7484913,9900,2010-01-03,43293,CREDIT_CARD
7484914,1745,2010-01-03,83271,DEBIT_CARD
7484916,16000,2010-01-03,27092,DEBIT_CARD
7484920,136,2010-01-03,14528,DEBIT_CARD
7484921,2108,2010-01-03,11468,DEBIT_CARD
7484922,34,2010-01-03,86438,DEBIT_CARD
7484923,23817,2010-01-03,50783,CREDIT_CARD
7484924,418,2010-01-03,60569,DEBIT_CARD
7484925,917,2010-01-03,61195,DEBIT_CARD
7484926,6005,2010-01-03,61195,DEBIT_CARD
7484928,8000,2010-01-03,27092,CREDIT_CARD
7484930,3913,2010-01-03,97596,CREDIT_CARD
7484931,4797,2010-01-03,10796,DEBIT_CARD
7484933,1986,2010-01-03,98648,DEBIT_CARD
7484936,392,2010-01-03,81833,DEBIT_CARD
7484937,385,2010-01-03,59127,DEBIT_CARD
7484938,8168,2010-01-03,71881,DEBIT_CARD
7484940,1467,2010-01-03,75781,CREDIT_CARD
7484941,6302,2010-01-03,32175,CREDIT_CARD
7484942,81,2010-01-03,74110,DEBIT_CARD
7484943,192,2010-01-03,14528,DEBIT_CARD
7484944,1193,2010-01-03,60569,DEBIT_CARD
7484946,6955,2010-01-03,61195,DEBIT_CARD
7484947,6100,2010-01-03,43293,CREDIT_CARD
7484948,729,2010-01-03,75781,DEBIT_CARD
7484949,3410,2010-01-03,24823,DEBIT_CARD
7484950,168,2010-01-03,14528,DEBIT_CARD
7484951,1812,2010-01-03,50783,DEBIT_CARD
7484952,118,2010-01-03,22938,DEBIT_CARD
7484953,1022,2010-01-03,58564,DEBIT_CARD
7484954,577,2010-01-03,22204,DEBIT_CARD
7484956,6475,2010-01-03,63122,DEBIT_CARD
7484957,3054,2010-01-03,13646,DEBIT_CARD
7484959,12000,2010-01-03,27092,DEBIT_CARD
7484960,13414,2010-01-03,716,DEBIT_CARD
7484961,8000,2010-01-03,43293,DEBIT_CARD
7484962,779,2010-01-03,26810,CREDIT_CARD
7484963,2600,2010-01-03,39021,DEBIT_CARD
7484965,2732,2010-01-03,16798,CREDIT_CARD
7484966,1735,2010-01-03,25717,DEBIT_CARD
7484967,2369,2010-01-03,87625,DEBIT_CARD
7484968,43,2010-01-03,14528,CREDIT_CARD
7484969,609,2010-01-03,75936,DEBIT_CARD
7484970,515,2010-01-03,69972,DEBIT_CARD
7484971,9500,2010-01-03,61195,DEBIT_CARD
7484972,1088,2010-01-03,11453,DEBIT_CARD
7484974,273,2010-01-03,43293,DEBIT_CARD
7484975,2214,2010-01-03,46284,DEBIT_CARD
7484977,7200,2010-01-03,68671,CREDIT_CARD
7484978,1774,2010-01-03,59945,DEBIT_CARD
7484980,19,2010-01-03,14528,DEBIT_CARD
7484981,3785,2010-01-03,32858,DEBIT_CARD
7484982,166,2010-01-03,86438,DEBIT_CARD
7484983,9630,2010-01-03,67950,CREDIT_CARD
7484985,422,2010-01-03,59935,DEBIT_CARD
7484986,7676,2010-01-03,82744,CREDIT_CARD
7484987,1182,2010-01-03,75781,DEBIT_CARD
7484989,8000,2010-01-03,27092,CREDIT_CARD
7484991,1413,2010-01-03,60569,DEBIT_CARD
7484993,2852,2010-01-03,31893,CREDIT_CARD
7484995,1653,2010-01-03,96405,DEBIT_CARD
7484996,9766,2010-01-03,76682,DEBIT_CARD
7484998,1910,2010-01-03,6853,DEBIT_CARD
7484999,9000,2010-01-03,22204,DEBIT_CARD
7485000,2109,2010-01-03,89069,DEBIT_CARD
7485001,102,2010-01-03,14528,DEBIT_CARD
7485003,1158,2010-01-03,75781,DEBIT_CARD
7485004,1192,2010-01-03,75936,DEBIT_CARD
7485005,4307,2010-01-03,37612,CREDIT_CARD
7485007,8108,2010-01-03,68671,CREDIT_CARD
7485008,901,2010-01-03,26810,DEBIT_CARD
7485010,990,2010-01-03,34256,DEBIT_CARD
7485011,538,2010-01-03,12014,CREDIT_CARD
7485012,1853,2010-01-03,39637,DEBIT_CARD
7485013,193,2010-01-03,14528,DEBIT_CARD
7485016,5400,2010-01-03,59935,DEBIT_CARD
7485017,11804,2010-01-03,20635,DEBIT_CARD
7485018,789,2010-01-03,35451,CREDIT_CARD
7485019,338,2010-01-03,26810,DEBIT_CARD
7485020,3313,2010-01-03,50783,DEBIT_CARD
7485021,2002,2010-01-03,59292,DEBIT_CARD
7485022,3902,2010-01-03,73186,DEBIT_CARD
7485023,1535,2010-01-03,50783,CREDIT_CARD
7485024,6561,2010-01-03,8189,CREDIT_CARD
7485025,14000,2010-01-03,27092,CREDIT_CARD
7485026,828,2010-01-03,45926,DEBIT_CARD
7485028,794,2010-01-03,41982,DEBIT_CARD
7485029,13623,2010-01-03,15580,CREDIT_CARD
7485030,5800,2010-01-03,61195,DEBIT_CARD
7485031,185,2010-01-03,14528,DEBIT_CARD
7485032,4859,2010-01-03,40627,DEBIT_CARD
7485033,3671,2010-01-03,72351,CREDIT_CARD
7485035,7760,2010-01-03,22204,DEBIT_CARD
7485036,408,2010-01-03,23448,DEBIT_CARD
7485037,5100,2010-01-03,5248,CREDIT_CARD
7485039,7938,2010-01-03,34796,CREDIT_CARD
7485040,9858,2010-01-03,61791,DEBIT_CARD
7485042,740,2010-01-03,43293,CREDIT_CARD
7485043,9861,2010-01-03,60569,CREDIT_CARD
7485044,27375,2010-01-03,17976,DEBIT_CARD
7485045,3340,2010-01-03,61466,DEBIT_CARD
7485046,902,2010-01-03,75195,DEBIT_CARD
7485047,1314,2010-01-03,39261,DEBIT_CARD
7485052,683,2010-01-03,58058,DEBIT_CARD
7485053,1440,2010-01-03,59062,DEBIT_CARD
7485054,3772,2010-01-03,59935,DEBIT_CARD
7485055,854,2010-01-03,75938,CREDIT_CARD
7485056,18227,2010-01-03,54251,CREDIT_CARD
7485057,5810,2010-01-03,5248,CREDIT_CARD
7485058,5331,2010-01-03,98374,DEBIT_CARD
7485060,6600,2010-01-03,61195,DEBIT_CARD
7485061,434,2010-01-03,81721,DEBIT_CARD
7485062,7000,2010-01-03,22204,DEBIT_CARD
7485064,132,2010-01-03,14528,CREDIT_CARD
7485065,876,2010-01-03,17493,DEBIT_CARD
7485066,8298,2010-01-03,43293,DEBIT_CARD
7485067,331,2010-01-03,8972,DEBIT_CARD
7485069,8411,2010-01-03,50783,DEBIT_CARD
7485070,1438,2010-01-03,50783,DEBIT_CARD
7485071,6053,2010-01-03,59935,DEBIT_CARD
7485073,2611,2010-01-03,93613,CREDIT_CARD
7485075,1775,2010-01-03,75936,DEBIT_CARD
7485077,915,2010-01-03,50783,DEBIT_CARD
7485078,4097,2010-01-03,85100,DEBIT_CARD
7485079,3405,2010-01-03,67570,DEBIT_CARD
7485080,13870,2010-01-03,20561,DEBIT_CARD
7485081,852,2010-01-03,22204,DEBIT_CARD
7485082,600,2010-01-03,75781,DEBIT_CARD
7485083,5797,2010-01-03,36934,CREDIT_CARD
7485084,129,2010-01-03,14528,DEBIT_CARD
7485085,5346,2010-01-03,79393,DEBIT_CARD
7485086,599,2010-01-03,25887,CREDIT_CARD
7485087,1419,2010-01-03,50783,DEBIT_CARD
7485088,9900,2010-01-03,43293,DEBIT_CARD
7485089,4308,2010-01-03,82503,DEBIT_CARD
7485090,372,2010-01-03,10792,DEBIT_CARD
7485091,5111,2010-01-03,59935,DEBIT_CARD
7485093,7677,2010-01-03,12554,CREDIT_CARD
7485094,905,2010-01-03,41467,DEBIT_CARD
7485095,100,2010-01-03,87752,CREDIT_CARD
7485097,3237,2010-01-03,46965,DEBIT_CARD
7485098,8715,2010-01-03,75781,DEBIT_CARD
7485099,6100,2010-01-03,72351,CREDIT_CARD
7485100,1352,2010-01-03,29839,DEBIT_CARD
7485102,1191,2010-01-03,18357,DEBIT_CARD
7485103,959,2010-01-03,83480,DEBIT_CARD
7485105,8000,2010-01-03,27092,CREDIT_CARD
7485106,874,2010-01-03,69972,CREDIT_CARD
7485107,7139,2010-01-03,80374,CREDIT_CARD
7485108,156,2010-01-03,14528,DEBIT_CARD
7485110,171,2010-01-03,61842,DEBIT_CARD
7485112,844,2010-01-03,75936,DEBIT_CARD
7485113,4527,2010-01-03,34490,DEBIT_CARD
7485114,3419,2010-01-03,39021,DEBIT_CARD
7485115,4368,2010-01-03,50783,CREDIT_CARD
7485116,1936,2010-01-03,73186,DEBIT_CARD
7485120,756,2010-01-03,52205,DEBIT_CARD
7485121,731,2010-01-03,50783,CREDIT_CARD
7485122,5430,2010-01-03,72351,DEBIT_CARD
7485123,12545,2010-01-03,81175,DEBIT_CARD
7485124,6616,2010-01-03,46801,CREDIT_CARD
7485125,6423,2010-01-03,61195,CREDIT_CARD
7485126,8712,2010-01-03,20561,DEBIT_CARD
7485128,4576,2010-01-03,60569,DEBIT_CARD
7485129,8000,2010-01-03,27092,DEBIT_CARD
7485130,306,2010-01-03,43293,DEBIT_CARD
7485132,8100,2010-01-03,59935,DEBIT_CARD
7485133,413,2010-01-03,68751,DEBIT_CARD
7485134,7100,2010-01-03,22204,DEBIT_CARD
7485135,3926,2010-01-03,32858,CREDIT_CARD
7485136,10242,2010-01-03,20561,DEBIT_CARD
7485137,8000,2010-01-03,27092,DEBIT_CARD
7485140,3321,2010-01-03,49552,DEBIT_CARD
7485141,369,2010-01-03,69711,DEBIT_CARD
7485142,2577,2010-01-03,50211,DEBIT_CARD
7485143,7433,2010-01-03,25558,DEBIT_CARD
7485144,1338,2010-01-03,21586,DEBIT_CARD
7485145,848,2010-01-03,22204,DEBIT_CARD
7485146,892,2010-01-03,11468,DEBIT_CARD
7485147,459,2010-01-03,75781,CREDIT_CARD
7485151,2776,2010-01-03,51846,DEBIT_CARD
7485152,718,2010-01-03,10156,CREDIT_CARD
7485153,3605,2010-01-03,83599,DEBIT_CARD
7485154,1009,2010-01-03,46284,DEBIT_CARD
7485155,14000,2010-01-03,27092,DEBIT_CARD
7485156,14964,2010-01-03,48919,DEBIT_CARD
7485158,11043,2010-01-03,66591,CREDIT_CARD
7485159,14000,2010-01-03,27092,DEBIT_CARD
7485160,1011,2010-01-03,86410,CREDIT_CARD
7485161,7057,2010-01-03,11468,DEBIT_CARD
7485164,387,2010-01-03,28022,DEBIT_CARD
7485165,4512,2010-01-03,46284,DEBIT_CARD
7485166,8000,2010-01-03,27092,CREDIT_CARD
7485170,4720,2010-01-03,60569,DEBIT_CARD
7485171,476,2010-01-03,53894,DEBIT_CARD
7485172,38,2010-01-03,20884,DEBIT_CARD
7485173,1080,2010-01-03,69972,DEBIT_CARD
7485174,2094,2010-01-03,24504,DEBIT_CARD
7485175,4627,2010-01-03,79393,DEBIT_CARD
7485176,1652,2010-01-03,39021,CREDIT_CARD
7485178,6199,2010-01-03,72351,CREDIT_CARD
7485179,19984,2010-01-03,15426,DEBIT_CARD
7485180,3378,2010-01-03,32175,DEBIT_CARD
7485181,468,2010-01-03,60569,DEBIT_CARD
7485182,12901,2010-01-03,98374,CREDIT_CARD
7485183,473,2010-01-03,23991,DEBIT_CARD
7485184,855,2010-01-03,22204,DEBIT_CARD
7485185,8000,2010-01-03,27092,DEBIT_CARD
7485186,15813,2010-01-03,53802,DEBIT_CARD
7485187,14000,2010-01-03,27092,CREDIT_CARD
7485188,1074,2010-01-03,75781,DEBIT_CARD
7485190,776,2010-01-03,51748,DEBIT_CARD
7485191,949,2010-01-03,44578,CREDIT_CARD
7485193,942,2010-01-03,50867,DEBIT_CARD
7485194,3934,2010-01-03,18563,DEBIT_CARD
7485195,4232,2010-01-03,81410,DEBIT_CARD
7485196,1667,2010-01-03,80397,CREDIT_CARD
7485197,15213,2010-01-03,36608,CREDIT_CARD
7485198,584,2010-01-03,98474,DEBIT_CARD
7485200,65735,2010-01-03,45269,DEBIT_CARD
7485201,1069,2010-01-03,61195,DEBIT_CARD
7485202,12000,2010-01-03,27092,DEBIT_CARD
7485203,7373,2010-01-03,32107,DEBIT_CARD
7485204,6000,2010-01-03,27092,DEBIT_CARD
7485206,16018,2010-01-03,60569,CREDIT_CARD
7485207,5157,2010-01-03,13646,DEBIT_CARD
7485208,2890,2010-01-03,96889,CREDIT_CARD
7485209,3165,2010-01-03,77521,DEBIT_CARD
7485210,13106,2010-01-03,2728,CREDIT_CARD
7485211,4829,2010-01-03,39021,DEBIT_CARD
7485212,8700,2010-01-03,59935,DEBIT_CARD
7485213,3211,2010-01-03,79927,CREDIT_CARD
7485215,76,2010-01-03,14528,DEBIT_CARD
7485217,751,2010-01-03,11442,DEBIT_CARD
7485218,5400,2010-01-03,59935,DEBIT_CARD
7485220,3600,2010-01-03,13646,DEBIT_CARD
7485221,65,2010-01-03,14528,DEBIT_CARD
7485222,5600,2010-01-03,22204,CREDIT_CARD
7485223,917,2010-01-03,75344,DEBIT_CARD
7485224,82,2010-01-03,86438,DEBIT_CARD
7485225,9618,2010-01-03,86410,DEBIT_CARD
7485226,13767,2010-01-03,24193,DEBIT_CARD
7485227,1055,2010-01-03,75936,DEBIT_CARD
7485228,753,2010-01-03,61195,DEBIT_CARD
7485229,1318,2010-01-03,17493,DEBIT_CARD
7485230,5171,2010-01-03,60569,DEBIT_CARD
7485231,509,2010-01-03,50783,DEBIT_CARD
7485233,11269,2010-01-03,68503,CREDIT_CARD
7485235,21168,2010-01-03,89949,DEBIT_CARD
7485236,4308,2010-01-03,23419,CREDIT_CARD
7485238,135,2010-01-03,14528,DEBIT_CARD
7485239,12000,2010-01-03,27092,DEBIT_CARD
7485240,2000,2010-01-03,27092,DEBIT_CARD
7485241,8203,2010-01-03,64057,DEBIT_CARD
7485242,987,2010-01-03,35451,DEBIT_CARD
7485243,397,2010-01-03,79664,DEBIT_CARD
7485245,1368,2010-01-03,39021,DEBIT_CARD
7485247,1425,2010-01-03,25887,DEBIT_CARD
7485248,2041,2010-01-03,35451,DEBIT_CARD
7485249,1770,2010-01-03,19821,DEBIT_CARD
7485251,5200,2010-01-03,50867,DEBIT_CARD
7485252,4482,2010-01-03,70751,DEBIT_CARD
7485253,119,2010-01-03,50783,DEBIT_CARD
7485255,1776,2010-01-03,67570,DEBIT_CARD
7485256,1458,2010-01-03,9932,DEBIT_CARD
7485258,7497,2010-01-03,46284,CREDIT_CARD
7485259,7072,2010-01-03,17222,DEBIT_CARD
7485260,1641,2010-01-03,48141,DEBIT_CARD
7485262,1786,2010-01-03,11468,DEBIT_CARD
7485265,489,2010-01-03,16283,CREDIT_CARD
7485267,3204,2010-01-03,20519,DEBIT_CARD
7485268,610,2010-01-03,3364,CREDIT_CARD
7485269,1448,2010-01-03,75781,CREDIT_CARD
7485271,1468,2010-01-03,22204,DEBIT_CARD
7485272,2572,2010-01-03,18563,DEBIT_CARD
7485273,345,2010-01-03,20561,DEBIT_CARD
7485274,2739,2010-01-03,22204,CREDIT_CARD
7485275,797,2010-01-03,75781,DEBIT_CARD
7485276,12072,2010-01-03,2728,CREDIT_CARD
7485277,10000,2010-01-03,27092,CREDIT_CARD
7485278,7417,2010-01-03,60569,CREDIT_CARD
7485279,3791,2010-01-03,16515,DEBIT_CARD
7485280,4631,2010-01-03,31893,DEBIT_CARD
7485281,4609,2010-01-03,86109,DEBIT_CARD
7485283,3792,2010-01-03,20519,DEBIT_CARD
7485284,933,2010-01-03,83480,DEBIT_CARD
7485285,1260,2010-01-03,71599,DEBIT_CARD
7485286,7944,2010-01-03,38602,DEBIT_CARD
7485287,15520,2010-01-03,59935,DEBIT_CARD
7485288,2044,2010-01-03,30503,DEBIT_CARD
7485290,1642,2010-01-03,61195,DEBIT_CARD
7485291,5348,2010-01-03,59935,DEBIT_CARD
7485292,2542,2010-01-03,85056,DEBIT_CARD
7485293,2451,2010-01-03,33135,DEBIT_CARD
7485296,9039,2010-01-03,20916,CREDIT_CARD
7485297,6300,2010-01-03,61195,DEBIT_CARD
7485300,1658,2010-01-03,16798,DEBIT_CARD
7485303,7876,2010-01-03,48919,CREDIT_CARD
7485306,7913,2010-01-03,27350,CREDIT_CARD
7485307,2222,2010-01-03,13646,CREDIT_CARD
7485308,251,2010-01-03,60569,DEBIT_CARD
7485309,16165,2010-01-03,86651,CREDIT_CARD
7485312,1011,2010-01-03,61195,DEBIT_CARD
7485314,2612,2010-01-03,39021,DEBIT_CARD
7485316,42300,2010-01-03,92822,DEBIT_CARD
7485318,6700,2010-01-03,59935,DEBIT_CARD
7485319,31777,2010-01-03,74934,DEBIT_CARD
7485320,4642,2010-01-03,39021,DEBIT_CARD
7485321,8000,2010-01-03,27092,DEBIT_CARD
7485322,2462,2010-01-03,66951,DEBIT_CARD
7485323,8000,2010-01-03,27092,CREDIT_CARD
7485325,14989,2010-01-03,38602,CREDIT_CARD
7485326,3671,2010-01-03,50404,DEBIT_CARD
7485327,981,2010-01-03,50783,DEBIT_CARD
7485328,4900,2010-01-03,61195,DEBIT_CARD
7485329,83,2010-01-03,86438,DEBIT_CARD
7485331,1981,2010-01-03,726,DEBIT_CARD
7485332,144,2010-01-03,14528,CREDIT_CARD
7485333,144,2010-01-03,86438,DEBIT_CARD
7485334,50,2010-01-03,11429,DEBIT_CARD
7485335,13220,2010-01-03,39825,CREDIT_CARD
7485336,722,2010-01-03,44578,DEBIT_CARD
7485337,3090,2010-01-03,67570,DEBIT_CARD
7485338,10665,2010-01-03,50783,DEBIT_CARD
7485339,3213,2010-01-03,43293,DEBIT_CARD
7485340,12383,2010-01-03,60569,DEBIT_CARD
7485341,11160,2010-01-03,71667,DEBIT_CARD
7485342,2390,2010-01-03,86410,CREDIT_CARD
7485343,2346,2010-01-03,92728,DEBIT_CARD
7485346,9501,2010-01-03,93675,CREDIT_CARD
7485347,2858,2010-01-03,39021,DEBIT_CARD
7485348,7200,2010-01-03,40568,DEBIT_CARD
7485349,1569,2010-01-03,83480,CREDIT_CARD
7485350,1885,2010-01-03,39021,CREDIT_CARD
7485351,1751,2010-01-03,5548,DEBIT_CARD
7485352,1501,2010-01-03,23124,CREDIT_CARD
7485353,1372,2010-01-03,86718,CREDIT_CARD
7485354,5643,2010-01-03,20970,CREDIT_CARD
7485355,6092,2010-01-03,39021,DEBIT_CARD
7485356,138,2010-01-03,14528,CREDIT_CARD
7485357,4902,2010-01-03,60569,CREDIT_CARD
7485358,7830,2010-01-03,81853,DEBIT_CARD
7485360,1442,2010-01-03,60569,DEBIT_CARD
7485361,2252,2010-01-03,46656,CREDIT_CARD
7485362,2607,2010-01-03,86410,DEBIT_CARD
7485364,1467,2010-01-03,47278,DEBIT_CARD
7485365,131,2010-01-03,14528,DEBIT_CARD
7485367,253,2010-01-03,14528,CREDIT_CARD
7485368,1674,2010-01-03,62764,DEBIT_CARD
7485369,1879,2010-01-03,16798,DEBIT_CARD
7485370,1534,2010-01-03,83480,DEBIT_CARD
7485373,1692,2010-01-03,16798,DEBIT_CARD
7485375,5688,2010-01-03,59935,DEBIT_CARD
7485376,1141,2010-01-03,20561,DEBIT_CARD
7485377,2568,2010-01-03,44578,CREDIT_CARD
7485379,5448,2010-01-03,60569,CREDIT_CARD
7485381,3496,2010-01-03,30286,DEBIT_CARD
7485382,8800,2010-01-03,59935,DEBIT_CARD
7485384,4552,2010-01-03,48919,DEBIT_CARD
7485385,1114,2010-01-03,83480,DEBIT_CARD
7485388,7658,2010-01-03,72841,DEBIT_CARD
7485389,7160,2010-01-03,30928,DEBIT_CARD
7485390,1423,2010-01-03,77137,DEBIT_CARD
7485392,7000,2010-01-03,43293,DEBIT_CARD
7485395,2151,2010-01-03,44118,DEBIT_CARD
7485398,14147,2010-01-03,66541,DEBIT_CARD
7485399,1149,2010-01-03,75781,DEBIT_CARD
7485401,2594,2010-01-03,18563,CREDIT_CARD
7485402,8200,2010-01-03,68671,DEBIT_CARD
7485403,597,2010-01-03,94109,DEBIT_CARD
7485404,7725,2010-01-03,27601,DEBIT_CARD
7485406,2990,2010-01-03,96049,DEBIT_CARD
7485407,2176,2010-01-03,20561,DEBIT_CARD
7485408,6084,2010-01-03,60391,CREDIT_CARD
7485411,4474,2010-01-03,39021,DEBIT_CARD
7485412,4000,2010-01-03,27092,DEBIT_CARD
7485413,1478,2010-01-03,1615,CREDIT_CARD
7485415,4636,2010-01-03,59935,DEBIT_CARD
7485416,1016,2010-01-03,83480,CREDIT_CARD
7485417,581,2010-01-03,68671,DEBIT_CARD
7485418,8982,2010-01-03,32858,CREDIT_CARD
7485420,3206,2010-01-03,43251,DEBIT_CARD
7485423,3239,2010-01-03,88922,DEBIT_CARD
7485424,2540,2010-01-03,10305,DEBIT_CARD
7485425,7146,2010-01-03,50783,DEBIT_CARD
7485426,2381,2010-01-03,39021,CREDIT_CARD
7485427,781,2010-01-03,10156,CREDIT_CARD
7485428,7925,2010-01-03,1530,DEBIT_CARD
7485429,2023,2010-01-03,44682,DEBIT_CARD
7485430,3878,2010-01-03,61195,CREDIT_CARD
7485431,22591,2010-01-03,73186,CREDIT_CARD
7485432,6185,2010-01-03,79923,DEBIT_CARD
7485433,6053,2010-01-03,13646,DEBIT_CARD
7485434,6000,2010-01-03,27092,DEBIT_CARD
7485435,1068,2010-01-03,72246,DEBIT_CARD
7485437,8000,2010-01-03,27092,CREDIT_CARD
7485439,13184,2010-01-03,18131,DEBIT_CARD
7485440,5072,2010-01-03,16920,DEBIT_CARD
7485441,4853,2010-01-03,22204,DEBIT_CARD
7485443,8000,2010-01-03,27092,DEBIT_CARD
7485445,10000,2010-01-03,27092,CREDIT_CARD
7485446,289,2010-01-03,54234,DEBIT_CARD
7485450,3001,2010-01-03,15143,DEBIT_CARD
7485452,2142,2010-01-03,68436,DEBIT_CARD
7485453,4219,2010-01-03,89069,DEBIT_CARD
7485454,10000,2010-01-03,27092,DEBIT_CARD
7485456,2260,2010-01-03,98214,DEBIT_CARD
7485457,2234,2010-01-03,24504,DEBIT_CARD
7485458,9251,2010-01-03,73186,DEBIT_CARD
7485461,18211,2010-01-03,88731,CREDIT_CARD
7485462,34491,2010-01-03,23446,DEBIT_CARD
7485463,6000,2010-01-03,27092,DEBIT_CARD
7485464,6000,2010-01-03,27092,DEBIT_CARD
7485466,3315,2010-01-03,39021,DEBIT_CARD
7485467,12000,2010-01-03,27092,CREDIT_CARD
7485468,5370,2010-01-03,98175,DEBIT_CARD
7485469,9800,2010-01-03,61195,CREDIT_CARD
7485471,5541,2010-01-03,60569,DEBIT_CARD
7485472,1392,2010-01-03,84268,CREDIT_CARD
7485473,6000,2010-01-03,27092,CREDIT_CARD
7485474,4974,2010-01-03,86410,CREDIT_CARD
7485475,8059,2010-01-03,68388,DEBIT_CARD
7485476,991,2010-01-03,68671,CREDIT_CARD
7485478,4177,2010-01-03,20561,DEBIT_CARD
7485479,9032,2010-01-03,60569,CREDIT_CARD
7485480,1033,2010-01-03,83271,DEBIT_CARD
7485482,2280,2010-01-03,83271,DEBIT_CARD
7485484,770,2010-01-03,7214,DEBIT_CARD
7485486,1065,2010-01-03,74922,DEBIT_CARD
7485490,10574,2010-01-03,56431,DEBIT_CARD
7485491,5250,2010-01-03,33326,DEBIT_CARD
7485492,6734,2010-01-03,46284,DEBIT_CARD
7485493,737,2010-01-03,75936,DEBIT_CARD
7485495,2424,2010-01-03,46474,CREDIT_CARD
7485496,2332,2010-01-03,74935,DEBIT_CARD
7485497,458,2010-01-03,93615,CREDIT_CARD
7485498,6881,2010-01-03,12867,CREDIT_CARD
7485499,1344,2010-01-03,83480,DEBIT_CARD
7485500,2326,2010-01-03,78310,CREDIT_CARD
7485503,4849,2010-01-03,30055,CREDIT_CARD
7485504,5110,2010-01-03,60569,DEBIT_CARD
7485505,6273,2010-01-03,46965,DEBIT_CARD
7485506,3009,2010-01-03,88459,CREDIT_CARD
7485507,6818,2010-01-03,26909,CREDIT_CARD
7485510,2860,2010-01-03,59298,CREDIT_CARD
7485512,9735,2010-01-03,8137,CREDIT_CARD
7485514,6000,2010-01-03,27092,DEBIT_CARD
7485515,7805,2010-01-03,93675,CREDIT_CARD
7485516,5003,2010-01-03,34490,DEBIT_CARD
7485517,3715,2010-01-03,41184,CREDIT_CARD
7485519,276,2010-01-03,83480,DEBIT_CARD
7485520,5873,2010-01-03,17976,CREDIT_CARD
7485523,5464,2010-01-03,39021,DEBIT_CARD
7485524,2654,2010-01-03,43423,DEBIT_CARD
7485525,8511,2010-01-03,65881,CREDIT_CARD
7485527,313,2010-01-03,68704,DEBIT_CARD
7485528,9200,2010-01-03,22204,DEBIT_CARD
7485529,1261,2010-01-03,99355,DEBIT_CARD
7485530,7421,2010-01-03,63521,DEBIT_CARD
7485532,8466,2010-01-03,54850,CREDIT_CARD
7485533,6704,2010-01-03,21107,CREDIT_CARD
7485534,19673,2010-01-03,60569,DEBIT_CARD
7485535,1963,2010-01-03,15143,CREDIT_CARD
7485536,12000,2010-01-03,27092,DEBIT_CARD
7485537,8900,2010-01-03,22204,DEBIT_CARD
7485538,5117,2010-01-03,20561,DEBIT_CARD
7485540,3112,2010-01-03,58215,DEBIT_CARD
7485541,5620,2010-01-03,39021,CREDIT_CARD
7485542,2453,2010-01-03,48919,DEBIT_CARD
7485544,7900,2010-01-03,59935,DEBIT_CARD
7485545,1511,2010-01-03,39261,DEBIT_CARD
7485546,1152,2010-01-03,83271,CREDIT_CARD
7485547,8000,2010-01-03,27092,CREDIT_CARD
7485548,1336,2010-01-03,24504,DEBIT_CARD
7485549,3547,2010-01-03,32175,DEBIT_CARD
7485552,2923,2010-01-03,15143,DEBIT_CARD
7485553,177,2010-01-03,86438,DEBIT_CARD
7485554,195,2010-01-03,14528,CREDIT_CARD
7485555,15196,2010-01-03,50783,DEBIT_CARD
7485557,218,2010-01-03,59935,CREDIT_CARD
7485558,6521,2010-01-03,56748,CREDIT_CARD
7485559,10000,2010-01-03,27092,CREDIT_CARD
7485561,678,2010-01-03,61195,DEBIT_CARD
7485562,2724,2010-01-03,70485,CREDIT_CARD
7485564,2879,2010-01-03,11468,DEBIT_CARD
7485565,7817,2010-01-03,60569,DEBIT_CARD
7485566,8000,2010-01-03,27092,CREDIT_CARD
7485567,2539,2010-01-03,79927,DEBIT_CARD
7485568,9764,2010-01-03,30286,DEBIT_CARD
7485569,1459,2010-01-03,79927,DEBIT_CARD
7485570,1552,2010-01-03,50867,DEBIT_CARD
7485571,4564,2010-01-03,9932,DEBIT_CARD
7485572,157,2010-01-03,86438,DEBIT_CARD
7485574,798,2010-01-03,20561,DEBIT_CARD
7485575,6559,2010-01-03,32175,DEBIT_CARD
7485576,8000,2010-01-03,27092,CREDIT_CARD
7485577,3727,2010-01-03,20561,CREDIT_CARD
7485579,9306,2010-01-03,22496,DEBIT_CARD
7485580,1756,2010-01-03,32858,DEBIT_CARD
7485581,4412,2010-01-03,31893,DEBIT_CARD
7485582,4064,2010-01-03,15143,DEBIT_CARD
7485583,4103,2010-01-03,59935,DEBIT_CARD
7485584,9100,2010-01-03,22204,DEBIT_CARD
7485585,52,2010-01-03,14528,DEBIT_CARD
7485587,1732,2010-01-03,50783,DEBIT_CARD
7485589,153,2010-01-03,86438,DEBIT_CARD
7485590,3148,2010-01-03,10792,DEBIT_CARD
7485591,6182,2010-01-03,54139,DEBIT_CARD
7485592,6575,2010-01-03,46951,DEBIT_CARD
7485593,2276,2010-01-03,16798,CREDIT_CARD
7485595,1226,2010-01-03,72351,CREDIT_CARD
7485594,7100,2010-01-03,72351,CREDIT_CARD
7485596,3671,2010-01-03,60569,CREDIT_CARD
7485597,9427,2010-01-03,34659,DEBIT_CARD
7485598,7430,2010-01-03,37698,DEBIT_CARD
7485600,10000,2010-01-03,27092,DEBIT_CARD
7485602,976,2010-01-03,60206,CREDIT_CARD
7485604,3574,2010-01-03,39021,CREDIT_CARD
7485605,4032,2010-01-03,41122,DEBIT_CARD
7485607,656,2010-01-03,16875,DEBIT_CARD
7485608,1621,2010-01-03,19964,CREDIT_CARD
7485609,1648,2010-01-03,88998,DEBIT_CARD
7485610,4276,2010-01-03,34256,DEBIT_CARD
7485612,4212,2010-01-03,32175,DEBIT_CARD
7485613,4939,2010-01-03,48919,DEBIT_CARD
7485614,4827,2010-01-03,32175,CREDIT_CARD
7485615,33049,2010-01-03,17976,CREDIT_CARD
7485616,130,2010-01-03,14528,DEBIT_CARD
7485617,1440,2010-01-03,61195,DEBIT_CARD
7485618,4985,2010-01-03,1967,DEBIT_CARD
7485619,1908,2010-01-03,22204,DEBIT_CARD
7485622,646,2010-01-03,22204,DEBIT_CARD
7485623,21940,2010-01-03,32480,DEBIT_CARD
7485624,768,2010-01-03,22204,DEBIT_CARD
7485625,4185,2010-01-03,15143,DEBIT_CARD
7485626,7478,2010-01-03,31893,DEBIT_CARD
7485627,6968,2010-01-03,80786,CREDIT_CARD
7485629,3707,2010-01-03,20519,DEBIT_CARD
7485630,1075,2010-01-03,83271,DEBIT_CARD
7485631,11996,2010-01-03,32114,DEBIT_CARD
7485632,4713,2010-01-03,17213,DEBIT_CARD
7485633,1521,2010-01-03,24504,DEBIT_CARD
7485634,5149,2010-01-03,34659,DEBIT_CARD
7485635,6714,2010-01-03,82981,DEBIT_CARD
7485636,1124,2010-01-03,61677,CREDIT_CARD
7485637,9400,2010-01-03,59935,DEBIT_CARD
7485639,4543,2010-01-03,22204,DEBIT_CARD
7485640,800,2010-01-03,69710,CREDIT_CARD
7485643,4117,2010-01-03,31893,DEBIT_CARD
7485644,4602,2010-01-03,48919,DEBIT_CARD
7485646,5147,2010-01-03,88459,DEBIT_CARD
7485647,9156,2010-01-03,27601,DEBIT_CARD
7485648,1079,2010-01-03,22662,CREDIT_CARD
7485649,4042,2010-01-03,39021,DEBIT_CARD
7485650,2957,2010-01-03,48919,CREDIT_CARD
7485651,6000,2010-01-03,27092,DEBIT_CARD
7485653,996,2010-01-03,53544,DEBIT_CARD
7485654,14659,2010-01-03,50783,CREDIT_CARD
7485655,3259,2010-01-03,78461,DEBIT_CARD
7485656,128,2010-01-03,86438,DEBIT_CARD
7485657,3934,2010-01-03,86410,DEBIT_CARD
7485658,8300,2010-01-03,22204,DEBIT_CARD
7485659,4000,2010-01-03,27092,CREDIT_CARD
7485660,1549,2010-01-03,75936,DEBIT_CARD
7485661,1785,2010-01-03,32858,CREDIT_CARD
7485662,14000,2010-01-03,27092,DEBIT_CARD
7485663,267,2010-01-03,83271,DEBIT_CARD
7485664,4085,2010-01-03,39021,DEBIT_CARD
7485667,11943,2010-01-03,54850,DEBIT_CARD
7485668,242,2010-01-03,19964,DEBIT_CARD
7485669,2279,2010-01-03,16798,DEBIT_CARD
7485670,9812,2010-01-03,59935,DEBIT_CARD
7485671,3309,2010-01-03,39021,DEBIT_CARD
7485672,8924,2010-01-03,29839,CREDIT_CARD
7485673,1364,2010-01-03,62119,DEBIT_CARD
7485675,5623,2010-01-03,75781,DEBIT_CARD
7485680,5271,2010-01-03,60569,DEBIT_CARD
7485681,4977,2010-01-03,45926,CREDIT_CARD
7485682,1083,2010-01-03,61195,CREDIT_CARD
7485684,7938,2010-01-03,88204,DEBIT_CARD
7485685,2747,2010-01-03,46925,CREDIT_CARD
7485686,1263,2010-01-03,81477,CREDIT_CARD
7485687,3889,2010-01-03,50743,DEBIT_CARD
7485688,4293,2010-01-03,27601,CREDIT_CARD
7485689,11924,2010-01-03,11468,DEBIT_CARD
7485690,3060,2010-01-03,86410,DEBIT_CARD
7485691,6000,2010-01-03,59935,DEBIT_CARD
7485693,4151,2010-01-03,82981,DEBIT_CARD
7485694,1371,2010-01-03,83480,DEBIT_CARD
7485698,3,2010-01-03,86438,CREDIT_CARD
7485699,148,2010-01-03,14528,DEBIT_CARD
7485701,5300,2010-01-03,43293,DEBIT_CARD
7485702,257,2010-01-03,82981,DEBIT_CARD
7485703,10063,2010-01-03,726,DEBIT_CARD
7485704,4259,2010-01-03,64047,CREDIT_CARD
7485705,2320,2010-01-03,56431,DEBIT_CARD
7485706,12000,2010-01-03,27092,DEBIT_CARD
7485708,848,2010-01-03,98374,CREDIT_CARD
7485712,5836,2010-01-03,463,DEBIT_CARD
7485716,7562,2010-01-03,37588,DEBIT_CARD
7485717,2578,2010-01-03,66428,CREDIT_CARD
7485719,2353,2010-01-03,96795,DEBIT_CARD
7485720,8000,2010-01-03,26810,DEBIT_CARD
7485721,9500,2010-01-03,43293,CREDIT_CARD
7485722,4126,2010-01-03,72351,DEBIT_CARD
7485725,1191,2010-01-03,94123,CREDIT_CARD
7485727,235,2010-01-03,81833,DEBIT_CARD
7485729,2965,2010-01-03,29589,DEBIT_CARD
7485730,6086,2010-01-03,95855,DEBIT_CARD
7485731,1463,2010-01-03,16798,DEBIT_CARD
7485732,7624,2010-01-03,60569,CREDIT_CARD
7485733,246,2010-01-03,88459,DEBIT_CARD
7485734,9370,2010-01-03,59935,CREDIT_CARD
7485735,1491,2010-01-03,22204,CREDIT_CARD
7485736,1222,2010-01-03,72351,DEBIT_CARD
7485737,1352,2010-01-03,83480,DEBIT_CARD
7485739,660,2010-01-03,62115,DEBIT_CARD
7485740,14000,2010-01-03,27092,CREDIT_CARD
7485741,11,2010-01-03,14528,DEBIT_CARD
7485742,4819,2010-01-03,43293,CREDIT_CARD
7485743,1507,2010-01-03,3915,DEBIT_CARD
7485745,3013,2010-01-03,70801,CREDIT_CARD
7485749,2588,2010-01-03,60569,DEBIT_CARD
7485750,734,2010-01-03,29426,CREDIT_CARD
7485751,6586,2010-01-03,30286,CREDIT_CARD
7485752,7200,2010-01-03,56431,DEBIT_CARD
7485753,6300,2010-01-03,59935,CREDIT_CARD
7485756,4054,2010-01-03,11468,CREDIT_CARD
7485757,6000,2010-01-03,27092,DEBIT_CARD
7485758,100,2010-01-03,14528,DEBIT_CARD
7485759,16091,2010-01-03,55521,DEBIT_CARD
7485760,4490,2010-01-03,50783,DEBIT_CARD
7485761,2928,2010-01-03,50404,DEBIT_CARD
7485763,9100,2010-01-03,72351,DEBIT_CARD
7485764,179,2010-01-03,89069,DEBIT_CARD
7485766,2740,2010-01-03,39021,DEBIT_CARD
7485767,7175,2010-01-03,75781,CREDIT_CARD
7485770,8227,2010-01-03,27601,DEBIT_CARD
7485771,2622,2010-01-03,86616,DEBIT_CARD
7485773,457,2010-01-03,7999,DEBIT_CARD
7485774,3563,2010-01-03,41122,CREDIT_CARD
7485775,3766,2010-01-03,26810,DEBIT_CARD
7485776,1008,2010-01-03,50404,DEBIT_CARD
7485777,6000,2010-01-03,27092,DEBIT_CARD
7485778,9800,2010-01-03,22204,DEBIT_CARD
7485779,1871,2010-01-03,94973,DEBIT_CARD
7485782,2217,2010-01-03,13862,DEBIT_CARD
7485784,1235,2010-01-03,50783,DEBIT_CARD
7485787,2132,2010-01-03,34784,DEBIT_CARD
7485788,2579,2010-01-03,20519,CREDIT_CARD
7485790,9700,2010-01-03,22204,DEBIT_CARD
7485792,3586,2010-01-03,15143,CREDIT_CARD
7485793,2028,2010-01-03,45928,DEBIT_CARD
7485794,627,2010-01-03,18563,DEBIT_CARD
7485795,4161,2010-01-03,61195,CREDIT_CARD
7485796,8779,2010-01-03,54850,CREDIT_CARD
7485797,3338,2010-01-03,63683,CREDIT_CARD
7485803,6739,2010-01-03,39021,CREDIT_CARD
7485806,4989,2010-01-03,12067,DEBIT_CARD
7485807,10433,2010-01-03,50783,DEBIT_CARD
7485808,141264,2010-01-03,13348,DEBIT_CARD
7485811,8766,2010-01-03,25108,DEBIT_CARD
7485812,6000,2010-01-03,59935,DEBIT_CARD
7485813,2301,2010-01-03,59935,DEBIT_CARD
7485814,1950,2010-01-03,61195,DEBIT_CARD
7485815,4000,2010-01-03,27092,CREDIT_CARD
7485816,139,2010-01-03,14528,DEBIT_CARD
7485818,9340,2010-01-03,60569,DEBIT_CARD
7485820,4658,2010-01-03,59935,DEBIT_CARD
7485821,4128,2010-01-03,81477,DEBIT_CARD
7485822,4712,2010-01-03,39021,DEBIT_CARD
7485823,5337,2010-01-03,52090,DEBIT_CARD
7485826,2508,2010-01-03,88852,DEBIT_CARD
7485827,6785,2010-01-03,9834,DEBIT_CARD
7485830,50,2010-01-03,14528,DEBIT_CARD
7485833,8000,2010-01-03,61195,DEBIT_CARD
7485834,13645,2010-01-03,35106,CREDIT_CARD
7485835,788,2010-01-03,36934,DEBIT_CARD
7485836,10000,2010-01-03,27092,CREDIT_CARD
7485837,5759,2010-01-03,81477,DEBIT_CARD
7485838,16168,2010-01-03,78052,CREDIT_CARD
7485840,5077,2010-01-03,13646,DEBIT_CARD
7485841,9932,2010-01-03,82981,DEBIT_CARD
7485842,2242,2010-01-03,81833,DEBIT_CARD
7485843,1073,2010-01-03,83480,CREDIT_CARD
7485844,1035,2010-01-03,77179,CREDIT_CARD
7485845,3384,2010-01-03,48618,CREDIT_CARD
7485846,3814,2010-01-03,64951,DEBIT_CARD
7485847,860,2010-01-03,14537,CREDIT_CARD
7485849,11858,2010-01-03,51840,CREDIT_CARD
7485850,3098,2010-01-03,91128,DEBIT_CARD
7485852,4746,2010-01-03,32175,CREDIT_CARD
7485854,1649,2010-01-03,75781,DEBIT_CARD
7485855,1844,2010-01-03,27687,DEBIT_CARD
7485856,6995,2010-01-03,74316,CREDIT_CARD
7485857,932,2010-01-03,2177,CREDIT_CARD
7485858,1991,2010-01-03,60569,DEBIT_CARD
7485859,4497,2010-01-03,60569,DEBIT_CARD
7485861,137,2010-01-03,14528,CREDIT_CARD
7485863,2274,2010-01-03,38602,DEBIT_CARD
7485867,2419,2010-01-03,23022,DEBIT_CARD
7485868,8582,2010-01-03,77786,DEBIT_CARD
7485870,198,2010-01-03,83480,DEBIT_CARD
7485872,1934,2010-01-03,45344,CREDIT_CARD
7485873,5047,2010-01-03,30286,DEBIT_CARD
7485878,4929,2010-01-03,81833,DEBIT_CARD
7485879,6210,2010-01-03,61195,DEBIT_CARD
7485880,1017,2010-01-03,9932,CREDIT_CARD
7485881,5069,2010-01-03,60569,DEBIT_CARD
7485882,2003,2010-01-03,56431,DEBIT_CARD
7485885,2168,2010-01-03,78605,DEBIT_CARD
7485886,17959,2010-01-03,81591,CREDIT_CARD
7485887,842,2010-01-03,24891,CREDIT_CARD
7485888,7000,2010-01-03,59935,DEBIT_CARD
7485889,4266,2010-01-03,39021,DEBIT_CARD
7485893,262,2010-01-03,61195,DEBIT_CARD
7485894,11356,2010-01-03,93709,DEBIT_CARD
7485895,3287,2010-01-03,73186,DEBIT_CARD
7485896,1609,2010-01-03,81833,DEBIT_CARD
7485898,6147,2010-01-03,60569,DEBIT_CARD
7485900,2060,2010-01-03,15143,DEBIT_CARD
7485901,3607,2010-01-03,25887,DEBIT_CARD
7485902,92169,2010-01-03,57386,CREDIT_CARD
7485903,6800,2010-01-03,61195,CREDIT_CARD
7485906,42852,2010-01-03,24303,CREDIT_CARD
7485907,430,2010-01-03,34490,DEBIT_CARD
7485909,2751,2010-01-03,20540,DEBIT_CARD
7485910,8121,2010-01-03,50783,DEBIT_CARD
7485911,10000,2010-01-03,61195,CREDIT_CARD
7485912,4622,2010-01-03,60569,DEBIT_CARD
7485913,2793,2010-01-03,26909,DEBIT_CARD
7485914,1949,2010-01-03,75781,DEBIT_CARD
7485915,4868,2010-01-03,13646,CREDIT_CARD
7485916,839,2010-01-03,75936,DEBIT_CARD
7485917,3560,2010-01-03,61195,CREDIT_CARD
7485918,15669,2010-01-03,36608,CREDIT_CARD
7485920,2321,2010-01-03,22204,DEBIT_CARD
7485921,7000,2010-01-03,59935,DEBIT_CARD
7485922,2846,2010-01-03,83480,CREDIT_CARD
7485923,2671,2010-01-03,38602,DEBIT_CARD
7485924,479,2010-01-03,16283,DEBIT_CARD
7485925,936,2010-01-03,83743,DEBIT_CARD
7485926,8013,2010-01-03,40096,CREDIT_CARD
7485927,4619,2010-01-03,32175,DEBIT_CARD
7485928,177,2010-01-03,86438,DEBIT_CARD
7485929,588,2010-01-03,20561,DEBIT_CARD
7485930,4157,2010-01-03,59935,DEBIT_CARD
7485931,2113,2010-01-03,26810,DEBIT_CARD
7485932,7200,2010-01-03,61195,DEBIT_CARD
7485934,1525,2010-01-03,6489,DEBIT_CARD
7485936,84,2010-01-03,86438,DEBIT_CARD
7485937,91,2010-01-03,14528,DEBIT_CARD
7485938,2803,2010-01-03,81833,DEBIT_CARD
7485939,8000,2010-01-03,27092,DEBIT_CARD
7485940,2532,2010-01-03,1238,DEBIT_CARD
7485941,7117,2010-01-03,80368,DEBIT_CARD
7485942,656,2010-01-03,60569,CREDIT_CARD
7485943,2094,2010-01-03,1631,CREDIT_CARD
7485944,403,2010-01-03,18563,DEBIT_CARD
7485945,9844,2010-01-03,80770,CREDIT_CARD
7485946,12333,2010-01-03,43293,DEBIT_CARD
7485947,3763,2010-01-03,19509,DEBIT_CARD
7485948,9192,2010-01-03,86959,DEBIT_CARD
7485949,4906,2010-01-03,81759,DEBIT_CARD
7485950,3819,2010-01-03,52031,DEBIT_CARD
7485951,7015,2010-01-03,23193,DEBIT_CARD
7485952,1265,2010-01-03,50783,CREDIT_CARD
7485953,1395,2010-01-03,16798,CREDIT_CARD
7485954,24774,2010-01-03,34702,DEBIT_CARD
7485955,1297,2010-01-03,86189,DEBIT_CARD
7485956,14000,2010-01-03,27092,DEBIT_CARD
7485959,12327,2010-01-03,51840,CREDIT_CARD
7485960,5653,2010-01-03,16798,CREDIT_CARD
7485961,2258,2010-01-03,59935,DEBIT_CARD
7485962,1099,2010-01-03,17858,CREDIT_CARD
7485963,480,2010-01-03,3651,CREDIT_CARD
7485964,16000,2010-01-03,27092,DEBIT_CARD
7485965,8613,2010-01-03,51840,CREDIT_CARD
7485966,9300,2010-01-03,26810,CREDIT_CARD
7485968,1088,2010-01-03,50867,DEBIT_CARD
7485969,2085,2010-01-03,20561,DEBIT_CARD
7485970,2635,2010-01-03,20561,DEBIT_CARD
7485971,8700,2010-01-03,59935,DEBIT_CARD
7485973,5358,2010-01-03,58395,DEBIT_CARD
7485975,6687,2010-01-03,50783,DEBIT_CARD
7485976,13088,2010-01-03,88459,DEBIT_CARD
7485977,29898,2010-01-03,64559,DEBIT_CARD
7485979,671,2010-01-03,20561,DEBIT_CARD
7485980,233,2010-01-03,14528,DEBIT_CARD
7485981,5031,2010-01-03,34223,DEBIT_CARD
7485982,642,2010-01-03,46983,CREDIT_CARD
7485983,5754,2010-01-03,26810,CREDIT_CARD
7485984,1175,2010-01-03,89069,DEBIT_CARD
7485985,453,2010-01-03,50783,CREDIT_CARD
7485986,9913,2010-01-03,20561,DEBIT_CARD
7485987,7036,2010-01-03,60569,DEBIT_CARD
7485988,3741,2010-01-03,43293,DEBIT_CARD
7485989,4269,2010-01-03,9033,DEBIT_CARD
7485990,970,2010-01-03,22204,DEBIT_CARD
7485991,13645,2010-01-03,41782,CREDIT_CARD
7485993,805,2010-01-03,30928,DEBIT_CARD
7485994,4211,2010-01-03,89707,DEBIT_CARD
7485995,170,2010-01-03,14528,CREDIT_CARD
7485996,5300,2010-01-03,43293,DEBIT_CARD
7485998,5041,2010-01-03,31893,DEBIT_CARD
7485999,12773,2010-01-03,60569,DEBIT_CARD
7486000,6498,2010-01-03,96246,DEBIT_CARD
7486001,10988,2010-01-03,59935,DEBIT_CARD
7486002,10735,2010-01-03,84355,CREDIT_CARD
7486003,7723,2010-01-03,98545,DEBIT_CARD
7486004,10000,2010-01-03,27092,CREDIT_CARD
7486005,4454,2010-01-03,81759,DEBIT_CARD
7486006,6861,2010-01-03,11468,CREDIT_CARD
7486007,2912,2010-01-03,13646,CREDIT_CARD
7486008,3278,2010-01-03,39021,DEBIT_CARD
7486009,18880,2010-01-03,5373,CREDIT_CARD
7486010,5000,2010-01-03,59935,DEBIT_CARD
7486012,7420,2010-01-03,99613,DEBIT_CARD
7486013,1281,2010-01-03,60569,DEBIT_CARD
7486014,16104,2010-01-03,27033,CREDIT_CARD
7486015,4479,2010-01-03,61195,CREDIT_CARD
7486016,1144,2010-01-03,12614,DEBIT_CARD
7486017,504,2010-01-03,61195,CREDIT_CARD
7486019,7958,2010-01-03,50783,DEBIT_CARD
7486020,5326,2010-01-03,13646,DEBIT_CARD
7486021,3649,2010-01-03,84684,CREDIT_CARD
7486023,4000,2010-01-03,27092,DEBIT_CARD
7486024,520,2010-01-03,85247,DEBIT_CARD
7486025,9987,2010-01-03,32175,DEBIT_CARD
7486026,2653,2010-01-03,40272,DEBIT_CARD
7486028,10404,2010-01-03,79927,CREDIT_CARD
7486029,5671,2010-01-03,93554,DEBIT_CARD
7486030,3717,2010-01-03,25844,CREDIT_CARD
7486031,1857,2010-01-03,81922,CREDIT_CARD
7486032,3400,2010-01-03,36934,DEBIT_CARD
7486033,9658,2010-01-03,79927,DEBIT_CARD
7486034,6406,2010-01-03,96246,CREDIT_CARD
7486036,4735,2010-01-03,34490,DEBIT_CARD
7486037,3020,2010-01-03,88852,DEBIT_CARD
7486038,8400,2010-01-03,43293,DEBIT_CARD
7486039,1284,2010-01-03,59397,DEBIT_CARD
7486040,107,2010-01-03,14528,DEBIT_CARD
7486042,341,2010-01-03,11044,DEBIT_CARD
7486044,118,2010-01-03,14528,DEBIT_CARD
7486046,2501,2010-01-03,90755,DEBIT_CARD
7486047,94,2010-01-03,88459,CREDIT_CARD
7486050,1452,2010-01-03,83271,CREDIT_CARD
7486051,1659,2010-01-03,78940,DEBIT_CARD
7486052,3010,2010-01-03,32175,DEBIT_CARD
7486054,81,2010-01-03,14528,DEBIT_CARD
7486055,2783,2010-01-03,60569,CREDIT_CARD
7486057,979,2010-01-03,84062,DEBIT_CARD
7486058,3428,2010-01-03,63573,CREDIT_CARD
7486060,2228,2010-01-03,24504,CREDIT_CARD
7486061,7128,2010-01-03,74931,CREDIT_CARD
7486062,12,2010-01-03,14528,DEBIT_CARD
7486063,675,2010-01-03,73861,DEBIT_CARD
7486065,1333,2010-01-03,67843,DEBIT_CARD
7486066,964,2010-01-03,58577,DEBIT_CARD
7486067,14823,2010-01-03,81833,DEBIT_CARD
7486068,1647,2010-01-03,24504,DEBIT_CARD
7486070,4463,2010-01-03,39021,DEBIT_CARD
7486072,4197,2010-01-03,60564,CREDIT_CARD
7486073,2112,2010-01-03,43293,DEBIT_CARD
7486074,3663,2010-01-03,15143,DEBIT_CARD
7486076,3886,2010-01-03,57903,DEBIT_CARD
7486077,2865,2010-01-03,98123,DEBIT_CARD
7486078,3895,2010-01-03,15143,DEBIT_CARD
7486079,4653,2010-01-03,1314,DEBIT_CARD
7486080,54,2010-01-03,14528,DEBIT_CARD
7486081,35395,2010-01-03,23446,CREDIT_CARD
7486082,12367,2010-01-03,41039,DEBIT_CARD
7486083,7168,2010-01-03,69972,CREDIT_CARD
7486084,4964,2010-01-03,59935,DEBIT_CARD
7486086,14938,2010-01-03,60569,DEBIT_CARD
7486087,5707,2010-01-03,37369,CREDIT_CARD
7486088,12764,2010-01-03,60569,CREDIT_CARD
7486090,6000,2010-01-03,27092,CREDIT_CARD
7486091,10000,2010-01-03,27092,DEBIT_CARD
7486093,9600,2010-01-03,43293,DEBIT_CARD
7486094,3679,2010-01-03,75781,DEBIT_CARD
7486095,1960,2010-01-03,39021,DEBIT_CARD
7486096,11991,2010-01-03,26810,DEBIT_CARD
7486097,7302,2010-01-03,81591,CREDIT_CARD
7486098,2491,2010-01-03,41393,DEBIT_CARD
7486099,1599,2010-01-03,24504,CREDIT_CARD
7486100,1844,2010-01-03,59935,DEBIT_CARD
7486101,3350,2010-01-03,20519,DEBIT_CARD
7486102,7400,2010-01-03,30928,CREDIT_CARD
7486105,8300,2010-01-03,59935,DEBIT_CARD
7486106,1592,2010-01-03,72442,DEBIT_CARD
7486108,6600,2010-01-03,26810,DEBIT_CARD
7486109,985,2010-01-03,70309,CREDIT_CARD
7486111,4422,2010-01-03,50783,DEBIT_CARD
7486112,670,2010-01-03,59935,DEBIT_CARD
7486114,2663,2010-01-03,4091,DEBIT_CARD
7486116,7721,2010-01-03,65108,DEBIT_CARD
7486117,147,2010-01-03,14528,DEBIT_CARD
7486118,1844,2010-01-03,71217,DEBIT_CARD
7486120,2465,2010-01-03,15143,CREDIT_CARD
7486121,8877,2010-01-03,60569,DEBIT_CARD
7486122,9612,2010-01-03,36495,DEBIT_CARD
7486126,2850,2010-01-03,39021,DEBIT_CARD
7486128,5279,2010-01-03,26909,CREDIT_CARD
7486129,78,2010-01-03,14528,CREDIT_CARD
7486130,1387,2010-01-03,59935,DEBIT_CARD
7486131,1760,2010-01-03,16798,DEBIT_CARD
7486133,1464,2010-01-03,81833,DEBIT_CARD
7486134,6768,2010-01-03,27791,CREDIT_CARD
7486135,8000,2010-01-03,27092,DEBIT_CARD
7486136,2259,2010-01-03,31648,DEBIT_CARD
7486138,75,2010-01-03,86438,DEBIT_CARD
7486139,827,2010-01-03,48919,DEBIT_CARD
7486140,1129,2010-01-03,91968,CREDIT_CARD
7486141,90,2010-01-03,14528,DEBIT_CARD
7486142,5437,2010-01-03,73186,DEBIT_CARD
7486143,2530,2010-01-03,61195,CREDIT_CARD
7486144,2063,2010-01-03,18563,CREDIT_CARD
7486145,4001,2010-01-03,1938,CREDIT_CARD
7486147,12431,2010-01-03,48741,CREDIT_CARD
7486148,3986,2010-01-03,24437,DEBIT_CARD
7486149,4500,2010-01-03,43293,DEBIT_CARD
7486151,11024,2010-01-03,50783,CREDIT_CARD
7486153,16020,2010-01-03,60569,DEBIT_CARD
7486154,17462,2010-01-03,74247,DEBIT_CARD
7486155,3565,2010-01-03,92007,DEBIT_CARD
7486156,4403,2010-01-03,33118,CREDIT_CARD
7486158,3825,2010-01-03,39021,DEBIT_CARD
7486159,2004,2010-01-03,11468,CREDIT_CARD
7486160,2238,2010-01-03,30928,CREDIT_CARD
7486162,4000,2010-01-03,27092,DEBIT_CARD
7486164,3653,2010-01-03,41760,CREDIT_CARD
7486165,7462,2010-01-03,26810,DEBIT_CARD
7486166,15770,2010-01-03,20561,DEBIT_CARD
7486167,16177,2010-01-03,73186,DEBIT_CARD
7486169,3411,2010-01-03,46897,DEBIT_CARD
7486171,3746,2010-01-03,6665,DEBIT_CARD
7486172,539,2010-01-03,19964,DEBIT_CARD
7486175,1259,2010-01-03,29218,DEBIT_CARD
7486176,14169,2010-01-03,49789,DEBIT_CARD
7486177,7300,2010-01-03,59935,DEBIT_CARD
7486178,853,2010-01-03,16798,CREDIT_CARD
7486179,7000,2010-01-03,43293,DEBIT_CARD
7486180,16000,2010-01-03,27092,DEBIT_CARD
7486181,3114,2010-01-03,39021,DEBIT_CARD
7486182,9504,2010-01-03,48741,CREDIT_CARD
7486183,6310,2010-01-03,20561,CREDIT_CARD
7486186,3476,2010-01-03,39021,DEBIT_CARD
7486187,3728,2010-01-03,26909,DEBIT_CARD
7486190,174,2010-01-03,22938,CREDIT_CARD
7486191,6591,2010-01-03,32175,DEBIT_CARD
7486194,1189,2010-01-03,88093,CREDIT_CARD
7486197,6345,2010-01-03,20561,DEBIT_CARD
7486198,3042,2010-01-03,39021,CREDIT_CARD
7486199,5755,2010-01-03,23845,CREDIT_CARD
7486200,5633,2010-01-03,99224,DEBIT_CARD
7486202,10120,2010-01-03,61195,DEBIT_CARD
7486201,7800,2010-01-03,61195,DEBIT_CARD
7486204,2861,2010-01-03,25717,CREDIT_CARD
7486205,163,2010-01-03,14528,CREDIT_CARD
7486208,5036,2010-01-03,20561,DEBIT_CARD
7486209,3282,2010-01-03,39021,DEBIT_CARD
7486210,2882,2010-01-03,43293,DEBIT_CARD
7486211,2726,2010-01-03,75936,DEBIT_CARD
7486212,4376,2010-01-03,17493,DEBIT_CARD
7486213,4332,2010-01-03,16798,DEBIT_CARD
7486214,2382,2010-01-03,16798,DEBIT_CARD
7486215,5020,2010-01-03,32161,DEBIT_CARD
7486216,6173,2010-01-03,92883,DEBIT_CARD
7486217,67,2010-01-03,14528,CREDIT_CARD
7486218,2093,2010-01-03,54850,CREDIT_CARD
7486219,1740,2010-01-03,74511,CREDIT_CARD
7486220,3863,2010-01-03,59803,DEBIT_CARD
7486221,7287,2010-01-03,98648,CREDIT_CARD
7486222,166,2010-01-03,86438,DEBIT_CARD
7486223,2486,2010-01-03,88852,DEBIT_CARD
7486224,8000,2010-01-03,27092,DEBIT_CARD
7486225,1104,2010-01-03,39261,DEBIT_CARD
7486226,1477,2010-01-03,60569,DEBIT_CARD
7486227,5700,2010-01-03,61195,CREDIT_CARD
7486228,5052,2010-01-03,61195,DEBIT_CARD
7486229,2700,2010-01-03,18563,CREDIT_CARD
7486230,9408,2010-01-03,92883,CREDIT_CARD
7486232,4756,2010-01-03,75141,DEBIT_CARD
7486233,5136,2010-01-03,947,CREDIT_CARD
7486236,4244,2010-01-03,48919,DEBIT_CARD
7486238,8000,2010-01-03,27092,DEBIT_CARD
7486239,909,2010-01-03,48762,CREDIT_CARD
7486241,370,2010-01-03,16798,DEBIT_CARD
7486242,5526,2010-01-03,25887,CREDIT_CARD
7486243,241,2010-01-03,86438,CREDIT_CARD
7486244,12000,2010-01-03,27092,DEBIT_CARD
7486245,160,2010-01-03,14528,DEBIT_CARD
7486247,6678,2010-01-03,42943,CREDIT_CARD
7486248,13095,2010-01-03,54730,CREDIT_CARD
7486249,2528,2010-01-03,15143,CREDIT_CARD
7486250,5382,2010-01-03,83038,CREDIT_CARD
7486251,798,2010-01-03,18917,DEBIT_CARD
7486252,4000,2010-01-03,27092,DEBIT_CARD
7486255,9000,2010-01-03,43293,DEBIT_CARD
7486257,2441,2010-01-03,50404,DEBIT_CARD
7486258,7558,2010-01-03,92883,DEBIT_CARD
7486259,2608,2010-01-03,61195,CREDIT_CARD
7486260,4982,2010-01-03,35451,DEBIT_CARD
7486261,3346,2010-01-03,86410,DEBIT_CARD
7486262,2269,2010-01-03,10875,DEBIT_CARD
7486263,4740,2010-01-03,25887,DEBIT_CARD
7486264,4559,2010-01-03,69972,CREDIT_CARD
7486265,2645,2010-01-03,16798,CREDIT_CARD
7486266,232,2010-01-03,16798,DEBIT_CARD
7486267,1133,2010-01-03,15825,CREDIT_CARD
7486268,25070,2010-01-03,36214,CREDIT_CARD
7486270,99,2010-01-03,86438,DEBIT_CARD
7486271,6277,2010-01-03,74922,CREDIT_CARD
7486273,7632,2010-01-03,60510,DEBIT_CARD
7486275,2924,2010-01-03,23866,CREDIT_CARD
7486276,4000,2010-01-03,27092,DEBIT_CARD
7486278,16202,2010-01-03,54850,CREDIT_CARD
7486279,4323,2010-01-03,98374,DEBIT_CARD
7486280,2686,2010-01-03,88646,DEBIT_CARD
7486281,5901,2010-01-03,17493,DEBIT_CARD
7486282,9903,2010-01-03,82981,CREDIT_CARD
7486283,66,2010-01-03,14528,DEBIT_CARD
7486284,5700,2010-01-03,61195,CREDIT_CARD
7486285,4712,2010-01-03,36088,DEBIT_CARD
7486286,593,2010-01-03,18786,CREDIT_CARD
7486287,4099,2010-01-03,94076,DEBIT_CARD
7486288,2383,2010-01-03,8471,CREDIT_CARD
7486291,2006,2010-01-03,39021,DEBIT_CARD
7486292,15012,2010-01-03,7710,DEBIT_CARD
7486294,7541,2010-01-03,60569,DEBIT_CARD
7486295,6957,2010-01-03,42943,CREDIT_CARD
7486296,7108,2010-01-03,9932,DEBIT_CARD
7486297,6430,2010-01-03,30286,DEBIT_CARD
7486298,4240,2010-01-03,32858,DEBIT_CARD
7486299,103,2010-01-03,14528,DEBIT_CARD
7486300,1389,2010-01-03,40566,CREDIT_CARD
7486301,17292,2010-01-03,78052,CREDIT_CARD
7486302,4034,2010-01-03,20561,DEBIT_CARD
7486303,8006,2010-01-03,78605,DEBIT_CARD
7486304,8828,2010-01-03,30286,DEBIT_CARD
7486306,4116,2010-01-03,67570,DEBIT_CARD
7486307,13376,2010-01-03,69752,DEBIT_CARD
7486308,971,2010-01-03,16798,DEBIT_CARD
7486310,2791,2010-01-03,18215,DEBIT_CARD
7486311,4311,2010-01-03,45926,DEBIT_CARD
7486312,42200,2010-01-03,52923,DEBIT_CARD
7486313,3346,2010-01-03,41122,DEBIT_CARD
7486314,9678,2010-01-03,75781,DEBIT_CARD
7486315,2691,2010-01-03,86410,DEBIT_CARD
7486316,1954,2010-01-03,92192,DEBIT_CARD
7486317,4788,2010-01-03,19964,DEBIT_CARD
7486318,4674,2010-01-03,86959,CREDIT_CARD
7486319,15312,2010-01-03,30286,CREDIT_CARD
7486320,10928,2010-01-03,22938,DEBIT_CARD
7486321,132,2010-01-03,50783,DEBIT_CARD
7486322,2221,2010-01-03,47910,DEBIT_CARD
7486323,11417,2010-01-03,8207,CREDIT_CARD
7486324,6708,2010-01-03,17493,DEBIT_CARD
7486325,1240,2010-01-03,40568,DEBIT_CARD
7486326,8244,2010-01-03,17969,DEBIT_CARD
7486328,1750,2010-01-03,53527,CREDIT_CARD
7486329,11983,2010-01-03,61195,CREDIT_CARD
7486331,3294,2010-01-03,55060,DEBIT_CARD
7486332,651,2010-01-03,43293,DEBIT_CARD
7486334,7669,2010-01-03,55060,DEBIT_CARD
7486335,689,2010-01-03,5909,DEBIT_CARD
7486336,3662,2010-01-03,55060,DEBIT_CARD
7486339,4023,2010-01-03,48832,CREDIT_CARD
7486340,2100,2010-01-03,43293,CREDIT_CARD
7486341,2660,2010-01-03,25887,DEBIT_CARD
7486347,2081,2010-01-03,31668,DEBIT_CARD
7486350,4588,2010-01-03,23481,DEBIT_CARD
7486351,10000,2010-01-03,43293,CREDIT_CARD
7486352,4085,2010-01-03,39021,DEBIT_CARD
7486353,2469,2010-01-03,18563,CREDIT_CARD
7486354,6064,2010-01-03,79927,DEBIT_CARD
7486355,7505,2010-01-03,81841,DEBIT_CARD
7486357,6794,2010-01-03,19964,DEBIT_CARD
7486359,3200,2010-01-03,11468,DEBIT_CARD
7486360,3336,2010-01-03,32606,CREDIT_CARD
7486361,202,2010-01-03,48714,DEBIT_CARD
7486362,2741,2010-01-03,92400,DEBIT_CARD
7486363,9537,2010-01-03,94625,DEBIT_CARD
7486365,10025,2010-01-03,79664,CREDIT_CARD
7486366,9570,2010-01-03,86959,DEBIT_CARD
7486367,5471,2010-01-03,760,CREDIT_CARD
7486369,5056,2010-01-03,25887,DEBIT_CARD
7486370,388,2010-01-03,87542,DEBIT_CARD
7486372,4524,2010-01-03,2402,DEBIT_CARD
7486373,2000,2010-01-03,27092,DEBIT_CARD
7486374,6355,2010-01-03,61195,DEBIT_CARD
7486375,6016,2010-01-03,83743,DEBIT_CARD
7486376,4007,2010-01-03,40464,DEBIT_CARD
7486377,3243,2010-01-03,36026,CREDIT_CARD
7486378,6175,2010-01-03,60569,DEBIT_CARD
7486381,3778,2010-01-03,78454,DEBIT_CARD
7486382,3064,2010-01-03,45926,CREDIT_CARD
7486384,1488,2010-01-03,61195,DEBIT_CARD
7486385,3842,2010-01-03,56981,DEBIT_CARD
7486386,4629,2010-01-03,25717,CREDIT_CARD
7486387,1765,2010-01-03,99416,DEBIT_CARD
7486389,1404,2010-01-03,65392,DEBIT_CARD
7486390,5115,2010-01-03,2703,CREDIT_CARD
7486392,5600,2010-01-03,61195,DEBIT_CARD
7486393,5600,2010-01-03,22204,CREDIT_CARD
7486394,4481,2010-01-03,69972,DEBIT_CARD
7486395,38458,2010-01-03,52923,DEBIT_CARD
7486396,114,2010-01-03,14528,CREDIT_CARD
7486397,7467,2010-01-03,75781,CREDIT_CARD
7486399,3501,2010-01-03,88646,DEBIT_CARD
7486401,110,2010-01-03,86438,DEBIT_CARD
7486402,7330,2010-01-03,24827,DEBIT_CARD
7486403,7137,2010-01-03,75447,CREDIT_CARD
7486404,8671,2010-01-03,78454,CREDIT_CARD
7486405,4309,2010-01-03,72681,CREDIT_CARD
7486406,7066,2010-01-03,20519,DEBIT_CARD
7486408,14000,2010-01-03,27092,CREDIT_CARD
7486409,1727,2010-01-03,22204,CREDIT_CARD
7486410,921,2010-01-03,82499,DEBIT_CARD
7486411,182,2010-01-03,45926,DEBIT_CARD
7486412,5491,2010-01-03,32175,DEBIT_CARD
7486413,1660,2010-01-03,44682,DEBIT_CARD
7486414,6281,2010-01-03,71667,DEBIT_CARD
7486415,345,2010-01-03,74443,DEBIT_CARD
7486416,4410,2010-01-03,16798,CREDIT_CARD
7486417,4064,2010-01-03,59397,DEBIT_CARD
7486418,4205,2010-01-03,13646,CREDIT_CARD
7486419,152,2010-01-03,86438,DEBIT_CARD
7486421,15867,2010-01-03,50783,DEBIT_CARD
7486422,4674,2010-01-03,35451,DEBIT_CARD
7486424,6427,2010-01-03,50867,DEBIT_CARD
7486425,888,2010-01-03,22204,CREDIT_CARD
7486426,10000,2010-01-03,27092,DEBIT_CARD
7486427,5214,2010-01-03,87625,DEBIT_CARD
7486429,3959,2010-01-03,75936,DEBIT_CARD
7486430,1988,2010-01-03,13646,CREDIT_CARD
7486432,5872,2010-01-03,34490,CREDIT_CARD
7486434,8100,2010-01-03,50867,DEBIT_CARD
7486435,11204,2010-01-03,92883,CREDIT_CARD
7486437,8374,2010-01-03,50783,DEBIT_CARD
7486440,10660,2010-01-03,31893,DEBIT_CARD
7486443,5378,2010-01-03,17493,DEBIT_CARD
7486444,2208,2010-01-03,85247,DEBIT_CARD
7486445,1965,2010-01-03,16712,DEBIT_CARD
7486446,1500,2010-01-03,50783,DEBIT_CARD
7486447,6740,2010-01-03,35451,DEBIT_CARD
7486448,3811,2010-01-03,98648,DEBIT_CARD
7486449,4905,2010-01-03,46284,CREDIT_CARD
7486450,8397,2010-01-03,48516,DEBIT_CARD
7486451,2842,2010-01-03,45926,DEBIT_CARD
7486452,7062,2010-01-03,60569,CREDIT_CARD
7486453,2019,2010-01-03,83480,DEBIT_CARD
7486455,7664,2010-01-03,24558,DEBIT_CARD
7486456,2441,2010-01-03,55060,CREDIT_CARD
7486457,6206,2010-01-03,1022,DEBIT_CARD
7486459,5240,2010-01-03,39021,DEBIT_CARD
7486460,3304,2010-01-03,18563,CREDIT_CARD
7486461,9370,2010-01-03,19964,DEBIT_CARD
7486462,10581,2010-01-03,77348,CREDIT_CARD
7486463,189,2010-01-03,14528,DEBIT_CARD
7486464,1847,2010-01-03,20519,CREDIT_CARD
7486465,5262,2010-01-03,55060,CREDIT_CARD
7486467,10899,2010-01-03,87625,DEBIT_CARD
7486470,4954,2010-01-03,21420,DEBIT_CARD
7486471,6000,2010-01-03,27092,CREDIT_CARD
7486472,8794,2010-01-03,9932,DEBIT_CARD
7486473,3984,2010-01-03,41122,DEBIT_CARD
7486474,11242,2010-01-03,34488,CREDIT_CARD
7486475,3307,2010-01-03,41122,CREDIT_CARD
7486477,11350,2010-01-03,50783,CREDIT_CARD
7486478,363,2010-01-03,26810,DEBIT_CARD
7486479,2929,2010-01-03,25887,DEBIT_CARD
7486480,908,2010-01-03,12029,DEBIT_CARD
7486482,2654,2010-01-03,77246,CREDIT_CARD
7486483,5565,2010-01-03,39021,DEBIT_CARD
7486484,5249,2010-01-03,56193,CREDIT_CARD
7486485,12620,2010-01-03,75781,DEBIT_CARD
7486486,747,2010-01-03,79927,DEBIT_CARD
7486488,5202,2010-01-03,98648,DEBIT_CARD
7486489,2317,2010-01-03,39021,CREDIT_CARD
7486490,2945,2010-01-03,44578,DEBIT_CARD
7486491,2986,2010-01-03,69490,CREDIT_CARD
7486492,4759,2010-01-03,75936,DEBIT_CARD
7486493,8700,2010-01-03,59935,CREDIT_CARD
7486494,477,2010-01-03,60569,DEBIT_CARD
7486495,2883,2010-01-03,52736,CREDIT_CARD
7486496,7512,2010-01-03,50783,DEBIT_CARD
7486497,6371,2010-01-03,75781,DEBIT_CARD
7486498,1701,2010-01-03,13646,CREDIT_CARD
7486499,8000,2010-01-03,27092,DEBIT_CARD
7486500,3741,2010-01-03,99586,DEBIT_CARD
7486501,6468,2010-01-03,50404,CREDIT_CARD
7486502,3293,2010-01-03,96246,DEBIT_CARD
7486503,2764,2010-01-03,44919,DEBIT_CARD
7486504,7387,2010-01-03,42636,DEBIT_CARD
7486506,3805,2010-01-03,72515,DEBIT_CARD
7486507,2779,2010-01-03,34120,DEBIT_CARD
7486508,5020,2010-01-03,23481,CREDIT_CARD
7486510,3818,2010-01-03,68079,DEBIT_CARD
7486511,5349,2010-01-03,59935,CREDIT_CARD
7486513,6382,2010-01-03,75781,CREDIT_CARD
7486514,22148,2010-01-03,20561,DEBIT_CARD
7486515,2659,2010-01-03,9028,CREDIT_CARD
7486516,1297,2010-01-03,26810,DEBIT_CARD
7486517,4030,2010-01-03,53097,CREDIT_CARD
7486522,5410,2010-01-03,23481,DEBIT_CARD
7486525,3429,2010-01-03,15143,DEBIT_CARD
7486526,8144,2010-01-03,28250,DEBIT_CARD
7486527,7400,2010-01-03,26810,DEBIT_CARD
7486528,10596,2010-01-03,49944,DEBIT_CARD
7486529,265,2010-01-03,50783,DEBIT_CARD
7486530,9952,2010-01-03,804,DEBIT_CARD
7486531,3027,2010-01-03,59935,DEBIT_CARD
7486532,5417,2010-01-03,24967,DEBIT_CARD
7486533,9794,2010-01-03,40682,DEBIT_CARD
7486534,4593,2010-01-03,13646,DEBIT_CARD
7486535,5038,2010-01-03,50867,DEBIT_CARD
7486536,9782,2010-01-03,54773,DEBIT_CARD
7486537,4777,2010-01-03,75781,DEBIT_CARD
7486538,3907,2010-01-03,41122,DEBIT_CARD
7486539,5300,2010-01-03,59935,DEBIT_CARD
7486540,9586,2010-01-03,18854,CREDIT_CARD
7486541,9184,2010-01-03,47395,DEBIT_CARD
7486542,5339,2010-01-03,9932,DEBIT_CARD
7486543,214,2010-01-03,24504,DEBIT_CARD
7486547,277,2010-01-03,14528,DEBIT_CARD
7486549,249,2010-01-03,19964,DEBIT_CARD
7486553,10492,2010-01-03,24558,DEBIT_CARD
7486554,5183,2010-01-03,71667,DEBIT_CARD
7486557,5943,2010-01-03,28282,DEBIT_CARD
7486558,918,2010-01-03,67283,DEBIT_CARD
7486559,8569,2010-01-03,59935,DEBIT_CARD
7486560,2218,2010-01-03,18563,DEBIT_CARD
7486561,1423,2010-01-03,41943,DEBIT_CARD
7486562,3768,2010-01-03,2703,CREDIT_CARD
7486563,340,2010-01-03,60569,CREDIT_CARD
7486564,8000,2010-01-03,59935,DEBIT_CARD
7486566,5088,2010-01-03,41122,DEBIT_CARD
7486567,3882,2010-01-03,42638,DEBIT_CARD
7486568,477,2010-01-03,5409,CREDIT_CARD
7486569,3861,2010-01-03,44578,DEBIT_CARD
7486570,4814,2010-01-03,17266,DEBIT_CARD
7486571,16000,2010-01-03,27092,DEBIT_CARD
7486572,91,2010-01-03,49937,DEBIT_CARD
7486573,5896,2010-01-03,26909,DEBIT_CARD
7486574,2820,2010-01-03,21374,DEBIT_CARD
7486576,2502,2010-01-03,71046,DEBIT_CARD
7486579,6300,2010-01-03,50867,DEBIT_CARD
7486580,7387,2010-01-03,51216,DEBIT_CARD
7486581,7151,2010-01-03,50867,DEBIT_CARD
7486582,6000,2010-01-03,27092,DEBIT_CARD
7486583,8685,2010-01-03,30286,CREDIT_CARD
7486585,4564,2010-01-03,65392,DEBIT_CARD
7486586,4188,2010-01-03,25887,DEBIT_CARD
7486587,209,2010-01-03,75781,CREDIT_CARD
7486588,205,2010-01-03,61195,DEBIT_CARD
7486590,5202,2010-01-03,16222,DEBIT_CARD
7486593,17322,2010-01-03,93875,DEBIT_CARD
7486594,36280,2010-01-03,74934,CREDIT_CARD
7486596,3061,2010-01-03,39021,CREDIT_CARD
7486597,6934,2010-01-03,39021,CREDIT_CARD
7486599,456,2010-01-03,22204,CREDIT_CARD
7486603,143,2010-01-03,86438,DEBIT_CARD
7486605,23721,2010-01-03,43400,CREDIT_CARD
7486606,1743,2010-01-03,75936,DEBIT_CARD
7486607,4524,2010-01-03,16954,DEBIT_CARD
7486609,3365,2010-01-03,986,DEBIT_CARD
7486610,284,2010-01-03,39234,CREDIT_CARD
7486611,181,2010-01-03,81833,DEBIT_CARD
7486612,7066,2010-01-03,59935,DEBIT_CARD
7486614,4769,2010-01-03,70692,DEBIT_CARD
7486615,7335,2010-01-03,26810,CREDIT_CARD
7486616,3660,2010-01-03,11468,DEBIT_CARD
7486617,7085,2010-01-03,86959,DEBIT_CARD
7486618,3566,2010-01-03,1238,DEBIT_CARD
7486619,3580,2010-01-03,92156,CREDIT_CARD
7486620,10000,2010-01-03,27092,DEBIT_CARD
7486621,7621,2010-01-03,54441,CREDIT_CARD
7486622,6800,2010-01-03,61195,DEBIT_CARD
7486623,6902,2010-01-03,86959,DEBIT_CARD
7486624,392,2010-01-03,23340,CREDIT_CARD
7486625,4846,2010-01-03,69972,CREDIT_CARD
7486626,6371,2010-01-03,67455,DEBIT_CARD
7486628,2943,2010-01-03,23481,DEBIT_CARD
7486629,1192,2010-01-03,92640,DEBIT_CARD
7486630,143,2010-01-03,14528,DEBIT_CARD
7486631,10726,2010-01-03,86410,DEBIT_CARD
7486632,6315,2010-01-03,35451,DEBIT_CARD
7486634,2004,2010-01-03,96246,CREDIT_CARD
7486635,7062,2010-01-03,69972,DEBIT_CARD
7486637,6749,2010-01-03,55060,DEBIT_CARD
7486638,324,2010-01-03,68796,DEBIT_CARD
7486639,13997,2010-01-03,69345,DEBIT_CARD
7486640,3023,2010-01-03,79031,DEBIT_CARD
7486643,11776,2010-01-03,12187,DEBIT_CARD
7486644,2149,2010-01-03,45926,DEBIT_CARD
7486645,2636,2010-01-03,25887,DEBIT_CARD
7486646,2591,2010-01-03,71707,CREDIT_CARD
7486648,6000,2010-01-03,27092,DEBIT_CARD
7486650,3174,2010-01-03,92854,DEBIT_CARD
7486651,632,2010-01-03,60569,DEBIT_CARD
7486652,11730,2010-01-03,96529,DEBIT_CARD
7486653,865,2010-01-03,25844,DEBIT_CARD
7486654,10120,2010-01-03,22204,CREDIT_CARD
7486655,8372,2010-01-03,8021,CREDIT_CARD
7486656,2986,2010-01-03,72606,DEBIT_CARD
7486657,15311,2010-01-03,82981,DEBIT_CARD
7486658,5369,2010-01-03,89001,DEBIT_CARD
7486659,30805,2010-01-03,726,DEBIT_CARD
7486661,3119,2010-01-03,61195,DEBIT_CARD
7486662,1021,2010-01-03,47680,CREDIT_CARD
7486663,11164,2010-01-03,75781,DEBIT_CARD
7486664,35100,2010-01-03,52073,DEBIT_CARD
7486666,2060,2010-01-03,69032,DEBIT_CARD
7486670,4662,2010-01-03,59199,CREDIT_CARD
7486671,195,2010-01-03,86438,CREDIT_CARD
7486672,16506,2010-01-03,19479,DEBIT_CARD
7486673,21530,2010-01-03,13616,CREDIT_CARD
7486674,4456,2010-01-03,31603,CREDIT_CARD
7486675,8809,2010-01-03,46476,DEBIT_CARD
7486677,4855,2010-01-03,27601,DEBIT_CARD
7486678,1287,2010-01-03,43293,DEBIT_CARD
7486680,1837,2010-01-03,75936,CREDIT_CARD
7486681,4403,2010-01-03,74907,CREDIT_CARD
7486683,11829,2010-01-03,59350,DEBIT_CARD
7486685,8236,2010-01-03,44578,DEBIT_CARD
7486686,2391,2010-01-03,26810,DEBIT_CARD
7486687,3403,2010-01-03,13109,CREDIT_CARD
7486688,1202,2010-01-03,8594,DEBIT_CARD
7486690,27895,2010-01-03,5594,DEBIT_CARD
7486691,6000,2010-01-03,27092,DEBIT_CARD
7486692,6982,2010-01-03,92883,CREDIT_CARD
7486693,106,2010-01-03,86438,DEBIT_CARD
7486694,2005,2010-01-03,81833,DEBIT_CARD
7486696,2211,2010-01-03,75936,DEBIT_CARD
7486697,2542,2010-01-03,56060,DEBIT_CARD
7486698,10525,2010-01-03,20561,CREDIT_CARD
7486699,10749,2010-01-03,52205,CREDIT_CARD
7486700,9648,2010-01-03,88864,CREDIT_CARD
7486701,6771,2010-01-03,32858,CREDIT_CARD
7486702,721,2010-01-03,45751,DEBIT_CARD
7486703,1203,2010-01-03,93432,DEBIT_CARD
7486704,10902,2010-01-03,71667,CREDIT_CARD
7486705,5000,2010-01-03,43580,DEBIT_CARD
7486706,12225,2010-01-03,91142,DEBIT_CARD
7486707,4401,2010-01-03,61195,DEBIT_CARD
7486708,2921,2010-01-03,60569,DEBIT_CARD
7486712,11567,2010-01-03,50783,CREDIT_CARD
7486713,3906,2010-01-03,25887,DEBIT_CARD
7486714,6800,2010-01-03,26810,DEBIT_CARD
7486718,1378,2010-01-03,18563,DEBIT_CARD
7486719,462,2010-01-03,93391,DEBIT_CARD
7486720,1242,2010-01-03,77948,CREDIT_CARD
7486721,5745,2010-01-03,88459,DEBIT_CARD
7486722,11236,2010-01-03,33699,DEBIT_CARD
7486725,33900,2010-01-03,3558,DEBIT_CARD
7486726,224,2010-01-03,97432,DEBIT_CARD
7486727,6000,2010-01-03,27092,DEBIT_CARD
7486729,2259,2010-01-03,18563,DEBIT_CARD
7486730,8712,2010-01-03,81833,CREDIT_CARD
7486731,12000,2010-01-03,27092,DEBIT_CARD
7486732,4488,2010-01-03,69972,DEBIT_CARD
7486733,9800,2010-01-03,61195,DEBIT_CARD
7486735,2023,2010-01-03,18131,CREDIT_CARD
7486736,5401,2010-01-03,25887,CREDIT_CARD
7486740,68,2010-01-03,86438,DEBIT_CARD
7486741,8890,2010-01-03,60569,DEBIT_CARD
7486743,752,2010-01-03,81833,CREDIT_CARD
7486744,3974,2010-01-03,13646,CREDIT_CARD
7486745,1702,2010-01-03,77668,DEBIT_CARD
7486746,1473,2010-01-03,60658,CREDIT_CARD
7486749,2984,2010-01-03,15177,DEBIT_CARD
7486750,7128,2010-01-03,88646,CREDIT_CARD
7486751,6144,2010-01-03,75936,CREDIT_CARD
7486752,9800,2010-01-03,59935,CREDIT_CARD
7486753,11666,2010-01-03,30286,DEBIT_CARD
7486755,4306,2010-01-03,41122,DEBIT_CARD
7486756,3020,2010-01-03,35451,CREDIT_CARD
7486757,5752,2010-01-03,46474,CREDIT_CARD
7486758,4119,2010-01-03,78454,DEBIT_CARD
7486759,4990,2010-01-03,100185,CREDIT_CARD
7486760,4857,2010-01-03,75936,DEBIT_CARD
7486761,4542,2010-01-03,44919,CREDIT_CARD
7486762,2704,2010-01-03,602,DEBIT_CARD
7486763,3142,2010-01-03,39021,CREDIT_CARD
7486764,526,2010-01-03,88699,CREDIT_CARD
7486765,11601,2010-01-03,45645,CREDIT_CARD
7486766,9213,2010-01-03,91128,DEBIT_CARD
7486767,9200,2010-01-03,61195,DEBIT_CARD
7486769,15887,2010-01-03,25724,DEBIT_CARD
7486771,1644,2010-01-03,14005,CREDIT_CARD
7486772,310,2010-01-03,23644,DEBIT_CARD
7486773,6936,2010-01-03,75936,DEBIT_CARD
7486774,3560,2010-01-03,25717,DEBIT_CARD
7486775,2498,2010-01-03,60569,DEBIT_CARD
7486776,14063,2010-01-03,75694,DEBIT_CARD
7486777,5977,2010-01-03,25717,DEBIT_CARD
7486779,6924,2010-01-03,1690,DEBIT_CARD
7486780,229,2010-01-03,14528,DEBIT_CARD
7486781,534,2010-01-03,88699,CREDIT_CARD
7486782,4484,2010-01-03,12614,DEBIT_CARD
7486784,14000,2010-01-03,27092,CREDIT_CARD
7486785,17136,2010-01-03,49637,DEBIT_CARD
7486787,2392,2010-01-03,18563,DEBIT_CARD
7486788,14821,2010-01-03,69965,CREDIT_CARD
7486790,3184,2010-01-03,45496,DEBIT_CARD
7486791,6588,2010-01-03,37369,CREDIT_CARD
7486793,1938,2010-01-03,59935,CREDIT_CARD
7486794,3564,2010-01-03,51961,CREDIT_CARD
7486795,5794,2010-01-03,11468,CREDIT_CARD
7486796,606,2010-01-03,61195,DEBIT_CARD
7486797,1560,2010-01-03,13078,CREDIT_CARD
7486798,2552,2010-01-03,75936,CREDIT_CARD
7486801,3490,2010-01-03,15143,CREDIT_CARD
7486804,5147,2010-01-03,44578,DEBIT_CARD
7486806,1768,2010-01-03,41904,DEBIT_CARD
7486807,2941,2010-01-03,39034,DEBIT_CARD
7486808,326,2010-01-03,75936,CREDIT_CARD
7486809,2554,2010-01-03,81223,DEBIT_CARD
7486810,1666,2010-01-03,45788,CREDIT_CARD
7486811,4827,2010-01-03,92883,DEBIT_CARD
7486812,4151,2010-01-03,75936,DEBIT_CARD
7486813,891,2010-01-03,10982,DEBIT_CARD
7486814,3218,2010-01-03,50783,DEBIT_CARD
7486815,3998,2010-01-03,18215,DEBIT_CARD
7486816,9512,2010-01-03,59397,DEBIT_CARD
7486818,14928,2010-01-03,45075,DEBIT_CARD
7486819,4000,2010-01-03,27092,CREDIT_CARD
7486820,6327,2010-01-03,48685,DEBIT_CARD
7486821,2000,2010-01-03,27092,CREDIT_CARD
7486822,20782,2010-01-03,15574,DEBIT_CARD
7486823,2854,2010-01-03,59935,DEBIT_CARD
7486824,3871,2010-01-03,50404,DEBIT_CARD
7486825,1174,2010-01-03,83221,DEBIT_CARD
7486826,888,2010-01-03,24802,CREDIT_CARD
7486827,8012,2010-01-03,19479,DEBIT_CARD
7486829,8986,2010-01-03,256,CREDIT_CARD
7486830,2000,2010-01-03,27092,DEBIT_CARD
7486831,5935,2010-01-03,6204,CREDIT_CARD
7486832,1123,2010-01-03,45928,DEBIT_CARD
7486833,4346,2010-01-03,88646,DEBIT_CARD
7486835,1133,2010-01-03,21054,CREDIT_CARD
7486836,2533,2010-01-03,1408,DEBIT_CARD
7486837,6000,2010-01-03,27092,DEBIT_CARD
7486839,3139,2010-01-03,88646,DEBIT_CARD
7486840,3991,2010-01-03,32164,CREDIT_CARD
7486841,2865,2010-01-03,17493,DEBIT_CARD
7486843,3359,2010-01-03,17028,DEBIT_CARD
7486844,2889,2010-01-03,30055,DEBIT_CARD
7486845,519,2010-01-03,13646,DEBIT_CARD
7486846,5629,2010-01-03,69972,DEBIT_CARD
7486847,4301,2010-01-03,55060,DEBIT_CARD
7486848,12751,2010-01-03,18131,DEBIT_CARD
7486849,4850,2010-01-03,69972,CREDIT_CARD
7486850,1875,2010-01-03,20561,DEBIT_CARD
7486851,8100,2010-01-03,59935,DEBIT_CARD
7486852,1797,2010-01-03,82981,CREDIT_CARD
7486853,17226,2010-01-03,56276,CREDIT_CARD
7486854,4099,2010-01-03,11468,DEBIT_CARD
7486855,14629,2010-01-03,73186,CREDIT_CARD
7486856,4478,2010-01-03,24823,DEBIT_CARD
7486857,2338,2010-01-03,53801,DEBIT_CARD
7486859,3932,2010-01-03,35451,CREDIT_CARD
7486861,53,2010-01-03,14528,DEBIT_CARD
7486862,7236,2010-01-03,50783,DEBIT_CARD
7486863,880,2010-01-03,13523,DEBIT_CARD
7486864,4718,2010-01-03,41260,DEBIT_CARD
7486865,8800,2010-01-03,41260,DEBIT_CARD
7486866,12029,2010-01-03,71203,DEBIT_CARD
7486867,7386,2010-01-03,86959,DEBIT_CARD
7486868,8731,2010-01-03,81833,CREDIT_CARD
7486869,11917,2010-01-03,61195,CREDIT_CARD
7486870,3451,2010-01-03,27601,DEBIT_CARD
7486871,3077,2010-01-03,59935,DEBIT_CARD
7486872,7450,2010-01-03,23481,DEBIT_CARD
7486873,4459,2010-01-03,35451,DEBIT_CARD
7486875,6666,2010-01-03,25390,CREDIT_CARD
7486876,1792,2010-01-03,2177,CREDIT_CARD
7486877,5074,2010-01-03,44578,CREDIT_CARD
7486878,1809,2010-01-03,17493,DEBIT_CARD
7486881,75,2010-01-03,45642,DEBIT_CARD
7486883,577,2010-01-03,60569,DEBIT_CARD
7486884,9333,2010-01-03,80424,DEBIT_CARD
7486885,8000,2010-01-03,27092,CREDIT_CARD
7486887,2272,2010-01-03,16798,DEBIT_CARD
7486888,5816,2010-01-03,24823,DEBIT_CARD
7486889,2111,2010-01-03,72812,DEBIT_CARD
7486890,5977,2010-01-03,43041,CREDIT_CARD
7486891,3308,2010-01-03,20519,DEBIT_CARD
7486892,3168,2010-01-03,48919,DEBIT_CARD
7486893,8004,2010-01-03,99370,DEBIT_CARD
7486894,37228,2010-01-03,68977,DEBIT_CARD
7486895,7624,2010-01-03,2374,DEBIT_CARD
7486898,3706,2010-01-03,7791,DEBIT_CARD
7486899,4052,2010-01-03,75936,CREDIT_CARD
7486900,6426,2010-01-03,98648,DEBIT_CARD
7486902,1218,2010-01-03,94123,DEBIT_CARD
7486903,14871,2010-01-03,35451,DEBIT_CARD
7486904,8000,2010-01-03,27092,DEBIT_CARD
7486905,24320,2010-01-03,73186,CREDIT_CARD
7486907,5200,2010-01-03,59935,DEBIT_CARD
7486908,190,2010-01-03,18563,DEBIT_CARD
7486909,105,2010-01-03,14528,DEBIT_CARD
7486910,8170,2010-01-03,25717,CREDIT_CARD
7486911,16153,2010-01-03,36340,DEBIT_CARD
7486912,3735,2010-01-03,25887,DEBIT_CARD
7486913,1702,2010-01-03,30055,CREDIT_CARD
7486914,2513,2010-01-03,50783,CREDIT_CARD
7486915,11985,2010-01-03,31263,DEBIT_CARD
7486916,4663,2010-01-03,18563,CREDIT_CARD
7486918,700,2010-01-03,81703,DEBIT_CARD
7486919,3752,2010-01-03,24823,DEBIT_CARD
7486920,1389,2010-01-03,99370,DEBIT_CARD
7486921,2509,2010-01-03,88646,CREDIT_CARD
7486922,6000,2010-01-03,27092,DEBIT_CARD
7486923,4877,2010-01-03,88646,CREDIT_CARD
7486924,4340,2010-01-03,75936,CREDIT_CARD
7486925,9792,2010-01-03,4439,DEBIT_CARD
7486927,3890,2010-01-03,31893,DEBIT_CARD
7486928,2741,2010-01-03,100043,DEBIT_CARD
7486929,1343,2010-01-03,81536,CREDIT_CARD
7486930,7644,2010-01-03,69972,CREDIT_CARD
7486931,2743,2010-01-03,91264,DEBIT_CARD
7486932,17073,2010-01-03,80770,DEBIT_CARD
7486933,1049,2010-01-03,30673,DEBIT_CARD
7486936,2419,2010-01-03,53835,CREDIT_CARD
7486937,55,2010-01-03,86438,DEBIT_CARD
7486938,1146,2010-01-03,74146,DEBIT_CARD
7486939,93,2010-01-03,86438,CREDIT_CARD
7486940,7103,2010-01-03,54850,DEBIT_CARD
7486942,4000,2010-01-03,27092,CREDIT_CARD
7486943,10304,2010-01-03,90949,CREDIT_CARD
7486944,2947,2010-01-03,24823,DEBIT_CARD
7486945,2000,2010-01-03,27092,CREDIT_CARD
7486947,3780,2010-01-03,22938,DEBIT_CARD
7486948,17005,2010-01-03,54850,CREDIT_CARD
7486949,9940,2010-01-03,50783,DEBIT_CARD
7486950,6128,2010-01-03,80012,DEBIT_CARD
7486951,4659,2010-01-03,48919,DEBIT_CARD
7486952,3951,2010-01-03,81833,DEBIT_CARD
7486954,922,2010-01-03,58626,CREDIT_CARD
7486955,6150,2010-01-03,67763,DEBIT_CARD
7486956,582,2010-01-03,12329,DEBIT_CARD
7486957,4568,2010-01-03,47588,DEBIT_CARD
7486958,925,2010-01-03,81833,DEBIT_CARD
7486959,13479,2010-01-03,86616,CREDIT_CARD
7486960,464,2010-01-03,26909,DEBIT_CARD
7486961,1786,2010-01-03,61195,CREDIT_CARD
7486962,3193,2010-01-03,18563,DEBIT_CARD
7486963,18905,2010-01-03,98686,DEBIT_CARD
7486964,2430,2010-01-03,58395,DEBIT_CARD
7486965,1250,2010-01-03,69972,DEBIT_CARD
7486966,3810,2010-01-03,69956,DEBIT_CARD
7486967,6922,2010-01-03,9932,DEBIT_CARD
7486968,4885,2010-01-03,1554,DEBIT_CARD
7486969,2408,2010-01-03,63390,CREDIT_CARD
7486970,1494,2010-01-03,20561,DEBIT_CARD
7486971,10459,2010-01-03,86616,DEBIT_CARD
7486972,1730,2010-01-03,3211,DEBIT_CARD
7486973,6901,2010-01-03,62238,DEBIT_CARD
7486974,1237,2010-01-03,7275,DEBIT_CARD
7486975,3011,2010-01-03,86959,CREDIT_CARD
7486977,5778,2010-01-03,32361,DEBIT_CARD
7486978,6071,2010-01-03,66558,DEBIT_CARD
7486979,29800,2010-01-03,39991,CREDIT_CARD
7486982,204,2010-01-03,75781,DEBIT_CARD
7486983,135,2010-01-03,56431,DEBIT_CARD
7486984,1033,2010-01-03,89069,DEBIT_CARD
7486985,115,2010-01-03,20519,DEBIT_CARD
7486986,328,2010-01-03,6853,DEBIT_CARD
7486988,128,2010-01-03,14528,CREDIT_CARD
7486989,4165,2010-01-03,16229,DEBIT_CARD
7486990,2972,2010-01-03,5684,CREDIT_CARD
7486991,6656,2010-01-03,81477,CREDIT_CARD
7486992,1827,2010-01-03,16798,DEBIT_CARD
7486994,8824,2010-01-03,20561,DEBIT_CARD
7486996,14919,2010-01-03,69338,DEBIT_CARD
7486998,6000,2010-01-03,27092,DEBIT_CARD
7486999,993,2010-01-03,66758,DEBIT_CARD
7487000,8430,2010-01-03,1897,CREDIT_CARD
7487001,7291,2010-01-03,32175,DEBIT_CARD
7487002,2000,2010-01-03,27092,CREDIT_CARD
7487003,13081,2010-01-04,23183,DEBIT_CARD
7487004,1370,2010-01-04,75781,DEBIT_CARD
7487005,12307,2010-01-04,69056,DEBIT_CARD
7487006,824,2010-01-04,39261,DEBIT_CARD
7487007,12000,2010-01-04,27092,CREDIT_CARD
7487008,347,2010-01-04,92883,DEBIT_CARD
7487009,360,2010-01-04,19964,DEBIT_CARD
7487011,9341,2010-01-04,30286,DEBIT_CARD
7487013,11853,2010-01-04,635,DEBIT_CARD
7487014,48,2010-01-04,20561,DEBIT_CARD
7487015,3530,2010-01-04,81759,CREDIT_CARD
7487016,10000,2010-01-04,27092,DEBIT_CARD
7487017,2438,2010-01-04,39021,DEBIT_CARD
7487018,412,2010-01-04,59935,DEBIT_CARD
7487020,320,2010-01-04,75936,CREDIT_CARD
7487021,5049,2010-01-04,61195,DEBIT_CARD
7487022,8765,2010-01-04,81833,DEBIT_CARD
7487025,1389,2010-01-04,47399,DEBIT_CARD
7487026,2902,2010-01-04,88646,DEBIT_CARD
7487027,9600,2010-01-04,43293,CREDIT_CARD
7487028,525,2010-01-04,21739,DEBIT_CARD
7487029,229,2010-01-04,17493,CREDIT_CARD
7487030,8220,2010-01-04,50783,DEBIT_CARD
7487031,1920,2010-01-04,16798,CREDIT_CARD
7487032,5002,2010-01-04,60600,CREDIT_CARD
7487038,297,2010-01-04,43293,CREDIT_CARD
7487040,5828,2010-01-04,88646,DEBIT_CARD
7487041,4000,2010-01-04,27092,DEBIT_CARD
7487042,10439,2010-01-04,20519,DEBIT_CARD
7487043,392,2010-01-04,34702,CREDIT_CARD
7487044,3879,2010-01-04,61195,CREDIT_CARD
7487048,12999,2010-01-04,32480,CREDIT_CARD
7487049,10309,2010-01-04,99370,DEBIT_CARD
7487050,2602,2010-01-04,32175,DEBIT_CARD
7487051,2573,2010-01-04,29232,DEBIT_CARD
7487052,7363,2010-01-04,18215,DEBIT_CARD
7487054,112,2010-01-04,14528,CREDIT_CARD
7487055,708,2010-01-04,47399,CREDIT_CARD
7487056,17959,2010-01-04,10991,CREDIT_CARD
7487057,259,2010-01-04,22204,DEBIT_CARD
7487058,2982,2010-01-04,34256,DEBIT_CARD
7487059,3804,2010-01-04,20519,DEBIT_CARD
7487060,4000,2010-01-04,27092,CREDIT_CARD
7487061,8515,2010-01-04,73186,CREDIT_CARD
7487062,10490,2010-01-04,73186,CREDIT_CARD
7487063,2397,2010-01-04,18980,DEBIT_CARD
7487064,5108,2010-01-04,18215,DEBIT_CARD
7487065,208,2010-01-04,25887,DEBIT_CARD
7487066,19407,2010-01-04,73186,CREDIT_CARD
7487067,388,2010-01-04,69345,DEBIT_CARD
7487068,3634,2010-01-04,88192,CREDIT_CARD
7487069,11162,2010-01-04,65108,CREDIT_CARD
7487071,10104,2010-01-04,24827,DEBIT_CARD
7487072,220,2010-01-04,81833,CREDIT_CARD
7487073,4752,2010-01-04,54850,CREDIT_CARD
7487074,3151,2010-01-04,88646,DEBIT_CARD
7487078,940,2010-01-04,14005,CREDIT_CARD
7487079,2910,2010-01-04,19964,DEBIT_CARD
7487080,10411,2010-01-04,98648,CREDIT_CARD
7487081,4945,2010-01-04,20519,CREDIT_CARD
7487082,5850,2010-01-04,35451,DEBIT_CARD
7487083,827,2010-01-04,50783,CREDIT_CARD
7487084,9355,2010-01-04,54298,CREDIT_CARD
7487085,4884,2010-01-04,4439,DEBIT_CARD
7487086,5985,2010-01-04,39021,CREDIT_CARD
7487088,562,2010-01-04,2177,DEBIT_CARD
7487089,558,2010-01-04,23481,DEBIT_CARD
7487090,10296,2010-01-04,30286,DEBIT_CARD
7487091,423,2010-01-04,75781,DEBIT_CARD
7487092,4997,2010-01-04,92872,CREDIT_CARD
7487093,6996,2010-01-04,9932,DEBIT_CARD
7487094,1350,2010-01-04,43293,DEBIT_CARD
7487095,155,2010-01-04,2177,CREDIT_CARD
7487096,13041,2010-01-04,76830,CREDIT_CARD
7487097,2253,2010-01-04,39021,DEBIT_CARD
7487098,2528,2010-01-04,87530,DEBIT_CARD
7487099,245,2010-01-04,12727,DEBIT_CARD
7487100,413,2010-01-04,59397,DEBIT_CARD
7487101,3888,2010-01-04,94123,DEBIT_CARD
7487102,202,2010-01-04,75936,DEBIT_CARD
7487103,5492,2010-01-04,72548,DEBIT_CARD
7487105,2741,2010-01-04,86616,CREDIT_CARD
7487108,4920,2010-01-04,81477,CREDIT_CARD
7487109,4072,2010-01-04,86313,DEBIT_CARD
7487110,1647,2010-01-04,68197,DEBIT_CARD
7487111,475,2010-01-04,69972,DEBIT_CARD
7487112,8329,2010-01-04,26909,DEBIT_CARD
7487116,17665,2010-01-04,54850,DEBIT_CARD
7487118,7554,2010-01-04,15428,DEBIT_CARD
7487119,8000,2010-01-04,27092,CREDIT_CARD
7487120,6259,2010-01-04,11468,DEBIT_CARD
7487123,7635,2010-01-04,31893,CREDIT_CARD
7487124,535,2010-01-04,82981,DEBIT_CARD
7487125,11657,2010-01-04,30286,DEBIT_CARD
7487126,10769,2010-01-04,43642,CREDIT_CARD
7487128,1313,2010-01-04,2205,DEBIT_CARD
7487129,1196,2010-01-04,85247,DEBIT_CARD
7487131,1672,2010-01-04,20519,CREDIT_CARD
7487132,2255,2010-01-04,49258,DEBIT_CARD
7487133,2895,2010-01-04,66579,CREDIT_CARD
7487134,386,2010-01-04,89738,CREDIT_CARD
7487135,314,2010-01-04,39261,DEBIT_CARD
7487137,13780,2010-01-04,6686,CREDIT_CARD
7487138,13697,2010-01-04,1827,CREDIT_CARD
7487139,5452,2010-01-04,20561,DEBIT_CARD
7487140,100,2010-01-04,14528,DEBIT_CARD
7487141,1364,2010-01-04,2205,DEBIT_CARD
7487142,6563,2010-01-04,20561,DEBIT_CARD
7487143,3438,2010-01-04,86410,DEBIT_CARD
7487144,5497,2010-01-04,87530,DEBIT_CARD
7487145,5752,2010-01-04,73186,CREDIT_CARD
7487146,10520,2010-01-04,19751,CREDIT_CARD
7487147,8000,2010-01-04,27092,CREDIT_CARD
7487148,1076,2010-01-04,99370,DEBIT_CARD
7487149,5399,2010-01-04,81759,CREDIT_CARD
7487150,18060,2010-01-04,87530,CREDIT_CARD
7487151,273,2010-01-04,26810,DEBIT_CARD
7487152,3662,2010-01-04,60569,DEBIT_CARD
7487153,12829,2010-01-04,5355,CREDIT_CARD
7487155,404,2010-01-04,20519,DEBIT_CARD
7487159,165,2010-01-04,28965,DEBIT_CARD
7487160,2506,2010-01-04,27310,DEBIT_CARD
7487161,1290,2010-01-04,49709,CREDIT_CARD
7487162,4080,2010-01-04,82981,DEBIT_CARD
7487163,2033,2010-01-04,15143,DEBIT_CARD
7487164,1220,2010-01-04,99370,CREDIT_CARD
7487165,2350,2010-01-04,39021,DEBIT_CARD
7487166,609,2010-01-04,50783,DEBIT_CARD
7487167,260,2010-01-04,44578,DEBIT_CARD
7487168,9753,2010-01-04,48919,DEBIT_CARD
7487169,3567,2010-01-04,71732,CREDIT_CARD
7487170,388,2010-01-04,44578,DEBIT_CARD
7487171,2539,2010-01-04,47399,CREDIT_CARD
7487172,2513,2010-01-04,13523,DEBIT_CARD
7487173,7050,2010-01-04,14819,DEBIT_CARD
7487174,8112,2010-01-04,75781,CREDIT_CARD
7487175,6510,2010-01-04,73186,CREDIT_CARD
7487176,85,2010-01-04,14528,DEBIT_CARD
7487177,4213,2010-01-04,30286,CREDIT_CARD
7487179,5046,2010-01-04,30286,CREDIT_CARD
7487181,3727,2010-01-04,45926,DEBIT_CARD
7487182,6620,2010-01-04,86369,DEBIT_CARD
7487183,6771,2010-01-04,86616,CREDIT_CARD
7487184,11900,2010-01-04,39991,CREDIT_CARD
7487185,32398,2010-01-04,74934,CREDIT_CARD
7487187,4207,2010-01-04,81759,CREDIT_CARD
7487188,10196,2010-01-04,4057,DEBIT_CARD
7487189,8974,2010-01-04,32175,CREDIT_CARD
7487190,3392,2010-01-04,74678,DEBIT_CARD
7487191,625,2010-01-04,92625,DEBIT_CARD
7487193,12000,2010-01-04,27092,DEBIT_CARD
7487194,3086,2010-01-04,42465,DEBIT_CARD
7487195,12438,2010-01-04,20884,CREDIT_CARD
7487197,1096,2010-01-04,39261,DEBIT_CARD
7487198,6435,2010-01-04,13646,DEBIT_CARD
7487199,843,2010-01-04,71904,DEBIT_CARD
7487200,17553,2010-01-04,88275,CREDIT_CARD
7487201,4865,2010-01-04,21189,DEBIT_CARD
7487202,1028,2010-01-04,60354,CREDIT_CARD
7487203,4115,2010-01-04,95072,CREDIT_CARD
7487204,377,2010-01-04,20519,DEBIT_CARD
7487206,11399,2010-01-04,95915,CREDIT_CARD
7487207,82,2010-01-04,88646,CREDIT_CARD
7487208,3524,2010-01-04,20561,CREDIT_CARD
7487210,13884,2010-01-04,60569,DEBIT_CARD
7487211,4415,2010-01-04,100235,DEBIT_CARD
7487212,10311,2010-01-04,75936,DEBIT_CARD
7487213,3791,2010-01-04,20561,CREDIT_CARD
7487215,544,2010-01-04,24550,CREDIT_CARD
7487216,312,2010-01-04,44578,DEBIT_CARD
7487217,8383,2010-01-04,6689,CREDIT_CARD
7487219,4581,2010-01-04,1725,CREDIT_CARD
7487222,3117,2010-01-04,60989,CREDIT_CARD
7487223,287,2010-01-04,20519,CREDIT_CARD
7487224,40100,2010-01-04,15574,DEBIT_CARD
7487225,1214,2010-01-04,22204,CREDIT_CARD
7487226,342,2010-01-04,83229,DEBIT_CARD
7487227,643,2010-01-04,39021,DEBIT_CARD
7487228,257,2010-01-04,50783,DEBIT_CARD
7487229,1392,2010-01-04,5909,DEBIT_CARD
7487230,11948,2010-01-04,79000,CREDIT_CARD
7487235,2365,2010-01-04,79927,DEBIT_CARD
7487236,530,2010-01-04,59935,DEBIT_CARD
7487237,173,2010-01-04,59397,CREDIT_CARD
7487238,237,2010-01-04,25887,DEBIT_CARD
7487241,2608,2010-01-04,20561,DEBIT_CARD
7487242,248,2010-01-04,58343,CREDIT_CARD
7487243,5696,2010-01-04,43293,CREDIT_CARD
7487244,5272,2010-01-04,39021,DEBIT_CARD
7487246,269,2010-01-04,20519,DEBIT_CARD
7487247,288,2010-01-04,10186,DEBIT_CARD
7487248,9168,2010-01-04,59935,DEBIT_CARD
7487249,23100,2010-01-04,78644,DEBIT_CARD
7487250,8245,2010-01-04,88183,DEBIT_CARD
7487251,1944,2010-01-04,75781,DEBIT_CARD
7487253,12000,2010-01-04,27092,CREDIT_CARD
7487255,10570,2010-01-04,67570,CREDIT_CARD
7487259,15704,2010-01-04,61195,DEBIT_CARD
7487263,1031,2010-01-04,63694,CREDIT_CARD
7487264,15357,2010-01-04,47219,CREDIT_CARD
7487265,2345,2010-01-04,26909,DEBIT_CARD
7487266,9400,2010-01-04,26810,DEBIT_CARD
7487267,6500,2010-01-04,59935,DEBIT_CARD
7487268,169,2010-01-04,20519,DEBIT_CARD
7487269,4865,2010-01-04,34490,CREDIT_CARD
7487270,2301,2010-01-04,24504,DEBIT_CARD
7487271,6023,2010-01-04,31893,CREDIT_CARD
7487272,10230,2010-01-04,50783,CREDIT_CARD
7487273,1238,2010-01-04,39200,DEBIT_CARD
7487274,1369,2010-01-04,61008,DEBIT_CARD
7487275,305,2010-01-04,55060,DEBIT_CARD
7487276,563,2010-01-04,78758,DEBIT_CARD
7487277,215,2010-01-04,20519,DEBIT_CARD
7487279,3622,2010-01-04,39021,DEBIT_CARD
7487280,211,2010-01-04,78454,DEBIT_CARD
7487282,3652,2010-01-04,31893,DEBIT_CARD
7487283,5859,2010-01-04,44873,DEBIT_CARD
7487284,4094,2010-01-04,10465,CREDIT_CARD
7487287,280,2010-01-04,61195,DEBIT_CARD
7487288,97,2010-01-04,86438,DEBIT_CARD
7487290,1716,2010-01-04,20519,DEBIT_CARD
7487292,17329,2010-01-04,89650,CREDIT_CARD
7487293,407,2010-01-04,39021,DEBIT_CARD
7487296,2389,2010-01-04,20561,DEBIT_CARD
7487297,548,2010-01-04,61195,DEBIT_CARD
7487298,314,2010-01-04,75781,DEBIT_CARD
7487299,3033,2010-01-04,91128,DEBIT_CARD
7487300,1915,2010-01-04,32175,CREDIT_CARD
7487302,221,2010-01-04,61195,DEBIT_CARD
7487304,3398,2010-01-04,20561,CREDIT_CARD
7487305,8412,2010-01-04,15715,CREDIT_CARD
7487307,41522,2010-01-04,89427,DEBIT_CARD
7487308,2292,2010-01-04,36934,CREDIT_CARD
7487309,2185,2010-01-04,75123,DEBIT_CARD
7487310,336,2010-01-04,17220,DEBIT_CARD
7487311,4060,2010-01-04,20561,DEBIT_CARD
7487312,24719,2010-01-04,14914,CREDIT_CARD
7487313,2182,2010-01-04,30317,DEBIT_CARD
7487315,4373,2010-01-04,32175,DEBIT_CARD
7487317,4745,2010-01-04,5738,CREDIT_CARD
7487318,261,2010-01-04,14528,DEBIT_CARD
7487320,6600,2010-01-04,43293,CREDIT_CARD
7487321,837,2010-01-04,20561,DEBIT_CARD
7487323,2958,2010-01-04,39021,CREDIT_CARD
7487324,202,2010-01-04,75781,DEBIT_CARD
7487327,387,2010-01-04,60569,DEBIT_CARD
7487328,12049,2010-01-04,3997,CREDIT_CARD
7487329,301,2010-01-04,20519,CREDIT_CARD
7487330,2070,2010-01-04,90588,CREDIT_CARD
7487331,154,2010-01-04,20058,CREDIT_CARD
7487332,340,2010-01-04,20519,DEBIT_CARD
7487333,341,2010-01-04,78758,DEBIT_CARD
7487334,516,2010-01-04,61195,DEBIT_CARD
7487335,229,2010-01-04,88646,DEBIT_CARD
7487336,6000,2010-01-04,27092,DEBIT_CARD
7487337,3910,2010-01-04,75781,CREDIT_CARD
7487338,5099,2010-01-04,39021,DEBIT_CARD
7487339,4505,2010-01-04,78854,DEBIT_CARD
7487340,9869,2010-01-04,41260,CREDIT_CARD
7487341,7948,2010-01-04,26810,DEBIT_CARD
7487342,5411,2010-01-04,13646,CREDIT_CARD
7487343,10000,2010-01-04,27092,DEBIT_CARD
7487344,2880,2010-01-04,66051,DEBIT_CARD
7487345,2888,2010-01-04,18563,DEBIT_CARD
7487346,208,2010-01-04,99795,DEBIT_CARD
7487349,377,2010-01-04,22268,DEBIT_CARD
7487351,6000,2010-01-04,27092,DEBIT_CARD
7487352,14000,2010-01-04,27092,DEBIT_CARD
7487353,3591,2010-01-04,50072,CREDIT_CARD
7487356,341,2010-01-04,17493,DEBIT_CARD
7487358,209,2010-01-04,20519,DEBIT_CARD
7487360,445,2010-01-04,2177,CREDIT_CARD
7487362,240,2010-01-04,27364,DEBIT_CARD
7487364,856,2010-01-04,34702,DEBIT_CARD
7487365,4218,2010-01-04,96246,DEBIT_CARD
7487366,6644,2010-01-04,34490,CREDIT_CARD
7487367,8843,2010-01-04,75936,DEBIT_CARD
7487368,470,2010-01-04,81833,DEBIT_CARD
7487370,8000,2010-01-04,27092,DEBIT_CARD
7487371,6722,2010-01-04,32213,CREDIT_CARD
7487374,1525,2010-01-04,59935,DEBIT_CARD
7487377,3540,2010-01-04,39021,CREDIT_CARD
7487380,2974,2010-01-04,80056,DEBIT_CARD
7487381,1122,2010-01-04,96889,CREDIT_CARD
7487383,11615,2010-01-04,38722,DEBIT_CARD
7487384,488,2010-01-04,75781,DEBIT_CARD
7487385,1089,2010-01-04,19252,DEBIT_CARD
7487387,531,2010-01-04,58739,DEBIT_CARD
7487388,975,2010-01-04,20993,DEBIT_CARD
7487389,1857,2010-01-04,83271,DEBIT_CARD
7487390,12086,2010-01-04,3997,CREDIT_CARD
7487391,7000,2010-01-04,59935,CREDIT_CARD
7487392,246,2010-01-04,20561,CREDIT_CARD
7487394,275,2010-01-04,75936,DEBIT_CARD
7487397,1352,2010-01-04,70635,DEBIT_CARD
7487398,2196,2010-01-04,70757,DEBIT_CARD
7487399,2068,2010-01-04,39021,DEBIT_CARD
7487401,3122,2010-01-04,39021,DEBIT_CARD
7487402,10875,2010-01-04,11468,DEBIT_CARD
7487403,10021,2010-01-04,60569,CREDIT_CARD
7487404,1674,2010-01-04,20561,DEBIT_CARD
7487405,189,2010-01-04,35451,DEBIT_CARD
7487406,2344,2010-01-04,30286,DEBIT_CARD
7487407,681,2010-01-04,83271,DEBIT_CARD
7487408,9400,2010-01-04,59935,DEBIT_CARD
7487412,3691,2010-01-04,15327,DEBIT_CARD
7487413,10000,2010-01-04,27092,DEBIT_CARD
7487415,266,2010-01-04,59935,DEBIT_CARD
7487416,5818,2010-01-04,39021,DEBIT_CARD
7487417,7300,2010-01-04,59935,DEBIT_CARD
7487418,3938,2010-01-04,20561,DEBIT_CARD
7487420,1117,2010-01-04,50783,CREDIT_CARD
7487421,599,2010-01-04,75781,CREDIT_CARD
7487423,6777,2010-01-04,22204,DEBIT_CARD
7487422,7100,2010-01-04,22204,DEBIT_CARD
7487424,1543,2010-01-04,20519,DEBIT_CARD
7487425,388,2010-01-04,75936,DEBIT_CARD
7487426,863,2010-01-04,26810,CREDIT_CARD
7487428,113,2010-01-04,25717,DEBIT_CARD
7487430,133,2010-01-04,75781,DEBIT_CARD
7487431,180,2010-01-04,50783,DEBIT_CARD
7487433,256,2010-01-04,13190,DEBIT_CARD
7487434,699,2010-01-04,9932,DEBIT_CARD
7487436,4604,2010-01-04,20561,CREDIT_CARD
7487437,437,2010-01-04,11947,DEBIT_CARD
7487438,6013,2010-01-04,34490,CREDIT_CARD
7487439,450,2010-01-04,68812,DEBIT_CARD
7487440,177,2010-01-04,14528,CREDIT_CARD
7487441,333,2010-01-04,50783,CREDIT_CARD
7487443,3568,2010-01-04,59935,CREDIT_CARD
7487444,1157,2010-01-04,50783,DEBIT_CARD
7487445,5381,2010-01-04,50783,CREDIT_CARD
7487446,5897,2010-01-04,30286,CREDIT_CARD
7487448,2510,2010-01-04,59935,DEBIT_CARD
7487449,3432,2010-01-04,50404,DEBIT_CARD
7487451,2532,2010-01-04,39021,CREDIT_CARD
7487452,18522,2010-01-04,85090,CREDIT_CARD
7487453,295,2010-01-04,4547,DEBIT_CARD
7487454,1403,2010-01-04,20519,DEBIT_CARD
7487455,1971,2010-01-04,18563,DEBIT_CARD
7487456,6602,2010-01-04,72945,DEBIT_CARD
7487457,785,2010-01-04,28032,CREDIT_CARD
7487458,1130,2010-01-04,81833,DEBIT_CARD
7487459,17930,2010-01-04,73186,CREDIT_CARD
7487460,5099,2010-01-04,59935,DEBIT_CARD
7487461,1042,2010-01-04,50783,DEBIT_CARD
7487462,10963,2010-01-04,68668,CREDIT_CARD
7487463,4444,2010-01-04,39021,CREDIT_CARD
7487465,3641,2010-01-04,41122,DEBIT_CARD
7487466,1272,2010-01-04,98374,CREDIT_CARD
7487467,128,2010-01-04,62965,DEBIT_CARD
7487468,163,2010-01-04,18846,DEBIT_CARD
7487469,3882,2010-01-04,59935,CREDIT_CARD
7487470,342,2010-01-04,75936,DEBIT_CARD
7487471,2677,2010-01-04,18563,CREDIT_CARD
7487472,4176,2010-01-04,39021,DEBIT_CARD
7487473,145,2010-01-04,50783,DEBIT_CARD
7487474,298,2010-01-04,70995,DEBIT_CARD
7487475,150,2010-01-04,14528,CREDIT_CARD
7487478,3668,2010-01-04,82981,DEBIT_CARD
7487480,14251,2010-01-04,43293,CREDIT_CARD
7487481,8630,2010-01-04,34490,DEBIT_CARD
7487483,1987,2010-01-04,59935,DEBIT_CARD
7487484,3114,2010-01-04,39021,DEBIT_CARD
7487485,7483,2010-01-04,22204,DEBIT_CARD
7487487,4148,2010-01-04,59935,DEBIT_CARD
7487486,9100,2010-01-04,59935,DEBIT_CARD
7487488,968,2010-01-04,59935,CREDIT_CARD
7487489,5300,2010-01-04,59935,DEBIT_CARD
7487491,134,2010-01-04,86438,DEBIT_CARD
7487493,408,2010-01-04,61195,CREDIT_CARD
7487494,299,2010-01-04,59935,DEBIT_CARD
7487495,4952,2010-01-04,18563,CREDIT_CARD
7487496,1405,2010-01-04,89001,DEBIT_CARD
7487499,4489,2010-01-04,39021,DEBIT_CARD
7487500,258,2010-01-04,20519,CREDIT_CARD
7487502,4192,2010-01-04,19964,DEBIT_CARD
7487503,5624,2010-01-04,59935,CREDIT_CARD
7487505,9088,2010-01-04,79927,DEBIT_CARD
7487506,4929,2010-01-04,39021,DEBIT_CARD
7487507,320,2010-01-04,69735,DEBIT_CARD
7487508,4549,2010-01-04,23882,DEBIT_CARD
7487509,1309,2010-01-04,46284,DEBIT_CARD
7487510,251,2010-01-04,83229,CREDIT_CARD
7487511,316,2010-01-04,48919,DEBIT_CARD
7487513,20,2010-01-04,43293,DEBIT_CARD
7487514,236,2010-01-04,17493,DEBIT_CARD
7487515,452,2010-01-04,59935,DEBIT_CARD
7487516,1029,2010-01-04,75363,DEBIT_CARD
7487517,3047,2010-01-04,23438,CREDIT_CARD
7487518,386,2010-01-04,98374,DEBIT_CARD
7487520,149,2010-01-04,14528,DEBIT_CARD
7487521,3586,2010-01-04,20519,DEBIT_CARD
7487522,255,2010-01-04,20519,CREDIT_CARD
7487524,1139,2010-01-04,13155,CREDIT_CARD
7487525,373,2010-01-04,61195,DEBIT_CARD
7487526,176,2010-01-04,75936,DEBIT_CARD
7487527,13208,2010-01-04,31707,CREDIT_CARD
7487528,239,2010-01-04,75936,DEBIT_CARD
7487529,3996,2010-01-04,26810,DEBIT_CARD
7487530,2539,2010-01-04,50783,CREDIT_CARD
7487533,239,2010-01-04,68450,DEBIT_CARD
7487534,3287,2010-01-04,14565,CREDIT_CARD
7487535,464,2010-01-04,29209,DEBIT_CARD
7487536,42,2010-01-04,61195,CREDIT_CARD
7487537,848,2010-01-04,74649,CREDIT_CARD
7487539,820,2010-01-04,60569,CREDIT_CARD
7487540,4665,2010-01-04,56431,DEBIT_CARD
7487541,1916,2010-01-04,98672,DEBIT_CARD
7487542,136,2010-01-04,44578,DEBIT_CARD
7487543,2869,2010-01-04,20519,DEBIT_CARD
7487544,2887,2010-01-04,60569,DEBIT_CARD
7487546,36,2010-01-04,59935,CREDIT_CARD
7487548,742,2010-01-04,22204,DEBIT_CARD
7487549,5100,2010-01-04,59935,CREDIT_CARD
7487550,958,2010-01-04,81833,DEBIT_CARD
7487551,798,2010-01-04,25887,DEBIT_CARD
7487552,8700,2010-01-04,22204,DEBIT_CARD
7487554,395,2010-01-04,50783,DEBIT_CARD
7487555,140,2010-01-04,86438,DEBIT_CARD
7487557,191,2010-01-04,33041,DEBIT_CARD
7487558,549,2010-01-04,69972,CREDIT_CARD
7487562,718,2010-01-04,37420,DEBIT_CARD
7487564,1565,2010-01-04,24504,CREDIT_CARD
7487565,254,2010-01-04,20519,DEBIT_CARD
7487566,139,2010-01-04,20884,DEBIT_CARD
7487568,439,2010-01-04,22204,DEBIT_CARD
7487569,209,2010-01-04,75936,DEBIT_CARD
7487570,6400,2010-01-04,59935,DEBIT_CARD
7487571,1662,2010-01-04,98374,CREDIT_CARD
7487572,568,2010-01-04,65089,CREDIT_CARD
7487573,1760,2010-01-04,89069,DEBIT_CARD
7487575,5500,2010-01-04,43293,CREDIT_CARD
7487576,8300,2010-01-04,59935,CREDIT_CARD
7487577,4308,2010-01-04,20561,DEBIT_CARD
7487578,2812,2010-01-04,11429,DEBIT_CARD
7487579,110,2010-01-04,79463,DEBIT_CARD
7487580,1196,2010-01-04,1361,DEBIT_CARD
7487581,3140,2010-01-04,4076,DEBIT_CARD
7487583,2933,2010-01-04,50783,DEBIT_CARD
7487584,8414,2010-01-04,50783,DEBIT_CARD
7487586,406,2010-01-04,20519,DEBIT_CARD
7487587,9168,2010-01-04,30055,CREDIT_CARD
7487588,2446,2010-01-04,68069,CREDIT_CARD
7487591,3053,2010-01-04,20561,DEBIT_CARD
7487592,4184,2010-01-04,49944,DEBIT_CARD
7487593,10204,2010-01-04,61195,CREDIT_CARD
7487595,1084,2010-01-04,59935,DEBIT_CARD
7487597,2596,2010-01-04,24504,CREDIT_CARD
7487598,2078,2010-01-04,60569,DEBIT_CARD
7487599,3194,2010-01-04,15143,DEBIT_CARD
7487600,7904,2010-01-04,31707,DEBIT_CARD
7487601,952,2010-01-04,34129,DEBIT_CARD
7487602,15494,2010-01-04,70903,DEBIT_CARD
7487603,2441,2010-01-04,88998,DEBIT_CARD
7487604,338,2010-01-04,56431,CREDIT_CARD
7487606,27,2010-01-04,35451,CREDIT_CARD
7487607,747,2010-01-04,75781,DEBIT_CARD
7487609,436,2010-01-04,45926,CREDIT_CARD
7487610,723,2010-01-04,83229,CREDIT_CARD
7487611,1727,2010-01-04,61195,DEBIT_CARD
7487612,4520,2010-01-04,61195,CREDIT_CARD
7487613,7700,2010-01-04,61195,DEBIT_CARD
7487614,12000,2010-01-04,27092,DEBIT_CARD
7487615,4346,2010-01-04,100251,DEBIT_CARD
7487616,17432,2010-01-04,88916,DEBIT_CARD
7487618,16,2010-01-04,41260,CREDIT_CARD
7487619,301,2010-01-04,20519,DEBIT_CARD
7487621,2927,2010-01-04,61195,CREDIT_CARD
7487622,7894,2010-01-04,64057,DEBIT_CARD
7487623,315,2010-01-04,50783,DEBIT_CARD
7487624,9100,2010-01-04,61195,DEBIT_CARD
7487625,8400,2010-01-04,22204,CREDIT_CARD
7487626,8600,2010-01-04,61195,CREDIT_CARD
7487629,1803,2010-01-04,82981,DEBIT_CARD
7487630,556,2010-01-04,88998,CREDIT_CARD
7487631,3436,2010-01-04,75781,DEBIT_CARD
7487632,682,2010-01-04,97871,DEBIT_CARD
7487634,6413,2010-01-04,60569,DEBIT_CARD
7487635,2758,2010-01-04,50404,DEBIT_CARD
7487637,733,2010-01-04,94443,DEBIT_CARD
7487638,8345,2010-01-04,71892,CREDIT_CARD
7487641,7300,2010-01-04,22204,CREDIT_CARD
7487642,1689,2010-01-04,39021,DEBIT_CARD
7487643,412,2010-01-04,50783,DEBIT_CARD
7487644,3737,2010-01-04,26909,DEBIT_CARD
7487646,1151,2010-01-04,20561,DEBIT_CARD
7487647,4459,2010-01-04,38602,DEBIT_CARD
7487648,1060,2010-01-04,24504,DEBIT_CARD
7487649,280,2010-01-04,25887,DEBIT_CARD
7487650,5000,2010-01-04,50867,CREDIT_CARD
7487651,345,2010-01-04,53544,DEBIT_CARD
7487652,3590,2010-01-04,13646,CREDIT_CARD
7487654,16000,2010-01-04,27092,CREDIT_CARD
7487655,2096,2010-01-04,16798,DEBIT_CARD
7487657,8800,2010-01-04,72351,DEBIT_CARD
7487658,4034,2010-01-04,72351,DEBIT_CARD
7487659,1078,2010-01-04,75936,DEBIT_CARD
